[INFO] [launch]: All log files can be found below /home/melvin/.ros/log/2026-08-14-15-52-42-506950-ubuntu-mel-4109511
[INFO] [launch]: Default logging verbosity is set to INFO
[INFO] [gz-1]: process started with pid [4109517]
[INFO] [spawner-2]: process started with pid [4109519]
[INFO] [swarm_manager-3]: process started with pid [4109521]
[INFO] [swarm_gui-4]: process started with pid [4109523]
[INFO] [hopper_locomotion-5]: process started with pid [4109525]
[INFO] [attitude_controller-6]: process started with pid [4109527]
[INFO] [landing_controller-7]: process started with pid [4109529]
[INFO] [parameter_bridge-8]: process started with pid [4109531]
[INFO] [hopper_locomotion-9]: process started with pid [4109533]
[INFO] [attitude_controller-10]: process started with pid [4109535]
[INFO] [landing_controller-11]: process started with pid [4109537]
[INFO] [parameter_bridge-12]: process started with pid [4109539]
[INFO] [hopper_locomotion-13]: process started with pid [4109541]
[INFO] [attitude_controller-14]: process started with pid [4109543]
[INFO] [landing_controller-15]: process started with pid [4109545]
[INFO] [parameter_bridge-16]: process started with pid [4109547]
[hopper_locomotion-9] [INFO] [1786708363.005174795] [loco_scout_2]: [scout_2] Tri-Pedal Locomotion Engine: ONLINE
[attitude_controller-10] [INFO] [1786708363.015926812] [attitude_scout_2]: [scout_2] Reaction Wheel Attitude Controller: ONLINE
[hopper_locomotion-5] [INFO] [1786708363.044732675] [loco_scout_1]: [scout_1] Tri-Pedal Locomotion Engine: ONLINE
[swarm_manager-3] [INFO] [1786708363.099213250] [swarm_manager_node]: 🧠 Ryugu Homogeneous Swarm Manager: ONLINE
[swarm_manager-3] [INFO] [1786708363.099857472] [swarm_manager_node]: 📋 Dispatch policy: auction
[landing_controller-15] [INFO] [1786708363.122506075] [landing_scout_3]: [scout_3] Landing Controller: ONLINE
[attitude_controller-14] [INFO] [1786708363.123344038] [attitude_scout_3]: [scout_3] Reaction Wheel Attitude Controller: ONLINE
[hopper_locomotion-13] [INFO] [1786708363.133609327] [loco_scout_3]: [scout_3] Tri-Pedal Locomotion Engine: ONLINE
[landing_controller-11] [INFO] [1786708363.169456368] [landing_scout_2]: [scout_2] Landing Controller: ONLINE
[landing_controller-7] [INFO] [1786708363.190388538] [landing_scout_1]: [scout_1] Landing Controller: ONLINE
[attitude_controller-6] [INFO] [1786708363.194829713] [attitude_scout_1]: [scout_1] Reaction Wheel Attitude Controller: ONLINE
[swarm_manager-3] [INFO] [1786708363.233333190] [swarm_manager_node]: Initiating Cooperative Mission Bidding Protocol...
[parameter_bridge-8] [INFO] [1786708363.637687205] [bridge_scout_1]: Creating GZ->ROS Bridge: [/world/ryugu_world/model/scout_1/link/base_link/sensor/imu_sensor/imu (gz.msgs.IMU) -> /scout_1/imu (sensor_msgs/msg/Imu)] (Lazy 0)
[parameter_bridge-8] [INFO] [1786708363.640818566] [bridge_scout_1]: Creating GZ->ROS Bridge: [/model/scout_1/odometry (gz.msgs.Odometry) -> /scout_1/odometry (nav_msgs/msg/Odometry)] (Lazy 0)
[parameter_bridge-12] [INFO] [1786708363.641116092] [bridge_scout_2]: Creating GZ->ROS Bridge: [/world/ryugu_world/model/scout_2/link/base_link/sensor/imu_sensor/imu (gz.msgs.IMU) -> /scout_2/imu (sensor_msgs/msg/Imu)] (Lazy 0)
[parameter_bridge-8] [INFO] [1786708363.643531923] [bridge_scout_1]: Creating ROS->GZ Bridge: [/scout_1/rw_x_joint_cmd_vel (std_msgs/msg/Float64) -> /model/scout_1/joint/rw_x_joint/cmd_vel (gz.msgs.Double)] (Lazy 0)
[parameter_bridge-12] [INFO] [1786708363.645262115] [bridge_scout_2]: Creating GZ->ROS Bridge: [/model/scout_2/odometry (gz.msgs.Odometry) -> /scout_2/odometry (nav_msgs/msg/Odometry)] (Lazy 0)
[parameter_bridge-8] [INFO] [1786708363.645890064] [bridge_scout_1]: Creating ROS->GZ Bridge: [/scout_1/rw_y_joint_cmd_vel (std_msgs/msg/Float64) -> /model/scout_1/joint/rw_y_joint/cmd_vel (gz.msgs.Double)] (Lazy 0)
[parameter_bridge-8] [INFO] [1786708363.646999222] [bridge_scout_1]: Creating ROS->GZ Bridge: [/scout_1/rw_z_joint_cmd_vel (std_msgs/msg/Float64) -> /model/scout_1/joint/rw_z_joint/cmd_vel (gz.msgs.Double)] (Lazy 0)
[parameter_bridge-12] [INFO] [1786708363.647631012] [bridge_scout_2]: Creating ROS->GZ Bridge: [/scout_2/rw_x_joint_cmd_vel (std_msgs/msg/Float64) -> /model/scout_2/joint/rw_x_joint/cmd_vel (gz.msgs.Double)] (Lazy 0)
[parameter_bridge-8] [INFO] [1786708363.648485807] [bridge_scout_1]: Creating ROS->GZ Bridge: [/scout_1/joint_hip_joint_0_cmd_pos (std_msgs/msg/Float64) -> /model/scout_1/joint/hip_joint_0/0/cmd_pos (gz.msgs.Double)] (Lazy 0)
[parameter_bridge-12] [INFO] [1786708363.649336621] [bridge_scout_2]: Creating ROS->GZ Bridge: [/scout_2/rw_y_joint_cmd_vel (std_msgs/msg/Float64) -> /model/scout_2/joint/rw_y_joint/cmd_vel (gz.msgs.Double)] (Lazy 0)
[parameter_bridge-8] [INFO] [1786708363.650444802] [bridge_scout_1]: Creating ROS->GZ Bridge: [/scout_1/joint_knee_joint_0_cmd_pos (std_msgs/msg/Float64) -> /model/scout_1/joint/knee_joint_0/0/cmd_pos (gz.msgs.Double)] (Lazy 0)
[parameter_bridge-12] [INFO] [1786708363.650487265] [bridge_scout_2]: Creating ROS->GZ Bridge: [/scout_2/rw_z_joint_cmd_vel (std_msgs/msg/Float64) -> /model/scout_2/joint/rw_z_joint/cmd_vel (gz.msgs.Double)] (Lazy 0)
[parameter_bridge-12] [INFO] [1786708363.651874954] [bridge_scout_2]: Creating ROS->GZ Bridge: [/scout_2/joint_hip_joint_0_cmd_pos (std_msgs/msg/Float64) -> /model/scout_2/joint/hip_joint_0/0/cmd_pos (gz.msgs.Double)] (Lazy 0)
[parameter_bridge-8] [INFO] [1786708363.651873976] [bridge_scout_1]: Creating ROS->GZ Bridge: [/scout_1/joint_hip_joint_1_cmd_pos (std_msgs/msg/Float64) -> /model/scout_1/joint/hip_joint_1/0/cmd_pos (gz.msgs.Double)] (Lazy 0)
[parameter_bridge-12] [INFO] [1786708363.653323474] [bridge_scout_2]: Creating ROS->GZ Bridge: [/scout_2/joint_knee_joint_0_cmd_pos (std_msgs/msg/Float64) -> /model/scout_2/joint/knee_joint_0/0/cmd_pos (gz.msgs.Double)] (Lazy 0)
[parameter_bridge-8] [INFO] [1786708363.653360421] [bridge_scout_1]: Creating ROS->GZ Bridge: [/scout_1/joint_knee_joint_1_cmd_pos (std_msgs/msg/Float64) -> /model/scout_1/joint/knee_joint_1/0/cmd_pos (gz.msgs.Double)] (Lazy 0)
[parameter_bridge-8] [INFO] [1786708363.654951907] [bridge_scout_1]: Creating ROS->GZ Bridge: [/scout_1/joint_hip_joint_2_cmd_pos (std_msgs/msg/Float64) -> /model/scout_1/joint/hip_joint_2/0/cmd_pos (gz.msgs.Double)] (Lazy 0)
[parameter_bridge-12] [INFO] [1786708363.655314107] [bridge_scout_2]: Creating ROS->GZ Bridge: [/scout_2/joint_hip_joint_1_cmd_pos (std_msgs/msg/Float64) -> /model/scout_2/joint/hip_joint_1/0/cmd_pos (gz.msgs.Double)] (Lazy 0)
[parameter_bridge-12] [INFO] [1786708363.656814730] [bridge_scout_2]: Creating ROS->GZ Bridge: [/scout_2/joint_knee_joint_1_cmd_pos (std_msgs/msg/Float64) -> /model/scout_2/joint/knee_joint_1/0/cmd_pos (gz.msgs.Double)] (Lazy 0)
[parameter_bridge-8] [INFO] [1786708363.657132161] [bridge_scout_1]: Creating ROS->GZ Bridge: [/scout_1/joint_knee_joint_2_cmd_pos (std_msgs/msg/Float64) -> /model/scout_1/joint/knee_joint_2/0/cmd_pos (gz.msgs.Double)] (Lazy 0)
[parameter_bridge-12] [INFO] [1786708363.658016639] [bridge_scout_2]: Creating ROS->GZ Bridge: [/scout_2/joint_hip_joint_2_cmd_pos (std_msgs/msg/Float64) -> /model/scout_2/joint/hip_joint_2/0/cmd_pos (gz.msgs.Double)] (Lazy 0)
[parameter_bridge-8] [INFO] [1786708363.659050718] [bridge_scout_1]: Creating ROS->GZ Bridge: [/scout_1/cmd_drill (std_msgs/msg/Float64) -> /model/scout_1/joint/drill_joint/0/cmd_pos (gz.msgs.Double)] (Lazy 0)
[parameter_bridge-12] [INFO] [1786708363.659262758] [bridge_scout_2]: Creating ROS->GZ Bridge: [/scout_2/joint_knee_joint_2_cmd_pos (std_msgs/msg/Float64) -> /model/scout_2/joint/knee_joint_2/0/cmd_pos (gz.msgs.Double)] (Lazy 0)
[parameter_bridge-12] [INFO] [1786708363.660406069] [bridge_scout_2]: Creating ROS->GZ Bridge: [/scout_2/cmd_drill (std_msgs/msg/Float64) -> /model/scout_2/joint/drill_joint/0/cmd_pos (gz.msgs.Double)] (Lazy 0)
[parameter_bridge-16] [INFO] [1786708363.719486290] [bridge_scout_3]: Creating GZ->ROS Bridge: [/world/ryugu_world/model/scout_3/link/base_link/sensor/imu_sensor/imu (gz.msgs.IMU) -> /scout_3/imu (sensor_msgs/msg/Imu)] (Lazy 0)
[parameter_bridge-16] [INFO] [1786708363.723598301] [bridge_scout_3]: Creating GZ->ROS Bridge: [/model/scout_3/odometry (gz.msgs.Odometry) -> /scout_3/odometry (nav_msgs/msg/Odometry)] (Lazy 0)
[parameter_bridge-16] [INFO] [1786708363.726669737] [bridge_scout_3]: Creating ROS->GZ Bridge: [/scout_3/rw_x_joint_cmd_vel (std_msgs/msg/Float64) -> /model/scout_3/joint/rw_x_joint/cmd_vel (gz.msgs.Double)] (Lazy 0)
[parameter_bridge-16] [INFO] [1786708363.728721621] [bridge_scout_3]: Creating ROS->GZ Bridge: [/scout_3/rw_y_joint_cmd_vel (std_msgs/msg/Float64) -> /model/scout_3/joint/rw_y_joint/cmd_vel (gz.msgs.Double)] (Lazy 0)
[parameter_bridge-16] [INFO] [1786708363.730297813] [bridge_scout_3]: Creating ROS->GZ Bridge: [/scout_3/rw_z_joint_cmd_vel (std_msgs/msg/Float64) -> /model/scout_3/joint/rw_z_joint/cmd_vel (gz.msgs.Double)] (Lazy 0)
[parameter_bridge-16] [INFO] [1786708363.731891116] [bridge_scout_3]: Creating ROS->GZ Bridge: [/scout_3/joint_hip_joint_0_cmd_pos (std_msgs/msg/Float64) -> /model/scout_3/joint/hip_joint_0/0/cmd_pos (gz.msgs.Double)] (Lazy 0)
[parameter_bridge-16] [INFO] [1786708363.733462977] [bridge_scout_3]: Creating ROS->GZ Bridge: [/scout_3/joint_knee_joint_0_cmd_pos (std_msgs/msg/Float64) -> /model/scout_3/joint/knee_joint_0/0/cmd_pos (gz.msgs.Double)] (Lazy 0)
[parameter_bridge-16] [INFO] [1786708363.735121163] [bridge_scout_3]: Creating ROS->GZ Bridge: [/scout_3/joint_hip_joint_1_cmd_pos (std_msgs/msg/Float64) -> /model/scout_3/joint/hip_joint_1/0/cmd_pos (gz.msgs.Double)] (Lazy 0)
[parameter_bridge-16] [INFO] [1786708363.736921547] [bridge_scout_3]: Creating ROS->GZ Bridge: [/scout_3/joint_knee_joint_1_cmd_pos (std_msgs/msg/Float64) -> /model/scout_3/joint/knee_joint_1/0/cmd_pos (gz.msgs.Double)] (Lazy 0)
[parameter_bridge-16] [INFO] [1786708363.738733524] [bridge_scout_3]: Creating ROS->GZ Bridge: [/scout_3/joint_hip_joint_2_cmd_pos (std_msgs/msg/Float64) -> /model/scout_3/joint/hip_joint_2/0/cmd_pos (gz.msgs.Double)] (Lazy 0)
[parameter_bridge-16] [INFO] [1786708363.740633154] [bridge_scout_3]: Creating ROS->GZ Bridge: [/scout_3/joint_knee_joint_2_cmd_pos (std_msgs/msg/Float64) -> /model/scout_3/joint/knee_joint_2/0/cmd_pos (gz.msgs.Double)] (Lazy 0)
[parameter_bridge-16] [INFO] [1786708363.742415448] [bridge_scout_3]: Creating ROS->GZ Bridge: [/scout_3/cmd_drill (std_msgs/msg/Float64) -> /model/scout_3/joint/drill_joint/0/cmd_pos (gz.msgs.Double)] (Lazy 0)
[swarm_manager-3] [INFO] [1786708365.234405974] [swarm_manager_node]: 📡 scout_1 assuming RELAY role. Climbing to highest elevation.
[swarm_manager-3] [INFO] [1786708365.234955700] [swarm_manager_node]: 🛰️ scout_2 assuming SCOUT role. Scanning regolith...
[swarm_manager-3] [INFO] [1786708365.235249245] [swarm_manager_node]: 🛰️ scout_3 assuming SCOUT role. Scanning regolith...
[swarm_manager-3] [INFO] [1786708365.235867835] [swarm_manager_node]: 🔭 scout_2 search hop toward [-10.0, 0.0] (10.0m, 9.0m leg)
[swarm_manager-3] [INFO] [1786708365.236517573] [swarm_manager_node]: 🔭 scout_3 search hop toward [0.0, -10.0] (10.0m, 9.0m leg)
[attitude_controller-10] [INFO] [1786708365.236784649] [attitude_scout_2]: [scout_2] New target yaw received: -3.14 rad
[hopper_locomotion-9] [INFO] [1786708365.236887037] [loco_scout_2]: [scout_2] Target distance: 9.00m. Required Delta-V: 0.0428 m/s. Launch ramp: 1.2s (full stroke)
[attitude_controller-14] [INFO] [1786708365.237227726] [attitude_scout_3]: [scout_3] New target yaw received: -1.57 rad
[hopper_locomotion-13] [INFO] [1786708365.237335771] [loco_scout_3]: [scout_3] Target distance: 9.00m. Required Delta-V: 0.0428 m/s. Launch ramp: 1.2s (full stroke)
[hopper_locomotion-9] [INFO] [1786708365.237404286] [loco_scout_2]: [scout_2] Initiating Tri-Pedal Jump Sequence!
[hopper_locomotion-13] [INFO] [1786708365.237924049] [loco_scout_3]: [scout_3] Initiating Tri-Pedal Jump Sequence!
[spawner-2] Service call timed out
[landing_controller-15] [INFO] [1786708368.218231418] [landing_scout_3]: [scout_3] Landing controller state: IDLE
[landing_controller-11] [INFO] [1786708368.244750379] [landing_scout_2]: [scout_2] Landing controller state: IDLE
[landing_controller-7] [INFO] [1786708368.261925544] [landing_scout_1]: [scout_1] Landing controller state: IDLE
[spawner-2] Service call timed out
[INFO] [bash-17]: process started with pid [4109854]
[INFO] [bash-17]: process has finished cleanly [pid 4109854]
[landing_controller-15] [INFO] [1786708373.218616526] [landing_scout_3]: [scout_3] Landing controller state: IDLE
[swarm_manager-3] [WARN] [1786708373.234620862] [swarm_manager_node]: 📵 scout_1 OFFLINE — no odometry for 10s. Excluding from task auction.
[swarm_manager-3] [WARN] [1786708373.235787919] [swarm_manager_node]: 📵 scout_2 OFFLINE — no odometry for 10s. Excluding from task auction.
[swarm_manager-3] [WARN] [1786708373.236897008] [swarm_manager_node]: 📵 scout_3 OFFLINE — no odometry for 10s. Excluding from task auction.
[landing_controller-11] [INFO] [1786708373.244930081] [landing_scout_2]: [scout_2] Landing controller state: IDLE
[landing_controller-7] [INFO] [1786708373.262388106] [landing_scout_1]: [scout_1] Landing controller state: IDLE
[spawner-2] Service call timed out
[spawner-2] 🚀 Initiating Swarm Deployment Sequence...
[spawner-2] Deploying scout_1 at [0.0, 0.5, 6.0]...
[spawner-2] Deploying scout_2 at [8.0, -5.0, 6.0]...
[spawner-2] Deploying scout_3 at [-8.0, -5.0, 6.0]...
[spawner-2] ✅ Swarm Deployment Complete.
[INFO] [spawner-2]: process has finished cleanly [pid 4109519]
[landing_controller-15] [INFO] [1786708378.218686927] [landing_scout_3]: [scout_3] Landing controller state: IDLE
[landing_controller-11] [INFO] [1786708378.244950685] [landing_scout_2]: [scout_2] Landing controller state: IDLE
[landing_controller-7] [INFO] [1786708378.262723487] [landing_scout_1]: [scout_1] Landing controller state: IDLE
[landing_controller-15] [INFO] [1786708383.218699500] [landing_scout_3]: [scout_3] Landing controller state: IDLE
[landing_controller-11] [INFO] [1786708383.244798083] [landing_scout_2]: [scout_2] Landing controller state: IDLE
[landing_controller-7] [INFO] [1786708383.262476319] [landing_scout_1]: [scout_1] Landing controller state: IDLE
[landing_controller-15] [INFO] [1786708388.218221715] [landing_scout_3]: [scout_3] Landing controller state: IDLE
[landing_controller-11] [INFO] [1786708388.244603367] [landing_scout_2]: [scout_2] Landing controller state: IDLE
[landing_controller-7] [INFO] [1786708388.262083042] [landing_scout_1]: [scout_1] Landing controller state: IDLE
[landing_controller-15] [INFO] [1786708393.219020152] [landing_scout_3]: [scout_3] Landing controller state: IDLE
[landing_controller-11] [INFO] [1786708393.244963965] [landing_scout_2]: [scout_2] Landing controller state: IDLE
[landing_controller-7] [INFO] [1786708393.262136825] [landing_scout_1]: [scout_1] Landing controller state: IDLE
[landing_controller-15] [INFO] [1786708398.219199372] [landing_scout_3]: [scout_3] Landing controller state: IDLE
[landing_controller-11] [INFO] [1786708398.245005108] [landing_scout_2]: [scout_2] Landing controller state: IDLE
[landing_controller-7] [INFO] [1786708398.262478917] [landing_scout_1]: [scout_1] Landing controller state: IDLE
[landing_controller-15] [INFO] [1786708403.219076947] [landing_scout_3]: [scout_3] Landing controller state: IDLE
[landing_controller-11] [INFO] [1786708403.245156323] [landing_scout_2]: [scout_2] Landing controller state: IDLE
[landing_controller-7] [INFO] [1786708403.262514194] [landing_scout_1]: [scout_1] Landing controller state: IDLE
[landing_controller-15] [INFO] [1786708408.219156575] [landing_scout_3]: [scout_3] Landing controller state: IDLE
[landing_controller-11] [INFO] [1786708408.244921383] [landing_scout_2]: [scout_2] Landing controller state: IDLE
[landing_controller-7] [INFO] [1786708408.262420545] [landing_scout_1]: [scout_1] Landing controller state: IDLE
[landing_controller-15] [INFO] [1786708413.219190109] [landing_scout_3]: [scout_3] Landing controller state: IDLE
[landing_controller-11] [INFO] [1786708413.244960923] [landing_scout_2]: [scout_2] Landing controller state: IDLE
[landing_controller-7] [INFO] [1786708413.262467977] [landing_scout_1]: [scout_1] Landing controller state: IDLE
[landing_controller-15] [INFO] [1786708418.218670217] [landing_scout_3]: [scout_3] Landing controller state: IDLE
[landing_controller-11] [INFO] [1786708418.244954858] [landing_scout_2]: [scout_2] Landing controller state: IDLE
[landing_controller-7] [INFO] [1786708418.262479861] [landing_scout_1]: [scout_1] Landing controller state: IDLE
[landing_controller-15] [INFO] [1786708423.218847488] [landing_scout_3]: [scout_3] Landing controller state: IDLE
[landing_controller-11] [INFO] [1786708423.244979246] [landing_scout_2]: [scout_2] Landing controller state: IDLE
[landing_controller-7] [INFO] [1786708423.262252958] [landing_scout_1]: [scout_1] Landing controller state: IDLE
[landing_controller-15] [INFO] [1786708428.218758873] [landing_scout_3]: [scout_3] Landing controller state: IDLE
[landing_controller-11] [INFO] [1786708428.244153589] [landing_scout_2]: [scout_2] Landing controller state: IDLE
[landing_controller-7] [INFO] [1786708428.262092964] [landing_scout_1]: [scout_1] Landing controller state: IDLE
[landing_controller-15] [INFO] [1786708433.218232210] [landing_scout_3]: [scout_3] Landing controller state: IDLE
[landing_controller-11] [INFO] [1786708433.244943725] [landing_scout_2]: [scout_2] Landing controller state: IDLE
[landing_controller-7] [INFO] [1786708433.262483883] [landing_scout_1]: [scout_1] Landing controller state: IDLE
[landing_controller-15] [INFO] [1786708438.218699678] [landing_scout_3]: [scout_3] Landing controller state: IDLE
[landing_controller-11] [INFO] [1786708438.245039005] [landing_scout_2]: [scout_2] Landing controller state: IDLE
[landing_controller-7] [INFO] [1786708438.262435290] [landing_scout_1]: [scout_1] Landing controller state: IDLE
[landing_controller-15] [INFO] [1786708443.219448400] [landing_scout_3]: [scout_3] Landing controller state: IDLE
[landing_controller-11] [INFO] [1786708443.245014997] [landing_scout_2]: [scout_2] Landing controller state: IDLE
[landing_controller-7] [INFO] [1786708443.262514857] [landing_scout_1]: [scout_1] Landing controller state: IDLE
[landing_controller-15] [INFO] [1786708448.218298263] [landing_scout_3]: [scout_3] Landing controller state: IDLE
[landing_controller-11] [INFO] [1786708448.245475343] [landing_scout_2]: [scout_2] Landing controller state: IDLE
[landing_controller-7] [INFO] [1786708448.261621388] [landing_scout_1]: [scout_1] Landing controller state: IDLE
[landing_controller-15] [INFO] [1786708453.218687302] [landing_scout_3]: [scout_3] Landing controller state: IDLE
[landing_controller-11] [INFO] [1786708453.244942400] [landing_scout_2]: [scout_2] Landing controller state: IDLE
[landing_controller-7] [INFO] [1786708453.262657024] [landing_scout_1]: [scout_1] Landing controller state: IDLE
[landing_controller-15] [INFO] [1786708458.219024379] [landing_scout_3]: [scout_3] Landing controller state: IDLE
[landing_controller-11] [INFO] [1786708458.244932224] [landing_scout_2]: [scout_2] Landing controller state: IDLE
[landing_controller-7] [INFO] [1786708458.262430827] [landing_scout_1]: [scout_1] Landing controller state: IDLE
[landing_controller-15] [INFO] [1786708463.219192092] [landing_scout_3]: [scout_3] Landing controller state: IDLE
[landing_controller-11] [INFO] [1786708463.244942233] [landing_scout_2]: [scout_2] Landing controller state: IDLE
[landing_controller-7] [INFO] [1786708463.262663352] [landing_scout_1]: [scout_1] Landing controller state: IDLE
[landing_controller-15] [INFO] [1786708468.218232628] [landing_scout_3]: [scout_3] Landing controller state: IDLE
[landing_controller-11] [INFO] [1786708468.245000714] [landing_scout_2]: [scout_2] Landing controller state: IDLE
[landing_controller-7] [INFO] [1786708468.262517197] [landing_scout_1]: [scout_1] Landing controller state: IDLE
[landing_controller-15] [INFO] [1786708473.218870169] [landing_scout_3]: [scout_3] Landing controller state: IDLE
[landing_controller-11] [INFO] [1786708473.244943259] [landing_scout_2]: [scout_2] Landing controller state: IDLE
[landing_controller-7] [INFO] [1786708473.262844570] [landing_scout_1]: [scout_1] Landing controller state: IDLE
[landing_controller-15] [INFO] [1786708478.219012602] [landing_scout_3]: [scout_3] Landing controller state: IDLE
[landing_controller-11] [INFO] [1786708478.245015501] [landing_scout_2]: [scout_2] Landing controller state: IDLE
[landing_controller-7] [INFO] [1786708478.262503069] [landing_scout_1]: [scout_1] Landing controller state: IDLE
[landing_controller-15] [INFO] [1786708483.219090572] [landing_scout_3]: [scout_3] Landing controller state: IDLE
[landing_controller-11] [INFO] [1786708483.244905946] [landing_scout_2]: [scout_2] Landing controller state: IDLE
[landing_controller-7] [INFO] [1786708483.261671069] [landing_scout_1]: [scout_1] Landing controller state: IDLE
[landing_controller-15] [INFO] [1786708488.219169032] [landing_scout_3]: [scout_3] Landing controller state: IDLE
[landing_controller-11] [INFO] [1786708488.244931187] [landing_scout_2]: [scout_2] Landing controller state: IDLE
[landing_controller-7] [INFO] [1786708488.262504660] [landing_scout_1]: [scout_1] Landing controller state: IDLE
[landing_controller-15] [INFO] [1786708493.218679679] [landing_scout_3]: [scout_3] Landing controller state: IDLE
[landing_controller-11] [INFO] [1786708493.244916060] [landing_scout_2]: [scout_2] Landing controller state: IDLE
[landing_controller-7] [INFO] [1786708493.262418504] [landing_scout_1]: [scout_1] Landing controller state: IDLE
[landing_controller-15] [INFO] [1786708498.218750040] [landing_scout_3]: [scout_3] Landing controller state: IDLE
[landing_controller-11] [INFO] [1786708498.244961836] [landing_scout_2]: [scout_2] Landing controller state: IDLE
[landing_controller-7] [INFO] [1786708498.262122754] [landing_scout_1]: [scout_1] Landing controller state: IDLE
[landing_controller-15] [INFO] [1786708503.219080354] [landing_scout_3]: [scout_3] Landing controller state: IDLE
[landing_controller-11] [INFO] [1786708503.245140942] [landing_scout_2]: [scout_2] Landing controller state: IDLE
[landing_controller-7] [INFO] [1786708503.263111676] [landing_scout_1]: [scout_1] Landing controller state: IDLE
[landing_controller-15] [INFO] [1786708508.218974715] [landing_scout_3]: [scout_3] Landing controller state: IDLE
[landing_controller-11] [INFO] [1786708508.245088733] [landing_scout_2]: [scout_2] Landing controller state: IDLE
[landing_controller-7] [INFO] [1786708508.262254330] [landing_scout_1]: [scout_1] Landing controller state: IDLE
[landing_controller-15] [INFO] [1786708513.219417616] [landing_scout_3]: [scout_3] Landing controller state: IDLE
[landing_controller-11] [INFO] [1786708513.244938885] [landing_scout_2]: [scout_2] Landing controller state: IDLE
[landing_controller-7] [INFO] [1786708513.262480860] [landing_scout_1]: [scout_1] Landing controller state: IDLE
[landing_controller-15] [INFO] [1786708518.219032193] [landing_scout_3]: [scout_3] Landing controller state: IDLE
[landing_controller-11] [INFO] [1786708518.245288548] [landing_scout_2]: [scout_2] Landing controller state: IDLE
[landing_controller-7] [INFO] [1786708518.262477752] [landing_scout_1]: [scout_1] Landing controller state: IDLE
[landing_controller-15] [INFO] [1786708523.219048012] [landing_scout_3]: [scout_3] Landing controller state: IDLE
[landing_controller-11] [INFO] [1786708523.245065718] [landing_scout_2]: [scout_2] Landing controller state: IDLE
[landing_controller-7] [INFO] [1786708523.261667551] [landing_scout_1]: [scout_1] Landing controller state: IDLE
[landing_controller-15] [INFO] [1786708528.218852911] [landing_scout_3]: [scout_3] Landing controller state: IDLE
[landing_controller-11] [INFO] [1786708528.244148800] [landing_scout_2]: [scout_2] Landing controller state: IDLE
[landing_controller-7] [INFO] [1786708528.262039915] [landing_scout_1]: [scout_1] Landing controller state: IDLE
[landing_controller-15] [INFO] [1786708533.219022035] [landing_scout_3]: [scout_3] Landing controller state: IDLE
[landing_controller-11] [INFO] [1786708533.244315620] [landing_scout_2]: [scout_2] Landing controller state: IDLE
[landing_controller-7] [INFO] [1786708533.262058810] [landing_scout_1]: [scout_1] Landing controller state: IDLE
[landing_controller-15] [INFO] [1786708538.219106303] [landing_scout_3]: [scout_3] Landing controller state: IDLE
[landing_controller-11] [INFO] [1786708538.244921607] [landing_scout_2]: [scout_2] Landing controller state: IDLE
[landing_controller-7] [INFO] [1786708538.262418324] [landing_scout_1]: [scout_1] Landing controller state: IDLE
[landing_controller-15] [INFO] [1786708543.218694066] [landing_scout_3]: [scout_3] Landing controller state: IDLE
[landing_controller-11] [INFO] [1786708543.244960618] [landing_scout_2]: [scout_2] Landing controller state: IDLE
[landing_controller-7] [INFO] [1786708543.262416199] [landing_scout_1]: [scout_1] Landing controller state: IDLE
[landing_controller-15] [INFO] [1786708548.218775961] [landing_scout_3]: [scout_3] Landing controller state: IDLE
[landing_controller-11] [INFO] [1786708548.244590217] [landing_scout_2]: [scout_2] Landing controller state: IDLE
[landing_controller-7] [INFO] [1786708548.262449903] [landing_scout_1]: [scout_1] Landing controller state: IDLE
[landing_controller-15] [INFO] [1786708553.218959826] [landing_scout_3]: [scout_3] Landing controller state: IDLE
[landing_controller-11] [INFO] [1786708553.244929760] [landing_scout_2]: [scout_2] Landing controller state: IDLE
[landing_controller-7] [INFO] [1786708553.262421030] [landing_scout_1]: [scout_1] Landing controller state: IDLE
[landing_controller-15] [INFO] [1786708558.219104092] [landing_scout_3]: [scout_3] Landing controller state: IDLE
[landing_controller-11] [INFO] [1786708558.244680537] [landing_scout_2]: [scout_2] Landing controller state: IDLE
[landing_controller-7] [INFO] [1786708558.262120962] [landing_scout_1]: [scout_1] Landing controller state: IDLE
[landing_controller-15] [INFO] [1786708563.218739701] [landing_scout_3]: [scout_3] Landing controller state: IDLE
[landing_controller-11] [INFO] [1786708563.245319913] [landing_scout_2]: [scout_2] Landing controller state: IDLE
[landing_controller-7] [INFO] [1786708563.262478456] [landing_scout_1]: [scout_1] Landing controller state: IDLE
[landing_controller-15] [INFO] [1786708568.218679611] [landing_scout_3]: [scout_3] Landing controller state: IDLE
[landing_controller-11] [INFO] [1786708568.245005529] [landing_scout_2]: [scout_2] Landing controller state: IDLE
[landing_controller-7] [INFO] [1786708568.262438760] [landing_scout_1]: [scout_1] Landing controller state: IDLE
[landing_controller-15] [INFO] [1786708573.218870814] [landing_scout_3]: [scout_3] Landing controller state: IDLE
[landing_controller-11] [INFO] [1786708573.244598466] [landing_scout_2]: [scout_2] Landing controller state: IDLE
[landing_controller-7] [INFO] [1786708573.262175222] [landing_scout_1]: [scout_1] Landing controller state: IDLE
[landing_controller-15] [INFO] [1786708578.219041903] [landing_scout_3]: [scout_3] Landing controller state: IDLE
[landing_controller-11] [INFO] [1786708578.244933963] [landing_scout_2]: [scout_2] Landing controller state: IDLE
[landing_controller-7] [INFO] [1786708578.262396388] [landing_scout_1]: [scout_1] Landing controller state: IDLE
[landing_controller-15] [INFO] [1786708583.219084763] [landing_scout_3]: [scout_3] Landing controller state: IDLE
[landing_controller-11] [INFO] [1786708583.244957757] [landing_scout_2]: [scout_2] Landing controller state: IDLE
[landing_controller-7] [INFO] [1786708583.262074744] [landing_scout_1]: [scout_1] Landing controller state: IDLE
[landing_controller-15] [INFO] [1786708588.219018182] [landing_scout_3]: [scout_3] Landing controller state: IDLE
[landing_controller-11] [INFO] [1786708588.244982808] [landing_scout_2]: [scout_2] Landing controller state: IDLE
[landing_controller-7] [INFO] [1786708588.262405633] [landing_scout_1]: [scout_1] Landing controller state: IDLE
[landing_controller-15] [INFO] [1786708593.218227132] [landing_scout_3]: [scout_3] Landing controller state: IDLE
[landing_controller-11] [INFO] [1786708593.244569253] [landing_scout_2]: [scout_2] Landing controller state: IDLE
[landing_controller-7] [INFO] [1786708593.262528603] [landing_scout_1]: [scout_1] Landing controller state: IDLE
[landing_controller-15] [INFO] [1786708598.218725085] [landing_scout_3]: [scout_3] Landing controller state: IDLE
[landing_controller-11] [INFO] [1786708598.245066228] [landing_scout_2]: [scout_2] Landing controller state: IDLE
[landing_controller-7] [INFO] [1786708598.262644591] [landing_scout_1]: [scout_1] Landing controller state: IDLE
[landing_controller-15] [INFO] [1786708603.219101095] [landing_scout_3]: [scout_3] Landing controller state: IDLE
[landing_controller-11] [INFO] [1786708603.245177747] [landing_scout_2]: [scout_2] Landing controller state: IDLE
[landing_controller-7] [INFO] [1786708603.262907526] [landing_scout_1]: [scout_1] Landing controller state: IDLE
[landing_controller-15] [INFO] [1786708608.219060917] [landing_scout_3]: [scout_3] Landing controller state: IDLE
[landing_controller-11] [INFO] [1786708608.244645464] [landing_scout_2]: [scout_2] Landing controller state: IDLE
[landing_controller-7] [INFO] [1786708608.262058790] [landing_scout_1]: [scout_1] Landing controller state: IDLE
[landing_controller-15] [INFO] [1786708613.219142406] [landing_scout_3]: [scout_3] Landing controller state: IDLE
[landing_controller-11] [INFO] [1786708613.244820400] [landing_scout_2]: [scout_2] Landing controller state: IDLE
[landing_controller-7] [INFO] [1786708613.262064220] [landing_scout_1]: [scout_1] Landing controller state: IDLE
[landing_controller-15] [INFO] [1786708618.218709020] [landing_scout_3]: [scout_3] Landing controller state: IDLE
[landing_controller-11] [INFO] [1786708618.244985909] [landing_scout_2]: [scout_2] Landing controller state: IDLE
[landing_controller-7] [INFO] [1786708618.262528722] [landing_scout_1]: [scout_1] Landing controller state: IDLE
[landing_controller-15] [INFO] [1786708623.218684630] [landing_scout_3]: [scout_3] Landing controller state: IDLE
[landing_controller-11] [INFO] [1786708623.245000002] [landing_scout_2]: [scout_2] Landing controller state: IDLE
[landing_controller-7] [INFO] [1786708623.262414445] [landing_scout_1]: [scout_1] Landing controller state: IDLE
[landing_controller-15] [INFO] [1786708628.218673441] [landing_scout_3]: [scout_3] Landing controller state: IDLE
[landing_controller-11] [INFO] [1786708628.244931961] [landing_scout_2]: [scout_2] Landing controller state: IDLE
[landing_controller-7] [INFO] [1786708628.262466184] [landing_scout_1]: [scout_1] Landing controller state: IDLE
[landing_controller-15] [INFO] [1786708633.219017677] [landing_scout_3]: [scout_3] Landing controller state: IDLE
[landing_controller-11] [INFO] [1786708633.244824251] [landing_scout_2]: [scout_2] Landing controller state: IDLE
[landing_controller-7] [INFO] [1786708633.261650417] [landing_scout_1]: [scout_1] Landing controller state: IDLE
[landing_controller-15] [INFO] [1786708638.218227683] [landing_scout_3]: [scout_3] Landing controller state: IDLE
[landing_controller-11] [INFO] [1786708638.244914823] [landing_scout_2]: [scout_2] Landing controller state: IDLE
[landing_controller-7] [INFO] [1786708638.262501008] [landing_scout_1]: [scout_1] Landing controller state: IDLE
[landing_controller-15] [INFO] [1786708643.218905766] [landing_scout_3]: [scout_3] Landing controller state: IDLE
[landing_controller-11] [INFO] [1786708643.245079289] [landing_scout_2]: [scout_2] Landing controller state: IDLE
[landing_controller-7] [INFO] [1786708643.262538361] [landing_scout_1]: [scout_1] Landing controller state: IDLE
[landing_controller-15] [INFO] [1786708648.219239319] [landing_scout_3]: [scout_3] Landing controller state: IDLE
[landing_controller-11] [INFO] [1786708648.244970533] [landing_scout_2]: [scout_2] Landing controller state: IDLE
[landing_controller-7] [INFO] [1786708648.262477029] [landing_scout_1]: [scout_1] Landing controller state: IDLE
[landing_controller-15] [INFO] [1786708653.218989833] [landing_scout_3]: [scout_3] Landing controller state: IDLE
[landing_controller-11] [INFO] [1786708653.244689409] [landing_scout_2]: [scout_2] Landing controller state: IDLE
[landing_controller-7] [INFO] [1786708653.262048259] [landing_scout_1]: [scout_1] Landing controller state: IDLE
[landing_controller-15] [INFO] [1786708658.218548982] [landing_scout_3]: [scout_3] Landing controller state: IDLE
[landing_controller-11] [INFO] [1786708658.245347939] [landing_scout_2]: [scout_2] Landing controller state: IDLE
[landing_controller-7] [INFO] [1786708658.262406258] [landing_scout_1]: [scout_1] Landing controller state: IDLE
[landing_controller-15] [INFO] [1786708663.218697107] [landing_scout_3]: [scout_3] Landing controller state: IDLE
[landing_controller-11] [INFO] [1786708663.244916935] [landing_scout_2]: [scout_2] Landing controller state: IDLE
[landing_controller-7] [INFO] [1786708663.262459120] [landing_scout_1]: [scout_1] Landing controller state: IDLE
[landing_controller-15] [INFO] [1786708668.218669721] [landing_scout_3]: [scout_3] Landing controller state: IDLE
[landing_controller-11] [INFO] [1786708668.245331299] [landing_scout_2]: [scout_2] Landing controller state: IDLE
[landing_controller-7] [INFO] [1786708668.262453664] [landing_scout_1]: [scout_1] Landing controller state: IDLE
[landing_controller-15] [INFO] [1786708673.219062714] [landing_scout_3]: [scout_3] Landing controller state: IDLE
[landing_controller-11] [INFO] [1786708673.244928304] [landing_scout_2]: [scout_2] Landing controller state: IDLE
[landing_controller-7] [INFO] [1786708673.262463854] [landing_scout_1]: [scout_1] Landing controller state: IDLE
[landing_controller-15] [INFO] [1786708678.219009977] [landing_scout_3]: [scout_3] Landing controller state: IDLE
[landing_controller-11] [INFO] [1786708678.244963847] [landing_scout_2]: [scout_2] Landing controller state: IDLE
[landing_controller-7] [INFO] [1786708678.262518114] [landing_scout_1]: [scout_1] Landing controller state: IDLE
[landing_controller-15] [INFO] [1786708683.218671308] [landing_scout_3]: [scout_3] Landing controller state: IDLE
[landing_controller-11] [INFO] [1786708683.244933111] [landing_scout_2]: [scout_2] Landing controller state: IDLE
[landing_controller-7] [INFO] [1786708683.262528375] [landing_scout_1]: [scout_1] Landing controller state: IDLE
[landing_controller-15] [INFO] [1786708688.218683036] [landing_scout_3]: [scout_3] Landing controller state: IDLE
[landing_controller-11] [INFO] [1786708688.244956084] [landing_scout_2]: [scout_2] Landing controller state: IDLE
[landing_controller-7] [INFO] [1786708688.262460274] [landing_scout_1]: [scout_1] Landing controller state: IDLE
[landing_controller-15] [INFO] [1786708693.219068699] [landing_scout_3]: [scout_3] Landing controller state: IDLE
[landing_controller-11] [INFO] [1786708693.244957546] [landing_scout_2]: [scout_2] Landing controller state: IDLE
[landing_controller-7] [INFO] [1786708693.262420879] [landing_scout_1]: [scout_1] Landing controller state: IDLE
[landing_controller-15] [INFO] [1786708698.218797150] [landing_scout_3]: [scout_3] Landing controller state: IDLE
[landing_controller-11] [INFO] [1786708698.244924158] [landing_scout_2]: [scout_2] Landing controller state: IDLE
[landing_controller-7] [INFO] [1786708698.262567683] [landing_scout_1]: [scout_1] Landing controller state: IDLE
[landing_controller-15] [INFO] [1786708703.218775217] [landing_scout_3]: [scout_3] Landing controller state: IDLE
[landing_controller-11] [INFO] [1786708703.244920733] [landing_scout_2]: [scout_2] Landing controller state: IDLE
[landing_controller-7] [INFO] [1786708703.262485407] [landing_scout_1]: [scout_1] Landing controller state: IDLE
[landing_controller-15] [INFO] [1786708708.219196431] [landing_scout_3]: [scout_3] Landing controller state: IDLE
[landing_controller-11] [INFO] [1786708708.244925690] [landing_scout_2]: [scout_2] Landing controller state: IDLE
[landing_controller-7] [INFO] [1786708708.262434699] [landing_scout_1]: [scout_1] Landing controller state: IDLE
[landing_controller-15] [INFO] [1786708713.219209350] [landing_scout_3]: [scout_3] Landing controller state: IDLE
[landing_controller-11] [INFO] [1786708713.244921777] [landing_scout_2]: [scout_2] Landing controller state: IDLE
[landing_controller-7] [INFO] [1786708713.262825184] [landing_scout_1]: [scout_1] Landing controller state: IDLE
[landing_controller-15] [INFO] [1786708718.219010859] [landing_scout_3]: [scout_3] Landing controller state: IDLE
[landing_controller-11] [INFO] [1786708718.245074591] [landing_scout_2]: [scout_2] Landing controller state: IDLE
[landing_controller-7] [INFO] [1786708718.261650373] [landing_scout_1]: [scout_1] Landing controller state: IDLE
[landing_controller-15] [INFO] [1786708723.218801611] [landing_scout_3]: [scout_3] Landing controller state: IDLE
[landing_controller-11] [INFO] [1786708723.245091015] [landing_scout_2]: [scout_2] Landing controller state: IDLE
[landing_controller-7] [INFO] [1786708723.262472666] [landing_scout_1]: [scout_1] Landing controller state: IDLE
[landing_controller-15] [INFO] [1786708728.218774661] [landing_scout_3]: [scout_3] Landing controller state: IDLE
[landing_controller-11] [INFO] [1786708728.244934162] [landing_scout_2]: [scout_2] Landing controller state: IDLE
[landing_controller-7] [INFO] [1786708728.262540215] [landing_scout_1]: [scout_1] Landing controller state: IDLE
[landing_controller-15] [INFO] [1786708733.219125290] [landing_scout_3]: [scout_3] Landing controller state: IDLE
[landing_controller-11] [INFO] [1786708733.245025543] [landing_scout_2]: [scout_2] Landing controller state: IDLE
[landing_controller-7] [INFO] [1786708733.262064278] [landing_scout_1]: [scout_1] Landing controller state: IDLE
[landing_controller-15] [INFO] [1786708738.218616328] [landing_scout_3]: [scout_3] Landing controller state: IDLE
[landing_controller-11] [INFO] [1786708738.245000164] [landing_scout_2]: [scout_2] Landing controller state: IDLE
[landing_controller-7] [INFO] [1786708738.262415064] [landing_scout_1]: [scout_1] Landing controller state: IDLE
[landing_controller-15] [INFO] [1786708743.218680492] [landing_scout_3]: [scout_3] Landing controller state: IDLE
[landing_controller-11] [INFO] [1786708743.245075225] [landing_scout_2]: [scout_2] Landing controller state: IDLE
[landing_controller-7] [INFO] [1786708743.262436908] [landing_scout_1]: [scout_1] Landing controller state: IDLE
[landing_controller-15] [INFO] [1786708748.219078013] [landing_scout_3]: [scout_3] Landing controller state: IDLE
[landing_controller-11] [INFO] [1786708748.244962837] [landing_scout_2]: [scout_2] Landing controller state: IDLE
[landing_controller-7] [INFO] [1786708748.262468674] [landing_scout_1]: [scout_1] Landing controller state: IDLE
[landing_controller-15] [INFO] [1786708753.219033649] [landing_scout_3]: [scout_3] Landing controller state: IDLE
[landing_controller-11] [INFO] [1786708753.244919594] [landing_scout_2]: [scout_2] Landing controller state: IDLE
[landing_controller-7] [INFO] [1786708753.262652904] [landing_scout_1]: [scout_1] Landing controller state: IDLE
[landing_controller-15] [INFO] [1786708758.219033492] [landing_scout_3]: [scout_3] Landing controller state: IDLE
[landing_controller-11] [INFO] [1786708758.244138405] [landing_scout_2]: [scout_2] Landing controller state: IDLE
[landing_controller-7] [INFO] [1786708758.262238383] [landing_scout_1]: [scout_1] Landing controller state: IDLE
[landing_controller-15] [INFO] [1786708763.219039614] [landing_scout_3]: [scout_3] Landing controller state: IDLE
[landing_controller-11] [INFO] [1786708763.244646478] [landing_scout_2]: [scout_2] Landing controller state: IDLE
[landing_controller-7] [INFO] [1786708763.262074795] [landing_scout_1]: [scout_1] Landing controller state: IDLE
[landing_controller-15] [INFO] [1786708768.218212589] [landing_scout_3]: [scout_3] Landing controller state: IDLE
[landing_controller-11] [INFO] [1786708768.245044260] [landing_scout_2]: [scout_2] Landing controller state: IDLE
[landing_controller-7] [INFO] [1786708768.262548426] [landing_scout_1]: [scout_1] Landing controller state: IDLE
[landing_controller-15] [INFO] [1786708773.219235014] [landing_scout_3]: [scout_3] Landing controller state: IDLE
[landing_controller-11] [INFO] [1786708773.244951044] [landing_scout_2]: [scout_2] Landing controller state: IDLE
[landing_controller-7] [INFO] [1786708773.262430348] [landing_scout_1]: [scout_1] Landing controller state: IDLE
[landing_controller-15] [INFO] [1786708778.219459625] [landing_scout_3]: [scout_3] Landing controller state: IDLE
[landing_controller-11] [INFO] [1786708778.244996792] [landing_scout_2]: [scout_2] Landing controller state: IDLE
[landing_controller-7] [INFO] [1786708778.262419876] [landing_scout_1]: [scout_1] Landing controller state: IDLE
[landing_controller-15] [INFO] [1786708783.218855545] [landing_scout_3]: [scout_3] Landing controller state: IDLE
[landing_controller-11] [INFO] [1786708783.244923369] [landing_scout_2]: [scout_2] Landing controller state: IDLE
[landing_controller-7] [INFO] [1786708783.262410987] [landing_scout_1]: [scout_1] Landing controller state: IDLE
[landing_controller-15] [INFO] [1786708788.218942449] [landing_scout_3]: [scout_3] Landing controller state: IDLE
[landing_controller-11] [INFO] [1786708788.244930027] [landing_scout_2]: [scout_2] Landing controller state: IDLE
[landing_controller-7] [INFO] [1786708788.262430217] [landing_scout_1]: [scout_1] Landing controller state: IDLE
[landing_controller-15] [INFO] [1786708793.219017868] [landing_scout_3]: [scout_3] Landing controller state: IDLE
[landing_controller-11] [INFO] [1786708793.245058387] [landing_scout_2]: [scout_2] Landing controller state: IDLE
[landing_controller-7] [INFO] [1786708793.262487900] [landing_scout_1]: [scout_1] Landing controller state: IDLE
[landing_controller-15] [INFO] [1786708798.219012865] [landing_scout_3]: [scout_3] Landing controller state: IDLE
[landing_controller-11] [INFO] [1786708798.244595368] [landing_scout_2]: [scout_2] Landing controller state: IDLE
[landing_controller-7] [INFO] [1786708798.262065809] [landing_scout_1]: [scout_1] Landing controller state: IDLE
[landing_controller-15] [INFO] [1786708803.219006846] [landing_scout_3]: [scout_3] Landing controller state: IDLE
[landing_controller-11] [INFO] [1786708803.244987027] [landing_scout_2]: [scout_2] Landing controller state: IDLE
[landing_controller-7] [INFO] [1786708803.262682847] [landing_scout_1]: [scout_1] Landing controller state: IDLE
[landing_controller-15] [INFO] [1786708808.219024532] [landing_scout_3]: [scout_3] Landing controller state: IDLE
[landing_controller-11] [INFO] [1786708808.244977547] [landing_scout_2]: [scout_2] Landing controller state: IDLE
[landing_controller-7] [INFO] [1786708808.262426130] [landing_scout_1]: [scout_1] Landing controller state: IDLE
[landing_controller-15] [INFO] [1786708813.218670687] [landing_scout_3]: [scout_3] Landing controller state: IDLE
[landing_controller-11] [INFO] [1786708813.244947417] [landing_scout_2]: [scout_2] Landing controller state: IDLE
[landing_controller-7] [INFO] [1786708813.261631938] [landing_scout_1]: [scout_1] Landing controller state: IDLE
[landing_controller-15] [INFO] [1786708818.218854779] [landing_scout_3]: [scout_3] Landing controller state: IDLE
[landing_controller-11] [INFO] [1786708818.244957677] [landing_scout_2]: [scout_2] Landing controller state: IDLE
[landing_controller-7] [INFO] [1786708818.262422745] [landing_scout_1]: [scout_1] Landing controller state: IDLE
[landing_controller-15] [INFO] [1786708823.218745975] [landing_scout_3]: [scout_3] Landing controller state: IDLE
[landing_controller-11] [INFO] [1786708823.244928703] [landing_scout_2]: [scout_2] Landing controller state: IDLE
[landing_controller-7] [INFO] [1786708823.262415773] [landing_scout_1]: [scout_1] Landing controller state: IDLE
[landing_controller-15] [INFO] [1786708828.218806270] [landing_scout_3]: [scout_3] Landing controller state: IDLE
[landing_controller-11] [INFO] [1786708828.244932289] [landing_scout_2]: [scout_2] Landing controller state: IDLE
[landing_controller-7] [INFO] [1786708828.262469157] [landing_scout_1]: [scout_1] Landing controller state: IDLE
[landing_controller-15] [INFO] [1786708833.219483413] [landing_scout_3]: [scout_3] Landing controller state: IDLE
[landing_controller-11] [INFO] [1786708833.244918913] [landing_scout_2]: [scout_2] Landing controller state: IDLE
[landing_controller-7] [INFO] [1786708833.262440557] [landing_scout_1]: [scout_1] Landing controller state: IDLE
[landing_controller-15] [INFO] [1786708838.218916899] [landing_scout_3]: [scout_3] Landing controller state: IDLE
[landing_controller-11] [INFO] [1786708838.244948846] [landing_scout_2]: [scout_2] Landing controller state: IDLE
[landing_controller-7] [INFO] [1786708838.262478802] [landing_scout_1]: [scout_1] Landing controller state: IDLE
[landing_controller-15] [INFO] [1786708843.218405772] [landing_scout_3]: [scout_3] Landing controller state: IDLE
[landing_controller-11] [INFO] [1786708843.244995264] [landing_scout_2]: [scout_2] Landing controller state: IDLE
[landing_controller-7] [INFO] [1786708843.262531437] [landing_scout_1]: [scout_1] Landing controller state: IDLE
[landing_controller-15] [INFO] [1786708848.218821090] [landing_scout_3]: [scout_3] Landing controller state: IDLE
[landing_controller-11] [INFO] [1786708848.244956196] [landing_scout_2]: [scout_2] Landing controller state: IDLE
[landing_controller-7] [INFO] [1786708848.262421272] [landing_scout_1]: [scout_1] Landing controller state: IDLE
[landing_controller-15] [INFO] [1786708853.218858912] [landing_scout_3]: [scout_3] Landing controller state: IDLE
[landing_controller-11] [INFO] [1786708853.245004147] [landing_scout_2]: [scout_2] Landing controller state: IDLE
[landing_controller-7] [INFO] [1786708853.262413001] [landing_scout_1]: [scout_1] Landing controller state: IDLE
[landing_controller-15] [INFO] [1786708858.218717514] [landing_scout_3]: [scout_3] Landing controller state: IDLE
[landing_controller-11] [INFO] [1786708858.244757989] [landing_scout_2]: [scout_2] Landing controller state: IDLE
[landing_controller-7] [INFO] [1786708858.262209098] [landing_scout_1]: [scout_1] Landing controller state: IDLE
[landing_controller-15] [INFO] [1786708863.218673814] [landing_scout_3]: [scout_3] Landing controller state: IDLE
[landing_controller-11] [INFO] [1786708863.244969490] [landing_scout_2]: [scout_2] Landing controller state: IDLE
[landing_controller-7] [INFO] [1786708863.262472284] [landing_scout_1]: [scout_1] Landing controller state: IDLE
[landing_controller-15] [INFO] [1786708868.218924760] [landing_scout_3]: [scout_3] Landing controller state: IDLE
[landing_controller-11] [INFO] [1786708868.244936952] [landing_scout_2]: [scout_2] Landing controller state: IDLE
[landing_controller-7] [INFO] [1786708868.262439049] [landing_scout_1]: [scout_1] Landing controller state: IDLE
[landing_controller-15] [INFO] [1786708873.219005906] [landing_scout_3]: [scout_3] Landing controller state: IDLE
[landing_controller-11] [INFO] [1786708873.245345446] [landing_scout_2]: [scout_2] Landing controller state: IDLE
[landing_controller-7] [INFO] [1786708873.262512095] [landing_scout_1]: [scout_1] Landing controller state: IDLE
[landing_controller-15] [INFO] [1786708878.219011951] [landing_scout_3]: [scout_3] Landing controller state: IDLE
[landing_controller-11] [INFO] [1786708878.244606985] [landing_scout_2]: [scout_2] Landing controller state: IDLE
[landing_controller-7] [INFO] [1786708878.262074791] [landing_scout_1]: [scout_1] Landing controller state: IDLE
[landing_controller-15] [INFO] [1786708883.219055548] [landing_scout_3]: [scout_3] Landing controller state: IDLE
[landing_controller-11] [INFO] [1786708883.244581580] [landing_scout_2]: [scout_2] Landing controller state: IDLE
[landing_controller-7] [INFO] [1786708883.262329661] [landing_scout_1]: [scout_1] Landing controller state: IDLE
[landing_controller-15] [INFO] [1786708888.218992680] [landing_scout_3]: [scout_3] Landing controller state: IDLE
[landing_controller-11] [INFO] [1786708888.244613907] [landing_scout_2]: [scout_2] Landing controller state: IDLE
[landing_controller-7] [INFO] [1786708888.261753532] [landing_scout_1]: [scout_1] Landing controller state: IDLE
[landing_controller-15] [INFO] [1786708893.218771732] [landing_scout_3]: [scout_3] Landing controller state: IDLE
[landing_controller-11] [INFO] [1786708893.244937164] [landing_scout_2]: [scout_2] Landing controller state: IDLE
[landing_controller-7] [INFO] [1786708893.262407349] [landing_scout_1]: [scout_1] Landing controller state: IDLE
[landing_controller-15] [INFO] [1786708898.219011703] [landing_scout_3]: [scout_3] Landing controller state: IDLE
[landing_controller-11] [INFO] [1786708898.244981721] [landing_scout_2]: [scout_2] Landing controller state: IDLE
[landing_controller-7] [INFO] [1786708898.262409863] [landing_scout_1]: [scout_1] Landing controller state: IDLE
[landing_controller-15] [INFO] [1786708903.218565308] [landing_scout_3]: [scout_3] Landing controller state: IDLE
[landing_controller-11] [INFO] [1786708903.244963944] [landing_scout_2]: [scout_2] Landing controller state: IDLE
[landing_controller-7] [INFO] [1786708903.262432944] [landing_scout_1]: [scout_1] Landing controller state: IDLE
[landing_controller-15] [INFO] [1786708908.219005440] [landing_scout_3]: [scout_3] Landing controller state: IDLE
[landing_controller-11] [INFO] [1786708908.245427614] [landing_scout_2]: [scout_2] Landing controller state: IDLE
[landing_controller-7] [INFO] [1786708908.262440062] [landing_scout_1]: [scout_1] Landing controller state: IDLE
[landing_controller-15] [INFO] [1786708913.218816958] [landing_scout_3]: [scout_3] Landing controller state: IDLE
[landing_controller-11] [INFO] [1786708913.244590377] [landing_scout_2]: [scout_2] Landing controller state: IDLE
[landing_controller-7] [INFO] [1786708913.262415291] [landing_scout_1]: [scout_1] Landing controller state: IDLE
[landing_controller-15] [INFO] [1786708918.218259808] [landing_scout_3]: [scout_3] Landing controller state: IDLE
[landing_controller-11] [INFO] [1786708918.244941446] [landing_scout_2]: [scout_2] Landing controller state: IDLE
[landing_controller-7] [INFO] [1786708918.262498868] [landing_scout_1]: [scout_1] Landing controller state: IDLE
[landing_controller-15] [INFO] [1786708923.219020936] [landing_scout_3]: [scout_3] Landing controller state: IDLE
[landing_controller-11] [INFO] [1786708923.244970778] [landing_scout_2]: [scout_2] Landing controller state: IDLE
[landing_controller-7] [INFO] [1786708923.262930557] [landing_scout_1]: [scout_1] Landing controller state: IDLE
[landing_controller-15] [INFO] [1786708928.218257865] [landing_scout_3]: [scout_3] Landing controller state: IDLE
[landing_controller-11] [INFO] [1786708928.244714198] [landing_scout_2]: [scout_2] Landing controller state: IDLE
[landing_controller-7] [INFO] [1786708928.261682300] [landing_scout_1]: [scout_1] Landing controller state: IDLE
[landing_controller-15] [INFO] [1786708933.219399314] [landing_scout_3]: [scout_3] Landing controller state: IDLE
[landing_controller-11] [INFO] [1786708933.244270319] [landing_scout_2]: [scout_2] Landing controller state: IDLE
[landing_controller-7] [INFO] [1786708933.262208100] [landing_scout_1]: [scout_1] Landing controller state: IDLE
[landing_controller-15] [INFO] [1786708938.218257173] [landing_scout_3]: [scout_3] Landing controller state: IDLE
[landing_controller-11] [INFO] [1786708938.244936373] [landing_scout_2]: [scout_2] Landing controller state: IDLE
[landing_controller-7] [INFO] [1786708938.262062808] [landing_scout_1]: [scout_1] Landing controller state: IDLE
[landing_controller-15] [INFO] [1786708943.218861916] [landing_scout_3]: [scout_3] Landing controller state: IDLE
[landing_controller-11] [INFO] [1786708943.244675503] [landing_scout_2]: [scout_2] Landing controller state: IDLE
[landing_controller-7] [INFO] [1786708943.261623145] [landing_scout_1]: [scout_1] Landing controller state: IDLE
[landing_controller-15] [INFO] [1786708948.218982036] [landing_scout_3]: [scout_3] Landing controller state: IDLE
[landing_controller-11] [INFO] [1786708948.244970019] [landing_scout_2]: [scout_2] Landing controller state: IDLE
[landing_controller-7] [INFO] [1786708948.262752476] [landing_scout_1]: [scout_1] Landing controller state: IDLE
[landing_controller-15] [INFO] [1786708953.219079672] [landing_scout_3]: [scout_3] Landing controller state: IDLE
[landing_controller-11] [INFO] [1786708953.244923085] [landing_scout_2]: [scout_2] Landing controller state: IDLE
[landing_controller-7] [INFO] [1786708953.262576127] [landing_scout_1]: [scout_1] Landing controller state: IDLE
[landing_controller-15] [INFO] [1786708958.219125977] [landing_scout_3]: [scout_3] Landing controller state: IDLE
[landing_controller-11] [INFO] [1786708958.244603422] [landing_scout_2]: [scout_2] Landing controller state: IDLE
[landing_controller-7] [INFO] [1786708958.262185297] [landing_scout_1]: [scout_1] Landing controller state: IDLE
[landing_controller-15] [INFO] [1786708963.218675988] [landing_scout_3]: [scout_3] Landing controller state: IDLE
[landing_controller-11] [INFO] [1786708963.244915684] [landing_scout_2]: [scout_2] Landing controller state: IDLE
[landing_controller-7] [INFO] [1786708963.262539883] [landing_scout_1]: [scout_1] Landing controller state: IDLE
[landing_controller-15] [INFO] [1786708968.218990340] [landing_scout_3]: [scout_3] Landing controller state: IDLE
[landing_controller-11] [INFO] [1786708968.245096640] [landing_scout_2]: [scout_2] Landing controller state: IDLE
[landing_controller-7] [INFO] [1786708968.262126001] [landing_scout_1]: [scout_1] Landing controller state: IDLE
[landing_controller-15] [INFO] [1786708973.218201262] [landing_scout_3]: [scout_3] Landing controller state: IDLE
[landing_controller-11] [INFO] [1786708973.244954434] [landing_scout_2]: [scout_2] Landing controller state: IDLE
[landing_controller-7] [INFO] [1786708973.262813582] [landing_scout_1]: [scout_1] Landing controller state: IDLE
[landing_controller-15] [INFO] [1786708978.218661498] [landing_scout_3]: [scout_3] Landing controller state: IDLE
[landing_controller-11] [INFO] [1786708978.245189433] [landing_scout_2]: [scout_2] Landing controller state: IDLE
[landing_controller-7] [INFO] [1786708978.262426155] [landing_scout_1]: [scout_1] Landing controller state: IDLE
[landing_controller-15] [INFO] [1786708983.218512705] [landing_scout_3]: [scout_3] Landing controller state: IDLE
[landing_controller-11] [INFO] [1786708983.244939023] [landing_scout_2]: [scout_2] Landing controller state: IDLE
[landing_controller-7] [INFO] [1786708983.262454343] [landing_scout_1]: [scout_1] Landing controller state: IDLE
[landing_controller-15] [INFO] [1786708988.218661283] [landing_scout_3]: [scout_3] Landing controller state: IDLE
[landing_controller-11] [INFO] [1786708988.244989265] [landing_scout_2]: [scout_2] Landing controller state: IDLE
[landing_controller-7] [INFO] [1786708988.262435583] [landing_scout_1]: [scout_1] Landing controller state: IDLE
[landing_controller-15] [INFO] [1786708993.219018740] [landing_scout_3]: [scout_3] Landing controller state: IDLE
[landing_controller-11] [INFO] [1786708993.244921110] [landing_scout_2]: [scout_2] Landing controller state: IDLE
[landing_controller-7] [INFO] [1786708993.262082756] [landing_scout_1]: [scout_1] Landing controller state: IDLE
[landing_controller-15] [INFO] [1786708998.219036819] [landing_scout_3]: [scout_3] Landing controller state: IDLE
[landing_controller-11] [INFO] [1786708998.244965590] [landing_scout_2]: [scout_2] Landing controller state: IDLE
[landing_controller-7] [INFO] [1786708998.262599365] [landing_scout_1]: [scout_1] Landing controller state: IDLE
[landing_controller-15] [INFO] [1786709003.218669491] [landing_scout_3]: [scout_3] Landing controller state: IDLE
[landing_controller-11] [INFO] [1786709003.244961648] [landing_scout_2]: [scout_2] Landing controller state: IDLE
[landing_controller-7] [INFO] [1786709003.262733011] [landing_scout_1]: [scout_1] Landing controller state: IDLE
[landing_controller-15] [INFO] [1786709008.218702819] [landing_scout_3]: [scout_3] Landing controller state: IDLE
[landing_controller-11] [INFO] [1786709008.244900482] [landing_scout_2]: [scout_2] Landing controller state: IDLE
[landing_controller-7] [INFO] [1786709008.262546830] [landing_scout_1]: [scout_1] Landing controller state: IDLE
[landing_controller-15] [INFO] [1786709013.218665930] [landing_scout_3]: [scout_3] Landing controller state: IDLE
[landing_controller-11] [INFO] [1786709013.244943912] [landing_scout_2]: [scout_2] Landing controller state: IDLE
[landing_controller-7] [INFO] [1786709013.262408044] [landing_scout_1]: [scout_1] Landing controller state: IDLE
[landing_controller-15] [INFO] [1786709018.218670148] [landing_scout_3]: [scout_3] Landing controller state: IDLE
[landing_controller-11] [INFO] [1786709018.244915446] [landing_scout_2]: [scout_2] Landing controller state: IDLE
[landing_controller-7] [INFO] [1786709018.262409680] [landing_scout_1]: [scout_1] Landing controller state: IDLE
[landing_controller-15] [INFO] [1786709023.218997142] [landing_scout_3]: [scout_3] Landing controller state: IDLE
[landing_controller-11] [INFO] [1786709023.244576293] [landing_scout_2]: [scout_2] Landing controller state: IDLE
[landing_controller-7] [INFO] [1786709023.262046992] [landing_scout_1]: [scout_1] Landing controller state: IDLE
[landing_controller-15] [INFO] [1786709028.218707192] [landing_scout_3]: [scout_3] Landing controller state: IDLE
[landing_controller-11] [INFO] [1786709028.244879718] [landing_scout_2]: [scout_2] Landing controller state: IDLE
[landing_controller-7] [INFO] [1786709028.262040461] [landing_scout_1]: [scout_1] Landing controller state: IDLE
[landing_controller-15] [INFO] [1786709033.219235678] [landing_scout_3]: [scout_3] Landing controller state: IDLE
[landing_controller-11] [INFO] [1786709033.245146858] [landing_scout_2]: [scout_2] Landing controller state: IDLE
[landing_controller-7] [INFO] [1786709033.262815908] [landing_scout_1]: [scout_1] Landing controller state: IDLE
[landing_controller-15] [INFO] [1786709038.218986161] [landing_scout_3]: [scout_3] Landing controller state: IDLE
[landing_controller-11] [INFO] [1786709038.244980594] [landing_scout_2]: [scout_2] Landing controller state: IDLE
[landing_controller-7] [INFO] [1786709038.262485238] [landing_scout_1]: [scout_1] Landing controller state: IDLE
[landing_controller-15] [INFO] [1786709043.219005144] [landing_scout_3]: [scout_3] Landing controller state: IDLE
[landing_controller-11] [INFO] [1786709043.245008378] [landing_scout_2]: [scout_2] Landing controller state: IDLE
[landing_controller-7] [INFO] [1786709043.262440597] [landing_scout_1]: [scout_1] Landing controller state: IDLE
[landing_controller-15] [INFO] [1786709048.218195554] [landing_scout_3]: [scout_3] Landing controller state: IDLE
[landing_controller-11] [INFO] [1786709048.244461183] [landing_scout_2]: [scout_2] Landing controller state: IDLE
[landing_controller-7] [INFO] [1786709048.262563532] [landing_scout_1]: [scout_1] Landing controller state: IDLE
[landing_controller-15] [INFO] [1786709053.218933605] [landing_scout_3]: [scout_3] Landing controller state: IDLE
[landing_controller-11] [INFO] [1786709053.244131220] [landing_scout_2]: [scout_2] Landing controller state: IDLE
[landing_controller-7] [INFO] [1786709053.262228821] [landing_scout_1]: [scout_1] Landing controller state: IDLE
[landing_controller-15] [INFO] [1786709058.218321154] [landing_scout_3]: [scout_3] Landing controller state: IDLE
[landing_controller-11] [INFO] [1786709058.244912177] [landing_scout_2]: [scout_2] Landing controller state: IDLE
[landing_controller-7] [INFO] [1786709058.262421993] [landing_scout_1]: [scout_1] Landing controller state: IDLE
[landing_controller-15] [INFO] [1786709063.218962027] [landing_scout_3]: [scout_3] Landing controller state: IDLE
[landing_controller-11] [INFO] [1786709063.245081971] [landing_scout_2]: [scout_2] Landing controller state: IDLE
[landing_controller-7] [INFO] [1786709063.262427520] [landing_scout_1]: [scout_1] Landing controller state: IDLE
[landing_controller-15] [INFO] [1786709068.218509480] [landing_scout_3]: [scout_3] Landing controller state: IDLE
[landing_controller-11] [INFO] [1786709068.244946784] [landing_scout_2]: [scout_2] Landing controller state: IDLE
[landing_controller-7] [INFO] [1786709068.262461700] [landing_scout_1]: [scout_1] Landing controller state: IDLE
[landing_controller-15] [INFO] [1786709073.218667502] [landing_scout_3]: [scout_3] Landing controller state: IDLE
[landing_controller-11] [INFO] [1786709073.244935652] [landing_scout_2]: [scout_2] Landing controller state: IDLE
[landing_controller-7] [INFO] [1786709073.262464886] [landing_scout_1]: [scout_1] Landing controller state: IDLE
[landing_controller-15] [INFO] [1786709078.218694933] [landing_scout_3]: [scout_3] Landing controller state: IDLE
[landing_controller-11] [INFO] [1786709078.245015535] [landing_scout_2]: [scout_2] Landing controller state: IDLE
[landing_controller-7] [INFO] [1786709078.262440776] [landing_scout_1]: [scout_1] Landing controller state: IDLE
[landing_controller-15] [INFO] [1786709083.218215606] [landing_scout_3]: [scout_3] Landing controller state: IDLE
[landing_controller-11] [INFO] [1786709083.245006801] [landing_scout_2]: [scout_2] Landing controller state: IDLE
[landing_controller-7] [INFO] [1786709083.262428760] [landing_scout_1]: [scout_1] Landing controller state: IDLE
[landing_controller-15] [INFO] [1786709088.219015714] [landing_scout_3]: [scout_3] Landing controller state: IDLE
[landing_controller-11] [INFO] [1786709088.244950234] [landing_scout_2]: [scout_2] Landing controller state: IDLE
[landing_controller-7] [INFO] [1786709088.262426181] [landing_scout_1]: [scout_1] Landing controller state: IDLE
[landing_controller-15] [INFO] [1786709093.218838186] [landing_scout_3]: [scout_3] Landing controller state: IDLE
[landing_controller-11] [INFO] [1786709093.244928105] [landing_scout_2]: [scout_2] Landing controller state: IDLE
[landing_controller-7] [INFO] [1786709093.262413412] [landing_scout_1]: [scout_1] Landing controller state: IDLE
[landing_controller-15] [INFO] [1786709098.218807331] [landing_scout_3]: [scout_3] Landing controller state: IDLE
[landing_controller-11] [INFO] [1786709098.244934476] [landing_scout_2]: [scout_2] Landing controller state: IDLE
[landing_controller-7] [INFO] [1786709098.262437733] [landing_scout_1]: [scout_1] Landing controller state: IDLE
[landing_controller-15] [INFO] [1786709103.219004091] [landing_scout_3]: [scout_3] Landing controller state: IDLE
[landing_controller-11] [INFO] [1786709103.244934145] [landing_scout_2]: [scout_2] Landing controller state: IDLE
[landing_controller-7] [INFO] [1786709103.262420152] [landing_scout_1]: [scout_1] Landing controller state: IDLE
[landing_controller-15] [INFO] [1786709108.218790114] [landing_scout_3]: [scout_3] Landing controller state: IDLE
[landing_controller-11] [INFO] [1786709108.245189714] [landing_scout_2]: [scout_2] Landing controller state: IDLE
[landing_controller-7] [INFO] [1786709108.262445803] [landing_scout_1]: [scout_1] Landing controller state: IDLE
[landing_controller-15] [INFO] [1786709113.218816670] [landing_scout_3]: [scout_3] Landing controller state: IDLE
[landing_controller-11] [INFO] [1786709113.245006466] [landing_scout_2]: [scout_2] Landing controller state: IDLE
[landing_controller-7] [INFO] [1786709113.262419350] [landing_scout_1]: [scout_1] Landing controller state: IDLE
[landing_controller-15] [INFO] [1786709118.218828974] [landing_scout_3]: [scout_3] Landing controller state: IDLE
[landing_controller-11] [INFO] [1786709118.244972396] [landing_scout_2]: [scout_2] Landing controller state: IDLE
[landing_controller-7] [INFO] [1786709118.262453307] [landing_scout_1]: [scout_1] Landing controller state: IDLE
[landing_controller-15] [INFO] [1786709123.218747125] [landing_scout_3]: [scout_3] Landing controller state: IDLE
[landing_controller-11] [INFO] [1786709123.244970937] [landing_scout_2]: [scout_2] Landing controller state: IDLE
[landing_controller-7] [INFO] [1786709123.262073586] [landing_scout_1]: [scout_1] Landing controller state: IDLE
[landing_controller-15] [INFO] [1786709128.218222195] [landing_scout_3]: [scout_3] Landing controller state: IDLE
[landing_controller-11] [INFO] [1786709128.245013679] [landing_scout_2]: [scout_2] Landing controller state: IDLE
[landing_controller-7] [INFO] [1786709128.262429848] [landing_scout_1]: [scout_1] Landing controller state: IDLE
[landing_controller-15] [INFO] [1786709133.218894338] [landing_scout_3]: [scout_3] Landing controller state: IDLE
[landing_controller-11] [INFO] [1786709133.244940685] [landing_scout_2]: [scout_2] Landing controller state: IDLE
[landing_controller-7] [INFO] [1786709133.262455331] [landing_scout_1]: [scout_1] Landing controller state: IDLE
[landing_controller-15] [INFO] [1786709138.219170888] [landing_scout_3]: [scout_3] Landing controller state: IDLE
[landing_controller-11] [INFO] [1786709138.244920409] [landing_scout_2]: [scout_2] Landing controller state: IDLE
[landing_controller-7] [INFO] [1786709138.262440294] [landing_scout_1]: [scout_1] Landing controller state: IDLE
[landing_controller-15] [INFO] [1786709143.218210810] [landing_scout_3]: [scout_3] Landing controller state: IDLE
[landing_controller-11] [INFO] [1786709143.244952500] [landing_scout_2]: [scout_2] Landing controller state: IDLE
[landing_controller-7] [INFO] [1786709143.262469383] [landing_scout_1]: [scout_1] Landing controller state: IDLE
[landing_controller-15] [INFO] [1786709148.218215857] [landing_scout_3]: [scout_3] Landing controller state: IDLE
[landing_controller-11] [INFO] [1786709148.244943510] [landing_scout_2]: [scout_2] Landing controller state: IDLE
[landing_controller-7] [INFO] [1786709148.262822242] [landing_scout_1]: [scout_1] Landing controller state: IDLE
[landing_controller-15] [INFO] [1786709153.218201679] [landing_scout_3]: [scout_3] Landing controller state: IDLE
[landing_controller-11] [INFO] [1786709153.244932616] [landing_scout_2]: [scout_2] Landing controller state: IDLE
[landing_controller-7] [INFO] [1786709153.262484142] [landing_scout_1]: [scout_1] Landing controller state: IDLE
[landing_controller-15] [INFO] [1786709158.218202289] [landing_scout_3]: [scout_3] Landing controller state: IDLE
[landing_controller-11] [INFO] [1786709158.244960326] [landing_scout_2]: [scout_2] Landing controller state: IDLE
[landing_controller-7] [INFO] [1786709158.262462753] [landing_scout_1]: [scout_1] Landing controller state: IDLE
[landing_controller-15] [INFO] [1786709163.219018628] [landing_scout_3]: [scout_3] Landing controller state: IDLE
[landing_controller-11] [INFO] [1786709163.244582654] [landing_scout_2]: [scout_2] Landing controller state: IDLE
[landing_controller-7] [INFO] [1786709163.262087177] [landing_scout_1]: [scout_1] Landing controller state: IDLE
[landing_controller-15] [INFO] [1786709168.218219368] [landing_scout_3]: [scout_3] Landing controller state: IDLE
[landing_controller-11] [INFO] [1786709168.244927191] [landing_scout_2]: [scout_2] Landing controller state: IDLE
[landing_controller-7] [INFO] [1786709168.262463213] [landing_scout_1]: [scout_1] Landing controller state: IDLE
[landing_controller-15] [INFO] [1786709173.218960719] [landing_scout_3]: [scout_3] Landing controller state: IDLE
[landing_controller-11] [INFO] [1786709173.244931295] [landing_scout_2]: [scout_2] Landing controller state: IDLE
[landing_controller-7] [INFO] [1786709173.262448042] [landing_scout_1]: [scout_1] Landing controller state: IDLE
[landing_controller-15] [INFO] [1786709178.218996713] [landing_scout_3]: [scout_3] Landing controller state: IDLE
[landing_controller-11] [INFO] [1786709178.244957373] [landing_scout_2]: [scout_2] Landing controller state: IDLE
[landing_controller-7] [INFO] [1786709178.262199364] [landing_scout_1]: [scout_1] Landing controller state: IDLE
[landing_controller-15] [INFO] [1786709183.219010540] [landing_scout_3]: [scout_3] Landing controller state: IDLE
[landing_controller-11] [INFO] [1786709183.244796596] [landing_scout_2]: [scout_2] Landing controller state: IDLE
[landing_controller-7] [INFO] [1786709183.262068620] [landing_scout_1]: [scout_1] Landing controller state: IDLE
[landing_controller-15] [INFO] [1786709188.219086216] [landing_scout_3]: [scout_3] Landing controller state: IDLE
[landing_controller-11] [INFO] [1786709188.244935340] [landing_scout_2]: [scout_2] Landing controller state: IDLE
[landing_controller-7] [INFO] [1786709188.262428273] [landing_scout_1]: [scout_1] Landing controller state: IDLE
[landing_controller-15] [INFO] [1786709193.218445285] [landing_scout_3]: [scout_3] Landing controller state: IDLE
[landing_controller-11] [INFO] [1786709193.244925988] [landing_scout_2]: [scout_2] Landing controller state: IDLE
[landing_controller-7] [INFO] [1786709193.262504058] [landing_scout_1]: [scout_1] Landing controller state: IDLE
[landing_controller-15] [INFO] [1786709198.219048759] [landing_scout_3]: [scout_3] Landing controller state: IDLE
[landing_controller-11] [INFO] [1786709198.244998806] [landing_scout_2]: [scout_2] Landing controller state: IDLE
[landing_controller-7] [INFO] [1786709198.262049363] [landing_scout_1]: [scout_1] Landing controller state: IDLE
[landing_controller-15] [INFO] [1786709203.218998060] [landing_scout_3]: [scout_3] Landing controller state: IDLE
[landing_controller-11] [INFO] [1786709203.245038553] [landing_scout_2]: [scout_2] Landing controller state: IDLE
[landing_controller-7] [INFO] [1786709203.262474986] [landing_scout_1]: [scout_1] Landing controller state: IDLE
[landing_controller-15] [INFO] [1786709208.219277187] [landing_scout_3]: [scout_3] Landing controller state: IDLE
[landing_controller-11] [INFO] [1786709208.244999553] [landing_scout_2]: [scout_2] Landing controller state: IDLE
[landing_controller-7] [INFO] [1786709208.262398900] [landing_scout_1]: [scout_1] Landing controller state: IDLE
[landing_controller-15] [INFO] [1786709213.218718456] [landing_scout_3]: [scout_3] Landing controller state: IDLE
[landing_controller-11] [INFO] [1786709213.244921472] [landing_scout_2]: [scout_2] Landing controller state: IDLE
[landing_controller-7] [INFO] [1786709213.262451633] [landing_scout_1]: [scout_1] Landing controller state: IDLE
[landing_controller-15] [INFO] [1786709218.219033262] [landing_scout_3]: [scout_3] Landing controller state: IDLE
[landing_controller-11] [INFO] [1786709218.245136336] [landing_scout_2]: [scout_2] Landing controller state: IDLE
[landing_controller-7] [INFO] [1786709218.262476738] [landing_scout_1]: [scout_1] Landing controller state: IDLE
[landing_controller-15] [INFO] [1786709223.218960895] [landing_scout_3]: [scout_3] Landing controller state: IDLE
[landing_controller-11] [INFO] [1786709223.244933156] [landing_scout_2]: [scout_2] Landing controller state: IDLE
[landing_controller-7] [INFO] [1786709223.262486087] [landing_scout_1]: [scout_1] Landing controller state: IDLE
[landing_controller-15] [INFO] [1786709228.218911951] [landing_scout_3]: [scout_3] Landing controller state: IDLE
[landing_controller-11] [INFO] [1786709228.244919972] [landing_scout_2]: [scout_2] Landing controller state: IDLE
[landing_controller-7] [INFO] [1786709228.262528218] [landing_scout_1]: [scout_1] Landing controller state: IDLE
[landing_controller-15] [INFO] [1786709233.218590510] [landing_scout_3]: [scout_3] Landing controller state: IDLE
[landing_controller-11] [INFO] [1786709233.244926299] [landing_scout_2]: [scout_2] Landing controller state: IDLE
[landing_controller-7] [INFO] [1786709233.262495574] [landing_scout_1]: [scout_1] Landing controller state: IDLE
[landing_controller-15] [INFO] [1786709238.218205537] [landing_scout_3]: [scout_3] Landing controller state: IDLE
[landing_controller-11] [INFO] [1786709238.245005004] [landing_scout_2]: [scout_2] Landing controller state: IDLE
[landing_controller-7] [INFO] [1786709238.262443536] [landing_scout_1]: [scout_1] Landing controller state: IDLE
[landing_controller-15] [INFO] [1786709243.218676144] [landing_scout_3]: [scout_3] Landing controller state: IDLE
[landing_controller-11] [INFO] [1786709243.245059705] [landing_scout_2]: [scout_2] Landing controller state: IDLE
[landing_controller-7] [INFO] [1786709243.262504803] [landing_scout_1]: [scout_1] Landing controller state: IDLE
[landing_controller-15] [INFO] [1786709248.218661791] [landing_scout_3]: [scout_3] Landing controller state: IDLE
[landing_controller-11] [INFO] [1786709248.244906927] [landing_scout_2]: [scout_2] Landing controller state: IDLE
[landing_controller-7] [INFO] [1786709248.262833443] [landing_scout_1]: [scout_1] Landing controller state: IDLE
[landing_controller-15] [INFO] [1786709253.219057915] [landing_scout_3]: [scout_3] Landing controller state: IDLE
[landing_controller-11] [INFO] [1786709253.244601913] [landing_scout_2]: [scout_2] Landing controller state: IDLE
[landing_controller-7] [INFO] [1786709253.262055882] [landing_scout_1]: [scout_1] Landing controller state: IDLE
[landing_controller-15] [INFO] [1786709258.218702002] [landing_scout_3]: [scout_3] Landing controller state: IDLE
[landing_controller-11] [INFO] [1786709258.244309138] [landing_scout_2]: [scout_2] Landing controller state: IDLE
[landing_controller-7] [INFO] [1786709258.261608897] [landing_scout_1]: [scout_1] Landing controller state: IDLE
[landing_controller-15] [INFO] [1786709263.218216618] [landing_scout_3]: [scout_3] Landing controller state: IDLE
[landing_controller-11] [INFO] [1786709263.244900572] [landing_scout_2]: [scout_2] Landing controller state: IDLE
[landing_controller-7] [INFO] [1786709263.262457349] [landing_scout_1]: [scout_1] Landing controller state: IDLE
[landing_controller-15] [INFO] [1786709268.218658046] [landing_scout_3]: [scout_3] Landing controller state: IDLE
[landing_controller-11] [INFO] [1786709268.244930285] [landing_scout_2]: [scout_2] Landing controller state: IDLE
[landing_controller-7] [INFO] [1786709268.262450954] [landing_scout_1]: [scout_1] Landing controller state: IDLE
[landing_controller-15] [INFO] [1786709273.219150820] [landing_scout_3]: [scout_3] Landing controller state: IDLE
[landing_controller-11] [INFO] [1786709273.244926206] [landing_scout_2]: [scout_2] Landing controller state: IDLE
[landing_controller-7] [INFO] [1786709273.262486476] [landing_scout_1]: [scout_1] Landing controller state: IDLE
[landing_controller-15] [INFO] [1786709278.218913481] [landing_scout_3]: [scout_3] Landing controller state: IDLE
[landing_controller-11] [INFO] [1786709278.244931148] [landing_scout_2]: [scout_2] Landing controller state: IDLE
[landing_controller-7] [INFO] [1786709278.262593666] [landing_scout_1]: [scout_1] Landing controller state: IDLE
[landing_controller-15] [INFO] [1786709283.219000565] [landing_scout_3]: [scout_3] Landing controller state: IDLE
[landing_controller-11] [INFO] [1786709283.244983312] [landing_scout_2]: [scout_2] Landing controller state: IDLE
[landing_controller-7] [INFO] [1786709283.262466757] [landing_scout_1]: [scout_1] Landing controller state: IDLE
[landing_controller-15] [INFO] [1786709288.218897688] [landing_scout_3]: [scout_3] Landing controller state: IDLE
[landing_controller-11] [INFO] [1786709288.244943363] [landing_scout_2]: [scout_2] Landing controller state: IDLE
[landing_controller-7] [INFO] [1786709288.262639267] [landing_scout_1]: [scout_1] Landing controller state: IDLE
[landing_controller-15] [INFO] [1786709293.219000570] [landing_scout_3]: [scout_3] Landing controller state: IDLE
[landing_controller-11] [INFO] [1786709293.244943090] [landing_scout_2]: [scout_2] Landing controller state: IDLE
[landing_controller-7] [INFO] [1786709293.262444067] [landing_scout_1]: [scout_1] Landing controller state: IDLE
[landing_controller-15] [INFO] [1786709298.219026842] [landing_scout_3]: [scout_3] Landing controller state: IDLE
[landing_controller-11] [INFO] [1786709298.244577482] [landing_scout_2]: [scout_2] Landing controller state: IDLE
[landing_controller-7] [INFO] [1786709298.262065887] [landing_scout_1]: [scout_1] Landing controller state: IDLE
[landing_controller-15] [INFO] [1786709303.218996057] [landing_scout_3]: [scout_3] Landing controller state: IDLE
[landing_controller-11] [INFO] [1786709303.244945842] [landing_scout_2]: [scout_2] Landing controller state: IDLE
[landing_controller-7] [INFO] [1786709303.262076170] [landing_scout_1]: [scout_1] Landing controller state: IDLE
[landing_controller-15] [INFO] [1786709308.218671939] [landing_scout_3]: [scout_3] Landing controller state: IDLE
[landing_controller-11] [INFO] [1786709308.244927142] [landing_scout_2]: [scout_2] Landing controller state: IDLE
[landing_controller-7] [INFO] [1786709308.262540146] [landing_scout_1]: [scout_1] Landing controller state: IDLE
[landing_controller-15] [INFO] [1786709313.218651074] [landing_scout_3]: [scout_3] Landing controller state: IDLE
[landing_controller-11] [INFO] [1786709313.245065936] [landing_scout_2]: [scout_2] Landing controller state: IDLE
[landing_controller-7] [INFO] [1786709313.262525777] [landing_scout_1]: [scout_1] Landing controller state: IDLE
[landing_controller-15] [INFO] [1786709318.218215140] [landing_scout_3]: [scout_3] Landing controller state: IDLE
[landing_controller-11] [INFO] [1786709318.244985985] [landing_scout_2]: [scout_2] Landing controller state: IDLE
[landing_controller-7] [INFO] [1786709318.262441777] [landing_scout_1]: [scout_1] Landing controller state: IDLE
[landing_controller-15] [INFO] [1786709323.218686726] [landing_scout_3]: [scout_3] Landing controller state: IDLE
[landing_controller-11] [INFO] [1786709323.244961348] [landing_scout_2]: [scout_2] Landing controller state: IDLE
[landing_controller-7] [INFO] [1786709323.262388434] [landing_scout_1]: [scout_1] Landing controller state: IDLE
[landing_controller-15] [INFO] [1786709328.219473505] [landing_scout_3]: [scout_3] Landing controller state: IDLE
[landing_controller-11] [INFO] [1786709328.244893475] [landing_scout_2]: [scout_2] Landing controller state: IDLE
[landing_controller-7] [INFO] [1786709328.262627656] [landing_scout_1]: [scout_1] Landing controller state: IDLE
[landing_controller-15] [INFO] [1786709333.218998659] [landing_scout_3]: [scout_3] Landing controller state: IDLE
[landing_controller-11] [INFO] [1786709333.244565787] [landing_scout_2]: [scout_2] Landing controller state: IDLE
[landing_controller-7] [INFO] [1786709333.262428965] [landing_scout_1]: [scout_1] Landing controller state: IDLE
[landing_controller-15] [INFO] [1786709338.219211120] [landing_scout_3]: [scout_3] Landing controller state: IDLE
[landing_controller-11] [INFO] [1786709338.244957880] [landing_scout_2]: [scout_2] Landing controller state: IDLE
[landing_controller-7] [INFO] [1786709338.262556499] [landing_scout_1]: [scout_1] Landing controller state: IDLE
[landing_controller-15] [INFO] [1786709343.218673544] [landing_scout_3]: [scout_3] Landing controller state: IDLE
[landing_controller-11] [INFO] [1786709343.244904238] [landing_scout_2]: [scout_2] Landing controller state: IDLE
[landing_controller-7] [INFO] [1786709343.262459486] [landing_scout_1]: [scout_1] Landing controller state: IDLE
[landing_controller-15] [INFO] [1786709348.218946332] [landing_scout_3]: [scout_3] Landing controller state: IDLE
[landing_controller-11] [INFO] [1786709348.244913933] [landing_scout_2]: [scout_2] Landing controller state: IDLE
[landing_controller-7] [INFO] [1786709348.262420781] [landing_scout_1]: [scout_1] Landing controller state: IDLE
[landing_controller-15] [INFO] [1786709353.218434090] [landing_scout_3]: [scout_3] Landing controller state: IDLE
[landing_controller-11] [INFO] [1786709353.244928717] [landing_scout_2]: [scout_2] Landing controller state: IDLE
[landing_controller-7] [INFO] [1786709353.262490461] [landing_scout_1]: [scout_1] Landing controller state: IDLE
[landing_controller-15] [INFO] [1786709358.218275516] [landing_scout_3]: [scout_3] Landing controller state: IDLE
[landing_controller-11] [INFO] [1786709358.244945026] [landing_scout_2]: [scout_2] Landing controller state: IDLE
[landing_controller-7] [INFO] [1786709358.262492453] [landing_scout_1]: [scout_1] Landing controller state: IDLE
[landing_controller-15] [INFO] [1786709363.218690748] [landing_scout_3]: [scout_3] Landing controller state: IDLE
[landing_controller-11] [INFO] [1786709363.244994079] [landing_scout_2]: [scout_2] Landing controller state: IDLE
[landing_controller-7] [INFO] [1786709363.262412021] [landing_scout_1]: [scout_1] Landing controller state: IDLE
[landing_controller-15] [INFO] [1786709368.218999039] [landing_scout_3]: [scout_3] Landing controller state: IDLE
[landing_controller-11] [INFO] [1786709368.244998071] [landing_scout_2]: [scout_2] Landing controller state: IDLE
[landing_controller-7] [INFO] [1786709368.262442622] [landing_scout_1]: [scout_1] Landing controller state: IDLE
[landing_controller-15] [INFO] [1786709373.218833649] [landing_scout_3]: [scout_3] Landing controller state: IDLE
[landing_controller-11] [INFO] [1786709373.244143974] [landing_scout_2]: [scout_2] Landing controller state: IDLE
[landing_controller-7] [INFO] [1786709373.262085658] [landing_scout_1]: [scout_1] Landing controller state: IDLE
[landing_controller-15] [INFO] [1786709378.218292496] [landing_scout_3]: [scout_3] Landing controller state: IDLE
[landing_controller-11] [INFO] [1786709378.244937984] [landing_scout_2]: [scout_2] Landing controller state: IDLE
[landing_controller-7] [INFO] [1786709378.262443927] [landing_scout_1]: [scout_1] Landing controller state: IDLE
[landing_controller-15] [INFO] [1786709383.218749991] [landing_scout_3]: [scout_3] Landing controller state: IDLE
[landing_controller-11] [INFO] [1786709383.244959737] [landing_scout_2]: [scout_2] Landing controller state: IDLE
[landing_controller-7] [INFO] [1786709383.262445357] [landing_scout_1]: [scout_1] Landing controller state: IDLE
[landing_controller-15] [INFO] [1786709388.218732754] [landing_scout_3]: [scout_3] Landing controller state: IDLE
[landing_controller-11] [INFO] [1786709388.244922457] [landing_scout_2]: [scout_2] Landing controller state: IDLE
[landing_controller-7] [INFO] [1786709388.262684789] [landing_scout_1]: [scout_1] Landing controller state: IDLE
[landing_controller-15] [INFO] [1786709393.219025315] [landing_scout_3]: [scout_3] Landing controller state: IDLE
[landing_controller-11] [INFO] [1786709393.244972249] [landing_scout_2]: [scout_2] Landing controller state: IDLE
[landing_controller-7] [INFO] [1786709393.262813782] [landing_scout_1]: [scout_1] Landing controller state: IDLE
[landing_controller-15] [INFO] [1786709398.218853898] [landing_scout_3]: [scout_3] Landing controller state: IDLE
[landing_controller-11] [INFO] [1786709398.244920192] [landing_scout_2]: [scout_2] Landing controller state: IDLE
[landing_controller-7] [INFO] [1786709398.262354688] [landing_scout_1]: [scout_1] Landing controller state: IDLE
[landing_controller-15] [INFO] [1786709403.218376273] [landing_scout_3]: [scout_3] Landing controller state: IDLE
[landing_controller-11] [INFO] [1786709403.244582879] [landing_scout_2]: [scout_2] Landing controller state: IDLE
[landing_controller-7] [INFO] [1786709403.262057605] [landing_scout_1]: [scout_1] Landing controller state: IDLE
[landing_controller-15] [INFO] [1786709408.218941291] [landing_scout_3]: [scout_3] Landing controller state: IDLE
[landing_controller-11] [INFO] [1786709408.244909528] [landing_scout_2]: [scout_2] Landing controller state: IDLE
[landing_controller-7] [INFO] [1786709408.262395429] [landing_scout_1]: [scout_1] Landing controller state: IDLE
[landing_controller-15] [INFO] [1786709413.218753671] [landing_scout_3]: [scout_3] Landing controller state: IDLE
[landing_controller-11] [INFO] [1786709413.244919072] [landing_scout_2]: [scout_2] Landing controller state: IDLE
[landing_controller-7] [INFO] [1786709413.262399805] [landing_scout_1]: [scout_1] Landing controller state: IDLE
[landing_controller-15] [INFO] [1786709418.218672535] [landing_scout_3]: [scout_3] Landing controller state: IDLE
[landing_controller-11] [INFO] [1786709418.244942489] [landing_scout_2]: [scout_2] Landing controller state: IDLE
[landing_controller-7] [INFO] [1786709418.262407578] [landing_scout_1]: [scout_1] Landing controller state: IDLE
[landing_controller-15] [INFO] [1786709423.218864523] [landing_scout_3]: [scout_3] Landing controller state: IDLE
[landing_controller-11] [INFO] [1786709423.244914756] [landing_scout_2]: [scout_2] Landing controller state: IDLE
[landing_controller-7] [INFO] [1786709423.262404220] [landing_scout_1]: [scout_1] Landing controller state: IDLE
[landing_controller-15] [INFO] [1786709428.218510252] [landing_scout_3]: [scout_3] Landing controller state: IDLE
[landing_controller-11] [INFO] [1786709428.244585629] [landing_scout_2]: [scout_2] Landing controller state: IDLE
[landing_controller-7] [INFO] [1786709428.262047575] [landing_scout_1]: [scout_1] Landing controller state: IDLE
[landing_controller-15] [INFO] [1786709433.218838166] [landing_scout_3]: [scout_3] Landing controller state: IDLE
[landing_controller-11] [INFO] [1786709433.244930235] [landing_scout_2]: [scout_2] Landing controller state: IDLE
[landing_controller-7] [INFO] [1786709433.262352652] [landing_scout_1]: [scout_1] Landing controller state: IDLE
[landing_controller-15] [INFO] [1786709438.219457080] [landing_scout_3]: [scout_3] Landing controller state: IDLE
[landing_controller-11] [INFO] [1786709438.244663278] [landing_scout_2]: [scout_2] Landing controller state: IDLE
[landing_controller-7] [INFO] [1786709438.261692627] [landing_scout_1]: [scout_1] Landing controller state: IDLE
[landing_controller-15] [INFO] [1786709443.218469885] [landing_scout_3]: [scout_3] Landing controller state: IDLE
[landing_controller-11] [INFO] [1786709443.244917310] [landing_scout_2]: [scout_2] Landing controller state: IDLE
[landing_controller-7] [INFO] [1786709443.262466979] [landing_scout_1]: [scout_1] Landing controller state: IDLE
[landing_controller-15] [INFO] [1786709448.219037613] [landing_scout_3]: [scout_3] Landing controller state: IDLE
[landing_controller-11] [INFO] [1786709448.244987836] [landing_scout_2]: [scout_2] Landing controller state: IDLE
[landing_controller-7] [INFO] [1786709448.262429250] [landing_scout_1]: [scout_1] Landing controller state: IDLE
[landing_controller-15] [INFO] [1786709453.218630947] [landing_scout_3]: [scout_3] Landing controller state: IDLE
[landing_controller-11] [INFO] [1786709453.244988557] [landing_scout_2]: [scout_2] Landing controller state: IDLE
[landing_controller-7] [INFO] [1786709453.262470340] [landing_scout_1]: [scout_1] Landing controller state: IDLE
[landing_controller-15] [INFO] [1786709458.218204552] [landing_scout_3]: [scout_3] Landing controller state: IDLE
[landing_controller-11] [INFO] [1786709458.244929180] [landing_scout_2]: [scout_2] Landing controller state: IDLE
[landing_controller-7] [INFO] [1786709458.262459015] [landing_scout_1]: [scout_1] Landing controller state: IDLE
[landing_controller-15] [INFO] [1786709463.218572711] [landing_scout_3]: [scout_3] Landing controller state: IDLE
[landing_controller-11] [INFO] [1786709463.244903083] [landing_scout_2]: [scout_2] Landing controller state: IDLE
[landing_controller-7] [INFO] [1786709463.262353858] [landing_scout_1]: [scout_1] Landing controller state: IDLE
[landing_controller-15] [INFO] [1786709468.218678997] [landing_scout_3]: [scout_3] Landing controller state: IDLE
[landing_controller-11] [INFO] [1786709468.244583895] [landing_scout_2]: [scout_2] Landing controller state: IDLE
[landing_controller-7] [INFO] [1786709468.262332614] [landing_scout_1]: [scout_1] Landing controller state: IDLE
[landing_controller-15] [INFO] [1786709473.218653386] [landing_scout_3]: [scout_3] Landing controller state: IDLE
[landing_controller-11] [INFO] [1786709473.244774723] [landing_scout_2]: [scout_2] Landing controller state: IDLE
[landing_controller-7] [INFO] [1786709473.262007174] [landing_scout_1]: [scout_1] Landing controller state: IDLE
[landing_controller-15] [INFO] [1786709478.218652321] [landing_scout_3]: [scout_3] Landing controller state: IDLE
[landing_controller-11] [INFO] [1786709478.244665753] [landing_scout_2]: [scout_2] Landing controller state: IDLE
[landing_controller-7] [INFO] [1786709478.261616742] [landing_scout_1]: [scout_1] Landing controller state: IDLE
[landing_controller-15] [INFO] [1786709483.218720360] [landing_scout_3]: [scout_3] Landing controller state: IDLE
[landing_controller-11] [INFO] [1786709483.244603748] [landing_scout_2]: [scout_2] Landing controller state: IDLE
[landing_controller-7] [INFO] [1786709483.262167179] [landing_scout_1]: [scout_1] Landing controller state: IDLE
[landing_controller-15] [INFO] [1786709488.219000538] [landing_scout_3]: [scout_3] Landing controller state: IDLE
[landing_controller-11] [INFO] [1786709488.244894194] [landing_scout_2]: [scout_2] Landing controller state: IDLE
[landing_controller-7] [INFO] [1786709488.262350697] [landing_scout_1]: [scout_1] Landing controller state: IDLE
[landing_controller-15] [INFO] [1786709493.218663485] [landing_scout_3]: [scout_3] Landing controller state: IDLE
[landing_controller-11] [INFO] [1786709493.244916057] [landing_scout_2]: [scout_2] Landing controller state: IDLE
[landing_controller-7] [INFO] [1786709493.262391768] [landing_scout_1]: [scout_1] Landing controller state: IDLE
[landing_controller-15] [INFO] [1786709498.218741110] [landing_scout_3]: [scout_3] Landing controller state: IDLE
[landing_controller-11] [INFO] [1786709498.244940533] [landing_scout_2]: [scout_2] Landing controller state: IDLE
[landing_controller-7] [INFO] [1786709498.262408142] [landing_scout_1]: [scout_1] Landing controller state: IDLE
[landing_controller-15] [INFO] [1786709503.218839086] [landing_scout_3]: [scout_3] Landing controller state: IDLE
[landing_controller-11] [INFO] [1786709503.244945760] [landing_scout_2]: [scout_2] Landing controller state: IDLE
[landing_controller-7] [INFO] [1786709503.262410575] [landing_scout_1]: [scout_1] Landing controller state: IDLE
[landing_controller-15] [INFO] [1786709508.219011050] [landing_scout_3]: [scout_3] Landing controller state: IDLE
[landing_controller-11] [INFO] [1786709508.244913787] [landing_scout_2]: [scout_2] Landing controller state: IDLE
[landing_controller-7] [INFO] [1786709508.262404444] [landing_scout_1]: [scout_1] Landing controller state: IDLE
[landing_controller-15] [INFO] [1786709513.218622770] [landing_scout_3]: [scout_3] Landing controller state: IDLE
[landing_controller-11] [INFO] [1786709513.244913687] [landing_scout_2]: [scout_2] Landing controller state: IDLE
[landing_controller-7] [INFO] [1786709513.262413424] [landing_scout_1]: [scout_1] Landing controller state: IDLE
[landing_controller-15] [INFO] [1786709518.218688834] [landing_scout_3]: [scout_3] Landing controller state: IDLE
[landing_controller-11] [INFO] [1786709518.244936380] [landing_scout_2]: [scout_2] Landing controller state: IDLE
[landing_controller-7] [INFO] [1786709518.262418727] [landing_scout_1]: [scout_1] Landing controller state: IDLE
[landing_controller-15] [INFO] [1786709523.219389014] [landing_scout_3]: [scout_3] Landing controller state: IDLE
[landing_controller-11] [INFO] [1786709523.244968386] [landing_scout_2]: [scout_2] Landing controller state: IDLE
[landing_controller-7] [INFO] [1786709523.262443749] [landing_scout_1]: [scout_1] Landing controller state: IDLE
[landing_controller-15] [INFO] [1786709528.218210755] [landing_scout_3]: [scout_3] Landing controller state: IDLE
[landing_controller-11] [INFO] [1786709528.244962769] [landing_scout_2]: [scout_2] Landing controller state: IDLE
[landing_controller-7] [INFO] [1786709528.262400138] [landing_scout_1]: [scout_1] Landing controller state: IDLE
[landing_controller-15] [INFO] [1786709533.218185255] [landing_scout_3]: [scout_3] Landing controller state: IDLE
[landing_controller-11] [INFO] [1786709533.245058374] [landing_scout_2]: [scout_2] Landing controller state: IDLE
[landing_controller-7] [INFO] [1786709533.262698354] [landing_scout_1]: [scout_1] Landing controller state: IDLE
[landing_controller-15] [INFO] [1786709538.219172409] [landing_scout_3]: [scout_3] Landing controller state: IDLE
[landing_controller-11] [INFO] [1786709538.245092819] [landing_scout_2]: [scout_2] Landing controller state: IDLE
[landing_controller-7] [INFO] [1786709538.262443725] [landing_scout_1]: [scout_1] Landing controller state: IDLE
[landing_controller-15] [INFO] [1786709543.219039183] [landing_scout_3]: [scout_3] Landing controller state: IDLE
[landing_controller-11] [INFO] [1786709543.244918037] [landing_scout_2]: [scout_2] Landing controller state: IDLE
[landing_controller-7] [INFO] [1786709543.262399827] [landing_scout_1]: [scout_1] Landing controller state: IDLE
[landing_controller-15] [INFO] [1786709548.218981126] [landing_scout_3]: [scout_3] Landing controller state: IDLE
[landing_controller-11] [INFO] [1786709548.244920464] [landing_scout_2]: [scout_2] Landing controller state: IDLE
[landing_controller-7] [INFO] [1786709548.262426000] [landing_scout_1]: [scout_1] Landing controller state: IDLE
[landing_controller-15] [INFO] [1786709553.219000611] [landing_scout_3]: [scout_3] Landing controller state: IDLE
[landing_controller-11] [INFO] [1786709553.244931498] [landing_scout_2]: [scout_2] Landing controller state: IDLE
[landing_controller-7] [INFO] [1786709553.262414336] [landing_scout_1]: [scout_1] Landing controller state: IDLE
[landing_controller-15] [INFO] [1786709558.218987567] [landing_scout_3]: [scout_3] Landing controller state: IDLE
[landing_controller-11] [INFO] [1786709558.244965528] [landing_scout_2]: [scout_2] Landing controller state: IDLE
[landing_controller-7] [INFO] [1786709558.262429789] [landing_scout_1]: [scout_1] Landing controller state: IDLE
[landing_controller-15] [INFO] [1786709563.218692030] [landing_scout_3]: [scout_3] Landing controller state: IDLE
[landing_controller-11] [INFO] [1786709563.244966400] [landing_scout_2]: [scout_2] Landing controller state: IDLE
[landing_controller-7] [INFO] [1786709563.262410267] [landing_scout_1]: [scout_1] Landing controller state: IDLE
[landing_controller-15] [INFO] [1786709568.218769463] [landing_scout_3]: [scout_3] Landing controller state: IDLE
[landing_controller-11] [INFO] [1786709568.244498370] [landing_scout_2]: [scout_2] Landing controller state: IDLE
[landing_controller-7] [INFO] [1786709568.262044555] [landing_scout_1]: [scout_1] Landing controller state: IDLE
[landing_controller-15] [INFO] [1786709573.218656662] [landing_scout_3]: [scout_3] Landing controller state: IDLE
[landing_controller-11] [INFO] [1786709573.244914829] [landing_scout_2]: [scout_2] Landing controller state: IDLE
[landing_controller-7] [INFO] [1786709573.262394037] [landing_scout_1]: [scout_1] Landing controller state: IDLE
[landing_controller-15] [INFO] [1786709578.218999802] [landing_scout_3]: [scout_3] Landing controller state: IDLE
[landing_controller-11] [INFO] [1786709578.244966240] [landing_scout_2]: [scout_2] Landing controller state: IDLE
[landing_controller-7] [INFO] [1786709578.262430013] [landing_scout_1]: [scout_1] Landing controller state: IDLE
[landing_controller-15] [INFO] [1786709583.218221576] [landing_scout_3]: [scout_3] Landing controller state: IDLE
[landing_controller-11] [INFO] [1786709583.244919467] [landing_scout_2]: [scout_2] Landing controller state: IDLE
[landing_controller-7] [INFO] [1786709583.262421723] [landing_scout_1]: [scout_1] Landing controller state: IDLE
[landing_controller-15] [INFO] [1786709588.218993778] [landing_scout_3]: [scout_3] Landing controller state: IDLE
[landing_controller-11] [INFO] [1786709588.244922643] [landing_scout_2]: [scout_2] Landing controller state: IDLE
[landing_controller-7] [INFO] [1786709588.262398848] [landing_scout_1]: [scout_1] Landing controller state: IDLE
[landing_controller-15] [INFO] [1786709593.218671293] [landing_scout_3]: [scout_3] Landing controller state: IDLE
[landing_controller-11] [INFO] [1786709593.244915563] [landing_scout_2]: [scout_2] Landing controller state: IDLE
[landing_controller-7] [INFO] [1786709593.262398613] [landing_scout_1]: [scout_1] Landing controller state: IDLE
[landing_controller-15] [INFO] [1786709598.218678821] [landing_scout_3]: [scout_3] Landing controller state: IDLE
[landing_controller-11] [INFO] [1786709598.244953473] [landing_scout_2]: [scout_2] Landing controller state: IDLE
[landing_controller-7] [INFO] [1786709598.262401462] [landing_scout_1]: [scout_1] Landing controller state: IDLE
[landing_controller-15] [INFO] [1786709603.218985560] [landing_scout_3]: [scout_3] Landing controller state: IDLE
[landing_controller-11] [INFO] [1786709603.245089589] [landing_scout_2]: [scout_2] Landing controller state: IDLE
[landing_controller-7] [INFO] [1786709603.262406696] [landing_scout_1]: [scout_1] Landing controller state: IDLE
[landing_controller-15] [INFO] [1786709608.218785817] [landing_scout_3]: [scout_3] Landing controller state: IDLE
[landing_controller-11] [INFO] [1786709608.245023244] [landing_scout_2]: [scout_2] Landing controller state: IDLE
[landing_controller-7] [INFO] [1786709608.262388192] [landing_scout_1]: [scout_1] Landing controller state: IDLE
[landing_controller-15] [INFO] [1786709613.218653968] [landing_scout_3]: [scout_3] Landing controller state: IDLE
[landing_controller-11] [INFO] [1786709613.244967872] [landing_scout_2]: [scout_2] Landing controller state: IDLE
[landing_controller-7] [INFO] [1786709613.262415513] [landing_scout_1]: [scout_1] Landing controller state: IDLE
[landing_controller-15] [INFO] [1786709618.219001729] [landing_scout_3]: [scout_3] Landing controller state: IDLE
[landing_controller-11] [INFO] [1786709618.244976762] [landing_scout_2]: [scout_2] Landing controller state: IDLE
[landing_controller-7] [INFO] [1786709618.262459743] [landing_scout_1]: [scout_1] Landing controller state: IDLE
[landing_controller-15] [INFO] [1786709623.219072576] [landing_scout_3]: [scout_3] Landing controller state: IDLE
[landing_controller-11] [INFO] [1786709623.244935303] [landing_scout_2]: [scout_2] Landing controller state: IDLE
[landing_controller-7] [INFO] [1786709623.262389300] [landing_scout_1]: [scout_1] Landing controller state: IDLE
[landing_controller-15] [INFO] [1786709628.218665012] [landing_scout_3]: [scout_3] Landing controller state: IDLE
[landing_controller-11] [INFO] [1786709628.244930377] [landing_scout_2]: [scout_2] Landing controller state: IDLE
[landing_controller-7] [INFO] [1786709628.262871102] [landing_scout_1]: [scout_1] Landing controller state: IDLE
[landing_controller-15] [INFO] [1786709633.218651850] [landing_scout_3]: [scout_3] Landing controller state: IDLE
[landing_controller-11] [INFO] [1786709633.245394514] [landing_scout_2]: [scout_2] Landing controller state: IDLE
[landing_controller-7] [INFO] [1786709633.262697584] [landing_scout_1]: [scout_1] Landing controller state: IDLE
[landing_controller-15] [INFO] [1786709638.218661252] [landing_scout_3]: [scout_3] Landing controller state: IDLE
[landing_controller-11] [INFO] [1786709638.245060923] [landing_scout_2]: [scout_2] Landing controller state: IDLE
[landing_controller-7] [INFO] [1786709638.262424267] [landing_scout_1]: [scout_1] Landing controller state: IDLE
[landing_controller-15] [INFO] [1786709643.218662765] [landing_scout_3]: [scout_3] Landing controller state: IDLE
[landing_controller-11] [INFO] [1786709643.244930855] [landing_scout_2]: [scout_2] Landing controller state: IDLE
[landing_controller-7] [INFO] [1786709643.262510150] [landing_scout_1]: [scout_1] Landing controller state: IDLE
[landing_controller-15] [INFO] [1786709648.218968861] [landing_scout_3]: [scout_3] Landing controller state: IDLE
[landing_controller-11] [INFO] [1786709648.245040557] [landing_scout_2]: [scout_2] Landing controller state: IDLE
[landing_controller-7] [INFO] [1786709648.262797529] [landing_scout_1]: [scout_1] Landing controller state: IDLE
[landing_controller-15] [INFO] [1786709653.218690105] [landing_scout_3]: [scout_3] Landing controller state: IDLE
[landing_controller-11] [INFO] [1786709653.244941504] [landing_scout_2]: [scout_2] Landing controller state: IDLE
[landing_controller-7] [INFO] [1786709653.262414430] [landing_scout_1]: [scout_1] Landing controller state: IDLE
[landing_controller-15] [INFO] [1786709658.218196239] [landing_scout_3]: [scout_3] Landing controller state: IDLE
[landing_controller-11] [INFO] [1786709658.244950498] [landing_scout_2]: [scout_2] Landing controller state: IDLE
[landing_controller-7] [INFO] [1786709658.262396815] [landing_scout_1]: [scout_1] Landing controller state: IDLE
[landing_controller-15] [INFO] [1786709663.218784780] [landing_scout_3]: [scout_3] Landing controller state: IDLE
[landing_controller-11] [INFO] [1786709663.244923525] [landing_scout_2]: [scout_2] Landing controller state: IDLE
[landing_controller-7] [INFO] [1786709663.262398337] [landing_scout_1]: [scout_1] Landing controller state: IDLE
[landing_controller-15] [INFO] [1786709668.218427455] [landing_scout_3]: [scout_3] Landing controller state: IDLE
[landing_controller-11] [INFO] [1786709668.244918203] [landing_scout_2]: [scout_2] Landing controller state: IDLE
[landing_controller-7] [INFO] [1786709668.262402514] [landing_scout_1]: [scout_1] Landing controller state: IDLE
[landing_controller-15] [INFO] [1786709673.218931767] [landing_scout_3]: [scout_3] Landing controller state: IDLE
[landing_controller-11] [INFO] [1786709673.244939560] [landing_scout_2]: [scout_2] Landing controller state: IDLE
[landing_controller-7] [INFO] [1786709673.262400265] [landing_scout_1]: [scout_1] Landing controller state: IDLE
[landing_controller-15] [INFO] [1786709678.219390751] [landing_scout_3]: [scout_3] Landing controller state: IDLE
[landing_controller-11] [INFO] [1786709678.244822141] [landing_scout_2]: [scout_2] Landing controller state: IDLE
[landing_controller-7] [INFO] [1786709678.262040216] [landing_scout_1]: [scout_1] Landing controller state: IDLE
[landing_controller-15] [INFO] [1786709683.218769632] [landing_scout_3]: [scout_3] Landing controller state: IDLE
[landing_controller-11] [INFO] [1786709683.244941763] [landing_scout_2]: [scout_2] Landing controller state: IDLE
[landing_controller-7] [INFO] [1786709683.262142587] [landing_scout_1]: [scout_1] Landing controller state: IDLE
[landing_controller-15] [INFO] [1786709688.219011195] [landing_scout_3]: [scout_3] Landing controller state: IDLE
[landing_controller-11] [INFO] [1786709688.244913737] [landing_scout_2]: [scout_2] Landing controller state: IDLE
[landing_controller-7] [INFO] [1786709688.262131323] [landing_scout_1]: [scout_1] Landing controller state: IDLE
[landing_controller-15] [INFO] [1786709693.219013966] [landing_scout_3]: [scout_3] Landing controller state: IDLE
[landing_controller-11] [INFO] [1786709693.245270466] [landing_scout_2]: [scout_2] Landing controller state: IDLE
[landing_controller-7] [INFO] [1786709693.262810791] [landing_scout_1]: [scout_1] Landing controller state: IDLE
[landing_controller-15] [INFO] [1786709698.218725004] [landing_scout_3]: [scout_3] Landing controller state: IDLE
[landing_controller-11] [INFO] [1786709698.244915924] [landing_scout_2]: [scout_2] Landing controller state: IDLE
[landing_controller-7] [INFO] [1786709698.262363010] [landing_scout_1]: [scout_1] Landing controller state: IDLE
[landing_controller-15] [INFO] [1786709703.218745577] [landing_scout_3]: [scout_3] Landing controller state: IDLE
[landing_controller-11] [INFO] [1786709703.244903252] [landing_scout_2]: [scout_2] Landing controller state: IDLE
[landing_controller-7] [INFO] [1786709703.262418714] [landing_scout_1]: [scout_1] Landing controller state: IDLE
[landing_controller-15] [INFO] [1786709708.219270053] [landing_scout_3]: [scout_3] Landing controller state: IDLE
[landing_controller-11] [INFO] [1786709708.244930455] [landing_scout_2]: [scout_2] Landing controller state: IDLE
[landing_controller-7] [INFO] [1786709708.262453670] [landing_scout_1]: [scout_1] Landing controller state: IDLE
[landing_controller-15] [INFO] [1786709713.218985477] [landing_scout_3]: [scout_3] Landing controller state: IDLE
[landing_controller-11] [INFO] [1786709713.244633099] [landing_scout_2]: [scout_2] Landing controller state: IDLE
[landing_controller-7] [INFO] [1786709713.262056859] [landing_scout_1]: [scout_1] Landing controller state: IDLE
[landing_controller-15] [INFO] [1786709718.218654590] [landing_scout_3]: [scout_3] Landing controller state: IDLE
[landing_controller-11] [INFO] [1786709718.245107696] [landing_scout_2]: [scout_2] Landing controller state: IDLE
[landing_controller-7] [INFO] [1786709718.262447856] [landing_scout_1]: [scout_1] Landing controller state: IDLE
[landing_controller-15] [INFO] [1786709723.218999135] [landing_scout_3]: [scout_3] Landing controller state: IDLE
[landing_controller-11] [INFO] [1786709723.244643055] [landing_scout_2]: [scout_2] Landing controller state: IDLE
[landing_controller-7] [INFO] [1786709723.262432717] [landing_scout_1]: [scout_1] Landing controller state: IDLE
[landing_controller-15] [INFO] [1786709728.218650214] [landing_scout_3]: [scout_3] Landing controller state: IDLE
[landing_controller-11] [INFO] [1786709728.244938495] [landing_scout_2]: [scout_2] Landing controller state: IDLE
[landing_controller-7] [INFO] [1786709728.262432726] [landing_scout_1]: [scout_1] Landing controller state: IDLE
[landing_controller-15] [INFO] [1786709733.218812317] [landing_scout_3]: [scout_3] Landing controller state: IDLE
[landing_controller-11] [INFO] [1786709733.244748037] [landing_scout_2]: [scout_2] Landing controller state: IDLE
[landing_controller-7] [INFO] [1786709733.262052369] [landing_scout_1]: [scout_1] Landing controller state: IDLE
[landing_controller-15] [INFO] [1786709738.219016946] [landing_scout_3]: [scout_3] Landing controller state: IDLE
[landing_controller-11] [INFO] [1786709738.244133353] [landing_scout_2]: [scout_2] Landing controller state: IDLE
[landing_controller-7] [INFO] [1786709738.262420008] [landing_scout_1]: [scout_1] Landing controller state: IDLE
[landing_controller-15] [INFO] [1786709743.218668977] [landing_scout_3]: [scout_3] Landing controller state: IDLE
[landing_controller-11] [INFO] [1786709743.244893493] [landing_scout_2]: [scout_2] Landing controller state: IDLE
[landing_controller-7] [INFO] [1786709743.262358671] [landing_scout_1]: [scout_1] Landing controller state: IDLE
[landing_controller-15] [INFO] [1786709748.219327068] [landing_scout_3]: [scout_3] Landing controller state: IDLE
[landing_controller-11] [INFO] [1786709748.244929574] [landing_scout_2]: [scout_2] Landing controller state: IDLE
[landing_controller-7] [INFO] [1786709748.262393076] [landing_scout_1]: [scout_1] Landing controller state: IDLE
[landing_controller-15] [INFO] [1786709753.219259145] [landing_scout_3]: [scout_3] Landing controller state: IDLE
[landing_controller-11] [INFO] [1786709753.244898947] [landing_scout_2]: [scout_2] Landing controller state: IDLE
[landing_controller-7] [INFO] [1786709753.262401909] [landing_scout_1]: [scout_1] Landing controller state: IDLE
[landing_controller-15] [INFO] [1786709758.218652032] [landing_scout_3]: [scout_3] Landing controller state: IDLE
[landing_controller-11] [INFO] [1786709758.244905464] [landing_scout_2]: [scout_2] Landing controller state: IDLE
[landing_controller-7] [INFO] [1786709758.262402490] [landing_scout_1]: [scout_1] Landing controller state: IDLE
[landing_controller-15] [INFO] [1786709763.219246675] [landing_scout_3]: [scout_3] Landing controller state: IDLE
[landing_controller-11] [INFO] [1786709763.244920420] [landing_scout_2]: [scout_2] Landing controller state: IDLE
[landing_controller-7] [INFO] [1786709763.262445244] [landing_scout_1]: [scout_1] Landing controller state: IDLE
[landing_controller-15] [INFO] [1786709768.219001947] [landing_scout_3]: [scout_3] Landing controller state: IDLE
[landing_controller-11] [INFO] [1786709768.244629528] [landing_scout_2]: [scout_2] Landing controller state: IDLE
[landing_controller-7] [INFO] [1786709768.262358079] [landing_scout_1]: [scout_1] Landing controller state: IDLE
[landing_controller-15] [INFO] [1786709773.219498856] [landing_scout_3]: [scout_3] Landing controller state: IDLE
[landing_controller-11] [INFO] [1786709773.244934023] [landing_scout_2]: [scout_2] Landing controller state: IDLE
[landing_controller-7] [INFO] [1786709773.262568009] [landing_scout_1]: [scout_1] Landing controller state: IDLE
[landing_controller-15] [INFO] [1786709778.219088438] [landing_scout_3]: [scout_3] Landing controller state: IDLE
[landing_controller-11] [INFO] [1786709778.244581644] [landing_scout_2]: [scout_2] Landing controller state: IDLE
[landing_controller-7] [INFO] [1786709778.262189789] [landing_scout_1]: [scout_1] Landing controller state: IDLE
[landing_controller-15] [INFO] [1786709783.219085324] [landing_scout_3]: [scout_3] Landing controller state: IDLE
[landing_controller-11] [INFO] [1786709783.245241537] [landing_scout_2]: [scout_2] Landing controller state: IDLE
[landing_controller-7] [INFO] [1786709783.262353666] [landing_scout_1]: [scout_1] Landing controller state: IDLE
[landing_controller-15] [INFO] [1786709788.218927216] [landing_scout_3]: [scout_3] Landing controller state: IDLE
[landing_controller-11] [INFO] [1786709788.244957016] [landing_scout_2]: [scout_2] Landing controller state: IDLE
[landing_controller-7] [INFO] [1786709788.262475904] [landing_scout_1]: [scout_1] Landing controller state: IDLE
[landing_controller-15] [INFO] [1786709793.218196740] [landing_scout_3]: [scout_3] Landing controller state: IDLE
[landing_controller-11] [INFO] [1786709793.244952266] [landing_scout_2]: [scout_2] Landing controller state: IDLE
[landing_controller-7] [INFO] [1786709793.262437420] [landing_scout_1]: [scout_1] Landing controller state: IDLE
[landing_controller-15] [INFO] [1786709798.218990754] [landing_scout_3]: [scout_3] Landing controller state: IDLE
[landing_controller-11] [INFO] [1786709798.244576082] [landing_scout_2]: [scout_2] Landing controller state: IDLE
[landing_controller-7] [INFO] [1786709798.262353245] [landing_scout_1]: [scout_1] Landing controller state: IDLE
[landing_controller-15] [INFO] [1786709803.218668402] [landing_scout_3]: [scout_3] Landing controller state: IDLE
[landing_controller-11] [INFO] [1786709803.244936224] [landing_scout_2]: [scout_2] Landing controller state: IDLE
[landing_controller-7] [INFO] [1786709803.262416979] [landing_scout_1]: [scout_1] Landing controller state: IDLE
[landing_controller-15] [INFO] [1786709808.218672824] [landing_scout_3]: [scout_3] Landing controller state: IDLE
[landing_controller-11] [INFO] [1786709808.244966347] [landing_scout_2]: [scout_2] Landing controller state: IDLE
[landing_controller-7] [INFO] [1786709808.262420981] [landing_scout_1]: [scout_1] Landing controller state: IDLE
[landing_controller-15] [INFO] [1786709813.219307759] [landing_scout_3]: [scout_3] Landing controller state: IDLE
[landing_controller-11] [INFO] [1786709813.244995475] [landing_scout_2]: [scout_2] Landing controller state: IDLE
[landing_controller-7] [INFO] [1786709813.262393119] [landing_scout_1]: [scout_1] Landing controller state: IDLE
[landing_controller-15] [INFO] [1786709818.218997020] [landing_scout_3]: [scout_3] Landing controller state: IDLE
[landing_controller-11] [INFO] [1786709818.244944618] [landing_scout_2]: [scout_2] Landing controller state: IDLE
[landing_controller-7] [INFO] [1786709818.262432217] [landing_scout_1]: [scout_1] Landing controller state: IDLE
[landing_controller-15] [INFO] [1786709823.218779711] [landing_scout_3]: [scout_3] Landing controller state: IDLE
[landing_controller-11] [INFO] [1786709823.245344919] [landing_scout_2]: [scout_2] Landing controller state: IDLE
[landing_controller-7] [INFO] [1786709823.262387278] [landing_scout_1]: [scout_1] Landing controller state: IDLE
[landing_controller-15] [INFO] [1786709828.218928843] [landing_scout_3]: [scout_3] Landing controller state: IDLE
[landing_controller-11] [INFO] [1786709828.244938042] [landing_scout_2]: [scout_2] Landing controller state: IDLE
[landing_controller-7] [INFO] [1786709828.262404201] [landing_scout_1]: [scout_1] Landing controller state: IDLE
[landing_controller-15] [INFO] [1786709833.218805853] [landing_scout_3]: [scout_3] Landing controller state: IDLE
[landing_controller-11] [INFO] [1786709833.244912202] [landing_scout_2]: [scout_2] Landing controller state: IDLE
[landing_controller-7] [INFO] [1786709833.262399872] [landing_scout_1]: [scout_1] Landing controller state: IDLE
[landing_controller-15] [INFO] [1786709838.218208408] [landing_scout_3]: [scout_3] Landing controller state: IDLE
[landing_controller-11] [INFO] [1786709838.244926780] [landing_scout_2]: [scout_2] Landing controller state: IDLE
[landing_controller-7] [INFO] [1786709838.262037794] [landing_scout_1]: [scout_1] Landing controller state: IDLE
[landing_controller-15] [INFO] [1786709843.218746989] [landing_scout_3]: [scout_3] Landing controller state: IDLE
[landing_controller-11] [INFO] [1786709843.244585915] [landing_scout_2]: [scout_2] Landing controller state: IDLE
[landing_controller-7] [INFO] [1786709843.261726192] [landing_scout_1]: [scout_1] Landing controller state: IDLE
[landing_controller-15] [INFO] [1786709848.218203003] [landing_scout_3]: [scout_3] Landing controller state: IDLE
[landing_controller-11] [INFO] [1786709848.244964328] [landing_scout_2]: [scout_2] Landing controller state: IDLE
[landing_controller-7] [INFO] [1786709848.262442850] [landing_scout_1]: [scout_1] Landing controller state: IDLE
[landing_controller-15] [INFO] [1786709853.218693701] [landing_scout_3]: [scout_3] Landing controller state: IDLE
[landing_controller-11] [INFO] [1786709853.244925906] [landing_scout_2]: [scout_2] Landing controller state: IDLE
[landing_controller-7] [INFO] [1786709853.262538943] [landing_scout_1]: [scout_1] Landing controller state: IDLE
[landing_controller-15] [INFO] [1786709858.218287121] [landing_scout_3]: [scout_3] Landing controller state: IDLE
[landing_controller-11] [INFO] [1786709858.245397027] [landing_scout_2]: [scout_2] Landing controller state: IDLE
[landing_controller-7] [INFO] [1786709858.262420600] [landing_scout_1]: [scout_1] Landing controller state: IDLE
[landing_controller-15] [INFO] [1786709863.218926189] [landing_scout_3]: [scout_3] Landing controller state: IDLE
[landing_controller-11] [INFO] [1786709863.244893206] [landing_scout_2]: [scout_2] Landing controller state: IDLE
[landing_controller-7] [INFO] [1786709863.262426134] [landing_scout_1]: [scout_1] Landing controller state: IDLE
[landing_controller-15] [INFO] [1786709868.219210928] [landing_scout_3]: [scout_3] Landing controller state: IDLE
[landing_controller-11] [INFO] [1786709868.244932312] [landing_scout_2]: [scout_2] Landing controller state: IDLE
[landing_controller-7] [INFO] [1786709868.262413697] [landing_scout_1]: [scout_1] Landing controller state: IDLE
[landing_controller-15] [INFO] [1786709873.219030918] [landing_scout_3]: [scout_3] Landing controller state: IDLE
[landing_controller-11] [INFO] [1786709873.244559817] [landing_scout_2]: [scout_2] Landing controller state: IDLE
[landing_controller-7] [INFO] [1786709873.262062295] [landing_scout_1]: [scout_1] Landing controller state: IDLE
