[INFO] [1786736736.149641895] [attitude_scout_1]: [scout_1] Reaction Wheel Attitude Controller: ONLINE
[INFO] [1786736737.124402271] [attitude_scout_1]: [scout_1] Airborne (landed=False) — tilt correction armed.
[INFO] [1786736800.590900667] [attitude_scout_1]: [scout_1] New target yaw received: -1.01 rad
[INFO] [1786736800.820875028] [attitude_scout_1]: [scout_1] Contact — commanded-flight latch cleared (full attitude PD locked out until next ignition).
[INFO] [1786736802.920440109] [attitude_scout_1]: [scout_1] Landed — tilt correction stopped, yaw-hold pinned to current heading.
[INFO] [1786736802.933599129] [attitude_scout_1]: [scout_1] Landed — tilt correction stopped, yaw-hold pinned to current heading.
[INFO] [1786736802.944361924] [attitude_scout_1]: [scout_1] Landed — tilt correction stopped, yaw-hold pinned to current heading.
[INFO] [1786736802.954174232] [attitude_scout_1]: [scout_1] Landed — tilt correction stopped, yaw-hold pinned to current heading.
[INFO] [1786736802.965051429] [attitude_scout_1]: [scout_1] Landed — tilt correction stopped, yaw-hold pinned to current heading.
[INFO] [1786736802.971776002] [attitude_scout_1]: [scout_1] Landed — tilt correction stopped, yaw-hold pinned to current heading.
[INFO] [1786736802.981188113] [attitude_scout_1]: [scout_1] Landed — tilt correction stopped, yaw-hold pinned to current heading.
[INFO] [1786736802.991733558] [attitude_scout_1]: [scout_1] Landed — tilt correction stopped, yaw-hold pinned to current heading.
[INFO] [1786736803.001495370] [attitude_scout_1]: [scout_1] Landed — tilt correction stopped, yaw-hold pinned to current heading.
[INFO] [1786736803.012175681] [attitude_scout_1]: [scout_1] Landed — tilt correction stopped, yaw-hold pinned to current heading.
[INFO] [1786736803.021901664] [attitude_scout_1]: [scout_1] Landed — tilt correction stopped, yaw-hold pinned to current heading.
[INFO] [1786736803.032189461] [attitude_scout_1]: [scout_1] Landed — tilt correction stopped, yaw-hold pinned to current heading.
[INFO] [1786736803.042610865] [attitude_scout_1]: [scout_1] Landed — tilt correction stopped, yaw-hold pinned to current heading.
[INFO] [1786736803.057825349] [attitude_scout_1]: [scout_1] Landed — tilt correction stopped, yaw-hold pinned to current heading.
[INFO] [1786736803.068427995] [attitude_scout_1]: [scout_1] Landed — tilt correction stopped, yaw-hold pinned to current heading.
[INFO] [1786736803.078793875] [attitude_scout_1]: [scout_1] Landed — tilt correction stopped, yaw-hold pinned to current heading.
[INFO] [1786736803.085956710] [attitude_scout_1]: [scout_1] Landed — tilt correction stopped, yaw-hold pinned to current heading.
[INFO] [1786736803.095804358] [attitude_scout_1]: [scout_1] Landed — tilt correction stopped, yaw-hold pinned to current heading.
[INFO] [1786736803.102260247] [attitude_scout_1]: [scout_1] Landed — tilt correction stopped, yaw-hold pinned to current heading.
[INFO] [1786736803.111617532] [attitude_scout_1]: [scout_1] Landed — tilt correction stopped, yaw-hold pinned to current heading.
[INFO] [1786736803.121631406] [attitude_scout_1]: [scout_1] Landed — tilt correction stopped, yaw-hold pinned to current heading.
[INFO] [1786736803.132284129] [attitude_scout_1]: [scout_1] Landed — tilt correction stopped, yaw-hold pinned to current heading.
[INFO] [1786736803.142148819] [attitude_scout_1]: [scout_1] Landed — tilt correction stopped, yaw-hold pinned to current heading.
[INFO] [1786736803.151630144] [attitude_scout_1]: [scout_1] Landed — tilt correction stopped, yaw-hold pinned to current heading.
[INFO] [1786736803.163780569] [attitude_scout_1]: [scout_1] Landed — tilt correction stopped, yaw-hold pinned to current heading.
[INFO] [1786736803.175533521] [attitude_scout_1]: [scout_1] Landed — tilt correction stopped, yaw-hold pinned to current heading.
[INFO] [1786736803.186853798] [attitude_scout_1]: [scout_1] Landed — tilt correction stopped, yaw-hold pinned to current heading.
[INFO] [1786736803.200560034] [attitude_scout_1]: [scout_1] Landed — tilt correction stopped, yaw-hold pinned to current heading.
[INFO] [1786736803.204883353] [attitude_scout_1]: [scout_1] Landed — tilt correction stopped, yaw-hold pinned to current heading.
[INFO] [1786736803.211851187] [attitude_scout_1]: [scout_1] Landed — tilt correction stopped, yaw-hold pinned to current heading.
[INFO] [1786736803.222027934] [attitude_scout_1]: [scout_1] Landed — tilt correction stopped, yaw-hold pinned to current heading.
[INFO] [1786736803.231547951] [attitude_scout_1]: [scout_1] Landed — tilt correction stopped, yaw-hold pinned to current heading.
[INFO] [1786736803.241662259] [attitude_scout_1]: [scout_1] Landed — tilt correction stopped, yaw-hold pinned to current heading.
[INFO] [1786736803.252187170] [attitude_scout_1]: [scout_1] Landed — tilt correction stopped, yaw-hold pinned to current heading.
[INFO] [1786736803.264226266] [attitude_scout_1]: [scout_1] Landed — tilt correction stopped, yaw-hold pinned to current heading.
[INFO] [1786736803.277520990] [attitude_scout_1]: [scout_1] Landed — tilt correction stopped, yaw-hold pinned to current heading.
[INFO] [1786736803.288185307] [attitude_scout_1]: [scout_1] Landed — tilt correction stopped, yaw-hold pinned to current heading.
[INFO] [1786736803.299304368] [attitude_scout_1]: [scout_1] Landed — tilt correction stopped, yaw-hold pinned to current heading.
[INFO] [1786736803.302562031] [attitude_scout_1]: [scout_1] Landed — tilt correction stopped, yaw-hold pinned to current heading.
[INFO] [1786736803.312162996] [attitude_scout_1]: [scout_1] Landed — tilt correction stopped, yaw-hold pinned to current heading.
[INFO] [1786736803.321804609] [attitude_scout_1]: [scout_1] Landed — tilt correction stopped, yaw-hold pinned to current heading.
[INFO] [1786736803.331712881] [attitude_scout_1]: [scout_1] Landed — tilt correction stopped, yaw-hold pinned to current heading.
[INFO] [1786736803.341565210] [attitude_scout_1]: [scout_1] Landed — tilt correction stopped, yaw-hold pinned to current heading.
[INFO] [1786736803.352722545] [attitude_scout_1]: [scout_1] Landed — tilt correction stopped, yaw-hold pinned to current heading.
[INFO] [1786736803.362777626] [attitude_scout_1]: [scout_1] Landed — tilt correction stopped, yaw-hold pinned to current heading.
[INFO] [1786736803.375570881] [attitude_scout_1]: [scout_1] Landed — tilt correction stopped, yaw-hold pinned to current heading.
[INFO] [1786736803.389468555] [attitude_scout_1]: [scout_1] Landed — tilt correction stopped, yaw-hold pinned to current heading.
[INFO] [1786736803.440979613] [attitude_scout_1]: [scout_1] Landed — tilt correction stopped, yaw-hold pinned to current heading.
[INFO] [1786736803.441861583] [attitude_scout_1]: [scout_1] Landed — tilt correction stopped, yaw-hold pinned to current heading.
[INFO] [1786736803.442802012] [attitude_scout_1]: [scout_1] Landed — tilt correction stopped, yaw-hold pinned to current heading.
[INFO] [1786736803.443664427] [attitude_scout_1]: [scout_1] Landed — tilt correction stopped, yaw-hold pinned to current heading.
[INFO] [1786736803.444604856] [attitude_scout_1]: [scout_1] Landed — tilt correction stopped, yaw-hold pinned to current heading.
[INFO] [1786736803.445510154] [attitude_scout_1]: [scout_1] Landed — tilt correction stopped, yaw-hold pinned to current heading.
[INFO] [1786736803.451298908] [attitude_scout_1]: [scout_1] Landed — tilt correction stopped, yaw-hold pinned to current heading.
[INFO] [1786736803.461527268] [attitude_scout_1]: [scout_1] Landed — tilt correction stopped, yaw-hold pinned to current heading.
[INFO] [1786736803.471984851] [attitude_scout_1]: [scout_1] Landed — tilt correction stopped, yaw-hold pinned to current heading.
[INFO] [1786736803.482621021] [attitude_scout_1]: [scout_1] Landed — tilt correction stopped, yaw-hold pinned to current heading.
[INFO] [1786736803.492122740] [attitude_scout_1]: [scout_1] Landed — tilt correction stopped, yaw-hold pinned to current heading.
[INFO] [1786736803.509043266] [attitude_scout_1]: [scout_1] Landed — tilt correction stopped, yaw-hold pinned to current heading.
[INFO] [1786736803.517317504] [attitude_scout_1]: [scout_1] Landed — tilt correction stopped, yaw-hold pinned to current heading.
[INFO] [1786736803.528434051] [attitude_scout_1]: [scout_1] Landed — tilt correction stopped, yaw-hold pinned to current heading.
[INFO] [1786736803.532582205] [attitude_scout_1]: [scout_1] Landed — tilt correction stopped, yaw-hold pinned to current heading.
[INFO] [1786736803.542562554] [attitude_scout_1]: [scout_1] Landed — tilt correction stopped, yaw-hold pinned to current heading.
[INFO] [1786736803.552223794] [attitude_scout_1]: [scout_1] Landed — tilt correction stopped, yaw-hold pinned to current heading.
[INFO] [1786736803.562312539] [attitude_scout_1]: [scout_1] Landed — tilt correction stopped, yaw-hold pinned to current heading.
[INFO] [1786736803.572307555] [attitude_scout_1]: [scout_1] Landed — tilt correction stopped, yaw-hold pinned to current heading.
[INFO] [1786736803.582437437] [attitude_scout_1]: [scout_1] Landed — tilt correction stopped, yaw-hold pinned to current heading.
[INFO] [1786736803.591413173] [attitude_scout_1]: [scout_1] Landed — tilt correction stopped, yaw-hold pinned to current heading.
[INFO] [1786736803.602233657] [attitude_scout_1]: [scout_1] Landed — tilt correction stopped, yaw-hold pinned to current heading.
[INFO] [1786736803.616550107] [attitude_scout_1]: [scout_1] Landed — tilt correction stopped, yaw-hold pinned to current heading.
[INFO] [1786736803.730833832] [attitude_scout_1]: [scout_1] Landed — tilt correction stopped, yaw-hold pinned to current heading.
[INFO] [1786736803.735611127] [attitude_scout_1]: [scout_1] Landed — tilt correction stopped, yaw-hold pinned to current heading.
[INFO] [1786736803.740025940] [attitude_scout_1]: [scout_1] Landed — tilt correction stopped, yaw-hold pinned to current heading.
[INFO] [1786736803.744238628] [attitude_scout_1]: [scout_1] Landed — tilt correction stopped, yaw-hold pinned to current heading.
[INFO] [1786736803.745644697] [attitude_scout_1]: [scout_1] Landed — tilt correction stopped, yaw-hold pinned to current heading.
[INFO] [1786736803.747027438] [attitude_scout_1]: [scout_1] Landed — tilt correction stopped, yaw-hold pinned to current heading.
[INFO] [1786736803.748325111] [attitude_scout_1]: [scout_1] Landed — tilt correction stopped, yaw-hold pinned to current heading.
[INFO] [1786736803.752651503] [attitude_scout_1]: [scout_1] Landed — tilt correction stopped, yaw-hold pinned to current heading.
[INFO] [1786736803.753809002] [attitude_scout_1]: [scout_1] Landed — tilt correction stopped, yaw-hold pinned to current heading.
[INFO] [1786736803.754924386] [attitude_scout_1]: [scout_1] Landed — tilt correction stopped, yaw-hold pinned to current heading.
[INFO] [1786736803.756008551] [attitude_scout_1]: [scout_1] Landed — tilt correction stopped, yaw-hold pinned to current heading.
[INFO] [1786736803.757061706] [attitude_scout_1]: [scout_1] Landed — tilt correction stopped, yaw-hold pinned to current heading.
[INFO] [1786736803.758297917] [attitude_scout_1]: [scout_1] Landed — tilt correction stopped, yaw-hold pinned to current heading.
[INFO] [1786736803.762401442] [attitude_scout_1]: [scout_1] Landed — tilt correction stopped, yaw-hold pinned to current heading.
[INFO] [1786736803.775211808] [attitude_scout_1]: [scout_1] Landed — tilt correction stopped, yaw-hold pinned to current heading.
[INFO] [1786736803.788717946] [attitude_scout_1]: [scout_1] Landed — tilt correction stopped, yaw-hold pinned to current heading.
[INFO] [1786736803.797845030] [attitude_scout_1]: [scout_1] Landed — tilt correction stopped, yaw-hold pinned to current heading.
[INFO] [1786736803.807734235] [attitude_scout_1]: [scout_1] Landed — tilt correction stopped, yaw-hold pinned to current heading.
[INFO] [1786736803.822341089] [attitude_scout_1]: [scout_1] Landed — tilt correction stopped, yaw-hold pinned to current heading.
[INFO] [1786736803.830809629] [attitude_scout_1]: [scout_1] Landed — tilt correction stopped, yaw-hold pinned to current heading.
[INFO] [1786736803.835268582] [attitude_scout_1]: [scout_1] Landed — tilt correction stopped, yaw-hold pinned to current heading.
[INFO] [1786736803.846471593] [attitude_scout_1]: [scout_1] Landed — tilt correction stopped, yaw-hold pinned to current heading.
[INFO] [1786736803.857993785] [attitude_scout_1]: [scout_1] Landed — tilt correction stopped, yaw-hold pinned to current heading.
[INFO] [1786736803.862874238] [attitude_scout_1]: [scout_1] Landed — tilt correction stopped, yaw-hold pinned to current heading.
[INFO] [1786736803.871826366] [attitude_scout_1]: [scout_1] Landed — tilt correction stopped, yaw-hold pinned to current heading.
[INFO] [1786736803.882356516] [attitude_scout_1]: [scout_1] Landed — tilt correction stopped, yaw-hold pinned to current heading.
[INFO] [1786736803.892475014] [attitude_scout_1]: [scout_1] Landed — tilt correction stopped, yaw-hold pinned to current heading.
[INFO] [1786736803.902493218] [attitude_scout_1]: [scout_1] Landed — tilt correction stopped, yaw-hold pinned to current heading.
[INFO] [1786736803.915136172] [attitude_scout_1]: [scout_1] Landed — tilt correction stopped, yaw-hold pinned to current heading.
[INFO] [1786736804.001262206] [attitude_scout_1]: [scout_1] Landed — tilt correction stopped, yaw-hold pinned to current heading.
[INFO] [1786736804.002237626] [attitude_scout_1]: [scout_1] Landed — tilt correction stopped, yaw-hold pinned to current heading.
[INFO] [1786736804.003084955] [attitude_scout_1]: [scout_1] Landed — tilt correction stopped, yaw-hold pinned to current heading.
[INFO] [1786736804.003914265] [attitude_scout_1]: [scout_1] Landed — tilt correction stopped, yaw-hold pinned to current heading.
[INFO] [1786736804.004979293] [attitude_scout_1]: [scout_1] Landed — tilt correction stopped, yaw-hold pinned to current heading.
[INFO] [1786736804.005862590] [attitude_scout_1]: [scout_1] Landed — tilt correction stopped, yaw-hold pinned to current heading.
[INFO] [1786736804.006767679] [attitude_scout_1]: [scout_1] Landed — tilt correction stopped, yaw-hold pinned to current heading.
[INFO] [1786736804.007625903] [attitude_scout_1]: [scout_1] Landed — tilt correction stopped, yaw-hold pinned to current heading.
[INFO] [1786736804.011236689] [attitude_scout_1]: [scout_1] Landed — tilt correction stopped, yaw-hold pinned to current heading.
[INFO] [1786736804.112247481] [attitude_scout_1]: [scout_1] Landed — tilt correction stopped, yaw-hold pinned to current heading.
[INFO] [1786736804.113436828] [attitude_scout_1]: [scout_1] Landed — tilt correction stopped, yaw-hold pinned to current heading.
[INFO] [1786736804.115783465] [attitude_scout_1]: [scout_1] Landed — tilt correction stopped, yaw-hold pinned to current heading.
[INFO] [1786736804.117032668] [attitude_scout_1]: [scout_1] Landed — tilt correction stopped, yaw-hold pinned to current heading.
[INFO] [1786736804.118209793] [attitude_scout_1]: [scout_1] Landed — tilt correction stopped, yaw-hold pinned to current heading.
[INFO] [1786736804.119430500] [attitude_scout_1]: [scout_1] Landed — tilt correction stopped, yaw-hold pinned to current heading.
[INFO] [1786736804.120637866] [attitude_scout_1]: [scout_1] Landed — tilt correction stopped, yaw-hold pinned to current heading.
[INFO] [1786736804.121767010] [attitude_scout_1]: [scout_1] Landed — tilt correction stopped, yaw-hold pinned to current heading.
[INFO] [1786736804.122921296] [attitude_scout_1]: [scout_1] Landed — tilt correction stopped, yaw-hold pinned to current heading.
[INFO] [1786736804.123878068] [attitude_scout_1]: [scout_1] Landed — tilt correction stopped, yaw-hold pinned to current heading.
[INFO] [1786736804.223318382] [attitude_scout_1]: [scout_1] Landed — tilt correction stopped, yaw-hold pinned to current heading.
[INFO] [1786736804.224535946] [attitude_scout_1]: [scout_1] Landed — tilt correction stopped, yaw-hold pinned to current heading.
[INFO] [1786736804.225743382] [attitude_scout_1]: [scout_1] Landed — tilt correction stopped, yaw-hold pinned to current heading.
[INFO] [1786736804.227267136] [attitude_scout_1]: [scout_1] Landed — tilt correction stopped, yaw-hold pinned to current heading.
[INFO] [1786736804.228898446] [attitude_scout_1]: [scout_1] Landed — tilt correction stopped, yaw-hold pinned to current heading.
[INFO] [1786736804.233806486] [attitude_scout_1]: [scout_1] Landed — tilt correction stopped, yaw-hold pinned to current heading.
[INFO] [1786736804.234976417] [attitude_scout_1]: [scout_1] Landed — tilt correction stopped, yaw-hold pinned to current heading.
[INFO] [1786736804.236097808] [attitude_scout_1]: [scout_1] Landed — tilt correction stopped, yaw-hold pinned to current heading.
[INFO] [1786736804.236982992] [attitude_scout_1]: [scout_1] Landed — tilt correction stopped, yaw-hold pinned to current heading.
[INFO] [1786736804.237973218] [attitude_scout_1]: [scout_1] Landed — tilt correction stopped, yaw-hold pinned to current heading.
[INFO] [1786736804.238888155] [attitude_scout_1]: [scout_1] Landed — tilt correction stopped, yaw-hold pinned to current heading.
[INFO] [1786736804.246755630] [attitude_scout_1]: [scout_1] Landed — tilt correction stopped, yaw-hold pinned to current heading.
[INFO] [1786736804.259753034] [attitude_scout_1]: [scout_1] Landed — tilt correction stopped, yaw-hold pinned to current heading.
[INFO] [1786736804.269862802] [attitude_scout_1]: [scout_1] Landed — tilt correction stopped, yaw-hold pinned to current heading.
[INFO] [1786736804.273608174] [attitude_scout_1]: [scout_1] Landed — tilt correction stopped, yaw-hold pinned to current heading.
[INFO] [1786736804.283103118] [attitude_scout_1]: [scout_1] Landed — tilt correction stopped, yaw-hold pinned to current heading.
[INFO] [1786736804.293208137] [attitude_scout_1]: [scout_1] Landed — tilt correction stopped, yaw-hold pinned to current heading.
[INFO] [1786736804.303543775] [attitude_scout_1]: [scout_1] Landed — tilt correction stopped, yaw-hold pinned to current heading.
[INFO] [1786736804.312969715] [attitude_scout_1]: [scout_1] Landed — tilt correction stopped, yaw-hold pinned to current heading.
[INFO] [1786736804.323286146] [attitude_scout_1]: [scout_1] Landed — tilt correction stopped, yaw-hold pinned to current heading.
[INFO] [1786736804.333894449] [attitude_scout_1]: [scout_1] Landed — tilt correction stopped, yaw-hold pinned to current heading.
[INFO] [1786736804.343158494] [attitude_scout_1]: [scout_1] Landed — tilt correction stopped, yaw-hold pinned to current heading.
[INFO] [1786736804.354421920] [attitude_scout_1]: [scout_1] Landed — tilt correction stopped, yaw-hold pinned to current heading.
[INFO] [1786736804.370973817] [attitude_scout_1]: [scout_1] Landed — tilt correction stopped, yaw-hold pinned to current heading.
[INFO] [1786736804.383485467] [attitude_scout_1]: [scout_1] Landed — tilt correction stopped, yaw-hold pinned to current heading.
[INFO] [1786736804.394888019] [attitude_scout_1]: [scout_1] Landed — tilt correction stopped, yaw-hold pinned to current heading.
[INFO] [1786736804.397969679] [attitude_scout_1]: [scout_1] Landed — tilt correction stopped, yaw-hold pinned to current heading.
[INFO] [1786736804.402862982] [attitude_scout_1]: [scout_1] Landed — tilt correction stopped, yaw-hold pinned to current heading.
[INFO] [1786736804.413768953] [attitude_scout_1]: [scout_1] Landed — tilt correction stopped, yaw-hold pinned to current heading.
[INFO] [1786736804.422628541] [attitude_scout_1]: [scout_1] Landed — tilt correction stopped, yaw-hold pinned to current heading.
[INFO] [1786736804.433467394] [attitude_scout_1]: [scout_1] Landed — tilt correction stopped, yaw-hold pinned to current heading.
[INFO] [1786736804.443472537] [attitude_scout_1]: [scout_1] Landed — tilt correction stopped, yaw-hold pinned to current heading.
[INFO] [1786736804.453455890] [attitude_scout_1]: [scout_1] Landed — tilt correction stopped, yaw-hold pinned to current heading.
[INFO] [1786736804.466606180] [attitude_scout_1]: [scout_1] Landed — tilt correction stopped, yaw-hold pinned to current heading.
[INFO] [1786736804.480330086] [attitude_scout_1]: [scout_1] Landed — tilt correction stopped, yaw-hold pinned to current heading.
[INFO] [1786736804.534068769] [attitude_scout_1]: [scout_1] Landed — tilt correction stopped, yaw-hold pinned to current heading.
[INFO] [1786736804.535291082] [attitude_scout_1]: [scout_1] Landed — tilt correction stopped, yaw-hold pinned to current heading.
[INFO] [1786736804.536550831] [attitude_scout_1]: [scout_1] Landed — tilt correction stopped, yaw-hold pinned to current heading.
[INFO] [1786736804.537803735] [attitude_scout_1]: [scout_1] Landed — tilt correction stopped, yaw-hold pinned to current heading.
[INFO] [1786736804.538990498] [attitude_scout_1]: [scout_1] Landed — tilt correction stopped, yaw-hold pinned to current heading.
[INFO] [1786736804.543497223] [attitude_scout_1]: [scout_1] Landed — tilt correction stopped, yaw-hold pinned to current heading.
[INFO] [1786736804.544790566] [attitude_scout_1]: [scout_1] Landed — tilt correction stopped, yaw-hold pinned to current heading.
[INFO] [1786736804.553669709] [attitude_scout_1]: [scout_1] Landed — tilt correction stopped, yaw-hold pinned to current heading.
[INFO] [1786736804.563996408] [attitude_scout_1]: [scout_1] Landed — tilt correction stopped, yaw-hold pinned to current heading.
[INFO] [1786736804.578715848] [attitude_scout_1]: [scout_1] Landed — tilt correction stopped, yaw-hold pinned to current heading.
[INFO] [1786736804.590646130] [attitude_scout_1]: [scout_1] Landed — tilt correction stopped, yaw-hold pinned to current heading.
[INFO] [1786736804.595490264] [attitude_scout_1]: [scout_1] Landed — tilt correction stopped, yaw-hold pinned to current heading.
[INFO] [1786736804.612483077] [attitude_scout_1]: [scout_1] Landed — tilt correction stopped, yaw-hold pinned to current heading.
[INFO] [1786736804.622726453] [attitude_scout_1]: [scout_1] Landed — tilt correction stopped, yaw-hold pinned to current heading.
[INFO] [1786736804.637851888] [attitude_scout_1]: [scout_1] Landed — tilt correction stopped, yaw-hold pinned to current heading.
[INFO] [1786736804.638717865] [attitude_scout_1]: [scout_1] Landed — tilt correction stopped, yaw-hold pinned to current heading.
[INFO] [1786736804.645507531] [attitude_scout_1]: [scout_1] Landed — tilt correction stopped, yaw-hold pinned to current heading.
[INFO] [1786736804.655132312] [attitude_scout_1]: [scout_1] Landed — tilt correction stopped, yaw-hold pinned to current heading.
[INFO] [1786736804.666968516] [attitude_scout_1]: [scout_1] Landed — tilt correction stopped, yaw-hold pinned to current heading.
[INFO] [1786736804.676506064] [attitude_scout_1]: [scout_1] Landed — tilt correction stopped, yaw-hold pinned to current heading.
[INFO] [1786736804.686199221] [attitude_scout_1]: [scout_1] Landed — tilt correction stopped, yaw-hold pinned to current heading.
[INFO] [1786736804.695432815] [attitude_scout_1]: [scout_1] Landed — tilt correction stopped, yaw-hold pinned to current heading.
[INFO] [1786736804.705558716] [attitude_scout_1]: [scout_1] Landed — tilt correction stopped, yaw-hold pinned to current heading.
[INFO] [1786736804.722341373] [attitude_scout_1]: [scout_1] Landed — tilt correction stopped, yaw-hold pinned to current heading.
[INFO] [1786736804.737136732] [attitude_scout_1]: [scout_1] Landed — tilt correction stopped, yaw-hold pinned to current heading.
[INFO] [1786736804.742456773] [attitude_scout_1]: [scout_1] Landed — tilt correction stopped, yaw-hold pinned to current heading.
[INFO] [1786736804.756841249] [attitude_scout_1]: [scout_1] Landed — tilt correction stopped, yaw-hold pinned to current heading.
[INFO] [1786736804.764530207] [attitude_scout_1]: [scout_1] Landed — tilt correction stopped, yaw-hold pinned to current heading.
[INFO] [1786736804.826207255] [attitude_scout_1]: [scout_1] Landed — tilt correction stopped, yaw-hold pinned to current heading.
[INFO] [1786736804.827079727] [attitude_scout_1]: [scout_1] Landed — tilt correction stopped, yaw-hold pinned to current heading.
[INFO] [1786736804.827831861] [attitude_scout_1]: [scout_1] Landed — tilt correction stopped, yaw-hold pinned to current heading.
[INFO] [1786736804.828568489] [attitude_scout_1]: [scout_1] Landed — tilt correction stopped, yaw-hold pinned to current heading.
[INFO] [1786736804.829457025] [attitude_scout_1]: [scout_1] Landed — tilt correction stopped, yaw-hold pinned to current heading.
[INFO] [1786736804.830251064] [attitude_scout_1]: [scout_1] Landed — tilt correction stopped, yaw-hold pinned to current heading.
[INFO] [1786736804.831124235] [attitude_scout_1]: [scout_1] Landed — tilt correction stopped, yaw-hold pinned to current heading.
[INFO] [1786736804.839047933] [attitude_scout_1]: [scout_1] Landed — tilt correction stopped, yaw-hold pinned to current heading.
[INFO] [1786736804.855249920] [attitude_scout_1]: [scout_1] Landed — tilt correction stopped, yaw-hold pinned to current heading.
[INFO] [1786736804.862686537] [attitude_scout_1]: [scout_1] Landed — tilt correction stopped, yaw-hold pinned to current heading.
[INFO] [1786736804.872543405] [attitude_scout_1]: [scout_1] Landed — tilt correction stopped, yaw-hold pinned to current heading.
[INFO] [1786736804.882907678] [attitude_scout_1]: [scout_1] Landed — tilt correction stopped, yaw-hold pinned to current heading.
[INFO] [1786736804.996751046] [attitude_scout_1]: [scout_1] Landed — tilt correction stopped, yaw-hold pinned to current heading.
[INFO] [1786736804.997923561] [attitude_scout_1]: [scout_1] Landed — tilt correction stopped, yaw-hold pinned to current heading.
[INFO] [1786736804.999034895] [attitude_scout_1]: [scout_1] Landed — tilt correction stopped, yaw-hold pinned to current heading.
[INFO] [1786736805.000077992] [attitude_scout_1]: [scout_1] Landed — tilt correction stopped, yaw-hold pinned to current heading.
[INFO] [1786736805.001104886] [attitude_scout_1]: [scout_1] Landed — tilt correction stopped, yaw-hold pinned to current heading.
[INFO] [1786736805.002255820] [attitude_scout_1]: [scout_1] Landed — tilt correction stopped, yaw-hold pinned to current heading.
[INFO] [1786736805.006323027] [attitude_scout_1]: [scout_1] Landed — tilt correction stopped, yaw-hold pinned to current heading.
[INFO] [1786736805.007471516] [attitude_scout_1]: [scout_1] Landed — tilt correction stopped, yaw-hold pinned to current heading.
[INFO] [1786736805.008709125] [attitude_scout_1]: [scout_1] Landed — tilt correction stopped, yaw-hold pinned to current heading.
[INFO] [1786736805.009806559] [attitude_scout_1]: [scout_1] Landed — tilt correction stopped, yaw-hold pinned to current heading.
[INFO] [1786736805.011037743] [attitude_scout_1]: [scout_1] Landed — tilt correction stopped, yaw-hold pinned to current heading.
[INFO] [1786736805.017925886] [attitude_scout_1]: [scout_1] Landed — tilt correction stopped, yaw-hold pinned to current heading.
[INFO] [1786736805.028253283] [attitude_scout_1]: [scout_1] Landed — tilt correction stopped, yaw-hold pinned to current heading.
[INFO] [1786736805.038388334] [attitude_scout_1]: [scout_1] Landed — tilt correction stopped, yaw-hold pinned to current heading.
[INFO] [1786736805.048519193] [attitude_scout_1]: [scout_1] Landed — tilt correction stopped, yaw-hold pinned to current heading.
[INFO] [1786736805.058172890] [attitude_scout_1]: [scout_1] Landed — tilt correction stopped, yaw-hold pinned to current heading.
[INFO] [1786736805.068218332] [attitude_scout_1]: [scout_1] Landed — tilt correction stopped, yaw-hold pinned to current heading.
[INFO] [1786736805.079292275] [attitude_scout_1]: [scout_1] Landed — tilt correction stopped, yaw-hold pinned to current heading.
[INFO] [1786736805.095519614] [attitude_scout_1]: [scout_1] Landed — tilt correction stopped, yaw-hold pinned to current heading.
[INFO] [1786736805.105249928] [attitude_scout_1]: [scout_1] Landed — tilt correction stopped, yaw-hold pinned to current heading.
[INFO] [1786736805.120940388] [attitude_scout_1]: [scout_1] Landed — tilt correction stopped, yaw-hold pinned to current heading.
[INFO] [1786736805.122027905] [attitude_scout_1]: [scout_1] Landed — tilt correction stopped, yaw-hold pinned to current heading.
[INFO] [1786736805.127568997] [attitude_scout_1]: [scout_1] Landed — tilt correction stopped, yaw-hold pinned to current heading.
[INFO] [1786736805.139286888] [attitude_scout_1]: [scout_1] Landed — tilt correction stopped, yaw-hold pinned to current heading.
[INFO] [1786736805.149041367] [attitude_scout_1]: [scout_1] Landed — tilt correction stopped, yaw-hold pinned to current heading.
[INFO] [1786736805.159685918] [attitude_scout_1]: [scout_1] Landed — tilt correction stopped, yaw-hold pinned to current heading.
[INFO] [1786736805.168645729] [attitude_scout_1]: [scout_1] Landed — tilt correction stopped, yaw-hold pinned to current heading.
[INFO] [1786736805.179192780] [attitude_scout_1]: [scout_1] Landed — tilt correction stopped, yaw-hold pinned to current heading.
[INFO] [1786736805.188730049] [attitude_scout_1]: [scout_1] Landed — tilt correction stopped, yaw-hold pinned to current heading.
[INFO] [1786736805.203461922] [attitude_scout_1]: [scout_1] Landed — tilt correction stopped, yaw-hold pinned to current heading.
[INFO] [1786736805.218280050] [attitude_scout_1]: [scout_1] Landed — tilt correction stopped, yaw-hold pinned to current heading.
[INFO] [1786736805.226618682] [attitude_scout_1]: [scout_1] Landed — tilt correction stopped, yaw-hold pinned to current heading.
[INFO] [1786736805.235090574] [attitude_scout_1]: [scout_1] Landed — tilt correction stopped, yaw-hold pinned to current heading.
[INFO] [1786736805.240037725] [attitude_scout_1]: [scout_1] Landed — tilt correction stopped, yaw-hold pinned to current heading.
[INFO] [1786736805.250058025] [attitude_scout_1]: [scout_1] Landed — tilt correction stopped, yaw-hold pinned to current heading.
[INFO] [1786736805.260244689] [attitude_scout_1]: [scout_1] Landed — tilt correction stopped, yaw-hold pinned to current heading.
[INFO] [1786736805.270484433] [attitude_scout_1]: [scout_1] Landed — tilt correction stopped, yaw-hold pinned to current heading.
[INFO] [1786736805.280997890] [attitude_scout_1]: [scout_1] Landed — tilt correction stopped, yaw-hold pinned to current heading.
[INFO] [1786736805.290534460] [attitude_scout_1]: [scout_1] Landed — tilt correction stopped, yaw-hold pinned to current heading.
[INFO] [1786736805.300005728] [attitude_scout_1]: [scout_1] Landed — tilt correction stopped, yaw-hold pinned to current heading.
[INFO] [1786736805.310665994] [attitude_scout_1]: [scout_1] Landed — tilt correction stopped, yaw-hold pinned to current heading.
[INFO] [1786736805.323520850] [attitude_scout_1]: [scout_1] Landed — tilt correction stopped, yaw-hold pinned to current heading.
[INFO] [1786736805.336229735] [attitude_scout_1]: [scout_1] Landed — tilt correction stopped, yaw-hold pinned to current heading.
[INFO] [1786736805.347240890] [attitude_scout_1]: [scout_1] Landed — tilt correction stopped, yaw-hold pinned to current heading.
[INFO] [1786736805.429943664] [attitude_scout_1]: [scout_1] Landed — tilt correction stopped, yaw-hold pinned to current heading.
[INFO] [1786736805.431261452] [attitude_scout_1]: [scout_1] Landed — tilt correction stopped, yaw-hold pinned to current heading.
[INFO] [1786736805.432508350] [attitude_scout_1]: [scout_1] Landed — tilt correction stopped, yaw-hold pinned to current heading.
[INFO] [1786736805.433535244] [attitude_scout_1]: [scout_1] Landed — tilt correction stopped, yaw-hold pinned to current heading.
[INFO] [1786736805.434582112] [attitude_scout_1]: [scout_1] Landed — tilt correction stopped, yaw-hold pinned to current heading.
[INFO] [1786736805.435867633] [attitude_scout_1]: [scout_1] Landed — tilt correction stopped, yaw-hold pinned to current heading.
[INFO] [1786736805.437053977] [attitude_scout_1]: [scout_1] Landed — tilt correction stopped, yaw-hold pinned to current heading.
[INFO] [1786736805.440998331] [attitude_scout_1]: [scout_1] Landed — tilt correction stopped, yaw-hold pinned to current heading.
[INFO] [1786736805.442169170] [attitude_scout_1]: [scout_1] Landed — tilt correction stopped, yaw-hold pinned to current heading.
[INFO] [1786736805.443327577] [attitude_scout_1]: [scout_1] Landed — tilt correction stopped, yaw-hold pinned to current heading.
[INFO] [1786736805.450417635] [attitude_scout_1]: [scout_1] Landed — tilt correction stopped, yaw-hold pinned to current heading.
[INFO] [1786736805.460317387] [attitude_scout_1]: [scout_1] Landed — tilt correction stopped, yaw-hold pinned to current heading.
[INFO] [1786736805.470616497] [attitude_scout_1]: [scout_1] Landed — tilt correction stopped, yaw-hold pinned to current heading.
[INFO] [1786736805.485350185] [attitude_scout_1]: [scout_1] Landed — tilt correction stopped, yaw-hold pinned to current heading.
[INFO] [1786736805.496948226] [attitude_scout_1]: [scout_1] Landed — tilt correction stopped, yaw-hold pinned to current heading.
[INFO] [1786736805.550712611] [attitude_scout_1]: [scout_1] Landed — tilt correction stopped, yaw-hold pinned to current heading.
[INFO] [1786736805.551890714] [attitude_scout_1]: [scout_1] Landed — tilt correction stopped, yaw-hold pinned to current heading.
[INFO] [1786736805.552948199] [attitude_scout_1]: [scout_1] Landed — tilt correction stopped, yaw-hold pinned to current heading.
[INFO] [1786736805.554066237] [attitude_scout_1]: [scout_1] Landed — tilt correction stopped, yaw-hold pinned to current heading.
[INFO] [1786736805.555247762] [attitude_scout_1]: [scout_1] Landed — tilt correction stopped, yaw-hold pinned to current heading.
[INFO] [1786736805.556300498] [attitude_scout_1]: [scout_1] Landed — tilt correction stopped, yaw-hold pinned to current heading.
[INFO] [1786736805.560793534] [attitude_scout_1]: [scout_1] Landed — tilt correction stopped, yaw-hold pinned to current heading.
[INFO] [1786736805.570724574] [attitude_scout_1]: [scout_1] Landed — tilt correction stopped, yaw-hold pinned to current heading.
[INFO] [1786736805.580148489] [attitude_scout_1]: [scout_1] Landed — tilt correction stopped, yaw-hold pinned to current heading.
[INFO] [1786736805.590036716] [attitude_scout_1]: [scout_1] Landed — tilt correction stopped, yaw-hold pinned to current heading.
[INFO] [1786736805.600564770] [attitude_scout_1]: [scout_1] Landed — tilt correction stopped, yaw-hold pinned to current heading.
[INFO] [1786736805.615421730] [attitude_scout_1]: [scout_1] Landed — tilt correction stopped, yaw-hold pinned to current heading.
[INFO] [1786736805.628099256] [attitude_scout_1]: [scout_1] Landed — tilt correction stopped, yaw-hold pinned to current heading.
[INFO] [1786736805.638151823] [attitude_scout_1]: [scout_1] Landed — tilt correction stopped, yaw-hold pinned to current heading.
[INFO] [1786736805.700587919] [attitude_scout_1]: [scout_1] Landed — tilt correction stopped, yaw-hold pinned to current heading.
[INFO] [1786736805.701801502] [attitude_scout_1]: [scout_1] Landed — tilt correction stopped, yaw-hold pinned to current heading.
[INFO] [1786736805.702791728] [attitude_scout_1]: [scout_1] Landed — tilt correction stopped, yaw-hold pinned to current heading.
[INFO] [1786736805.703731738] [attitude_scout_1]: [scout_1] Landed — tilt correction stopped, yaw-hold pinned to current heading.
[INFO] [1786736805.704762892] [attitude_scout_1]: [scout_1] Landed — tilt correction stopped, yaw-hold pinned to current heading.
[INFO] [1786736805.705600303] [attitude_scout_1]: [scout_1] Landed — tilt correction stopped, yaw-hold pinned to current heading.
[INFO] [1786736805.706397206] [attitude_scout_1]: [scout_1] Landed — tilt correction stopped, yaw-hold pinned to current heading.
[INFO] [1786736805.709909444] [attitude_scout_1]: [scout_1] Landed — tilt correction stopped, yaw-hold pinned to current heading.
[INFO] [1786736805.721802919] [attitude_scout_1]: [scout_1] Landed — tilt correction stopped, yaw-hold pinned to current heading.
[INFO] [1786736805.737848039] [attitude_scout_1]: [scout_1] Landed — tilt correction stopped, yaw-hold pinned to current heading.
[INFO] [1786736805.743828440] [attitude_scout_1]: [scout_1] Landed — tilt correction stopped, yaw-hold pinned to current heading.
[INFO] [1786736805.759829001] [attitude_scout_1]: [scout_1] Landed — tilt correction stopped, yaw-hold pinned to current heading.
[INFO] [1786736805.770479349] [attitude_scout_1]: [scout_1] Landed — tilt correction stopped, yaw-hold pinned to current heading.
[INFO] [1786736805.850141602] [attitude_scout_1]: [scout_1] Landed — tilt correction stopped, yaw-hold pinned to current heading.
[INFO] [1786736805.851315863] [attitude_scout_1]: [scout_1] Landed — tilt correction stopped, yaw-hold pinned to current heading.
[INFO] [1786736805.852615562] [attitude_scout_1]: [scout_1] Landed — tilt correction stopped, yaw-hold pinned to current heading.
[INFO] [1786736805.853656704] [attitude_scout_1]: [scout_1] Landed — tilt correction stopped, yaw-hold pinned to current heading.
[INFO] [1786736805.854536509] [attitude_scout_1]: [scout_1] Landed — tilt correction stopped, yaw-hold pinned to current heading.
[INFO] [1786736805.855439852] [attitude_scout_1]: [scout_1] Landed — tilt correction stopped, yaw-hold pinned to current heading.
[INFO] [1786736805.856269231] [attitude_scout_1]: [scout_1] Landed — tilt correction stopped, yaw-hold pinned to current heading.
[INFO] [1786736805.860324495] [attitude_scout_1]: [scout_1] Landed — tilt correction stopped, yaw-hold pinned to current heading.
[INFO] [1786736805.861387148] [attitude_scout_1]: [scout_1] Landed — tilt correction stopped, yaw-hold pinned to current heading.
[INFO] [1786736805.862520901] [attitude_scout_1]: [scout_1] Landed — tilt correction stopped, yaw-hold pinned to current heading.
[INFO] [1786736805.873924430] [attitude_scout_1]: [scout_1] Landed — tilt correction stopped, yaw-hold pinned to current heading.
[INFO] [1786736805.893982419] [attitude_scout_1]: [scout_1] Landed — tilt correction stopped, yaw-hold pinned to current heading.
[INFO] [1786736805.902175849] [attitude_scout_1]: [scout_1] Landed — tilt correction stopped, yaw-hold pinned to current heading.
[INFO] [1786736805.990064916] [attitude_scout_1]: [scout_1] Landed — tilt correction stopped, yaw-hold pinned to current heading.
[INFO] [1786736805.991435784] [attitude_scout_1]: [scout_1] Landed — tilt correction stopped, yaw-hold pinned to current heading.
[INFO] [1786736805.992567023] [attitude_scout_1]: [scout_1] Landed — tilt correction stopped, yaw-hold pinned to current heading.
[INFO] [1786736805.993867001] [attitude_scout_1]: [scout_1] Landed — tilt correction stopped, yaw-hold pinned to current heading.
[INFO] [1786736805.994835227] [attitude_scout_1]: [scout_1] Landed — tilt correction stopped, yaw-hold pinned to current heading.
[INFO] [1786736805.995615437] [attitude_scout_1]: [scout_1] Landed — tilt correction stopped, yaw-hold pinned to current heading.
[INFO] [1786736805.996504881] [attitude_scout_1]: [scout_1] Landed — tilt correction stopped, yaw-hold pinned to current heading.
[INFO] [1786736806.000299283] [attitude_scout_1]: [scout_1] Landed — tilt correction stopped, yaw-hold pinned to current heading.
[INFO] [1786736806.001408102] [attitude_scout_1]: [scout_1] Landed — tilt correction stopped, yaw-hold pinned to current heading.
[INFO] [1786736806.002535848] [attitude_scout_1]: [scout_1] Landed — tilt correction stopped, yaw-hold pinned to current heading.
[INFO] [1786736806.003580692] [attitude_scout_1]: [scout_1] Landed — tilt correction stopped, yaw-hold pinned to current heading.
[INFO] [1786736806.009873987] [attitude_scout_1]: [scout_1] Landed — tilt correction stopped, yaw-hold pinned to current heading.
[INFO] [1786736806.020634058] [attitude_scout_1]: [scout_1] Landed — tilt correction stopped, yaw-hold pinned to current heading.
[INFO] [1786736806.030472697] [attitude_scout_1]: [scout_1] Landed — tilt correction stopped, yaw-hold pinned to current heading.
[INFO] [1786736806.040395705] [attitude_scout_1]: [scout_1] Landed — tilt correction stopped, yaw-hold pinned to current heading.
[INFO] [1786736806.050909512] [attitude_scout_1]: [scout_1] Landed — tilt correction stopped, yaw-hold pinned to current heading.
[INFO] [1786736806.060703032] [attitude_scout_1]: [scout_1] Landed — tilt correction stopped, yaw-hold pinned to current heading.
[INFO] [1786736806.075272730] [attitude_scout_1]: [scout_1] Landed — tilt correction stopped, yaw-hold pinned to current heading.
[INFO] [1786736806.088461852] [attitude_scout_1]: [scout_1] Landed — tilt correction stopped, yaw-hold pinned to current heading.
[INFO] [1786736806.100789677] [attitude_scout_1]: [scout_1] Landed — tilt correction stopped, yaw-hold pinned to current heading.
[INFO] [1786736806.105120259] [attitude_scout_1]: [scout_1] Landed — tilt correction stopped, yaw-hold pinned to current heading.
[INFO] [1786736806.110515800] [attitude_scout_1]: [scout_1] Landed — tilt correction stopped, yaw-hold pinned to current heading.
[INFO] [1786736806.120543782] [attitude_scout_1]: [scout_1] Landed — tilt correction stopped, yaw-hold pinned to current heading.
[INFO] [1786736806.130807273] [attitude_scout_1]: [scout_1] Landed — tilt correction stopped, yaw-hold pinned to current heading.
[INFO] [1786736806.140610013] [attitude_scout_1]: [scout_1] Landed — tilt correction stopped, yaw-hold pinned to current heading.
[INFO] [1786736806.150783826] [attitude_scout_1]: [scout_1] Landed — tilt correction stopped, yaw-hold pinned to current heading.
[INFO] [1786736806.162113043] [attitude_scout_1]: [scout_1] Landed — tilt correction stopped, yaw-hold pinned to current heading.
[INFO] [1786736806.176594320] [attitude_scout_1]: [scout_1] Landed — tilt correction stopped, yaw-hold pinned to current heading.
[INFO] [1786736806.186634594] [attitude_scout_1]: [scout_1] Landed — tilt correction stopped, yaw-hold pinned to current heading.
[INFO] [1786736806.196526593] [attitude_scout_1]: [scout_1] Landed — tilt correction stopped, yaw-hold pinned to current heading.
[INFO] [1786736806.201066773] [attitude_scout_1]: [scout_1] Landed — tilt correction stopped, yaw-hold pinned to current heading.
[INFO] [1786736806.210805118] [attitude_scout_1]: [scout_1] Landed — tilt correction stopped, yaw-hold pinned to current heading.
[INFO] [1786736806.220662195] [attitude_scout_1]: [scout_1] Landed — tilt correction stopped, yaw-hold pinned to current heading.
[INFO] [1786736806.230711409] [attitude_scout_1]: [scout_1] Landed — tilt correction stopped, yaw-hold pinned to current heading.
[INFO] [1786736806.240673600] [attitude_scout_1]: [scout_1] Landed — tilt correction stopped, yaw-hold pinned to current heading.
[INFO] [1786736806.250437856] [attitude_scout_1]: [scout_1] Landed — tilt correction stopped, yaw-hold pinned to current heading.
[INFO] [1786736806.260171313] [attitude_scout_1]: [scout_1] Landed — tilt correction stopped, yaw-hold pinned to current heading.
[INFO] [1786736806.272758253] [attitude_scout_1]: [scout_1] Landed — tilt correction stopped, yaw-hold pinned to current heading.
[INFO] [1786736806.284056669] [attitude_scout_1]: [scout_1] Landed — tilt correction stopped, yaw-hold pinned to current heading.
[INFO] [1786736806.293514248] [attitude_scout_1]: [scout_1] Landed — tilt correction stopped, yaw-hold pinned to current heading.
[INFO] [1786736806.306666633] [attitude_scout_1]: [scout_1] Landed — tilt correction stopped, yaw-hold pinned to current heading.
[INFO] [1786736806.309913749] [attitude_scout_1]: [scout_1] Landed — tilt correction stopped, yaw-hold pinned to current heading.
[INFO] [1786736806.319731225] [attitude_scout_1]: [scout_1] Landed — tilt correction stopped, yaw-hold pinned to current heading.
[INFO] [1786736806.329932487] [attitude_scout_1]: [scout_1] Landed — tilt correction stopped, yaw-hold pinned to current heading.
[INFO] [1786736806.339689410] [attitude_scout_1]: [scout_1] Landed — tilt correction stopped, yaw-hold pinned to current heading.
[INFO] [1786736806.349523719] [attitude_scout_1]: [scout_1] Landed — tilt correction stopped, yaw-hold pinned to current heading.
[INFO] [1786736806.359887363] [attitude_scout_1]: [scout_1] Landed — tilt correction stopped, yaw-hold pinned to current heading.
[INFO] [1786736806.369599797] [attitude_scout_1]: [scout_1] Landed — tilt correction stopped, yaw-hold pinned to current heading.
[INFO] [1786736806.383000402] [attitude_scout_1]: [scout_1] Landed — tilt correction stopped, yaw-hold pinned to current heading.
[INFO] [1786736806.394353366] [attitude_scout_1]: [scout_1] Landed — tilt correction stopped, yaw-hold pinned to current heading.
[INFO] [1786736806.405107709] [attitude_scout_1]: [scout_1] Landed — tilt correction stopped, yaw-hold pinned to current heading.
[INFO] [1786736806.420073205] [attitude_scout_1]: [scout_1] Landed — tilt correction stopped, yaw-hold pinned to current heading.
[INFO] [1786736806.424418873] [attitude_scout_1]: [scout_1] Landed — tilt correction stopped, yaw-hold pinned to current heading.
[INFO] [1786736806.430252745] [attitude_scout_1]: [scout_1] Landed — tilt correction stopped, yaw-hold pinned to current heading.
[INFO] [1786736806.440508762] [attitude_scout_1]: [scout_1] Landed — tilt correction stopped, yaw-hold pinned to current heading.
[INFO] [1786736806.450445879] [attitude_scout_1]: [scout_1] Landed — tilt correction stopped, yaw-hold pinned to current heading.
[INFO] [1786736806.460613057] [attitude_scout_1]: [scout_1] Landed — tilt correction stopped, yaw-hold pinned to current heading.
[INFO] [1786736806.469897845] [attitude_scout_1]: [scout_1] Landed — tilt correction stopped, yaw-hold pinned to current heading.
[INFO] [1786736806.480131164] [attitude_scout_1]: [scout_1] Landed — tilt correction stopped, yaw-hold pinned to current heading.
[INFO] [1786736806.492291716] [attitude_scout_1]: [scout_1] Landed — tilt correction stopped, yaw-hold pinned to current heading.
[INFO] [1786736806.504683935] [attitude_scout_1]: [scout_1] Landed — tilt correction stopped, yaw-hold pinned to current heading.
[INFO] [1786736806.513482760] [attitude_scout_1]: [scout_1] Landed — tilt correction stopped, yaw-hold pinned to current heading.
[INFO] [1786736806.528470465] [attitude_scout_1]: [scout_1] Landed — tilt correction stopped, yaw-hold pinned to current heading.
[INFO] [1786736806.532260676] [attitude_scout_1]: [scout_1] Landed — tilt correction stopped, yaw-hold pinned to current heading.
[INFO] [1786736806.540167053] [attitude_scout_1]: [scout_1] Landed — tilt correction stopped, yaw-hold pinned to current heading.
[INFO] [1786736806.550925518] [attitude_scout_1]: [scout_1] Landed — tilt correction stopped, yaw-hold pinned to current heading.
[INFO] [1786736806.560201087] [attitude_scout_1]: [scout_1] Landed — tilt correction stopped, yaw-hold pinned to current heading.
[INFO] [1786736806.570858629] [attitude_scout_1]: [scout_1] Landed — tilt correction stopped, yaw-hold pinned to current heading.
[INFO] [1786736806.580336601] [attitude_scout_1]: [scout_1] Landed — tilt correction stopped, yaw-hold pinned to current heading.
[INFO] [1786736806.590253394] [attitude_scout_1]: [scout_1] Landed — tilt correction stopped, yaw-hold pinned to current heading.
[INFO] [1786736806.599836409] [attitude_scout_1]: [scout_1] Landed — tilt correction stopped, yaw-hold pinned to current heading.
[INFO] [1786736806.617863938] [attitude_scout_1]: [scout_1] Landed — tilt correction stopped, yaw-hold pinned to current heading.
[INFO] [1786736806.629040829] [attitude_scout_1]: [scout_1] Landed — tilt correction stopped, yaw-hold pinned to current heading.
[INFO] [1786736806.639049604] [attitude_scout_1]: [scout_1] Landed — tilt correction stopped, yaw-hold pinned to current heading.
[INFO] [1786736806.672991928] [attitude_scout_1]: [scout_1] Landed — tilt correction stopped, yaw-hold pinned to current heading.
[INFO] [1786736806.674017355] [attitude_scout_1]: [scout_1] Landed — tilt correction stopped, yaw-hold pinned to current heading.
[INFO] [1786736806.675305599] [attitude_scout_1]: [scout_1] Landed — tilt correction stopped, yaw-hold pinned to current heading.
[INFO] [1786736806.755204478] [attitude_scout_1]: [scout_1] Landed — tilt correction stopped, yaw-hold pinned to current heading.
[INFO] [1786736806.756509344] [attitude_scout_1]: [scout_1] Landed — tilt correction stopped, yaw-hold pinned to current heading.
[INFO] [1786736806.760765335] [attitude_scout_1]: [scout_1] Landed — tilt correction stopped, yaw-hold pinned to current heading.
[INFO] [1786736806.762153873] [attitude_scout_1]: [scout_1] Landed — tilt correction stopped, yaw-hold pinned to current heading.
[INFO] [1786736806.763202209] [attitude_scout_1]: [scout_1] Landed — tilt correction stopped, yaw-hold pinned to current heading.
[INFO] [1786736806.764212620] [attitude_scout_1]: [scout_1] Landed — tilt correction stopped, yaw-hold pinned to current heading.
[INFO] [1786736806.765434165] [attitude_scout_1]: [scout_1] Landed — tilt correction stopped, yaw-hold pinned to current heading.
[INFO] [1786736806.766657455] [attitude_scout_1]: [scout_1] Landed — tilt correction stopped, yaw-hold pinned to current heading.
[INFO] [1786736806.833876363] [attitude_scout_1]: [scout_1] Landed — tilt correction stopped, yaw-hold pinned to current heading.
[INFO] [1786736806.834885587] [attitude_scout_1]: [scout_1] Landed — tilt correction stopped, yaw-hold pinned to current heading.
[INFO] [1786736806.835776917] [attitude_scout_1]: [scout_1] Landed — tilt correction stopped, yaw-hold pinned to current heading.
[INFO] [1786736806.839658691] [attitude_scout_1]: [scout_1] Landed — tilt correction stopped, yaw-hold pinned to current heading.
[INFO] [1786736806.840744812] [attitude_scout_1]: [scout_1] Landed — tilt correction stopped, yaw-hold pinned to current heading.
[INFO] [1786736806.894801417] [attitude_scout_1]: [scout_1] Landed — tilt correction stopped, yaw-hold pinned to current heading.
[INFO] [1786736806.895727389] [attitude_scout_1]: [scout_1] Landed — tilt correction stopped, yaw-hold pinned to current heading.
[INFO] [1786736806.896920228] [attitude_scout_1]: [scout_1] Landed — tilt correction stopped, yaw-hold pinned to current heading.
[INFO] [1786736806.900564818] [attitude_scout_1]: [scout_1] Landed — tilt correction stopped, yaw-hold pinned to current heading.
[INFO] [1786736806.901494491] [attitude_scout_1]: [scout_1] Landed — tilt correction stopped, yaw-hold pinned to current heading.
[INFO] [1786736806.902825130] [attitude_scout_1]: [scout_1] Landed — tilt correction stopped, yaw-hold pinned to current heading.
[INFO] [1786736806.904157445] [attitude_scout_1]: [scout_1] Landed — tilt correction stopped, yaw-hold pinned to current heading.
[INFO] [1786736806.905488014] [attitude_scout_1]: [scout_1] Landed — tilt correction stopped, yaw-hold pinned to current heading.
[INFO] [1786736806.906741616] [attitude_scout_1]: [scout_1] Landed — tilt correction stopped, yaw-hold pinned to current heading.
[INFO] [1786736806.907906239] [attitude_scout_1]: [scout_1] Landed — tilt correction stopped, yaw-hold pinned to current heading.
[INFO] [1786736806.938045361] [attitude_scout_1]: [scout_1] Landed — tilt correction stopped, yaw-hold pinned to current heading.
[INFO] [1786736806.938986418] [attitude_scout_1]: [scout_1] Landed — tilt correction stopped, yaw-hold pinned to current heading.
[INFO] [1786736806.940143429] [attitude_scout_1]: [scout_1] Landed — tilt correction stopped, yaw-hold pinned to current heading.
[INFO] [1786736806.960267838] [attitude_scout_1]: [scout_1] Landed — tilt correction stopped, yaw-hold pinned to current heading.
[INFO] [1786736806.961516412] [attitude_scout_1]: [scout_1] Landed — tilt correction stopped, yaw-hold pinned to current heading.
[INFO] [1786736806.962498188] [attitude_scout_1]: [scout_1] Landed — tilt correction stopped, yaw-hold pinned to current heading.
[INFO] [1786736806.963624677] [attitude_scout_1]: [scout_1] Landed — tilt correction stopped, yaw-hold pinned to current heading.
[INFO] [1786736806.970755663] [attitude_scout_1]: [scout_1] Landed — tilt correction stopped, yaw-hold pinned to current heading.
[INFO] [1786736806.981297825] [attitude_scout_1]: [scout_1] Landed — tilt correction stopped, yaw-hold pinned to current heading.
[INFO] [1786736806.996252215] [attitude_scout_1]: [scout_1] Landed — tilt correction stopped, yaw-hold pinned to current heading.
[INFO] [1786736807.010257517] [attitude_scout_1]: [scout_1] Landed — tilt correction stopped, yaw-hold pinned to current heading.
[INFO] [1786736807.019354359] [attitude_scout_1]: [scout_1] Landed — tilt correction stopped, yaw-hold pinned to current heading.
[INFO] [1786736807.031539705] [attitude_scout_1]: [scout_1] Landed — tilt correction stopped, yaw-hold pinned to current heading.
[INFO] [1786736807.041686279] [attitude_scout_1]: [scout_1] Landed — tilt correction stopped, yaw-hold pinned to current heading.
[INFO] [1786736807.047299728] [attitude_scout_1]: [scout_1] Landed — tilt correction stopped, yaw-hold pinned to current heading.
[INFO] [1786736807.051620323] [attitude_scout_1]: [scout_1] Landed — tilt correction stopped, yaw-hold pinned to current heading.
[INFO] [1786736807.060255227] [attitude_scout_1]: [scout_1] Landed — tilt correction stopped, yaw-hold pinned to current heading.
[INFO] [1786736807.070430646] [attitude_scout_1]: [scout_1] Landed — tilt correction stopped, yaw-hold pinned to current heading.
[INFO] [1786736807.080496692] [attitude_scout_1]: [scout_1] Landed — tilt correction stopped, yaw-hold pinned to current heading.
[INFO] [1786736807.092833596] [attitude_scout_1]: [scout_1] Landed — tilt correction stopped, yaw-hold pinned to current heading.
[INFO] [1786736807.107865023] [attitude_scout_1]: [scout_1] Landed — tilt correction stopped, yaw-hold pinned to current heading.
[INFO] [1786736807.116880079] [attitude_scout_1]: [scout_1] Landed — tilt correction stopped, yaw-hold pinned to current heading.
[INFO] [1786736807.127520510] [attitude_scout_1]: [scout_1] Landed — tilt correction stopped, yaw-hold pinned to current heading.
[INFO] [1786736807.135921302] [attitude_scout_1]: [scout_1] Landed — tilt correction stopped, yaw-hold pinned to current heading.
[INFO] [1786736807.146034701] [attitude_scout_1]: [scout_1] Landed — tilt correction stopped, yaw-hold pinned to current heading.
[INFO] [1786736807.150288177] [attitude_scout_1]: [scout_1] Landed — tilt correction stopped, yaw-hold pinned to current heading.
[INFO] [1786736807.160130169] [attitude_scout_1]: [scout_1] Landed — tilt correction stopped, yaw-hold pinned to current heading.
[INFO] [1786736807.169980262] [attitude_scout_1]: [scout_1] Landed — tilt correction stopped, yaw-hold pinned to current heading.
[INFO] [1786736807.180014041] [attitude_scout_1]: [scout_1] Landed — tilt correction stopped, yaw-hold pinned to current heading.
[INFO] [1786736807.189846044] [attitude_scout_1]: [scout_1] Landed — tilt correction stopped, yaw-hold pinned to current heading.
[INFO] [1786736807.200441776] [attitude_scout_1]: [scout_1] Landed — tilt correction stopped, yaw-hold pinned to current heading.
[INFO] [1786736807.210452297] [attitude_scout_1]: [scout_1] Landed — tilt correction stopped, yaw-hold pinned to current heading.
[INFO] [1786736807.222329777] [attitude_scout_1]: [scout_1] Landed — tilt correction stopped, yaw-hold pinned to current heading.
[INFO] [1786736807.234982789] [attitude_scout_1]: [scout_1] Landed — tilt correction stopped, yaw-hold pinned to current heading.
[INFO] [1786736807.249669333] [attitude_scout_1]: [scout_1] Landed — tilt correction stopped, yaw-hold pinned to current heading.
[INFO] [1786736807.261482139] [attitude_scout_1]: [scout_1] Landed — tilt correction stopped, yaw-hold pinned to current heading.
[INFO] [1786736807.265793515] [attitude_scout_1]: [scout_1] Landed — tilt correction stopped, yaw-hold pinned to current heading.
[INFO] [1786736807.270691986] [attitude_scout_1]: [scout_1] Landed — tilt correction stopped, yaw-hold pinned to current heading.
[INFO] [1786736807.280464624] [attitude_scout_1]: [scout_1] Landed — tilt correction stopped, yaw-hold pinned to current heading.
[INFO] [1786736807.290299981] [attitude_scout_1]: [scout_1] Landed — tilt correction stopped, yaw-hold pinned to current heading.
[INFO] [1786736807.300544823] [attitude_scout_1]: [scout_1] Landed — tilt correction stopped, yaw-hold pinned to current heading.
[INFO] [1786736807.310488296] [attitude_scout_1]: [scout_1] Landed — tilt correction stopped, yaw-hold pinned to current heading.
[INFO] [1786736807.320838251] [attitude_scout_1]: [scout_1] Landed — tilt correction stopped, yaw-hold pinned to current heading.
[INFO] [1786736807.333138139] [attitude_scout_1]: [scout_1] Landed — tilt correction stopped, yaw-hold pinned to current heading.
[INFO] [1786736807.347620255] [attitude_scout_1]: [scout_1] Landed — tilt correction stopped, yaw-hold pinned to current heading.
[INFO] [1786736807.357969442] [attitude_scout_1]: [scout_1] Landed — tilt correction stopped, yaw-hold pinned to current heading.
[INFO] [1786736807.416207446] [attitude_scout_1]: [scout_1] Landed — tilt correction stopped, yaw-hold pinned to current heading.
[INFO] [1786736807.419964482] [attitude_scout_1]: [scout_1] Landed — tilt correction stopped, yaw-hold pinned to current heading.
[INFO] [1786736807.421031955] [attitude_scout_1]: [scout_1] Landed — tilt correction stopped, yaw-hold pinned to current heading.
[INFO] [1786736807.422149993] [attitude_scout_1]: [scout_1] Landed — tilt correction stopped, yaw-hold pinned to current heading.
[INFO] [1786736807.460104626] [attitude_scout_1]: [scout_1] Landed — tilt correction stopped, yaw-hold pinned to current heading.
[INFO] [1786736807.461175870] [attitude_scout_1]: [scout_1] Landed — tilt correction stopped, yaw-hold pinned to current heading.
[INFO] [1786736807.462528230] [attitude_scout_1]: [scout_1] Landed — tilt correction stopped, yaw-hold pinned to current heading.
[INFO] [1786736807.463707310] [attitude_scout_1]: [scout_1] Landed — tilt correction stopped, yaw-hold pinned to current heading.
[INFO] [1786736807.464812986] [attitude_scout_1]: [scout_1] Landed — tilt correction stopped, yaw-hold pinned to current heading.
[INFO] [1786736807.465939057] [attitude_scout_1]: [scout_1] Landed — tilt correction stopped, yaw-hold pinned to current heading.
[INFO] [1786736807.470195536] [attitude_scout_1]: [scout_1] Landed — tilt correction stopped, yaw-hold pinned to current heading.
[INFO] [1786736807.471212931] [attitude_scout_1]: [scout_1] Landed — tilt correction stopped, yaw-hold pinned to current heading.
[INFO] [1786736807.482532510] [attitude_scout_1]: [scout_1] Landed — tilt correction stopped, yaw-hold pinned to current heading.
[INFO] [1786736807.499354767] [attitude_scout_1]: [scout_1] Landed — tilt correction stopped, yaw-hold pinned to current heading.
[INFO] [1786736807.508554278] [attitude_scout_1]: [scout_1] Landed — tilt correction stopped, yaw-hold pinned to current heading.
[INFO] [1786736807.569787616] [attitude_scout_1]: [scout_1] Landed — tilt correction stopped, yaw-hold pinned to current heading.
[INFO] [1786736807.570761360] [attitude_scout_1]: [scout_1] Landed — tilt correction stopped, yaw-hold pinned to current heading.
[INFO] [1786736807.571642283] [attitude_scout_1]: [scout_1] Landed — tilt correction stopped, yaw-hold pinned to current heading.
[INFO] [1786736807.572343012] [attitude_scout_1]: [scout_1] Landed — tilt correction stopped, yaw-hold pinned to current heading.
[INFO] [1786736807.573107089] [attitude_scout_1]: [scout_1] Landed — tilt correction stopped, yaw-hold pinned to current heading.
[INFO] [1786736807.573981447] [attitude_scout_1]: [scout_1] Landed — tilt correction stopped, yaw-hold pinned to current heading.
[INFO] [1786736807.575110031] [attitude_scout_1]: [scout_1] Landed — tilt correction stopped, yaw-hold pinned to current heading.
[INFO] [1786736807.579725641] [attitude_scout_1]: [scout_1] Landed — tilt correction stopped, yaw-hold pinned to current heading.
[INFO] [1786736807.590840860] [attitude_scout_1]: [scout_1] Landed — tilt correction stopped, yaw-hold pinned to current heading.
[INFO] [1786736807.606320815] [attitude_scout_1]: [scout_1] Landed — tilt correction stopped, yaw-hold pinned to current heading.
[INFO] [1786736807.619535779] [attitude_scout_1]: [scout_1] Landed — tilt correction stopped, yaw-hold pinned to current heading.
[INFO] [1786736807.624942145] [attitude_scout_1]: [scout_1] Landed — tilt correction stopped, yaw-hold pinned to current heading.
[INFO] [1786736807.637940807] [attitude_scout_1]: [scout_1] Landed — tilt correction stopped, yaw-hold pinned to current heading.
[INFO] [1786736807.719902691] [attitude_scout_1]: [scout_1] Landed — tilt correction stopped, yaw-hold pinned to current heading.
[INFO] [1786736807.720696800] [attitude_scout_1]: [scout_1] Landed — tilt correction stopped, yaw-hold pinned to current heading.
[INFO] [1786736807.721334741] [attitude_scout_1]: [scout_1] Landed — tilt correction stopped, yaw-hold pinned to current heading.
[INFO] [1786736807.721927564] [attitude_scout_1]: [scout_1] Landed — tilt correction stopped, yaw-hold pinned to current heading.
[INFO] [1786736807.722636396] [attitude_scout_1]: [scout_1] Landed — tilt correction stopped, yaw-hold pinned to current heading.
[INFO] [1786736807.723446289] [attitude_scout_1]: [scout_1] Landed — tilt correction stopped, yaw-hold pinned to current heading.
[INFO] [1786736807.724172162] [attitude_scout_1]: [scout_1] Landed — tilt correction stopped, yaw-hold pinned to current heading.
[INFO] [1786736807.724874218] [attitude_scout_1]: [scout_1] Landed — tilt correction stopped, yaw-hold pinned to current heading.
[INFO] [1786736807.725687045] [attitude_scout_1]: [scout_1] Landed — tilt correction stopped, yaw-hold pinned to current heading.
[INFO] [1786736807.730281702] [attitude_scout_1]: [scout_1] Landed — tilt correction stopped, yaw-hold pinned to current heading.
[INFO] [1786736807.742774005] [attitude_scout_1]: [scout_1] Landed — tilt correction stopped, yaw-hold pinned to current heading.
[INFO] [1786736807.757947980] [attitude_scout_1]: [scout_1] Landed — tilt correction stopped, yaw-hold pinned to current heading.
[INFO] [1786736807.765274735] [attitude_scout_1]: [scout_1] Landed — tilt correction stopped, yaw-hold pinned to current heading.
[INFO] [1786736807.778631409] [attitude_scout_1]: [scout_1] Landed — tilt correction stopped, yaw-hold pinned to current heading.
[INFO] [1786736807.787460754] [attitude_scout_1]: [scout_1] Landed — tilt correction stopped, yaw-hold pinned to current heading.
[INFO] [1786736807.852613303] [attitude_scout_1]: [scout_1] Landed — tilt correction stopped, yaw-hold pinned to current heading.
[INFO] [1786736807.853898334] [attitude_scout_1]: [scout_1] Landed — tilt correction stopped, yaw-hold pinned to current heading.
[INFO] [1786736807.855145651] [attitude_scout_1]: [scout_1] Landed — tilt correction stopped, yaw-hold pinned to current heading.
[INFO] [1786736807.856248883] [attitude_scout_1]: [scout_1] Landed — tilt correction stopped, yaw-hold pinned to current heading.
[INFO] [1786736807.860450745] [attitude_scout_1]: [scout_1] Landed — tilt correction stopped, yaw-hold pinned to current heading.
[INFO] [1786736807.862905987] [attitude_scout_1]: [scout_1] Landed — tilt correction stopped, yaw-hold pinned to current heading.
[INFO] [1786736807.863909135] [attitude_scout_1]: [scout_1] Landed — tilt correction stopped, yaw-hold pinned to current heading.
[INFO] [1786736807.864977166] [attitude_scout_1]: [scout_1] Landed — tilt correction stopped, yaw-hold pinned to current heading.
[INFO] [1786736807.871201457] [attitude_scout_1]: [scout_1] Landed — tilt correction stopped, yaw-hold pinned to current heading.
[INFO] [1786736807.880461870] [attitude_scout_1]: [scout_1] Landed — tilt correction stopped, yaw-hold pinned to current heading.
[INFO] [1786736807.890779140] [attitude_scout_1]: [scout_1] Landed — tilt correction stopped, yaw-hold pinned to current heading.
[INFO] [1786736807.902505690] [attitude_scout_1]: [scout_1] Landed — tilt correction stopped, yaw-hold pinned to current heading.
[INFO] [1786736807.957915703] [attitude_scout_1]: [scout_1] Landed — tilt correction stopped, yaw-hold pinned to current heading.
[INFO] [1786736807.958982686] [attitude_scout_1]: [scout_1] Landed — tilt correction stopped, yaw-hold pinned to current heading.
[INFO] [1786736807.960031511] [attitude_scout_1]: [scout_1] Landed — tilt correction stopped, yaw-hold pinned to current heading.
[INFO] [1786736807.961166311] [attitude_scout_1]: [scout_1] Landed — tilt correction stopped, yaw-hold pinned to current heading.
[INFO] [1786736807.989486036] [attitude_scout_1]: [scout_1] Landed — tilt correction stopped, yaw-hold pinned to current heading.
[INFO] [1786736807.990486180] [attitude_scout_1]: [scout_1] Landed — tilt correction stopped, yaw-hold pinned to current heading.
[INFO] [1786736808.050573892] [attitude_scout_1]: [scout_1] Landed — tilt correction stopped, yaw-hold pinned to current heading.
[INFO] [1786736808.051881762] [attitude_scout_1]: [scout_1] Landed — tilt correction stopped, yaw-hold pinned to current heading.
[INFO] [1786736808.053113225] [attitude_scout_1]: [scout_1] Landed — tilt correction stopped, yaw-hold pinned to current heading.
[INFO] [1786736808.054567973] [attitude_scout_1]: [scout_1] Landed — tilt correction stopped, yaw-hold pinned to current heading.
[INFO] [1786736808.055846300] [attitude_scout_1]: [scout_1] Landed — tilt correction stopped, yaw-hold pinned to current heading.
[INFO] [1786736808.056950579] [attitude_scout_1]: [scout_1] Landed — tilt correction stopped, yaw-hold pinned to current heading.
[INFO] [1786736808.058174708] [attitude_scout_1]: [scout_1] Landed — tilt correction stopped, yaw-hold pinned to current heading.
[INFO] [1786736808.059350716] [attitude_scout_1]: [scout_1] Landed — tilt correction stopped, yaw-hold pinned to current heading.
[INFO] [1786736808.060176324] [attitude_scout_1]: [scout_1] Landed — tilt correction stopped, yaw-hold pinned to current heading.
[INFO] [1786736808.064626057] [attitude_scout_1]: [scout_1] Landed — tilt correction stopped, yaw-hold pinned to current heading.
[INFO] [1786736808.076158236] [attitude_scout_1]: [scout_1] Landed — tilt correction stopped, yaw-hold pinned to current heading.
[INFO] [1786736808.085460136] [attitude_scout_1]: [scout_1] Landed — tilt correction stopped, yaw-hold pinned to current heading.
[INFO] [1786736808.097814710] [attitude_scout_1]: [scout_1] Landed — tilt correction stopped, yaw-hold pinned to current heading.
[INFO] [1786736808.106035239] [attitude_scout_1]: [scout_1] Landed — tilt correction stopped, yaw-hold pinned to current heading.
[INFO] [1786736808.116023690] [attitude_scout_1]: [scout_1] Landed — tilt correction stopped, yaw-hold pinned to current heading.
[INFO] [1786736808.126352972] [attitude_scout_1]: [scout_1] Landed — tilt correction stopped, yaw-hold pinned to current heading.
[INFO] [1786736808.131546947] [attitude_scout_1]: [scout_1] Landed — tilt correction stopped, yaw-hold pinned to current heading.
[INFO] [1786736808.140156428] [attitude_scout_1]: [scout_1] Landed — tilt correction stopped, yaw-hold pinned to current heading.
[INFO] [1786736808.150050662] [attitude_scout_1]: [scout_1] Landed — tilt correction stopped, yaw-hold pinned to current heading.
[INFO] [1786736808.160157845] [attitude_scout_1]: [scout_1] Landed — tilt correction stopped, yaw-hold pinned to current heading.
[INFO] [1786736808.169626738] [attitude_scout_1]: [scout_1] Landed — tilt correction stopped, yaw-hold pinned to current heading.
[INFO] [1786736808.179596541] [attitude_scout_1]: [scout_1] Landed — tilt correction stopped, yaw-hold pinned to current heading.
[INFO] [1786736808.189803180] [attitude_scout_1]: [scout_1] Landed — tilt correction stopped, yaw-hold pinned to current heading.
[INFO] [1786736808.202472045] [attitude_scout_1]: [scout_1] Landed — tilt correction stopped, yaw-hold pinned to current heading.
[INFO] [1786736808.214942418] [attitude_scout_1]: [scout_1] Landed — tilt correction stopped, yaw-hold pinned to current heading.
[INFO] [1786736808.224757660] [attitude_scout_1]: [scout_1] Landed — tilt correction stopped, yaw-hold pinned to current heading.
[INFO] [1786736808.238239072] [attitude_scout_1]: [scout_1] Landed — tilt correction stopped, yaw-hold pinned to current heading.
[INFO] [1786736808.268812753] [attitude_scout_1]: [scout_1] Landed — tilt correction stopped, yaw-hold pinned to current heading.
[INFO] [1786736808.272677277] [attitude_scout_1]: [scout_1] Landed — tilt correction stopped, yaw-hold pinned to current heading.
[INFO] [1786736808.273745797] [attitude_scout_1]: [scout_1] Landed — tilt correction stopped, yaw-hold pinned to current heading.
[INFO] [1786736808.274615685] [attitude_scout_1]: [scout_1] Landed — tilt correction stopped, yaw-hold pinned to current heading.
[INFO] [1786736808.281443834] [attitude_scout_1]: [scout_1] Landed — tilt correction stopped, yaw-hold pinned to current heading.
[INFO] [1786736808.291123721] [attitude_scout_1]: [scout_1] Landed — tilt correction stopped, yaw-hold pinned to current heading.
[INFO] [1786736808.300649256] [attitude_scout_1]: [scout_1] Landed — tilt correction stopped, yaw-hold pinned to current heading.
[INFO] [1786736808.312015559] [attitude_scout_1]: [scout_1] Landed — tilt correction stopped, yaw-hold pinned to current heading.
[INFO] [1786736808.328358068] [attitude_scout_1]: [scout_1] Landed — tilt correction stopped, yaw-hold pinned to current heading.
[INFO] [1786736808.342351217] [attitude_scout_1]: [scout_1] Landed — tilt correction stopped, yaw-hold pinned to current heading.
[INFO] [1786736808.351241535] [attitude_scout_1]: [scout_1] Landed — tilt correction stopped, yaw-hold pinned to current heading.
[INFO] [1786736808.363046868] [attitude_scout_1]: [scout_1] Landed — tilt correction stopped, yaw-hold pinned to current heading.
[INFO] [1786736808.367186151] [attitude_scout_1]: [scout_1] Landed — tilt correction stopped, yaw-hold pinned to current heading.
[INFO] [1786736808.372098382] [attitude_scout_1]: [scout_1] Landed — tilt correction stopped, yaw-hold pinned to current heading.
[INFO] [1786736808.381699766] [attitude_scout_1]: [scout_1] Landed — tilt correction stopped, yaw-hold pinned to current heading.
[INFO] [1786736808.391420161] [attitude_scout_1]: [scout_1] Landed — tilt correction stopped, yaw-hold pinned to current heading.
[INFO] [1786736808.401834232] [attitude_scout_1]: [scout_1] Landed — tilt correction stopped, yaw-hold pinned to current heading.
[INFO] [1786736808.411914247] [attitude_scout_1]: [scout_1] Landed — tilt correction stopped, yaw-hold pinned to current heading.
[INFO] [1786736808.424734391] [attitude_scout_1]: [scout_1] Landed — tilt correction stopped, yaw-hold pinned to current heading.
[INFO] [1786736808.440167132] [attitude_scout_1]: [scout_1] Landed — tilt correction stopped, yaw-hold pinned to current heading.
[INFO] [1786736808.447933475] [attitude_scout_1]: [scout_1] Landed — tilt correction stopped, yaw-hold pinned to current heading.
[INFO] [1786736808.458889245] [attitude_scout_1]: [scout_1] Landed — tilt correction stopped, yaw-hold pinned to current heading.
[INFO] [1786736808.463036071] [attitude_scout_1]: [scout_1] Landed — tilt correction stopped, yaw-hold pinned to current heading.
[INFO] [1786736808.471676074] [attitude_scout_1]: [scout_1] Landed — tilt correction stopped, yaw-hold pinned to current heading.
[INFO] [1786736808.481473156] [attitude_scout_1]: [scout_1] Landed — tilt correction stopped, yaw-hold pinned to current heading.
[INFO] [1786736808.491805302] [attitude_scout_1]: [scout_1] Landed — tilt correction stopped, yaw-hold pinned to current heading.
[INFO] [1786736808.502175442] [attitude_scout_1]: [scout_1] Landed — tilt correction stopped, yaw-hold pinned to current heading.
[INFO] [1786736808.511659142] [attitude_scout_1]: [scout_1] Landed — tilt correction stopped, yaw-hold pinned to current heading.
[INFO] [1786736808.521234055] [attitude_scout_1]: [scout_1] Landed — tilt correction stopped, yaw-hold pinned to current heading.
[INFO] [1786736808.532119144] [attitude_scout_1]: [scout_1] Landed — tilt correction stopped, yaw-hold pinned to current heading.
[INFO] [1786736808.545153844] [attitude_scout_1]: [scout_1] Landed — tilt correction stopped, yaw-hold pinned to current heading.
[INFO] [1786736808.556872573] [attitude_scout_1]: [scout_1] Landed — tilt correction stopped, yaw-hold pinned to current heading.
[INFO] [1786736808.569299923] [attitude_scout_1]: [scout_1] Landed — tilt correction stopped, yaw-hold pinned to current heading.
[INFO] [1786736808.594835447] [attitude_scout_1]: [scout_1] Landed — tilt correction stopped, yaw-hold pinned to current heading.
[INFO] [1786736808.595904665] [attitude_scout_1]: [scout_1] Landed — tilt correction stopped, yaw-hold pinned to current heading.
[INFO] [1786736808.596954537] [attitude_scout_1]: [scout_1] Landed — tilt correction stopped, yaw-hold pinned to current heading.
[INFO] [1786736808.602138315] [attitude_scout_1]: [scout_1] Landed — tilt correction stopped, yaw-hold pinned to current heading.
[INFO] [1786736808.611844044] [attitude_scout_1]: [scout_1] Landed — tilt correction stopped, yaw-hold pinned to current heading.
[INFO] [1786736808.621650206] [attitude_scout_1]: [scout_1] Landed — tilt correction stopped, yaw-hold pinned to current heading.
[INFO] [1786736808.631596822] [attitude_scout_1]: [scout_1] Landed — tilt correction stopped, yaw-hold pinned to current heading.
[INFO] [1786736808.641528491] [attitude_scout_1]: [scout_1] Landed — tilt correction stopped, yaw-hold pinned to current heading.
[INFO] [1786736808.652865809] [attitude_scout_1]: [scout_1] Landed — tilt correction stopped, yaw-hold pinned to current heading.
[INFO] [1786736808.671145050] [attitude_scout_1]: [scout_1] Landed — tilt correction stopped, yaw-hold pinned to current heading.
[INFO] [1786736808.679498769] [attitude_scout_1]: [scout_1] Landed — tilt correction stopped, yaw-hold pinned to current heading.
[INFO] [1786736808.781548605] [attitude_scout_1]: [scout_1] Landed — tilt correction stopped, yaw-hold pinned to current heading.
[INFO] [1786736808.782754086] [attitude_scout_1]: [scout_1] Landed — tilt correction stopped, yaw-hold pinned to current heading.
[INFO] [1786736808.783917382] [attitude_scout_1]: [scout_1] Landed — tilt correction stopped, yaw-hold pinned to current heading.
[INFO] [1786736808.785239081] [attitude_scout_1]: [scout_1] Landed — tilt correction stopped, yaw-hold pinned to current heading.
[INFO] [1786736808.786467191] [attitude_scout_1]: [scout_1] Landed — tilt correction stopped, yaw-hold pinned to current heading.
[INFO] [1786736808.787601991] [attitude_scout_1]: [scout_1] Landed — tilt correction stopped, yaw-hold pinned to current heading.
[INFO] [1786736808.788927531] [attitude_scout_1]: [scout_1] Landed — tilt correction stopped, yaw-hold pinned to current heading.
[INFO] [1786736808.789843306] [attitude_scout_1]: [scout_1] Landed — tilt correction stopped, yaw-hold pinned to current heading.
[INFO] [1786736808.793948576] [attitude_scout_1]: [scout_1] Landed — tilt correction stopped, yaw-hold pinned to current heading.
[INFO] [1786736808.795016817] [attitude_scout_1]: [scout_1] Landed — tilt correction stopped, yaw-hold pinned to current heading.
[INFO] [1786736808.796018637] [attitude_scout_1]: [scout_1] Landed — tilt correction stopped, yaw-hold pinned to current heading.
[INFO] [1786736808.809646649] [attitude_scout_1]: [scout_1] Landed — tilt correction stopped, yaw-hold pinned to current heading.
[INFO] [1786736808.816144723] [attitude_scout_1]: [scout_1] Landed — tilt correction stopped, yaw-hold pinned to current heading.
[INFO] [1786736808.825767968] [attitude_scout_1]: [scout_1] Landed — tilt correction stopped, yaw-hold pinned to current heading.
[INFO] [1786736808.833977601] [attitude_scout_1]: [scout_1] Landed — tilt correction stopped, yaw-hold pinned to current heading.
[INFO] [1786736808.847761082] [attitude_scout_1]: [scout_1] Landed — tilt correction stopped, yaw-hold pinned to current heading.
[INFO] [1786736808.851618342] [attitude_scout_1]: [scout_1] Landed — tilt correction stopped, yaw-hold pinned to current heading.
[INFO] [1786736808.861188297] [attitude_scout_1]: [scout_1] Landed — tilt correction stopped, yaw-hold pinned to current heading.
[INFO] [1786736808.871236812] [attitude_scout_1]: [scout_1] Landed — tilt correction stopped, yaw-hold pinned to current heading.
[INFO] [1786736808.881291753] [attitude_scout_1]: [scout_1] Landed — tilt correction stopped, yaw-hold pinned to current heading.
[INFO] [1786736808.890886153] [attitude_scout_1]: [scout_1] Landed — tilt correction stopped, yaw-hold pinned to current heading.
[INFO] [1786736808.901320339] [attitude_scout_1]: [scout_1] Landed — tilt correction stopped, yaw-hold pinned to current heading.
[INFO] [1786736808.913876618] [attitude_scout_1]: [scout_1] Landed — tilt correction stopped, yaw-hold pinned to current heading.
[INFO] [1786736808.925979270] [attitude_scout_1]: [scout_1] Landed — tilt correction stopped, yaw-hold pinned to current heading.
[INFO] [1786736808.937085760] [attitude_scout_1]: [scout_1] Landed — tilt correction stopped, yaw-hold pinned to current heading.
[INFO] [1786736808.948774875] [attitude_scout_1]: [scout_1] Landed — tilt correction stopped, yaw-hold pinned to current heading.
[INFO] [1786736808.952743464] [attitude_scout_1]: [scout_1] Landed — tilt correction stopped, yaw-hold pinned to current heading.
[INFO] [1786736808.961913221] [attitude_scout_1]: [scout_1] Landed — tilt correction stopped, yaw-hold pinned to current heading.
[INFO] [1786736808.971856205] [attitude_scout_1]: [scout_1] Landed — tilt correction stopped, yaw-hold pinned to current heading.
[INFO] [1786736808.981407721] [attitude_scout_1]: [scout_1] Landed — tilt correction stopped, yaw-hold pinned to current heading.
[INFO] [1786736808.991859996] [attitude_scout_1]: [scout_1] Landed — tilt correction stopped, yaw-hold pinned to current heading.
[INFO] [1786736809.001849704] [attitude_scout_1]: [scout_1] Landed — tilt correction stopped, yaw-hold pinned to current heading.
[INFO] [1786736809.010776270] [attitude_scout_1]: [scout_1] Landed — tilt correction stopped, yaw-hold pinned to current heading.
[INFO] [1786736809.020658002] [attitude_scout_1]: [scout_1] Landed — tilt correction stopped, yaw-hold pinned to current heading.
[INFO] [1786736809.034761292] [attitude_scout_1]: [scout_1] Landed — tilt correction stopped, yaw-hold pinned to current heading.
[INFO] [1786736809.046470521] [attitude_scout_1]: [scout_1] Landed — tilt correction stopped, yaw-hold pinned to current heading.
[INFO] [1786736809.058340528] [attitude_scout_1]: [scout_1] Landed — tilt correction stopped, yaw-hold pinned to current heading.
[INFO] [1786736809.069378083] [attitude_scout_1]: [scout_1] Landed — tilt correction stopped, yaw-hold pinned to current heading.
[INFO] [1786736809.073208733] [attitude_scout_1]: [scout_1] Landed — tilt correction stopped, yaw-hold pinned to current heading.
[INFO] [1786736809.081571531] [attitude_scout_1]: [scout_1] Landed — tilt correction stopped, yaw-hold pinned to current heading.
[INFO] [1786736809.091898438] [attitude_scout_1]: [scout_1] Landed — tilt correction stopped, yaw-hold pinned to current heading.
[INFO] [1786736809.101856578] [attitude_scout_1]: [scout_1] Landed — tilt correction stopped, yaw-hold pinned to current heading.
[INFO] [1786736809.112105471] [attitude_scout_1]: [scout_1] Landed — tilt correction stopped, yaw-hold pinned to current heading.
[INFO] [1786736809.121547824] [attitude_scout_1]: [scout_1] Landed — tilt correction stopped, yaw-hold pinned to current heading.
[INFO] [1786736809.132844983] [attitude_scout_1]: [scout_1] Landed — tilt correction stopped, yaw-hold pinned to current heading.
[INFO] [1786736809.149704117] [attitude_scout_1]: [scout_1] Landed — tilt correction stopped, yaw-hold pinned to current heading.
[INFO] [1786736809.158604073] [attitude_scout_1]: [scout_1] Landed — tilt correction stopped, yaw-hold pinned to current heading.
[INFO] [1786736809.167279066] [attitude_scout_1]: [scout_1] Landed — tilt correction stopped, yaw-hold pinned to current heading.
[INFO] [1786736809.175096185] [attitude_scout_1]: [scout_1] Landed — tilt correction stopped, yaw-hold pinned to current heading.
[INFO] [1786736809.181791354] [attitude_scout_1]: [scout_1] Landed — tilt correction stopped, yaw-hold pinned to current heading.
[INFO] [1786736809.191568881] [attitude_scout_1]: [scout_1] Landed — tilt correction stopped, yaw-hold pinned to current heading.
[INFO] [1786736809.201434199] [attitude_scout_1]: [scout_1] Landed — tilt correction stopped, yaw-hold pinned to current heading.
[INFO] [1786736809.211335277] [attitude_scout_1]: [scout_1] Landed — tilt correction stopped, yaw-hold pinned to current heading.
[INFO] [1786736809.221610082] [attitude_scout_1]: [scout_1] Landed — tilt correction stopped, yaw-hold pinned to current heading.
[INFO] [1786736809.231752955] [attitude_scout_1]: [scout_1] Landed — tilt correction stopped, yaw-hold pinned to current heading.
[INFO] [1786736809.242964208] [attitude_scout_1]: [scout_1] Landed — tilt correction stopped, yaw-hold pinned to current heading.
[INFO] [1786736809.255523071] [attitude_scout_1]: [scout_1] Landed — tilt correction stopped, yaw-hold pinned to current heading.
[INFO] [1786736809.351153546] [attitude_scout_1]: [scout_1] Landed — tilt correction stopped, yaw-hold pinned to current heading.
[INFO] [1786736809.351852599] [attitude_scout_1]: [scout_1] Landed — tilt correction stopped, yaw-hold pinned to current heading.
[INFO] [1786736809.352468540] [attitude_scout_1]: [scout_1] Landed — tilt correction stopped, yaw-hold pinned to current heading.
[INFO] [1786736809.353038734] [attitude_scout_1]: [scout_1] Landed — tilt correction stopped, yaw-hold pinned to current heading.
[INFO] [1786736809.353634420] [attitude_scout_1]: [scout_1] Landed — tilt correction stopped, yaw-hold pinned to current heading.
[INFO] [1786736809.354400382] [attitude_scout_1]: [scout_1] Landed — tilt correction stopped, yaw-hold pinned to current heading.
[INFO] [1786736809.355041606] [attitude_scout_1]: [scout_1] Landed — tilt correction stopped, yaw-hold pinned to current heading.
[INFO] [1786736809.355655801] [attitude_scout_1]: [scout_1] Landed — tilt correction stopped, yaw-hold pinned to current heading.
[INFO] [1786736809.356344378] [attitude_scout_1]: [scout_1] Landed — tilt correction stopped, yaw-hold pinned to current heading.
[INFO] [1786736809.357116346] [attitude_scout_1]: [scout_1] Landed — tilt correction stopped, yaw-hold pinned to current heading.
[INFO] [1786736809.360970603] [attitude_scout_1]: [scout_1] Landed — tilt correction stopped, yaw-hold pinned to current heading.
[INFO] [1786736809.373187588] [attitude_scout_1]: [scout_1] Landed — tilt correction stopped, yaw-hold pinned to current heading.
[INFO] [1786736809.381212487] [attitude_scout_1]: [scout_1] Landed — tilt correction stopped, yaw-hold pinned to current heading.
[INFO] [1786736809.398471889] [attitude_scout_1]: [scout_1] Landed — tilt correction stopped, yaw-hold pinned to current heading.
[INFO] [1786736809.492334441] [attitude_scout_1]: [scout_1] Landed — tilt correction stopped, yaw-hold pinned to current heading.
[INFO] [1786736809.493488657] [attitude_scout_1]: [scout_1] Landed — tilt correction stopped, yaw-hold pinned to current heading.
[INFO] [1786736809.494655166] [attitude_scout_1]: [scout_1] Landed — tilt correction stopped, yaw-hold pinned to current heading.
[INFO] [1786736809.495741217] [attitude_scout_1]: [scout_1] Landed — tilt correction stopped, yaw-hold pinned to current heading.
[INFO] [1786736809.497245693] [attitude_scout_1]: [scout_1] Landed — tilt correction stopped, yaw-hold pinned to current heading.
[INFO] [1786736809.501774768] [attitude_scout_1]: [scout_1] Landed — tilt correction stopped, yaw-hold pinned to current heading.
[INFO] [1786736809.503039615] [attitude_scout_1]: [scout_1] Landed — tilt correction stopped, yaw-hold pinned to current heading.
[INFO] [1786736809.504103805] [attitude_scout_1]: [scout_1] Landed — tilt correction stopped, yaw-hold pinned to current heading.
[INFO] [1786736809.505238186] [attitude_scout_1]: [scout_1] Landed — tilt correction stopped, yaw-hold pinned to current heading.
[INFO] [1786736809.506310058] [attitude_scout_1]: [scout_1] Landed — tilt correction stopped, yaw-hold pinned to current heading.
[INFO] [1786736809.507456173] [attitude_scout_1]: [scout_1] Landed — tilt correction stopped, yaw-hold pinned to current heading.
[INFO] [1786736809.511794089] [attitude_scout_1]: [scout_1] Landed — tilt correction stopped, yaw-hold pinned to current heading.
[INFO] [1786736809.522079440] [attitude_scout_1]: [scout_1] Landed — tilt correction stopped, yaw-hold pinned to current heading.
[INFO] [1786736809.531706806] [attitude_scout_1]: [scout_1] Landed — tilt correction stopped, yaw-hold pinned to current heading.
[INFO] [1786736809.541474485] [attitude_scout_1]: [scout_1] Landed — tilt correction stopped, yaw-hold pinned to current heading.
[INFO] [1786736809.551675327] [attitude_scout_1]: [scout_1] Landed — tilt correction stopped, yaw-hold pinned to current heading.
[INFO] [1786736809.563768061] [attitude_scout_1]: [scout_1] Landed — tilt correction stopped, yaw-hold pinned to current heading.
[INFO] [1786736809.582551565] [attitude_scout_1]: [scout_1] Landed — tilt correction stopped, yaw-hold pinned to current heading.
[INFO] [1786736809.589169907] [attitude_scout_1]: [scout_1] Landed — tilt correction stopped, yaw-hold pinned to current heading.
[INFO] [1786736809.600319908] [attitude_scout_1]: [scout_1] Landed — tilt correction stopped, yaw-hold pinned to current heading.
[INFO] [1786736809.604253157] [attitude_scout_1]: [scout_1] Landed — tilt correction stopped, yaw-hold pinned to current heading.
[INFO] [1786736809.611477871] [attitude_scout_1]: [scout_1] Landed — tilt correction stopped, yaw-hold pinned to current heading.
[INFO] [1786736809.621955569] [attitude_scout_1]: [scout_1] Landed — tilt correction stopped, yaw-hold pinned to current heading.
[INFO] [1786736809.631424392] [attitude_scout_1]: [scout_1] Landed — tilt correction stopped, yaw-hold pinned to current heading.
[INFO] [1786736809.641934007] [attitude_scout_1]: [scout_1] Landed — tilt correction stopped, yaw-hold pinned to current heading.
[INFO] [1786736809.651855619] [attitude_scout_1]: [scout_1] Landed — tilt correction stopped, yaw-hold pinned to current heading.
[INFO] [1786736809.661619107] [attitude_scout_1]: [scout_1] Landed — tilt correction stopped, yaw-hold pinned to current heading.
[INFO] [1786736809.676736789] [attitude_scout_1]: [scout_1] Landed — tilt correction stopped, yaw-hold pinned to current heading.
[INFO] [1786736809.688034297] [attitude_scout_1]: [scout_1] Landed — tilt correction stopped, yaw-hold pinned to current heading.
[INFO] [1786736809.693434447] [attitude_scout_1]: [scout_1] Landed — tilt correction stopped, yaw-hold pinned to current heading.
[INFO] [1786736809.708492973] [attitude_scout_1]: [scout_1] Landed — tilt correction stopped, yaw-hold pinned to current heading.
[INFO] [1786736809.720549808] [attitude_scout_1]: [scout_1] Landed — tilt correction stopped, yaw-hold pinned to current heading.
[INFO] [1786736809.742839963] [attitude_scout_1]: [scout_1] Landed — tilt correction stopped, yaw-hold pinned to current heading.
[INFO] [1786736809.743662009] [attitude_scout_1]: [scout_1] Landed — tilt correction stopped, yaw-hold pinned to current heading.
[INFO] [1786736809.744547611] [attitude_scout_1]: [scout_1] Landed — tilt correction stopped, yaw-hold pinned to current heading.
[INFO] [1786736809.753117422] [attitude_scout_1]: [scout_1] Landed — tilt correction stopped, yaw-hold pinned to current heading.
[INFO] [1786736809.760879085] [attitude_scout_1]: [scout_1] Landed — tilt correction stopped, yaw-hold pinned to current heading.
[INFO] [1786736809.771627771] [attitude_scout_1]: [scout_1] Landed — tilt correction stopped, yaw-hold pinned to current heading.
[INFO] [1786736809.781527243] [attitude_scout_1]: [scout_1] Landed — tilt correction stopped, yaw-hold pinned to current heading.
[INFO] [1786736809.791554596] [attitude_scout_1]: [scout_1] Landed — tilt correction stopped, yaw-hold pinned to current heading.
[INFO] [1786736809.800915303] [attitude_scout_1]: [scout_1] Landed — tilt correction stopped, yaw-hold pinned to current heading.
[INFO] [1786736809.813230346] [attitude_scout_1]: [scout_1] Landed — tilt correction stopped, yaw-hold pinned to current heading.
[INFO] [1786736809.830855373] [attitude_scout_1]: [scout_1] Landed — tilt correction stopped, yaw-hold pinned to current heading.
[INFO] [1786736809.840229978] [attitude_scout_1]: [scout_1] Landed — tilt correction stopped, yaw-hold pinned to current heading.
[INFO] [1786736809.861495614] [attitude_scout_1]: [scout_1] Landed — tilt correction stopped, yaw-hold pinned to current heading.
[INFO] [1786736809.862658281] [attitude_scout_1]: [scout_1] Landed — tilt correction stopped, yaw-hold pinned to current heading.
[INFO] [1786736809.863624412] [attitude_scout_1]: [scout_1] Landed — tilt correction stopped, yaw-hold pinned to current heading.
[INFO] [1786736809.871763853] [attitude_scout_1]: [scout_1] Landed — tilt correction stopped, yaw-hold pinned to current heading.
[INFO] [1786736809.881513792] [attitude_scout_1]: [scout_1] Landed — tilt correction stopped, yaw-hold pinned to current heading.
[INFO] [1786736809.891233909] [attitude_scout_1]: [scout_1] Landed — tilt correction stopped, yaw-hold pinned to current heading.
[INFO] [1786736809.901700641] [attitude_scout_1]: [scout_1] Landed — tilt correction stopped, yaw-hold pinned to current heading.
[INFO] [1786736809.911251249] [attitude_scout_1]: [scout_1] Landed — tilt correction stopped, yaw-hold pinned to current heading.
[INFO] [1786736809.921324698] [attitude_scout_1]: [scout_1] Landed — tilt correction stopped, yaw-hold pinned to current heading.
[INFO] [1786736809.936243399] [attitude_scout_1]: [scout_1] Landed — tilt correction stopped, yaw-hold pinned to current heading.
[INFO] [1786736809.952037855] [attitude_scout_1]: [scout_1] Landed — tilt correction stopped, yaw-hold pinned to current heading.
[INFO] [1786736809.961980070] [attitude_scout_1]: [scout_1] Landed — tilt correction stopped, yaw-hold pinned to current heading.
[INFO] [1786736810.059988401] [attitude_scout_1]: [scout_1] Landed — tilt correction stopped, yaw-hold pinned to current heading.
[INFO] [1786736810.060769519] [attitude_scout_1]: [scout_1] Landed — tilt correction stopped, yaw-hold pinned to current heading.
[INFO] [1786736810.061459213] [attitude_scout_1]: [scout_1] Landed — tilt correction stopped, yaw-hold pinned to current heading.
[INFO] [1786736810.062060417] [attitude_scout_1]: [scout_1] Landed — tilt correction stopped, yaw-hold pinned to current heading.
[INFO] [1786736810.062665742] [attitude_scout_1]: [scout_1] Landed — tilt correction stopped, yaw-hold pinned to current heading.
[INFO] [1786736810.063283359] [attitude_scout_1]: [scout_1] Landed — tilt correction stopped, yaw-hold pinned to current heading.
[INFO] [1786736810.063952520] [attitude_scout_1]: [scout_1] Landed — tilt correction stopped, yaw-hold pinned to current heading.
[INFO] [1786736810.064599750] [attitude_scout_1]: [scout_1] Landed — tilt correction stopped, yaw-hold pinned to current heading.
[INFO] [1786736810.068112197] [attitude_scout_1]: [scout_1] Landed — tilt correction stopped, yaw-hold pinned to current heading.
[INFO] [1786736810.069398765] [attitude_scout_1]: [scout_1] Landed — tilt correction stopped, yaw-hold pinned to current heading.
[INFO] [1786736810.070495572] [attitude_scout_1]: [scout_1] Landed — tilt correction stopped, yaw-hold pinned to current heading.
[INFO] [1786736810.077513971] [attitude_scout_1]: [scout_1] Landed — tilt correction stopped, yaw-hold pinned to current heading.
[INFO] [1786736810.086779902] [attitude_scout_1]: [scout_1] Landed — tilt correction stopped, yaw-hold pinned to current heading.
[INFO] [1786736810.091956137] [attitude_scout_1]: [scout_1] Landed — tilt correction stopped, yaw-hold pinned to current heading.
[INFO] [1786736810.101632043] [attitude_scout_1]: [scout_1] Landed — tilt correction stopped, yaw-hold pinned to current heading.
[INFO] [1786736810.111958042] [attitude_scout_1]: [scout_1] Landed — tilt correction stopped, yaw-hold pinned to current heading.
[INFO] [1786736810.122617819] [attitude_scout_1]: [scout_1] Landed — tilt correction stopped, yaw-hold pinned to current heading.
[INFO] [1786736810.131735195] [attitude_scout_1]: [scout_1] Landed — tilt correction stopped, yaw-hold pinned to current heading.
[INFO] [1786736810.141663302] [attitude_scout_1]: [scout_1] Landed — tilt correction stopped, yaw-hold pinned to current heading.
[INFO] [1786736810.151624793] [attitude_scout_1]: [scout_1] Landed — tilt correction stopped, yaw-hold pinned to current heading.
[INFO] [1786736810.162540473] [attitude_scout_1]: [scout_1] Landed — tilt correction stopped, yaw-hold pinned to current heading.
[INFO] [1786736810.179152504] [attitude_scout_1]: [scout_1] Landed — tilt correction stopped, yaw-hold pinned to current heading.
[INFO] [1786736810.190719395] [attitude_scout_1]: [scout_1] Landed — tilt correction stopped, yaw-hold pinned to current heading.
[INFO] [1786736810.202981148] [attitude_scout_1]: [scout_1] Landed — tilt correction stopped, yaw-hold pinned to current heading.
[INFO] [1786736810.207896242] [attitude_scout_1]: [scout_1] Landed — tilt correction stopped, yaw-hold pinned to current heading.
[INFO] [1786736810.212748967] [attitude_scout_1]: [scout_1] Landed — tilt correction stopped, yaw-hold pinned to current heading.
[INFO] [1786736810.222427108] [attitude_scout_1]: [scout_1] Landed — tilt correction stopped, yaw-hold pinned to current heading.
[INFO] [1786736810.232164126] [attitude_scout_1]: [scout_1] Landed — tilt correction stopped, yaw-hold pinned to current heading.
[INFO] [1786736810.241881588] [attitude_scout_1]: [scout_1] Landed — tilt correction stopped, yaw-hold pinned to current heading.
[INFO] [1786736810.252079496] [attitude_scout_1]: [scout_1] Landed — tilt correction stopped, yaw-hold pinned to current heading.
[INFO] [1786736810.262222229] [attitude_scout_1]: [scout_1] Landed — tilt correction stopped, yaw-hold pinned to current heading.
[INFO] [1786736810.275073104] [attitude_scout_1]: [scout_1] Landed — tilt correction stopped, yaw-hold pinned to current heading.
[INFO] [1786736810.293061590] [attitude_scout_1]: [scout_1] Landed — tilt correction stopped, yaw-hold pinned to current heading.
[INFO] [1786736810.303044803] [attitude_scout_1]: [scout_1] Landed — tilt correction stopped, yaw-hold pinned to current heading.
[INFO] [1786736810.314893089] [attitude_scout_1]: [scout_1] Landed — tilt correction stopped, yaw-hold pinned to current heading.
[INFO] [1786736810.316012315] [attitude_scout_1]: [scout_1] Landed — tilt correction stopped, yaw-hold pinned to current heading.
[INFO] [1786736810.322081765] [attitude_scout_1]: [scout_1] Landed — tilt correction stopped, yaw-hold pinned to current heading.
[INFO] [1786736810.331708921] [attitude_scout_1]: [scout_1] Landed — tilt correction stopped, yaw-hold pinned to current heading.
[INFO] [1786736810.341896493] [attitude_scout_1]: [scout_1] Landed — tilt correction stopped, yaw-hold pinned to current heading.
[INFO] [1786736810.352141894] [attitude_scout_1]: [scout_1] Landed — tilt correction stopped, yaw-hold pinned to current heading.
[INFO] [1786736810.361592348] [attitude_scout_1]: [scout_1] Landed — tilt correction stopped, yaw-hold pinned to current heading.
[INFO] [1786736810.371559916] [attitude_scout_1]: [scout_1] Landed — tilt correction stopped, yaw-hold pinned to current heading.
[INFO] [1786736810.385381531] [attitude_scout_1]: [scout_1] Landed — tilt correction stopped, yaw-hold pinned to current heading.
[INFO] [1786736810.399576594] [attitude_scout_1]: [scout_1] Landed — tilt correction stopped, yaw-hold pinned to current heading.
[INFO] [1786736810.407228884] [attitude_scout_1]: [scout_1] Landed — tilt correction stopped, yaw-hold pinned to current heading.
[INFO] [1786736810.417554674] [attitude_scout_1]: [scout_1] Landed — tilt correction stopped, yaw-hold pinned to current heading.
[INFO] [1786736810.421069776] [attitude_scout_1]: [scout_1] Landed — tilt correction stopped, yaw-hold pinned to current heading.
[INFO] [1786736810.431665786] [attitude_scout_1]: [scout_1] Landed — tilt correction stopped, yaw-hold pinned to current heading.
[INFO] [1786736810.441649418] [attitude_scout_1]: [scout_1] Landed — tilt correction stopped, yaw-hold pinned to current heading.
[INFO] [1786736810.451202192] [attitude_scout_1]: [scout_1] Landed — tilt correction stopped, yaw-hold pinned to current heading.
[INFO] [1786736810.461099149] [attitude_scout_1]: [scout_1] Landed — tilt correction stopped, yaw-hold pinned to current heading.
[INFO] [1786736810.471619311] [attitude_scout_1]: [scout_1] Landed — tilt correction stopped, yaw-hold pinned to current heading.
[INFO] [1786736810.481690245] [attitude_scout_1]: [scout_1] Landed — tilt correction stopped, yaw-hold pinned to current heading.
[INFO] [1786736810.491947450] [attitude_scout_1]: [scout_1] Landed — tilt correction stopped, yaw-hold pinned to current heading.
[INFO] [1786736810.505721084] [attitude_scout_1]: [scout_1] Landed — tilt correction stopped, yaw-hold pinned to current heading.
[INFO] [1786736810.520961898] [attitude_scout_1]: [scout_1] Landed — tilt correction stopped, yaw-hold pinned to current heading.
[INFO] [1786736810.529642548] [attitude_scout_1]: [scout_1] Landed — tilt correction stopped, yaw-hold pinned to current heading.
[INFO] [1786736810.571770059] [attitude_scout_1]: [scout_1] Landed — tilt correction stopped, yaw-hold pinned to current heading.
[INFO] [1786736810.573129682] [attitude_scout_1]: [scout_1] Landed — tilt correction stopped, yaw-hold pinned to current heading.
[INFO] [1786736810.574478131] [attitude_scout_1]: [scout_1] Landed — tilt correction stopped, yaw-hold pinned to current heading.
[INFO] [1786736810.575497901] [attitude_scout_1]: [scout_1] Landed — tilt correction stopped, yaw-hold pinned to current heading.
[INFO] [1786736810.576402710] [attitude_scout_1]: [scout_1] Landed — tilt correction stopped, yaw-hold pinned to current heading.
[INFO] [1786736810.580913486] [attitude_scout_1]: [scout_1] Landed — tilt correction stopped, yaw-hold pinned to current heading.
[INFO] [1786736810.591179770] [attitude_scout_1]: [scout_1] Landed — tilt correction stopped, yaw-hold pinned to current heading.
[INFO] [1786736810.601242254] [attitude_scout_1]: [scout_1] Landed — tilt correction stopped, yaw-hold pinned to current heading.
[INFO] [1786736810.612200957] [attitude_scout_1]: [scout_1] Landed — tilt correction stopped, yaw-hold pinned to current heading.
[INFO] [1786736810.624796347] [attitude_scout_1]: [scout_1] Landed — tilt correction stopped, yaw-hold pinned to current heading.
[INFO] [1786736810.637582548] [attitude_scout_1]: [scout_1] Landed — tilt correction stopped, yaw-hold pinned to current heading.
[INFO] [1786736810.649243726] [attitude_scout_1]: [scout_1] Landed — tilt correction stopped, yaw-hold pinned to current heading.
[INFO] [1786736810.755942974] [attitude_scout_1]: [scout_1] Landed — tilt correction stopped, yaw-hold pinned to current heading.
[INFO] [1786736810.757163541] [attitude_scout_1]: [scout_1] Landed — tilt correction stopped, yaw-hold pinned to current heading.
[INFO] [1786736810.758424547] [attitude_scout_1]: [scout_1] Landed — tilt correction stopped, yaw-hold pinned to current heading.
[INFO] [1786736810.759543284] [attitude_scout_1]: [scout_1] Landed — tilt correction stopped, yaw-hold pinned to current heading.
[INFO] [1786736810.760451794] [attitude_scout_1]: [scout_1] Landed — tilt correction stopped, yaw-hold pinned to current heading.
[INFO] [1786736810.774998095] [attitude_scout_1]: [scout_1] Landed — tilt correction stopped, yaw-hold pinned to current heading.
[INFO] [1786736810.779222656] [attitude_scout_1]: [scout_1] Landed — tilt correction stopped, yaw-hold pinned to current heading.
[INFO] [1786736810.783467612] [attitude_scout_1]: [scout_1] Landed — tilt correction stopped, yaw-hold pinned to current heading.
[INFO] [1786736810.784540462] [attitude_scout_1]: [scout_1] Landed — tilt correction stopped, yaw-hold pinned to current heading.
[INFO] [1786736810.785651237] [attitude_scout_1]: [scout_1] Landed — tilt correction stopped, yaw-hold pinned to current heading.
[INFO] [1786736810.786587126] [attitude_scout_1]: [scout_1] Landed — tilt correction stopped, yaw-hold pinned to current heading.
[INFO] [1786736810.787501364] [attitude_scout_1]: [scout_1] Landed — tilt correction stopped, yaw-hold pinned to current heading.
[INFO] [1786736810.788575122] [attitude_scout_1]: [scout_1] Landed — tilt correction stopped, yaw-hold pinned to current heading.
[INFO] [1786736810.798348737] [attitude_scout_1]: [scout_1] Landed — tilt correction stopped, yaw-hold pinned to current heading.
[INFO] [1786736810.812644513] [attitude_scout_1]: [scout_1] Landed — tilt correction stopped, yaw-hold pinned to current heading.
[INFO] [1786736810.821273759] [attitude_scout_1]: [scout_1] Landed — tilt correction stopped, yaw-hold pinned to current heading.
[INFO] [1786736810.825295708] [attitude_scout_1]: [scout_1] Jump initiated. Flight mode active (tilt-PD held for stroke).
[INFO] [1786736812.563151356] [attitude_scout_1]: [scout_1] Separation — tilt correction engaged.
[INFO] [1786737048.136000652] [attitude_scout_1]: [scout_1] Contact — commanded-flight latch cleared (full attitude PD locked out until next ignition).
[INFO] [1786737050.063219104] [attitude_scout_1]: [scout_1] Landed — tilt correction stopped, yaw-hold pinned to current heading.
[INFO] [1786737050.064255985] [attitude_scout_1]: [scout_1] New target yaw received: -0.98 rad
[INFO] [1786737050.078682491] [attitude_scout_1]: [scout_1] Landed — tilt correction stopped, yaw-hold pinned to current heading.
[INFO] [1786737050.088299720] [attitude_scout_1]: [scout_1] Landed — tilt correction stopped, yaw-hold pinned to current heading.
[INFO] [1786737050.098874628] [attitude_scout_1]: [scout_1] Landed — tilt correction stopped, yaw-hold pinned to current heading.
[INFO] [1786737050.189725903] [attitude_scout_1]: [scout_1] Landed — tilt correction stopped, yaw-hold pinned to current heading.
[INFO] [1786737050.240858992] [attitude_scout_1]: [scout_1] Landed — tilt correction stopped, yaw-hold pinned to current heading.
[INFO] [1786737050.260283142] [attitude_scout_1]: [scout_1] Landed — tilt correction stopped, yaw-hold pinned to current heading.
[INFO] [1786737050.312565976] [attitude_scout_1]: [scout_1] Landed — tilt correction stopped, yaw-hold pinned to current heading.
[INFO] [1786737050.320073615] [attitude_scout_1]: [scout_1] Landed — tilt correction stopped, yaw-hold pinned to current heading.
[INFO] [1786737050.328070850] [attitude_scout_1]: [scout_1] Landed — tilt correction stopped, yaw-hold pinned to current heading.
[INFO] [1786737050.395404372] [attitude_scout_1]: [scout_1] Landed — tilt correction stopped, yaw-hold pinned to current heading.
[INFO] [1786737050.396223624] [attitude_scout_1]: [scout_1] Landed — tilt correction stopped, yaw-hold pinned to current heading.
[INFO] [1786737050.397063409] [attitude_scout_1]: [scout_1] Landed — tilt correction stopped, yaw-hold pinned to current heading.
[INFO] [1786737050.398059082] [attitude_scout_1]: [scout_1] Landed — tilt correction stopped, yaw-hold pinned to current heading.
[INFO] [1786737050.399142687] [attitude_scout_1]: [scout_1] Landed — tilt correction stopped, yaw-hold pinned to current heading.
[INFO] [1786737050.437524858] [attitude_scout_1]: [scout_1] Landed — tilt correction stopped, yaw-hold pinned to current heading.
[INFO] [1786737050.444924101] [attitude_scout_1]: [scout_1] Landed — tilt correction stopped, yaw-hold pinned to current heading.
[INFO] [1786737050.445898263] [attitude_scout_1]: [scout_1] Landed — tilt correction stopped, yaw-hold pinned to current heading.
[INFO] [1786737050.446978865] [attitude_scout_1]: [scout_1] Landed — tilt correction stopped, yaw-hold pinned to current heading.
[INFO] [1786737050.447921877] [attitude_scout_1]: [scout_1] Landed — tilt correction stopped, yaw-hold pinned to current heading.
[INFO] [1786737050.448950656] [attitude_scout_1]: [scout_1] Landed — tilt correction stopped, yaw-hold pinned to current heading.
[INFO] [1786737050.449955548] [attitude_scout_1]: [scout_1] Landed — tilt correction stopped, yaw-hold pinned to current heading.
[INFO] [1786737050.451013032] [attitude_scout_1]: [scout_1] Landed — tilt correction stopped, yaw-hold pinned to current heading.
[INFO] [1786737050.452087697] [attitude_scout_1]: [scout_1] Landed — tilt correction stopped, yaw-hold pinned to current heading.
[INFO] [1786737050.453085046] [attitude_scout_1]: [scout_1] Landed — tilt correction stopped, yaw-hold pinned to current heading.
[INFO] [1786737050.453993556] [attitude_scout_1]: [scout_1] Landed — tilt correction stopped, yaw-hold pinned to current heading.
[INFO] [1786737050.529776892] [attitude_scout_1]: [scout_1] Landed — tilt correction stopped, yaw-hold pinned to current heading.
[INFO] [1786737050.530661167] [attitude_scout_1]: [scout_1] Landed — tilt correction stopped, yaw-hold pinned to current heading.
[INFO] [1786737050.531459326] [attitude_scout_1]: [scout_1] Landed — tilt correction stopped, yaw-hold pinned to current heading.
[INFO] [1786737050.532322019] [attitude_scout_1]: [scout_1] Landed — tilt correction stopped, yaw-hold pinned to current heading.
[INFO] [1786737050.533321324] [attitude_scout_1]: [scout_1] Landed — tilt correction stopped, yaw-hold pinned to current heading.
[INFO] [1786737050.613542167] [attitude_scout_1]: [scout_1] Landed — tilt correction stopped, yaw-hold pinned to current heading.
[INFO] [1786737050.614762453] [attitude_scout_1]: [scout_1] Landed — tilt correction stopped, yaw-hold pinned to current heading.
[INFO] [1786737050.627912450] [attitude_scout_1]: [scout_1] Landed — tilt correction stopped, yaw-hold pinned to current heading.
[INFO] [1786737050.631426361] [attitude_scout_1]: [scout_1] Landed — tilt correction stopped, yaw-hold pinned to current heading.
[INFO] [1786737050.632798136] [attitude_scout_1]: [scout_1] Landed — tilt correction stopped, yaw-hold pinned to current heading.
[INFO] [1786737050.634714332] [attitude_scout_1]: [scout_1] Landed — tilt correction stopped, yaw-hold pinned to current heading.
[INFO] [1786737050.636006416] [attitude_scout_1]: [scout_1] Landed — tilt correction stopped, yaw-hold pinned to current heading.
[INFO] [1786737050.644523697] [attitude_scout_1]: [scout_1] Landed — tilt correction stopped, yaw-hold pinned to current heading.
[INFO] [1786737050.645873402] [attitude_scout_1]: [scout_1] Landed — tilt correction stopped, yaw-hold pinned to current heading.
[INFO] [1786737050.646901342] [attitude_scout_1]: [scout_1] Landed — tilt correction stopped, yaw-hold pinned to current heading.
[INFO] [1786737050.667303774] [attitude_scout_1]: [scout_1] Landed — tilt correction stopped, yaw-hold pinned to current heading.
[INFO] [1786737050.675507742] [attitude_scout_1]: [scout_1] Landed — tilt correction stopped, yaw-hold pinned to current heading.
[INFO] [1786737050.676754150] [attitude_scout_1]: [scout_1] Landed — tilt correction stopped, yaw-hold pinned to current heading.
[INFO] [1786737050.677878333] [attitude_scout_1]: [scout_1] Landed — tilt correction stopped, yaw-hold pinned to current heading.
[INFO] [1786737050.679107978] [attitude_scout_1]: [scout_1] Landed — tilt correction stopped, yaw-hold pinned to current heading.
[INFO] [1786737050.680178872] [attitude_scout_1]: [scout_1] Landed — tilt correction stopped, yaw-hold pinned to current heading.
[INFO] [1786737050.704195229] [attitude_scout_1]: [scout_1] Landed — tilt correction stopped, yaw-hold pinned to current heading.
[INFO] [1786737050.815275937] [attitude_scout_1]: [scout_1] Landed — tilt correction stopped, yaw-hold pinned to current heading.
[INFO] [1786737050.823779040] [attitude_scout_1]: [scout_1] Landed — tilt correction stopped, yaw-hold pinned to current heading.
[INFO] [1786737050.824923268] [attitude_scout_1]: [scout_1] Landed — tilt correction stopped, yaw-hold pinned to current heading.
[INFO] [1786737050.826209695] [attitude_scout_1]: [scout_1] Landed — tilt correction stopped, yaw-hold pinned to current heading.
[INFO] [1786737050.827521196] [attitude_scout_1]: [scout_1] Landed — tilt correction stopped, yaw-hold pinned to current heading.
[INFO] [1786737050.828861052] [attitude_scout_1]: [scout_1] Landed — tilt correction stopped, yaw-hold pinned to current heading.
[INFO] [1786737050.830204331] [attitude_scout_1]: [scout_1] Landed — tilt correction stopped, yaw-hold pinned to current heading.
[INFO] [1786737050.906107866] [attitude_scout_1]: [scout_1] Landed — tilt correction stopped, yaw-hold pinned to current heading.
[INFO] [1786737050.907232957] [attitude_scout_1]: [scout_1] Landed — tilt correction stopped, yaw-hold pinned to current heading.
[INFO] [1786737050.957014455] [attitude_scout_1]: [scout_1] Landed — tilt correction stopped, yaw-hold pinned to current heading.
[INFO] [1786737050.958239491] [attitude_scout_1]: [scout_1] Landed — tilt correction stopped, yaw-hold pinned to current heading.
[INFO] [1786737050.959486178] [attitude_scout_1]: [scout_1] Landed — tilt correction stopped, yaw-hold pinned to current heading.
[INFO] [1786737050.960632362] [attitude_scout_1]: [scout_1] Landed — tilt correction stopped, yaw-hold pinned to current heading.
[INFO] [1786737050.961755637] [attitude_scout_1]: [scout_1] Landed — tilt correction stopped, yaw-hold pinned to current heading.
[INFO] [1786737050.998555040] [attitude_scout_1]: [scout_1] Landed — tilt correction stopped, yaw-hold pinned to current heading.
[INFO] [1786737051.067156411] [attitude_scout_1]: [scout_1] Landed — tilt correction stopped, yaw-hold pinned to current heading.
[INFO] [1786737051.068154529] [attitude_scout_1]: [scout_1] Landed — tilt correction stopped, yaw-hold pinned to current heading.
[INFO] [1786737051.069090277] [attitude_scout_1]: [scout_1] Landed — tilt correction stopped, yaw-hold pinned to current heading.
[INFO] [1786737051.102000226] [attitude_scout_1]: [scout_1] Landed — tilt correction stopped, yaw-hold pinned to current heading.
[INFO] [1786737051.103046326] [attitude_scout_1]: [scout_1] Landed — tilt correction stopped, yaw-hold pinned to current heading.
[INFO] [1786737051.146219546] [attitude_scout_1]: [scout_1] Landed — tilt correction stopped, yaw-hold pinned to current heading.
[INFO] [1786737051.147183511] [attitude_scout_1]: [scout_1] Landed — tilt correction stopped, yaw-hold pinned to current heading.
[INFO] [1786737051.148285414] [attitude_scout_1]: [scout_1] Landed — tilt correction stopped, yaw-hold pinned to current heading.
[INFO] [1786737051.149359940] [attitude_scout_1]: [scout_1] Landed — tilt correction stopped, yaw-hold pinned to current heading.
[INFO] [1786737051.150510384] [attitude_scout_1]: [scout_1] Landed — tilt correction stopped, yaw-hold pinned to current heading.
[INFO] [1786737051.151646021] [attitude_scout_1]: [scout_1] Landed — tilt correction stopped, yaw-hold pinned to current heading.
[INFO] [1786737051.201848390] [attitude_scout_1]: [scout_1] Landed — tilt correction stopped, yaw-hold pinned to current heading.
[INFO] [1786737051.203245936] [attitude_scout_1]: [scout_1] Landed — tilt correction stopped, yaw-hold pinned to current heading.
[INFO] [1786737051.204181266] [attitude_scout_1]: [scout_1] Landed — tilt correction stopped, yaw-hold pinned to current heading.
[INFO] [1786737051.205208717] [attitude_scout_1]: [scout_1] Landed — tilt correction stopped, yaw-hold pinned to current heading.
[INFO] [1786737051.213983437] [attitude_scout_1]: [scout_1] Landed — tilt correction stopped, yaw-hold pinned to current heading.
[INFO] [1786737051.215109506] [attitude_scout_1]: [scout_1] Landed — tilt correction stopped, yaw-hold pinned to current heading.
[INFO] [1786737051.216430296] [attitude_scout_1]: [scout_1] Landed — tilt correction stopped, yaw-hold pinned to current heading.
[INFO] [1786737051.390254343] [attitude_scout_1]: [scout_1] Landed — tilt correction stopped, yaw-hold pinned to current heading.
[INFO] [1786737051.391228016] [attitude_scout_1]: [scout_1] Landed — tilt correction stopped, yaw-hold pinned to current heading.
[INFO] [1786737051.392030715] [attitude_scout_1]: [scout_1] Landed — tilt correction stopped, yaw-hold pinned to current heading.
[INFO] [1786737051.392796677] [attitude_scout_1]: [scout_1] Landed — tilt correction stopped, yaw-hold pinned to current heading.
[INFO] [1786737051.393466675] [attitude_scout_1]: [scout_1] Landed — tilt correction stopped, yaw-hold pinned to current heading.
[INFO] [1786737051.394072558] [attitude_scout_1]: [scout_1] Landed — tilt correction stopped, yaw-hold pinned to current heading.
[INFO] [1786737051.439208000] [attitude_scout_1]: [scout_1] Landed — tilt correction stopped, yaw-hold pinned to current heading.
[INFO] [1786737051.447093347] [attitude_scout_1]: [scout_1] Landed — tilt correction stopped, yaw-hold pinned to current heading.
[INFO] [1786737051.448138468] [attitude_scout_1]: [scout_1] Landed — tilt correction stopped, yaw-hold pinned to current heading.
[INFO] [1786737051.449273128] [attitude_scout_1]: [scout_1] Landed — tilt correction stopped, yaw-hold pinned to current heading.
[INFO] [1786737051.450122970] [attitude_scout_1]: [scout_1] Landed — tilt correction stopped, yaw-hold pinned to current heading.
[INFO] [1786737051.451124650] [attitude_scout_1]: [scout_1] Landed — tilt correction stopped, yaw-hold pinned to current heading.
[INFO] [1786737051.452120114] [attitude_scout_1]: [scout_1] Landed — tilt correction stopped, yaw-hold pinned to current heading.
[INFO] [1786737051.453075767] [attitude_scout_1]: [scout_1] Landed — tilt correction stopped, yaw-hold pinned to current heading.
[INFO] [1786737051.518138713] [attitude_scout_1]: [scout_1] Landed — tilt correction stopped, yaw-hold pinned to current heading.
[INFO] [1786737051.519057979] [attitude_scout_1]: [scout_1] Landed — tilt correction stopped, yaw-hold pinned to current heading.
[INFO] [1786737051.537134170] [attitude_scout_1]: [scout_1] Landed — tilt correction stopped, yaw-hold pinned to current heading.
[INFO] [1786737051.538106656] [attitude_scout_1]: [scout_1] Landed — tilt correction stopped, yaw-hold pinned to current heading.
[INFO] [1786737051.539333577] [attitude_scout_1]: [scout_1] Landed — tilt correction stopped, yaw-hold pinned to current heading.
[INFO] [1786737051.540344127] [attitude_scout_1]: [scout_1] Landed — tilt correction stopped, yaw-hold pinned to current heading.
[INFO] [1786737051.541644523] [attitude_scout_1]: [scout_1] Landed — tilt correction stopped, yaw-hold pinned to current heading.
[INFO] [1786737051.543092914] [attitude_scout_1]: [scout_1] Landed — tilt correction stopped, yaw-hold pinned to current heading.
[INFO] [1786737051.544450022] [attitude_scout_1]: [scout_1] Landed — tilt correction stopped, yaw-hold pinned to current heading.
[INFO] [1786737051.545648099] [attitude_scout_1]: [scout_1] Landed — tilt correction stopped, yaw-hold pinned to current heading.
[INFO] [1786737051.571895432] [attitude_scout_1]: [scout_1] Landed — tilt correction stopped, yaw-hold pinned to current heading.
[INFO] [1786737051.657139968] [attitude_scout_1]: [scout_1] Landed — tilt correction stopped, yaw-hold pinned to current heading.
[INFO] [1786737051.718415500] [attitude_scout_1]: [scout_1] Landed — tilt correction stopped, yaw-hold pinned to current heading.
[INFO] [1786737051.763409582] [attitude_scout_1]: [scout_1] Landed — tilt correction stopped, yaw-hold pinned to current heading.
[INFO] [1786737051.764693076] [attitude_scout_1]: [scout_1] Landed — tilt correction stopped, yaw-hold pinned to current heading.
[INFO] [1786737051.830712583] [attitude_scout_1]: [scout_1] Landed — tilt correction stopped, yaw-hold pinned to current heading.
[INFO] [1786737051.847851838] [attitude_scout_1]: [scout_1] Landed — tilt correction stopped, yaw-hold pinned to current heading.
[INFO] [1786737051.924390729] [attitude_scout_1]: [scout_1] Landed — tilt correction stopped, yaw-hold pinned to current heading.
[INFO] [1786737051.925428587] [attitude_scout_1]: [scout_1] Landed — tilt correction stopped, yaw-hold pinned to current heading.
[INFO] [1786737051.926419092] [attitude_scout_1]: [scout_1] Landed — tilt correction stopped, yaw-hold pinned to current heading.
[INFO] [1786737051.927279271] [attitude_scout_1]: [scout_1] Landed — tilt correction stopped, yaw-hold pinned to current heading.
[INFO] [1786737051.934836219] [attitude_scout_1]: [scout_1] Landed — tilt correction stopped, yaw-hold pinned to current heading.
[INFO] [1786737051.935721122] [attitude_scout_1]: [scout_1] Landed — tilt correction stopped, yaw-hold pinned to current heading.
[INFO] [1786737052.016930863] [attitude_scout_1]: [scout_1] Landed — tilt correction stopped, yaw-hold pinned to current heading.
[INFO] [1786737052.017806826] [attitude_scout_1]: [scout_1] Landed — tilt correction stopped, yaw-hold pinned to current heading.
[INFO] [1786737052.018521174] [attitude_scout_1]: [scout_1] Landed — tilt correction stopped, yaw-hold pinned to current heading.
[INFO] [1786737052.019287555] [attitude_scout_1]: [scout_1] Landed — tilt correction stopped, yaw-hold pinned to current heading.
[INFO] [1786737052.020229659] [attitude_scout_1]: [scout_1] Landed — tilt correction stopped, yaw-hold pinned to current heading.
[INFO] [1786737052.022067422] [attitude_scout_1]: [scout_1] Landed — tilt correction stopped, yaw-hold pinned to current heading.
[INFO] [1786737052.092833349] [attitude_scout_1]: [scout_1] Landed — tilt correction stopped, yaw-hold pinned to current heading.
[INFO] [1786737052.159652063] [attitude_scout_1]: [scout_1] Landed — tilt correction stopped, yaw-hold pinned to current heading.
[INFO] [1786737052.160805371] [attitude_scout_1]: [scout_1] Landed — tilt correction stopped, yaw-hold pinned to current heading.
[INFO] [1786737052.161847978] [attitude_scout_1]: [scout_1] Landed — tilt correction stopped, yaw-hold pinned to current heading.
[INFO] [1786737052.162638874] [attitude_scout_1]: [scout_1] Landed — tilt correction stopped, yaw-hold pinned to current heading.
[INFO] [1786737052.163346168] [attitude_scout_1]: [scout_1] Landed — tilt correction stopped, yaw-hold pinned to current heading.
[INFO] [1786737052.164050039] [attitude_scout_1]: [scout_1] Landed — tilt correction stopped, yaw-hold pinned to current heading.
[INFO] [1786737052.165022734] [attitude_scout_1]: [scout_1] Landed — tilt correction stopped, yaw-hold pinned to current heading.
[INFO] [1786737052.165993474] [attitude_scout_1]: [scout_1] Landed — tilt correction stopped, yaw-hold pinned to current heading.
[INFO] [1786737052.239018244] [attitude_scout_1]: [scout_1] Landed — tilt correction stopped, yaw-hold pinned to current heading.
[INFO] [1786737052.240807467] [attitude_scout_1]: [scout_1] Landed — tilt correction stopped, yaw-hold pinned to current heading.
[INFO] [1786737052.241906926] [attitude_scout_1]: [scout_1] Landed — tilt correction stopped, yaw-hold pinned to current heading.
[INFO] [1786737052.243205715] [attitude_scout_1]: [scout_1] Landed — tilt correction stopped, yaw-hold pinned to current heading.
[INFO] [1786737052.244541241] [attitude_scout_1]: [scout_1] Landed — tilt correction stopped, yaw-hold pinned to current heading.
[INFO] [1786737052.245786042] [attitude_scout_1]: [scout_1] Landed — tilt correction stopped, yaw-hold pinned to current heading.
[INFO] [1786737052.247012335] [attitude_scout_1]: [scout_1] Landed — tilt correction stopped, yaw-hold pinned to current heading.
[INFO] [1786737052.248330331] [attitude_scout_1]: [scout_1] Landed — tilt correction stopped, yaw-hold pinned to current heading.
[INFO] [1786737052.269130306] [attitude_scout_1]: [scout_1] Landed — tilt correction stopped, yaw-hold pinned to current heading.
[INFO] [1786737052.270319722] [attitude_scout_1]: [scout_1] Landed — tilt correction stopped, yaw-hold pinned to current heading.
[INFO] [1786737052.271357999] [attitude_scout_1]: [scout_1] Landed — tilt correction stopped, yaw-hold pinned to current heading.
[INFO] [1786737052.397677201] [attitude_scout_1]: [scout_1] Landed — tilt correction stopped, yaw-hold pinned to current heading.
[INFO] [1786737052.399017546] [attitude_scout_1]: [scout_1] Landed — tilt correction stopped, yaw-hold pinned to current heading.
[INFO] [1786737052.407289401] [attitude_scout_1]: [scout_1] Landed — tilt correction stopped, yaw-hold pinned to current heading.
[INFO] [1786737052.408611587] [attitude_scout_1]: [scout_1] Landed — tilt correction stopped, yaw-hold pinned to current heading.
[INFO] [1786737052.451761899] [attitude_scout_1]: [scout_1] Landed — tilt correction stopped, yaw-hold pinned to current heading.
[INFO] [1786737052.471996081] [attitude_scout_1]: [scout_1] Landed — tilt correction stopped, yaw-hold pinned to current heading.
[INFO] [1786737052.478501970] [attitude_scout_1]: [scout_1] Landed — tilt correction stopped, yaw-hold pinned to current heading.
[INFO] [1786737052.479713945] [attitude_scout_1]: [scout_1] Landed — tilt correction stopped, yaw-hold pinned to current heading.
[INFO] [1786737052.480976207] [attitude_scout_1]: [scout_1] Landed — tilt correction stopped, yaw-hold pinned to current heading.
[INFO] [1786737052.482337156] [attitude_scout_1]: [scout_1] Landed — tilt correction stopped, yaw-hold pinned to current heading.
[INFO] [1786737052.483396526] [attitude_scout_1]: [scout_1] Landed — tilt correction stopped, yaw-hold pinned to current heading.
[INFO] [1786737052.484282896] [attitude_scout_1]: [scout_1] Landed — tilt correction stopped, yaw-hold pinned to current heading.
[INFO] [1786737052.485337516] [attitude_scout_1]: [scout_1] Landed — tilt correction stopped, yaw-hold pinned to current heading.
[INFO] [1786737052.486432505] [attitude_scout_1]: [scout_1] Landed — tilt correction stopped, yaw-hold pinned to current heading.
[INFO] [1786737052.487486636] [attitude_scout_1]: [scout_1] Landed — tilt correction stopped, yaw-hold pinned to current heading.
[INFO] [1786737052.537802499] [attitude_scout_1]: [scout_1] Landed — tilt correction stopped, yaw-hold pinned to current heading.
[INFO] [1786737052.570305686] [attitude_scout_1]: [scout_1] Landed — tilt correction stopped, yaw-hold pinned to current heading.
[INFO] [1786737052.571479736] [attitude_scout_1]: [scout_1] Landed — tilt correction stopped, yaw-hold pinned to current heading.
[INFO] [1786737052.572594421] [attitude_scout_1]: [scout_1] Landed — tilt correction stopped, yaw-hold pinned to current heading.
[INFO] [1786737052.698680069] [attitude_scout_1]: [scout_1] Landed — tilt correction stopped, yaw-hold pinned to current heading.
[INFO] [1786737052.699608904] [attitude_scout_1]: [scout_1] Landed — tilt correction stopped, yaw-hold pinned to current heading.
[INFO] [1786737052.700728407] [attitude_scout_1]: [scout_1] Landed — tilt correction stopped, yaw-hold pinned to current heading.
[INFO] [1786737052.701741332] [attitude_scout_1]: [scout_1] Landed — tilt correction stopped, yaw-hold pinned to current heading.
[INFO] [1786737052.702790225] [attitude_scout_1]: [scout_1] Landed — tilt correction stopped, yaw-hold pinned to current heading.
[INFO] [1786737052.703865379] [attitude_scout_1]: [scout_1] Landed — tilt correction stopped, yaw-hold pinned to current heading.
[INFO] [1786737052.704842125] [attitude_scout_1]: [scout_1] Landed — tilt correction stopped, yaw-hold pinned to current heading.
[INFO] [1786737052.706148876] [attitude_scout_1]: [scout_1] Landed — tilt correction stopped, yaw-hold pinned to current heading.
[INFO] [1786737052.801930884] [attitude_scout_1]: [scout_1] Landed — tilt correction stopped, yaw-hold pinned to current heading.
[INFO] [1786737052.828603558] [attitude_scout_1]: [scout_1] Landed — tilt correction stopped, yaw-hold pinned to current heading.
[INFO] [1786737052.872514593] [attitude_scout_1]: [scout_1] Landed — tilt correction stopped, yaw-hold pinned to current heading.
[INFO] [1786737052.873831122] [attitude_scout_1]: [scout_1] Landed — tilt correction stopped, yaw-hold pinned to current heading.
[INFO] [1786737052.875102603] [attitude_scout_1]: [scout_1] Landed — tilt correction stopped, yaw-hold pinned to current heading.
[INFO] [1786737052.876563706] [attitude_scout_1]: [scout_1] Landed — tilt correction stopped, yaw-hold pinned to current heading.
[INFO] [1786737052.877577119] [attitude_scout_1]: [scout_1] Landed — tilt correction stopped, yaw-hold pinned to current heading.
[INFO] [1786737052.878513426] [attitude_scout_1]: [scout_1] Landed — tilt correction stopped, yaw-hold pinned to current heading.
[INFO] [1786737052.879681541] [attitude_scout_1]: [scout_1] Landed — tilt correction stopped, yaw-hold pinned to current heading.
[INFO] [1786737052.880970412] [attitude_scout_1]: [scout_1] Landed — tilt correction stopped, yaw-hold pinned to current heading.
[INFO] [1786737052.882258795] [attitude_scout_1]: [scout_1] Landed — tilt correction stopped, yaw-hold pinned to current heading.
[INFO] [1786737052.883572670] [attitude_scout_1]: [scout_1] Landed — tilt correction stopped, yaw-hold pinned to current heading.
[INFO] [1786737052.993457047] [attitude_scout_1]: [scout_1] Landed — tilt correction stopped, yaw-hold pinned to current heading.
[INFO] [1786737053.010999851] [attitude_scout_1]: [scout_1] Landed — tilt correction stopped, yaw-hold pinned to current heading.
[INFO] [1786737053.011999576] [attitude_scout_1]: [scout_1] Landed — tilt correction stopped, yaw-hold pinned to current heading.
[INFO] [1786737053.012900612] [attitude_scout_1]: [scout_1] Landed — tilt correction stopped, yaw-hold pinned to current heading.
[INFO] [1786737053.045791145] [attitude_scout_1]: [scout_1] Landed — tilt correction stopped, yaw-hold pinned to current heading.
[INFO] [1786737053.046665432] [attitude_scout_1]: [scout_1] Landed — tilt correction stopped, yaw-hold pinned to current heading.
[INFO] [1786737053.047499071] [attitude_scout_1]: [scout_1] Landed — tilt correction stopped, yaw-hold pinned to current heading.
[INFO] [1786737053.077614276] [attitude_scout_1]: [scout_1] Landed — tilt correction stopped, yaw-hold pinned to current heading.
[INFO] [1786737053.078751939] [attitude_scout_1]: [scout_1] Landed — tilt correction stopped, yaw-hold pinned to current heading.
[INFO] [1786737053.102276885] [attitude_scout_1]: [scout_1] Landed — tilt correction stopped, yaw-hold pinned to current heading.
[INFO] [1786737053.103458479] [attitude_scout_1]: [scout_1] Landed — tilt correction stopped, yaw-hold pinned to current heading.
[INFO] [1786737053.104555004] [attitude_scout_1]: [scout_1] Landed — tilt correction stopped, yaw-hold pinned to current heading.
[INFO] [1786737053.105663124] [attitude_scout_1]: [scout_1] Landed — tilt correction stopped, yaw-hold pinned to current heading.
[INFO] [1786737053.106832635] [attitude_scout_1]: [scout_1] Landed — tilt correction stopped, yaw-hold pinned to current heading.
[INFO] [1786737053.107835292] [attitude_scout_1]: [scout_1] Landed — tilt correction stopped, yaw-hold pinned to current heading.
[INFO] [1786737053.108965273] [attitude_scout_1]: [scout_1] Landed — tilt correction stopped, yaw-hold pinned to current heading.
[INFO] [1786737053.110128917] [attitude_scout_1]: [scout_1] Landed — tilt correction stopped, yaw-hold pinned to current heading.
[INFO] [1786737053.138928571] [attitude_scout_1]: [scout_1] Landed — tilt correction stopped, yaw-hold pinned to current heading.
[INFO] [1786737053.139965171] [attitude_scout_1]: [scout_1] Landed — tilt correction stopped, yaw-hold pinned to current heading.
[INFO] [1786737053.195762545] [attitude_scout_1]: [scout_1] Landed — tilt correction stopped, yaw-hold pinned to current heading.
[INFO] [1786737053.206000812] [attitude_scout_1]: [scout_1] Landed — tilt correction stopped, yaw-hold pinned to current heading.
[INFO] [1786737053.215710233] [attitude_scout_1]: [scout_1] Landed — tilt correction stopped, yaw-hold pinned to current heading.
[INFO] [1786737053.238381495] [attitude_scout_1]: [scout_1] Landed — tilt correction stopped, yaw-hold pinned to current heading.
[INFO] [1786737053.356234819] [attitude_scout_1]: [scout_1] Landed — tilt correction stopped, yaw-hold pinned to current heading.
[INFO] [1786737053.357305224] [attitude_scout_1]: [scout_1] Landed — tilt correction stopped, yaw-hold pinned to current heading.
[INFO] [1786737053.358355444] [attitude_scout_1]: [scout_1] Landed — tilt correction stopped, yaw-hold pinned to current heading.
[INFO] [1786737053.362956731] [attitude_scout_1]: [scout_1] Landed — tilt correction stopped, yaw-hold pinned to current heading.
[INFO] [1786737053.370323987] [attitude_scout_1]: [scout_1] Landed — tilt correction stopped, yaw-hold pinned to current heading.
[INFO] [1786737053.371490355] [attitude_scout_1]: [scout_1] Landed — tilt correction stopped, yaw-hold pinned to current heading.
[INFO] [1786737053.372488543] [attitude_scout_1]: [scout_1] Landed — tilt correction stopped, yaw-hold pinned to current heading.
[INFO] [1786737053.373471645] [attitude_scout_1]: [scout_1] Landed — tilt correction stopped, yaw-hold pinned to current heading.
[INFO] [1786737053.374433444] [attitude_scout_1]: [scout_1] Landed — tilt correction stopped, yaw-hold pinned to current heading.
[INFO] [1786737053.375438337] [attitude_scout_1]: [scout_1] Landed — tilt correction stopped, yaw-hold pinned to current heading.
[INFO] [1786737053.455721338] [attitude_scout_1]: [scout_1] Landed — tilt correction stopped, yaw-hold pinned to current heading.
[INFO] [1786737053.463392409] [attitude_scout_1]: [scout_1] Landed — tilt correction stopped, yaw-hold pinned to current heading.
[INFO] [1786737053.470627103] [attitude_scout_1]: [scout_1] Landed — tilt correction stopped, yaw-hold pinned to current heading.
[INFO] [1786737053.471854234] [attitude_scout_1]: [scout_1] Landed — tilt correction stopped, yaw-hold pinned to current heading.
[INFO] [1786737053.472951808] [attitude_scout_1]: [scout_1] Landed — tilt correction stopped, yaw-hold pinned to current heading.
[INFO] [1786737053.473965780] [attitude_scout_1]: [scout_1] Landed — tilt correction stopped, yaw-hold pinned to current heading.
[INFO] [1786737053.474875896] [attitude_scout_1]: [scout_1] Landed — tilt correction stopped, yaw-hold pinned to current heading.
[INFO] [1786737053.475799492] [attitude_scout_1]: [scout_1] Landed — tilt correction stopped, yaw-hold pinned to current heading.
[INFO] [1786737053.476622166] [attitude_scout_1]: [scout_1] Landed — tilt correction stopped, yaw-hold pinned to current heading.
[INFO] [1786737053.477313396] [attitude_scout_1]: [scout_1] Landed — tilt correction stopped, yaw-hold pinned to current heading.
[INFO] [1786737053.478046881] [attitude_scout_1]: [scout_1] Landed — tilt correction stopped, yaw-hold pinned to current heading.
[INFO] [1786737053.649468418] [attitude_scout_1]: [scout_1] Landed — tilt correction stopped, yaw-hold pinned to current heading.
[INFO] [1786737053.650359328] [attitude_scout_1]: [scout_1] Landed — tilt correction stopped, yaw-hold pinned to current heading.
[INFO] [1786737053.671766722] [attitude_scout_1]: [scout_1] Landed — tilt correction stopped, yaw-hold pinned to current heading.
[INFO] [1786737053.715030178] [attitude_scout_1]: [scout_1] Landed — tilt correction stopped, yaw-hold pinned to current heading.
[INFO] [1786737053.740009732] [attitude_scout_1]: [scout_1] Landed — tilt correction stopped, yaw-hold pinned to current heading.
[INFO] [1786737053.801664927] [attitude_scout_1]: [scout_1] Landed — tilt correction stopped, yaw-hold pinned to current heading.
[INFO] [1786737053.803398416] [attitude_scout_1]: [scout_1] Landed — tilt correction stopped, yaw-hold pinned to current heading.
[INFO] [1786737053.819603948] [attitude_scout_1]: [scout_1] Landed — tilt correction stopped, yaw-hold pinned to current heading.
[INFO] [1786737053.820695445] [attitude_scout_1]: [scout_1] Landed — tilt correction stopped, yaw-hold pinned to current heading.
[INFO] [1786737053.853494903] [attitude_scout_1]: [scout_1] Landed — tilt correction stopped, yaw-hold pinned to current heading.
[INFO] [1786737053.861585167] [attitude_scout_1]: [scout_1] Landed — tilt correction stopped, yaw-hold pinned to current heading.
[INFO] [1786737053.862802939] [attitude_scout_1]: [scout_1] Landed — tilt correction stopped, yaw-hold pinned to current heading.
[INFO] [1786737053.863983695] [attitude_scout_1]: [scout_1] Landed — tilt correction stopped, yaw-hold pinned to current heading.
[INFO] [1786737053.865046277] [attitude_scout_1]: [scout_1] Landed — tilt correction stopped, yaw-hold pinned to current heading.
[INFO] [1786737053.865795966] [attitude_scout_1]: [scout_1] Landed — tilt correction stopped, yaw-hold pinned to current heading.
[INFO] [1786737053.913039740] [attitude_scout_1]: [scout_1] Landed — tilt correction stopped, yaw-hold pinned to current heading.
[INFO] [1786737053.932174323] [attitude_scout_1]: [scout_1] Landed — tilt correction stopped, yaw-hold pinned to current heading.
[INFO] [1786737053.951497061] [attitude_scout_1]: [scout_1] Landed — tilt correction stopped, yaw-hold pinned to current heading.
[INFO] [1786737053.952574869] [attitude_scout_1]: [scout_1] Landed — tilt correction stopped, yaw-hold pinned to current heading.
[INFO] [1786737053.953943780] [attitude_scout_1]: [scout_1] Landed — tilt correction stopped, yaw-hold pinned to current heading.
[INFO] [1786737053.955004617] [attitude_scout_1]: [scout_1] Landed — tilt correction stopped, yaw-hold pinned to current heading.
[INFO] [1786737053.956035909] [attitude_scout_1]: [scout_1] Landed — tilt correction stopped, yaw-hold pinned to current heading.
[INFO] [1786737053.957065736] [attitude_scout_1]: [scout_1] Landed — tilt correction stopped, yaw-hold pinned to current heading.
[INFO] [1786737053.958151855] [attitude_scout_1]: [scout_1] Landed — tilt correction stopped, yaw-hold pinned to current heading.
[INFO] [1786737053.959132372] [attitude_scout_1]: [scout_1] Landed — tilt correction stopped, yaw-hold pinned to current heading.
[INFO] [1786737054.058980744] [attitude_scout_1]: [scout_1] Landed — tilt correction stopped, yaw-hold pinned to current heading.
[INFO] [1786737054.060344347] [attitude_scout_1]: [scout_1] Landed — tilt correction stopped, yaw-hold pinned to current heading.
[INFO] [1786737054.061991930] [attitude_scout_1]: [scout_1] Landed — tilt correction stopped, yaw-hold pinned to current heading.
[INFO] [1786737054.063145726] [attitude_scout_1]: [scout_1] Landed — tilt correction stopped, yaw-hold pinned to current heading.
[INFO] [1786737054.064618912] [attitude_scout_1]: [scout_1] Landed — tilt correction stopped, yaw-hold pinned to current heading.
[INFO] [1786737054.106284304] [attitude_scout_1]: [scout_1] Landed — tilt correction stopped, yaw-hold pinned to current heading.
[INFO] [1786737054.137028160] [attitude_scout_1]: [scout_1] Landed — tilt correction stopped, yaw-hold pinned to current heading.
[INFO] [1786737054.184861893] [attitude_scout_1]: [scout_1] Landed — tilt correction stopped, yaw-hold pinned to current heading.
[INFO] [1786737054.202944789] [attitude_scout_1]: [scout_1] Landed — tilt correction stopped, yaw-hold pinned to current heading.
[INFO] [1786737054.231332862] [attitude_scout_1]: [scout_1] Landed — tilt correction stopped, yaw-hold pinned to current heading.
[INFO] [1786737054.239074682] [attitude_scout_1]: [scout_1] Landed — tilt correction stopped, yaw-hold pinned to current heading.
[INFO] [1786737054.250686540] [attitude_scout_1]: [scout_1] Landed — tilt correction stopped, yaw-hold pinned to current heading.
[INFO] [1786737054.251883918] [attitude_scout_1]: [scout_1] Landed — tilt correction stopped, yaw-hold pinned to current heading.
[INFO] [1786737054.281683575] [attitude_scout_1]: [scout_1] Landed — tilt correction stopped, yaw-hold pinned to current heading.
[INFO] [1786737054.282579444] [attitude_scout_1]: [scout_1] Landed — tilt correction stopped, yaw-hold pinned to current heading.
[INFO] [1786737054.283553815] [attitude_scout_1]: [scout_1] Landed — tilt correction stopped, yaw-hold pinned to current heading.
[INFO] [1786737054.284398140] [attitude_scout_1]: [scout_1] Landed — tilt correction stopped, yaw-hold pinned to current heading.
[INFO] [1786737054.285350092] [attitude_scout_1]: [scout_1] Landed — tilt correction stopped, yaw-hold pinned to current heading.
[INFO] [1786737054.286217185] [attitude_scout_1]: [scout_1] Landed — tilt correction stopped, yaw-hold pinned to current heading.
[INFO] [1786737054.346331028] [attitude_scout_1]: [scout_1] Landed — tilt correction stopped, yaw-hold pinned to current heading.
[INFO] [1786737054.347535391] [attitude_scout_1]: [scout_1] Landed — tilt correction stopped, yaw-hold pinned to current heading.
[INFO] [1786737054.349021218] [attitude_scout_1]: [scout_1] Landed — tilt correction stopped, yaw-hold pinned to current heading.
[INFO] [1786737054.350209796] [attitude_scout_1]: [scout_1] Landed — tilt correction stopped, yaw-hold pinned to current heading.
[INFO] [1786737054.351576611] [attitude_scout_1]: [scout_1] Landed — tilt correction stopped, yaw-hold pinned to current heading.
[INFO] [1786737054.361165345] [attitude_scout_1]: [scout_1] Landed — tilt correction stopped, yaw-hold pinned to current heading.
[INFO] [1786737054.424999553] [attitude_scout_1]: [scout_1] Landed — tilt correction stopped, yaw-hold pinned to current heading.
[INFO] [1786737054.464613464] [attitude_scout_1]: [scout_1] Landed — tilt correction stopped, yaw-hold pinned to current heading.
[INFO] [1786737054.465684357] [attitude_scout_1]: [scout_1] Landed — tilt correction stopped, yaw-hold pinned to current heading.
[INFO] [1786737054.466852821] [attitude_scout_1]: [scout_1] Landed — tilt correction stopped, yaw-hold pinned to current heading.
[INFO] [1786737054.468121228] [attitude_scout_1]: [scout_1] Landed — tilt correction stopped, yaw-hold pinned to current heading.
[INFO] [1786737054.469141975] [attitude_scout_1]: [scout_1] Landed — tilt correction stopped, yaw-hold pinned to current heading.
[INFO] [1786737054.476857046] [attitude_scout_1]: [scout_1] Landed — tilt correction stopped, yaw-hold pinned to current heading.
[INFO] [1786737054.526391162] [attitude_scout_1]: [scout_1] Landed — tilt correction stopped, yaw-hold pinned to current heading.
[INFO] [1786737054.527512482] [attitude_scout_1]: [scout_1] Landed — tilt correction stopped, yaw-hold pinned to current heading.
[INFO] [1786737054.528711466] [attitude_scout_1]: [scout_1] Landed — tilt correction stopped, yaw-hold pinned to current heading.
[INFO] [1786737054.555684741] [attitude_scout_1]: [scout_1] Landed — tilt correction stopped, yaw-hold pinned to current heading.
[INFO] [1786737054.556699202] [attitude_scout_1]: [scout_1] Landed — tilt correction stopped, yaw-hold pinned to current heading.
[INFO] [1786737054.557863545] [attitude_scout_1]: [scout_1] Landed — tilt correction stopped, yaw-hold pinned to current heading.
[INFO] [1786737054.558966356] [attitude_scout_1]: [scout_1] Landed — tilt correction stopped, yaw-hold pinned to current heading.
[INFO] [1786737054.560178890] [attitude_scout_1]: [scout_1] Landed — tilt correction stopped, yaw-hold pinned to current heading.
[INFO] [1786737054.561262565] [attitude_scout_1]: [scout_1] Landed — tilt correction stopped, yaw-hold pinned to current heading.
[INFO] [1786737054.562162624] [attitude_scout_1]: [scout_1] Landed — tilt correction stopped, yaw-hold pinned to current heading.
[INFO] [1786737054.619135515] [attitude_scout_1]: [scout_1] Landed — tilt correction stopped, yaw-hold pinned to current heading.
[INFO] [1786737054.620407694] [attitude_scout_1]: [scout_1] Landed — tilt correction stopped, yaw-hold pinned to current heading.
[INFO] [1786737054.621394218] [attitude_scout_1]: [scout_1] Landed — tilt correction stopped, yaw-hold pinned to current heading.
[INFO] [1786737054.622254816] [attitude_scout_1]: [scout_1] Landed — tilt correction stopped, yaw-hold pinned to current heading.
[INFO] [1786737054.622985228] [attitude_scout_1]: [scout_1] Landed — tilt correction stopped, yaw-hold pinned to current heading.
[INFO] [1786737054.623660045] [attitude_scout_1]: [scout_1] Landed — tilt correction stopped, yaw-hold pinned to current heading.
[INFO] [1786737054.624383193] [attitude_scout_1]: [scout_1] Landed — tilt correction stopped, yaw-hold pinned to current heading.
[INFO] [1786737054.657403493] [attitude_scout_1]: [scout_1] Landed — tilt correction stopped, yaw-hold pinned to current heading.
[INFO] [1786737054.658389877] [attitude_scout_1]: [scout_1] Landed — tilt correction stopped, yaw-hold pinned to current heading.
[INFO] [1786737054.776186279] [attitude_scout_1]: [scout_1] Landed — tilt correction stopped, yaw-hold pinned to current heading.
[INFO] [1786737054.777415715] [attitude_scout_1]: [scout_1] Landed — tilt correction stopped, yaw-hold pinned to current heading.
[INFO] [1786737054.778867948] [attitude_scout_1]: [scout_1] Landed — tilt correction stopped, yaw-hold pinned to current heading.
[INFO] [1786737054.780198935] [attitude_scout_1]: [scout_1] Landed — tilt correction stopped, yaw-hold pinned to current heading.
[INFO] [1786737054.788320558] [attitude_scout_1]: [scout_1] Landed — tilt correction stopped, yaw-hold pinned to current heading.
[INFO] [1786737054.789322587] [attitude_scout_1]: [scout_1] Landed — tilt correction stopped, yaw-hold pinned to current heading.
[INFO] [1786737054.790335162] [attitude_scout_1]: [scout_1] Landed — tilt correction stopped, yaw-hold pinned to current heading.
[INFO] [1786737054.893340411] [attitude_scout_1]: [scout_1] Landed — tilt correction stopped, yaw-hold pinned to current heading.
[INFO] [1786737054.894609447] [attitude_scout_1]: [scout_1] Landed — tilt correction stopped, yaw-hold pinned to current heading.
[INFO] [1786737054.981911610] [attitude_scout_1]: [scout_1] Landed — tilt correction stopped, yaw-hold pinned to current heading.
[INFO] [1786737054.982992281] [attitude_scout_1]: [scout_1] Landed — tilt correction stopped, yaw-hold pinned to current heading.
[INFO] [1786737054.983808180] [attitude_scout_1]: [scout_1] Landed — tilt correction stopped, yaw-hold pinned to current heading.
[INFO] [1786737054.984876978] [attitude_scout_1]: [scout_1] Landed — tilt correction stopped, yaw-hold pinned to current heading.
[INFO] [1786737054.985982723] [attitude_scout_1]: [scout_1] Landed — tilt correction stopped, yaw-hold pinned to current heading.
[INFO] [1786737054.986925107] [attitude_scout_1]: [scout_1] Landed — tilt correction stopped, yaw-hold pinned to current heading.
[INFO] [1786737055.105701747] [attitude_scout_1]: [scout_1] Landed — tilt correction stopped, yaw-hold pinned to current heading.
[INFO] [1786737055.108896548] [attitude_scout_1]: [scout_1] Landed — tilt correction stopped, yaw-hold pinned to current heading.
[INFO] [1786737055.133313451] [attitude_scout_1]: [scout_1] Landed — tilt correction stopped, yaw-hold pinned to current heading.
[INFO] [1786737055.134811990] [attitude_scout_1]: [scout_1] Landed — tilt correction stopped, yaw-hold pinned to current heading.
[INFO] [1786737055.136140113] [attitude_scout_1]: [scout_1] Landed — tilt correction stopped, yaw-hold pinned to current heading.
[INFO] [1786737055.137315490] [attitude_scout_1]: [scout_1] Landed — tilt correction stopped, yaw-hold pinned to current heading.
[INFO] [1786737055.155949932] [attitude_scout_1]: [scout_1] Landed — tilt correction stopped, yaw-hold pinned to current heading.
[INFO] [1786737055.164331299] [attitude_scout_1]: [scout_1] Landed — tilt correction stopped, yaw-hold pinned to current heading.
[INFO] [1786737055.165307207] [attitude_scout_1]: [scout_1] Landed — tilt correction stopped, yaw-hold pinned to current heading.
[INFO] [1786737055.166182332] [attitude_scout_1]: [scout_1] Landed — tilt correction stopped, yaw-hold pinned to current heading.
[INFO] [1786737055.167165015] [attitude_scout_1]: [scout_1] Landed — tilt correction stopped, yaw-hold pinned to current heading.
[INFO] [1786737055.167984266] [attitude_scout_1]: [scout_1] Landed — tilt correction stopped, yaw-hold pinned to current heading.
[INFO] [1786737055.168738424] [attitude_scout_1]: [scout_1] Landed — tilt correction stopped, yaw-hold pinned to current heading.
[INFO] [1786737055.187010733] [attitude_scout_1]: [scout_1] Landed — tilt correction stopped, yaw-hold pinned to current heading.
[INFO] [1786737055.276218056] [attitude_scout_1]: [scout_1] Landed — tilt correction stopped, yaw-hold pinned to current heading.
[INFO] [1786737055.277495683] [attitude_scout_1]: [scout_1] Landed — tilt correction stopped, yaw-hold pinned to current heading.
[INFO] [1786737055.293928971] [attitude_scout_1]: [scout_1] Landed — tilt correction stopped, yaw-hold pinned to current heading.
[INFO] [1786737055.323484110] [attitude_scout_1]: [scout_1] Landed — tilt correction stopped, yaw-hold pinned to current heading.
[INFO] [1786737055.324653481] [attitude_scout_1]: [scout_1] Landed — tilt correction stopped, yaw-hold pinned to current heading.
[INFO] [1786737055.325909946] [attitude_scout_1]: [scout_1] Landed — tilt correction stopped, yaw-hold pinned to current heading.
[INFO] [1786737055.327156144] [attitude_scout_1]: [scout_1] Landed — tilt correction stopped, yaw-hold pinned to current heading.
[INFO] [1786737055.336441063] [attitude_scout_1]: [scout_1] Landed — tilt correction stopped, yaw-hold pinned to current heading.
[INFO] [1786737055.337606802] [attitude_scout_1]: [scout_1] Landed — tilt correction stopped, yaw-hold pinned to current heading.
[INFO] [1786737055.338913623] [attitude_scout_1]: [scout_1] Landed — tilt correction stopped, yaw-hold pinned to current heading.
[INFO] [1786737055.340093192] [attitude_scout_1]: [scout_1] Landed — tilt correction stopped, yaw-hold pinned to current heading.
[INFO] [1786737055.341139082] [attitude_scout_1]: [scout_1] Landed — tilt correction stopped, yaw-hold pinned to current heading.
[INFO] [1786737055.439346297] [attitude_scout_1]: [scout_1] Landed — tilt correction stopped, yaw-hold pinned to current heading.
[INFO] [1786737055.452836077] [attitude_scout_1]: [scout_1] Landed — tilt correction stopped, yaw-hold pinned to current heading.
[INFO] [1786737055.453980794] [attitude_scout_1]: [scout_1] Landed — tilt correction stopped, yaw-hold pinned to current heading.
[INFO] [1786737055.455127676] [attitude_scout_1]: [scout_1] Landed — tilt correction stopped, yaw-hold pinned to current heading.
[INFO] [1786737055.456313181] [attitude_scout_1]: [scout_1] Landed — tilt correction stopped, yaw-hold pinned to current heading.
[INFO] [1786737055.457330575] [attitude_scout_1]: [scout_1] Landed — tilt correction stopped, yaw-hold pinned to current heading.
[INFO] [1786737055.458609878] [attitude_scout_1]: [scout_1] Landed — tilt correction stopped, yaw-hold pinned to current heading.
[INFO] [1786737055.459806209] [attitude_scout_1]: [scout_1] Landed — tilt correction stopped, yaw-hold pinned to current heading.
[INFO] [1786737055.467287936] [attitude_scout_1]: [scout_1] Landed — tilt correction stopped, yaw-hold pinned to current heading.
[INFO] [1786737055.468742614] [attitude_scout_1]: [scout_1] Landed — tilt correction stopped, yaw-hold pinned to current heading.
[INFO] [1786737055.469907655] [attitude_scout_1]: [scout_1] Landed — tilt correction stopped, yaw-hold pinned to current heading.
[INFO] [1786737055.470994472] [attitude_scout_1]: [scout_1] Landed — tilt correction stopped, yaw-hold pinned to current heading.
[INFO] [1786737055.582430606] [attitude_scout_1]: [scout_1] Landed — tilt correction stopped, yaw-hold pinned to current heading.
[INFO] [1786737055.591788720] [attitude_scout_1]: [scout_1] Landed — tilt correction stopped, yaw-hold pinned to current heading.
[INFO] [1786737055.593426454] [attitude_scout_1]: [scout_1] Landed — tilt correction stopped, yaw-hold pinned to current heading.
[INFO] [1786737055.594563279] [attitude_scout_1]: [scout_1] Landed — tilt correction stopped, yaw-hold pinned to current heading.
[INFO] [1786737055.595760308] [attitude_scout_1]: [scout_1] Landed — tilt correction stopped, yaw-hold pinned to current heading.
[INFO] [1786737055.597112177] [attitude_scout_1]: [scout_1] Landed — tilt correction stopped, yaw-hold pinned to current heading.
[INFO] [1786737055.598435970] [attitude_scout_1]: [scout_1] Landed — tilt correction stopped, yaw-hold pinned to current heading.
[INFO] [1786737055.599686847] [attitude_scout_1]: [scout_1] Landed — tilt correction stopped, yaw-hold pinned to current heading.
[INFO] [1786737055.600846720] [attitude_scout_1]: [scout_1] Landed — tilt correction stopped, yaw-hold pinned to current heading.
[INFO] [1786737055.609033297] [attitude_scout_1]: [scout_1] Landed — tilt correction stopped, yaw-hold pinned to current heading.
[INFO] [1786737055.610177874] [attitude_scout_1]: [scout_1] Landed — tilt correction stopped, yaw-hold pinned to current heading.
[INFO] [1786737055.611343893] [attitude_scout_1]: [scout_1] Landed — tilt correction stopped, yaw-hold pinned to current heading.
[INFO] [1786737055.693338592] [attitude_scout_1]: [scout_1] Landed — tilt correction stopped, yaw-hold pinned to current heading.
[INFO] [1786737055.745928662] [attitude_scout_1]: [scout_1] Landed — tilt correction stopped, yaw-hold pinned to current heading.
[INFO] [1786737055.752980091] [attitude_scout_1]: [scout_1] Landed — tilt correction stopped, yaw-hold pinned to current heading.
[INFO] [1786737055.753916747] [attitude_scout_1]: [scout_1] Landed — tilt correction stopped, yaw-hold pinned to current heading.
[INFO] [1786737055.755201358] [attitude_scout_1]: [scout_1] Landed — tilt correction stopped, yaw-hold pinned to current heading.
[INFO] [1786737055.756566428] [attitude_scout_1]: [scout_1] Landed — tilt correction stopped, yaw-hold pinned to current heading.
[INFO] [1786737055.757841471] [attitude_scout_1]: [scout_1] Landed — tilt correction stopped, yaw-hold pinned to current heading.
[INFO] [1786737055.759418722] [attitude_scout_1]: [scout_1] Landed — tilt correction stopped, yaw-hold pinned to current heading.
[INFO] [1786737055.760402801] [attitude_scout_1]: [scout_1] Landed — tilt correction stopped, yaw-hold pinned to current heading.
[INFO] [1786737055.761505962] [attitude_scout_1]: [scout_1] Landed — tilt correction stopped, yaw-hold pinned to current heading.
[INFO] [1786737055.762543890] [attitude_scout_1]: [scout_1] Landed — tilt correction stopped, yaw-hold pinned to current heading.
[INFO] [1786737055.763614155] [attitude_scout_1]: [scout_1] Landed — tilt correction stopped, yaw-hold pinned to current heading.
[INFO] [1786737055.830331247] [attitude_scout_1]: [scout_1] Landed — tilt correction stopped, yaw-hold pinned to current heading.
[INFO] [1786737055.831106777] [attitude_scout_1]: [scout_1] Landed — tilt correction stopped, yaw-hold pinned to current heading.
[INFO] [1786737055.870919879] [attitude_scout_1]: [scout_1] Landed — tilt correction stopped, yaw-hold pinned to current heading.
[INFO] [1786737055.872051046] [attitude_scout_1]: [scout_1] Landed — tilt correction stopped, yaw-hold pinned to current heading.
[INFO] [1786737055.873003767] [attitude_scout_1]: [scout_1] Landed — tilt correction stopped, yaw-hold pinned to current heading.
[INFO] [1786737055.932517803] [attitude_scout_1]: [scout_1] Landed — tilt correction stopped, yaw-hold pinned to current heading.
[INFO] [1786737055.933272310] [attitude_scout_1]: [scout_1] Landed — tilt correction stopped, yaw-hold pinned to current heading.
[INFO] [1786737055.934630326] [attitude_scout_1]: [scout_1] Landed — tilt correction stopped, yaw-hold pinned to current heading.
[INFO] [1786737055.935841323] [attitude_scout_1]: [scout_1] Landed — tilt correction stopped, yaw-hold pinned to current heading.
[INFO] [1786737055.944929915] [attitude_scout_1]: [scout_1] Landed — tilt correction stopped, yaw-hold pinned to current heading.
[INFO] [1786737055.961424315] [attitude_scout_1]: [scout_1] Landed — tilt correction stopped, yaw-hold pinned to current heading.
[INFO] [1786737055.969256582] [attitude_scout_1]: [scout_1] Landed — tilt correction stopped, yaw-hold pinned to current heading.
[INFO] [1786737055.970308757] [attitude_scout_1]: [scout_1] Landed — tilt correction stopped, yaw-hold pinned to current heading.
[INFO] [1786737055.971256519] [attitude_scout_1]: [scout_1] Landed — tilt correction stopped, yaw-hold pinned to current heading.
[INFO] [1786737055.977490163] [attitude_scout_1]: [scout_1] Landed — tilt correction stopped, yaw-hold pinned to current heading.
[INFO] [1786737055.978515170] [attitude_scout_1]: [scout_1] Landed — tilt correction stopped, yaw-hold pinned to current heading.
[INFO] [1786737055.979324992] [attitude_scout_1]: [scout_1] Landed — tilt correction stopped, yaw-hold pinned to current heading.
[INFO] [1786737056.117596043] [attitude_scout_1]: [scout_1] Landed — tilt correction stopped, yaw-hold pinned to current heading.
[INFO] [1786737056.118614973] [attitude_scout_1]: [scout_1] Landed — tilt correction stopped, yaw-hold pinned to current heading.
[INFO] [1786737056.133653020] [attitude_scout_1]: [scout_1] Landed — tilt correction stopped, yaw-hold pinned to current heading.
[INFO] [1786737056.163347774] [attitude_scout_1]: [scout_1] Landed — tilt correction stopped, yaw-hold pinned to current heading.
[INFO] [1786737056.164494516] [attitude_scout_1]: [scout_1] Landed — tilt correction stopped, yaw-hold pinned to current heading.
[INFO] [1786737056.215324697] [attitude_scout_1]: [scout_1] Landed — tilt correction stopped, yaw-hold pinned to current heading.
[INFO] [1786737056.216337901] [attitude_scout_1]: [scout_1] Landed — tilt correction stopped, yaw-hold pinned to current heading.
[INFO] [1786737056.261758928] [attitude_scout_1]: [scout_1] Landed — tilt correction stopped, yaw-hold pinned to current heading.
[INFO] [1786737056.299304875] [attitude_scout_1]: [scout_1] Landed — tilt correction stopped, yaw-hold pinned to current heading.
[INFO] [1786737056.300441910] [attitude_scout_1]: [scout_1] Landed — tilt correction stopped, yaw-hold pinned to current heading.
[INFO] [1786737056.332494054] [attitude_scout_1]: [scout_1] Landed — tilt correction stopped, yaw-hold pinned to current heading.
[INFO] [1786737056.333190732] [attitude_scout_1]: [scout_1] Landed — tilt correction stopped, yaw-hold pinned to current heading.
[INFO] [1786737056.361403709] [attitude_scout_1]: [scout_1] Landed — tilt correction stopped, yaw-hold pinned to current heading.
[INFO] [1786737056.362537111] [attitude_scout_1]: [scout_1] Landed — tilt correction stopped, yaw-hold pinned to current heading.
[INFO] [1786737056.401635516] [attitude_scout_1]: [scout_1] Landed — tilt correction stopped, yaw-hold pinned to current heading.
[INFO] [1786737056.423984176] [attitude_scout_1]: [scout_1] Landed — tilt correction stopped, yaw-hold pinned to current heading.
[INFO] [1786737056.456544633] [attitude_scout_1]: [scout_1] Landed — tilt correction stopped, yaw-hold pinned to current heading.
[INFO] [1786737056.457444063] [attitude_scout_1]: [scout_1] Landed — tilt correction stopped, yaw-hold pinned to current heading.
[INFO] [1786737056.478128239] [attitude_scout_1]: [scout_1] Landed — tilt correction stopped, yaw-hold pinned to current heading.
[INFO] [1786737056.479286156] [attitude_scout_1]: [scout_1] Landed — tilt correction stopped, yaw-hold pinned to current heading.
[INFO] [1786737056.480399374] [attitude_scout_1]: [scout_1] Landed — tilt correction stopped, yaw-hold pinned to current heading.
[INFO] [1786737056.488259438] [attitude_scout_1]: [scout_1] Landed — tilt correction stopped, yaw-hold pinned to current heading.
[INFO] [1786737056.489533154] [attitude_scout_1]: [scout_1] Landed — tilt correction stopped, yaw-hold pinned to current heading.
[INFO] [1786737056.490746456] [attitude_scout_1]: [scout_1] Landed — tilt correction stopped, yaw-hold pinned to current heading.
[INFO] [1786737056.491915827] [attitude_scout_1]: [scout_1] Landed — tilt correction stopped, yaw-hold pinned to current heading.
[INFO] [1786737056.493077795] [attitude_scout_1]: [scout_1] Landed — tilt correction stopped, yaw-hold pinned to current heading.
[INFO] [1786737056.494114187] [attitude_scout_1]: [scout_1] Landed — tilt correction stopped, yaw-hold pinned to current heading.
[INFO] [1786737056.605297561] [attitude_scout_1]: [scout_1] Landed — tilt correction stopped, yaw-hold pinned to current heading.
[INFO] [1786737056.678952937] [attitude_scout_1]: [scout_1] Landed — tilt correction stopped, yaw-hold pinned to current heading.
[INFO] [1786737056.680107501] [attitude_scout_1]: [scout_1] Landed — tilt correction stopped, yaw-hold pinned to current heading.
[INFO] [1786737056.729384318] [attitude_scout_1]: [scout_1] Landed — tilt correction stopped, yaw-hold pinned to current heading.
[INFO] [1786737056.730569474] [attitude_scout_1]: [scout_1] Landed — tilt correction stopped, yaw-hold pinned to current heading.
[INFO] [1786737056.798587800] [attitude_scout_1]: [scout_1] Landed — tilt correction stopped, yaw-hold pinned to current heading.
[INFO] [1786737056.850209086] [attitude_scout_1]: [scout_1] Landed — tilt correction stopped, yaw-hold pinned to current heading.
[INFO] [1786737056.851509342] [attitude_scout_1]: [scout_1] Landed — tilt correction stopped, yaw-hold pinned to current heading.
[INFO] [1786737056.854856539] [attitude_scout_1]: [scout_1] Landed — tilt correction stopped, yaw-hold pinned to current heading.
[INFO] [1786737056.856020602] [attitude_scout_1]: [scout_1] Landed — tilt correction stopped, yaw-hold pinned to current heading.
[INFO] [1786737056.857115801] [attitude_scout_1]: [scout_1] Landed — tilt correction stopped, yaw-hold pinned to current heading.
[INFO] [1786737056.913719923] [attitude_scout_1]: [scout_1] Landed — tilt correction stopped, yaw-hold pinned to current heading.
[INFO] [1786737056.914879028] [attitude_scout_1]: [scout_1] Landed — tilt correction stopped, yaw-hold pinned to current heading.
[INFO] [1786737056.946839539] [attitude_scout_1]: [scout_1] Landed — tilt correction stopped, yaw-hold pinned to current heading.
[INFO] [1786737056.974002994] [attitude_scout_1]: [scout_1] Landed — tilt correction stopped, yaw-hold pinned to current heading.
[INFO] [1786737056.975023252] [attitude_scout_1]: [scout_1] Landed — tilt correction stopped, yaw-hold pinned to current heading.
[INFO] [1786737056.983939333] [attitude_scout_1]: [scout_1] Landed — tilt correction stopped, yaw-hold pinned to current heading.
[INFO] [1786737057.054355208] [attitude_scout_1]: [scout_1] Landed — tilt correction stopped, yaw-hold pinned to current heading.
[INFO] [1786737057.055359752] [attitude_scout_1]: [scout_1] Landed — tilt correction stopped, yaw-hold pinned to current heading.
[INFO] [1786737057.063851261] [attitude_scout_1]: [scout_1] Landed — tilt correction stopped, yaw-hold pinned to current heading.
[INFO] [1786737057.087817191] [attitude_scout_1]: [scout_1] Landed — tilt correction stopped, yaw-hold pinned to current heading.
[INFO] [1786737057.122976833] [attitude_scout_1]: [scout_1] Landed — tilt correction stopped, yaw-hold pinned to current heading.
[INFO] [1786737057.124173094] [attitude_scout_1]: [scout_1] Landed — tilt correction stopped, yaw-hold pinned to current heading.
[INFO] [1786737057.125343163] [attitude_scout_1]: [scout_1] Landed — tilt correction stopped, yaw-hold pinned to current heading.
[INFO] [1786737057.126604936] [attitude_scout_1]: [scout_1] Landed — tilt correction stopped, yaw-hold pinned to current heading.
[INFO] [1786737057.127508976] [attitude_scout_1]: [scout_1] Landed — tilt correction stopped, yaw-hold pinned to current heading.
[INFO] [1786737057.137608257] [attitude_scout_1]: [scout_1] Landed — tilt correction stopped, yaw-hold pinned to current heading.
[INFO] [1786737057.139096599] [attitude_scout_1]: [scout_1] Landed — tilt correction stopped, yaw-hold pinned to current heading.
[INFO] [1786737057.140505948] [attitude_scout_1]: [scout_1] Landed — tilt correction stopped, yaw-hold pinned to current heading.
[INFO] [1786737057.169610953] [attitude_scout_1]: [scout_1] Landed — tilt correction stopped, yaw-hold pinned to current heading.
[INFO] [1786737057.170838642] [attitude_scout_1]: [scout_1] Landed — tilt correction stopped, yaw-hold pinned to current heading.
[INFO] [1786737057.171900945] [attitude_scout_1]: [scout_1] Landed — tilt correction stopped, yaw-hold pinned to current heading.
[INFO] [1786737057.172870078] [attitude_scout_1]: [scout_1] Landed — tilt correction stopped, yaw-hold pinned to current heading.
[INFO] [1786737057.173715171] [attitude_scout_1]: [scout_1] Landed — tilt correction stopped, yaw-hold pinned to current heading.
[INFO] [1786737057.269123522] [attitude_scout_1]: [scout_1] Landed — tilt correction stopped, yaw-hold pinned to current heading.
[INFO] [1786737057.276597496] [attitude_scout_1]: [scout_1] Landed — tilt correction stopped, yaw-hold pinned to current heading.
[INFO] [1786737057.278048193] [attitude_scout_1]: [scout_1] Landed — tilt correction stopped, yaw-hold pinned to current heading.
[INFO] [1786737057.279491137] [attitude_scout_1]: [scout_1] Landed — tilt correction stopped, yaw-hold pinned to current heading.
[INFO] [1786737057.280944208] [attitude_scout_1]: [scout_1] Landed — tilt correction stopped, yaw-hold pinned to current heading.
[INFO] [1786737057.356284532] [attitude_scout_1]: [scout_1] Landed — tilt correction stopped, yaw-hold pinned to current heading.
[INFO] [1786737057.357584369] [attitude_scout_1]: [scout_1] Landed — tilt correction stopped, yaw-hold pinned to current heading.
[INFO] [1786737057.402913902] [attitude_scout_1]: [scout_1] Landed — tilt correction stopped, yaw-hold pinned to current heading.
[INFO] [1786737057.416088134] [attitude_scout_1]: [scout_1] Landed — tilt correction stopped, yaw-hold pinned to current heading.
[INFO] [1786737057.417469826] [attitude_scout_1]: [scout_1] Landed — tilt correction stopped, yaw-hold pinned to current heading.
[INFO] [1786737057.418792502] [attitude_scout_1]: [scout_1] Landed — tilt correction stopped, yaw-hold pinned to current heading.
[INFO] [1786737057.420352851] [attitude_scout_1]: [scout_1] Landed — tilt correction stopped, yaw-hold pinned to current heading.
[INFO] [1786737057.421536749] [attitude_scout_1]: [scout_1] Landed — tilt correction stopped, yaw-hold pinned to current heading.
[INFO] [1786737057.422647034] [attitude_scout_1]: [scout_1] Landed — tilt correction stopped, yaw-hold pinned to current heading.
[INFO] [1786737057.424450085] [attitude_scout_1]: [scout_1] Landed — tilt correction stopped, yaw-hold pinned to current heading.
[INFO] [1786737057.435618933] [attitude_scout_1]: [scout_1] Landed — tilt correction stopped, yaw-hold pinned to current heading.
[INFO] [1786737057.444834009] [attitude_scout_1]: [scout_1] Landed — tilt correction stopped, yaw-hold pinned to current heading.
[INFO] [1786737057.445727573] [attitude_scout_1]: [scout_1] Landed — tilt correction stopped, yaw-hold pinned to current heading.
[INFO] [1786737057.447001777] [attitude_scout_1]: [scout_1] Landed — tilt correction stopped, yaw-hold pinned to current heading.
[INFO] [1786737057.489579450] [attitude_scout_1]: [scout_1] Landed — tilt correction stopped, yaw-hold pinned to current heading.
[INFO] [1786737057.490757971] [attitude_scout_1]: [scout_1] Landed — tilt correction stopped, yaw-hold pinned to current heading.
[INFO] [1786737057.491946479] [attitude_scout_1]: [scout_1] Landed — tilt correction stopped, yaw-hold pinned to current heading.
[INFO] [1786737057.493174029] [attitude_scout_1]: [scout_1] Landed — tilt correction stopped, yaw-hold pinned to current heading.
[INFO] [1786737057.507540681] [attitude_scout_1]: [scout_1] Landed — tilt correction stopped, yaw-hold pinned to current heading.
[INFO] [1786737057.508297772] [attitude_scout_1]: [scout_1] Landed — tilt correction stopped, yaw-hold pinned to current heading.
[INFO] [1786737057.509408476] [attitude_scout_1]: [scout_1] Landed — tilt correction stopped, yaw-hold pinned to current heading.
[INFO] [1786737057.613695052] [attitude_scout_1]: [scout_1] Landed — tilt correction stopped, yaw-hold pinned to current heading.
[INFO] [1786737057.614712446] [attitude_scout_1]: [scout_1] Landed — tilt correction stopped, yaw-hold pinned to current heading.
[INFO] [1786737057.615955851] [attitude_scout_1]: [scout_1] Landed — tilt correction stopped, yaw-hold pinned to current heading.
[INFO] [1786737057.617097914] [attitude_scout_1]: [scout_1] Landed — tilt correction stopped, yaw-hold pinned to current heading.
[INFO] [1786737057.618154908] [attitude_scout_1]: [scout_1] Landed — tilt correction stopped, yaw-hold pinned to current heading.
[INFO] [1786737057.619281047] [attitude_scout_1]: [scout_1] Landed — tilt correction stopped, yaw-hold pinned to current heading.
[INFO] [1786737057.620262612] [attitude_scout_1]: [scout_1] Landed — tilt correction stopped, yaw-hold pinned to current heading.
[INFO] [1786737057.630046764] [attitude_scout_1]: [scout_1] Landed — tilt correction stopped, yaw-hold pinned to current heading.
[INFO] [1786737057.631117588] [attitude_scout_1]: [scout_1] Landed — tilt correction stopped, yaw-hold pinned to current heading.
[INFO] [1786737057.632272781] [attitude_scout_1]: [scout_1] Landed — tilt correction stopped, yaw-hold pinned to current heading.
[INFO] [1786737057.716459832] [attitude_scout_1]: [scout_1] Landed — tilt correction stopped, yaw-hold pinned to current heading.
[INFO] [1786737057.717500973] [attitude_scout_1]: [scout_1] Landed — tilt correction stopped, yaw-hold pinned to current heading.
[INFO] [1786737057.784909156] [attitude_scout_1]: [scout_1] Landed — tilt correction stopped, yaw-hold pinned to current heading.
[INFO] [1786737057.786128325] [attitude_scout_1]: [scout_1] Landed — tilt correction stopped, yaw-hold pinned to current heading.
[INFO] [1786737057.806862647] [attitude_scout_1]: [scout_1] Landed — tilt correction stopped, yaw-hold pinned to current heading.
[INFO] [1786737057.808541240] [attitude_scout_1]: [scout_1] Landed — tilt correction stopped, yaw-hold pinned to current heading.
[INFO] [1786737057.809860004] [attitude_scout_1]: [scout_1] Landed — tilt correction stopped, yaw-hold pinned to current heading.
[INFO] [1786737057.810859309] [attitude_scout_1]: [scout_1] Landed — tilt correction stopped, yaw-hold pinned to current heading.
[INFO] [1786737057.811783394] [attitude_scout_1]: [scout_1] Landed — tilt correction stopped, yaw-hold pinned to current heading.
[INFO] [1786737057.812727733] [attitude_scout_1]: [scout_1] Landed — tilt correction stopped, yaw-hold pinned to current heading.
[INFO] [1786737057.814057392] [attitude_scout_1]: [scout_1] Landed — tilt correction stopped, yaw-hold pinned to current heading.
[INFO] [1786737057.848854901] [attitude_scout_1]: [scout_1] Landed — tilt correction stopped, yaw-hold pinned to current heading.
[INFO] [1786737057.857166776] [attitude_scout_1]: [scout_1] Landed — tilt correction stopped, yaw-hold pinned to current heading.
[INFO] [1786737057.858698280] [attitude_scout_1]: [scout_1] Landed — tilt correction stopped, yaw-hold pinned to current heading.
[INFO] [1786737057.859802837] [attitude_scout_1]: [scout_1] Landed — tilt correction stopped, yaw-hold pinned to current heading.
[INFO] [1786737057.860869890] [attitude_scout_1]: [scout_1] Landed — tilt correction stopped, yaw-hold pinned to current heading.
[INFO] [1786737057.861974447] [attitude_scout_1]: [scout_1] Landed — tilt correction stopped, yaw-hold pinned to current heading.
[INFO] [1786737057.880480169] [attitude_scout_1]: [scout_1] Landed — tilt correction stopped, yaw-hold pinned to current heading.
[INFO] [1786737057.881798444] [attitude_scout_1]: [scout_1] Landed — tilt correction stopped, yaw-hold pinned to current heading.
[INFO] [1786737057.882981854] [attitude_scout_1]: [scout_1] Landed — tilt correction stopped, yaw-hold pinned to current heading.
[INFO] [1786737057.893954165] [attitude_scout_1]: [scout_1] Landed — tilt correction stopped, yaw-hold pinned to current heading.
[INFO] [1786737057.924221765] [attitude_scout_1]: [scout_1] Landed — tilt correction stopped, yaw-hold pinned to current heading.
[INFO] [1786737057.991785976] [attitude_scout_1]: [scout_1] Landed — tilt correction stopped, yaw-hold pinned to current heading.
[INFO] [1786737057.992766074] [attitude_scout_1]: [scout_1] Landed — tilt correction stopped, yaw-hold pinned to current heading.
[INFO] [1786737057.993967154] [attitude_scout_1]: [scout_1] Landed — tilt correction stopped, yaw-hold pinned to current heading.
[INFO] [1786737058.029453379] [attitude_scout_1]: [scout_1] Landed — tilt correction stopped, yaw-hold pinned to current heading.
[INFO] [1786737058.083055745] [attitude_scout_1]: [scout_1] Landed — tilt correction stopped, yaw-hold pinned to current heading.
[INFO] [1786737058.084262412] [attitude_scout_1]: [scout_1] Landed — tilt correction stopped, yaw-hold pinned to current heading.
[INFO] [1786737058.085563855] [attitude_scout_1]: [scout_1] Landed — tilt correction stopped, yaw-hold pinned to current heading.
[INFO] [1786737058.086694883] [attitude_scout_1]: [scout_1] Landed — tilt correction stopped, yaw-hold pinned to current heading.
[INFO] [1786737058.087581951] [attitude_scout_1]: [scout_1] Landed — tilt correction stopped, yaw-hold pinned to current heading.
[INFO] [1786737058.108531249] [attitude_scout_1]: [scout_1] Landed — tilt correction stopped, yaw-hold pinned to current heading.
[INFO] [1786737058.109612619] [attitude_scout_1]: [scout_1] Landed — tilt correction stopped, yaw-hold pinned to current heading.
[INFO] [1786737058.110506392] [attitude_scout_1]: [scout_1] Landed — tilt correction stopped, yaw-hold pinned to current heading.
[INFO] [1786737058.111810699] [attitude_scout_1]: [scout_1] Landed — tilt correction stopped, yaw-hold pinned to current heading.
[INFO] [1786737058.113069538] [attitude_scout_1]: [scout_1] Landed — tilt correction stopped, yaw-hold pinned to current heading.
[INFO] [1786737058.181793621] [attitude_scout_1]: [scout_1] Landed — tilt correction stopped, yaw-hold pinned to current heading.
[INFO] [1786737058.183118252] [attitude_scout_1]: [scout_1] Landed — tilt correction stopped, yaw-hold pinned to current heading.
[INFO] [1786737058.184439670] [attitude_scout_1]: [scout_1] Landed — tilt correction stopped, yaw-hold pinned to current heading.
[INFO] [1786737058.185872697] [attitude_scout_1]: [scout_1] Landed — tilt correction stopped, yaw-hold pinned to current heading.
[INFO] [1786737058.187200540] [attitude_scout_1]: [scout_1] Landed — tilt correction stopped, yaw-hold pinned to current heading.
[INFO] [1786737058.188340089] [attitude_scout_1]: [scout_1] Landed — tilt correction stopped, yaw-hold pinned to current heading.
[INFO] [1786737058.206727986] [attitude_scout_1]: [scout_1] Landed — tilt correction stopped, yaw-hold pinned to current heading.
[INFO] [1786737058.208198798] [attitude_scout_1]: [scout_1] Landed — tilt correction stopped, yaw-hold pinned to current heading.
[INFO] [1786737058.209601163] [attitude_scout_1]: [scout_1] Landed — tilt correction stopped, yaw-hold pinned to current heading.
[INFO] [1786737058.210589503] [attitude_scout_1]: [scout_1] Landed — tilt correction stopped, yaw-hold pinned to current heading.
[INFO] [1786737058.211465117] [attitude_scout_1]: [scout_1] Landed — tilt correction stopped, yaw-hold pinned to current heading.
[INFO] [1786737058.275262238] [attitude_scout_1]: [scout_1] Landed — tilt correction stopped, yaw-hold pinned to current heading.
[INFO] [1786737058.276248482] [attitude_scout_1]: [scout_1] Landed — tilt correction stopped, yaw-hold pinned to current heading.
[INFO] [1786737058.277250651] [attitude_scout_1]: [scout_1] Landed — tilt correction stopped, yaw-hold pinned to current heading.
[INFO] [1786737058.278275169] [attitude_scout_1]: [scout_1] Landed — tilt correction stopped, yaw-hold pinned to current heading.
[INFO] [1786737058.279337402] [attitude_scout_1]: [scout_1] Landed — tilt correction stopped, yaw-hold pinned to current heading.
[INFO] [1786737058.306615888] [attitude_scout_1]: [scout_1] Landed — tilt correction stopped, yaw-hold pinned to current heading.
[INFO] [1786737058.307701309] [attitude_scout_1]: [scout_1] Landed — tilt correction stopped, yaw-hold pinned to current heading.
[INFO] [1786737058.308687972] [attitude_scout_1]: [scout_1] Landed — tilt correction stopped, yaw-hold pinned to current heading.
[INFO] [1786737058.358093159] [attitude_scout_1]: [scout_1] Landed — tilt correction stopped, yaw-hold pinned to current heading.
[INFO] [1786737058.359316658] [attitude_scout_1]: [scout_1] Landed — tilt correction stopped, yaw-hold pinned to current heading.
[INFO] [1786737058.360631232] [attitude_scout_1]: [scout_1] Landed — tilt correction stopped, yaw-hold pinned to current heading.
[INFO] [1786737058.435806867] [attitude_scout_1]: [scout_1] Landed — tilt correction stopped, yaw-hold pinned to current heading.
[INFO] [1786737058.484007621] [attitude_scout_1]: [scout_1] Landed — tilt correction stopped, yaw-hold pinned to current heading.
[INFO] [1786737058.485127195] [attitude_scout_1]: [scout_1] Landed — tilt correction stopped, yaw-hold pinned to current heading.
[INFO] [1786737058.495728922] [attitude_scout_1]: [scout_1] Landed — tilt correction stopped, yaw-hold pinned to current heading.
[INFO] [1786737058.557930773] [attitude_scout_1]: [scout_1] Landed — tilt correction stopped, yaw-hold pinned to current heading.
[INFO] [1786737058.576073872] [attitude_scout_1]: [scout_1] Landed — tilt correction stopped, yaw-hold pinned to current heading.
[INFO] [1786737058.577277536] [attitude_scout_1]: [scout_1] Landed — tilt correction stopped, yaw-hold pinned to current heading.
[INFO] [1786737058.578534630] [attitude_scout_1]: [scout_1] Landed — tilt correction stopped, yaw-hold pinned to current heading.
[INFO] [1786737058.618939366] [attitude_scout_1]: [scout_1] Landed — tilt correction stopped, yaw-hold pinned to current heading.
[INFO] [1786737058.620264276] [attitude_scout_1]: [scout_1] Landed — tilt correction stopped, yaw-hold pinned to current heading.
[INFO] [1786737058.630308032] [attitude_scout_1]: [scout_1] Landed — tilt correction stopped, yaw-hold pinned to current heading.
[INFO] [1786737058.631546198] [attitude_scout_1]: [scout_1] Landed — tilt correction stopped, yaw-hold pinned to current heading.
[INFO] [1786737058.632735405] [attitude_scout_1]: [scout_1] Landed — tilt correction stopped, yaw-hold pinned to current heading.
[INFO] [1786737058.633996759] [attitude_scout_1]: [scout_1] Landed — tilt correction stopped, yaw-hold pinned to current heading.
[INFO] [1786737058.635353657] [attitude_scout_1]: [scout_1] Landed — tilt correction stopped, yaw-hold pinned to current heading.
[INFO] [1786737058.636492088] [attitude_scout_1]: [scout_1] Landed — tilt correction stopped, yaw-hold pinned to current heading.
[INFO] [1786737058.637471907] [attitude_scout_1]: [scout_1] Landed — tilt correction stopped, yaw-hold pinned to current heading.
[INFO] [1786737058.732701251] [attitude_scout_1]: [scout_1] Landed — tilt correction stopped, yaw-hold pinned to current heading.
[INFO] [1786737058.742208198] [attitude_scout_1]: [scout_1] Landed — tilt correction stopped, yaw-hold pinned to current heading.
[INFO] [1786737058.743400478] [attitude_scout_1]: [scout_1] Landed — tilt correction stopped, yaw-hold pinned to current heading.
[INFO] [1786737058.787840498] [attitude_scout_1]: [scout_1] Landed — tilt correction stopped, yaw-hold pinned to current heading.
[INFO] [1786737058.796995789] [attitude_scout_1]: [scout_1] Landed — tilt correction stopped, yaw-hold pinned to current heading.
[INFO] [1786737058.798203993] [attitude_scout_1]: [scout_1] Landed — tilt correction stopped, yaw-hold pinned to current heading.
[INFO] [1786737058.799312671] [attitude_scout_1]: [scout_1] Landed — tilt correction stopped, yaw-hold pinned to current heading.
[INFO] [1786737058.800361075] [attitude_scout_1]: [scout_1] Landed — tilt correction stopped, yaw-hold pinned to current heading.
[INFO] [1786737058.801625572] [attitude_scout_1]: [scout_1] Landed — tilt correction stopped, yaw-hold pinned to current heading.
[INFO] [1786737058.802865205] [attitude_scout_1]: [scout_1] Landed — tilt correction stopped, yaw-hold pinned to current heading.
[INFO] [1786737058.905442178] [attitude_scout_1]: [scout_1] Landed — tilt correction stopped, yaw-hold pinned to current heading.
[INFO] [1786737058.906721062] [attitude_scout_1]: [scout_1] Landed — tilt correction stopped, yaw-hold pinned to current heading.
[INFO] [1786737058.907874649] [attitude_scout_1]: [scout_1] Landed — tilt correction stopped, yaw-hold pinned to current heading.
[INFO] [1786737058.909023208] [attitude_scout_1]: [scout_1] Landed — tilt correction stopped, yaw-hold pinned to current heading.
[INFO] [1786737058.910279812] [attitude_scout_1]: [scout_1] Landed — tilt correction stopped, yaw-hold pinned to current heading.
[INFO] [1786737058.911526289] [attitude_scout_1]: [scout_1] Landed — tilt correction stopped, yaw-hold pinned to current heading.
[INFO] [1786737058.912518680] [attitude_scout_1]: [scout_1] Landed — tilt correction stopped, yaw-hold pinned to current heading.
[INFO] [1786737058.992218217] [attitude_scout_1]: [scout_1] Landed — tilt correction stopped, yaw-hold pinned to current heading.
[INFO] [1786737058.993269904] [attitude_scout_1]: [scout_1] Landed — tilt correction stopped, yaw-hold pinned to current heading.
[INFO] [1786737059.029903150] [attitude_scout_1]: [scout_1] Landed — tilt correction stopped, yaw-hold pinned to current heading.
[INFO] [1786737059.042489100] [attitude_scout_1]: [scout_1] Landed — tilt correction stopped, yaw-hold pinned to current heading.
[INFO] [1786737059.084137939] [attitude_scout_1]: [scout_1] Landed — tilt correction stopped, yaw-hold pinned to current heading.
[INFO] [1786737059.085257861] [attitude_scout_1]: [scout_1] Landed — tilt correction stopped, yaw-hold pinned to current heading.
[INFO] [1786737059.130117076] [attitude_scout_1]: [scout_1] Landed — tilt correction stopped, yaw-hold pinned to current heading.
[INFO] [1786737059.165024307] [attitude_scout_1]: [scout_1] Landed — tilt correction stopped, yaw-hold pinned to current heading.
[INFO] [1786737059.166136058] [attitude_scout_1]: [scout_1] Landed — tilt correction stopped, yaw-hold pinned to current heading.
[INFO] [1786737059.188209330] [attitude_scout_1]: [scout_1] Landed — tilt correction stopped, yaw-hold pinned to current heading.
[INFO] [1786737059.189254940] [attitude_scout_1]: [scout_1] Landed — tilt correction stopped, yaw-hold pinned to current heading.
[INFO] [1786737059.190529215] [attitude_scout_1]: [scout_1] Landed — tilt correction stopped, yaw-hold pinned to current heading.
[INFO] [1786737059.191577130] [attitude_scout_1]: [scout_1] Landed — tilt correction stopped, yaw-hold pinned to current heading.
[INFO] [1786737059.192736444] [attitude_scout_1]: [scout_1] Landed — tilt correction stopped, yaw-hold pinned to current heading.
[INFO] [1786737059.301596859] [attitude_scout_1]: [scout_1] Landed — tilt correction stopped, yaw-hold pinned to current heading.
[INFO] [1786737059.308653525] [attitude_scout_1]: [scout_1] Landed — tilt correction stopped, yaw-hold pinned to current heading.
[INFO] [1786737059.309931921] [attitude_scout_1]: [scout_1] Landed — tilt correction stopped, yaw-hold pinned to current heading.
[INFO] [1786737059.310909924] [attitude_scout_1]: [scout_1] Landed — tilt correction stopped, yaw-hold pinned to current heading.
[INFO] [1786737059.311683778] [attitude_scout_1]: [scout_1] Landed — tilt correction stopped, yaw-hold pinned to current heading.
[INFO] [1786737059.376855886] [attitude_scout_1]: [scout_1] Landed — tilt correction stopped, yaw-hold pinned to current heading.
[INFO] [1786737059.416270955] [attitude_scout_1]: [scout_1] Landed — tilt correction stopped, yaw-hold pinned to current heading.
[INFO] [1786737059.441955567] [attitude_scout_1]: [scout_1] Landed — tilt correction stopped, yaw-hold pinned to current heading.
[INFO] [1786737059.465954882] [attitude_scout_1]: [scout_1] Landed — tilt correction stopped, yaw-hold pinned to current heading.
[INFO] [1786737059.491395605] [attitude_scout_1]: [scout_1] Landed — tilt correction stopped, yaw-hold pinned to current heading.
[INFO] [1786737059.492593751] [attitude_scout_1]: [scout_1] Landed — tilt correction stopped, yaw-hold pinned to current heading.
[INFO] [1786737059.504995945] [attitude_scout_1]: [scout_1] Landed — tilt correction stopped, yaw-hold pinned to current heading.
[INFO] [1786737059.506164479] [attitude_scout_1]: [scout_1] Landed — tilt correction stopped, yaw-hold pinned to current heading.
[INFO] [1786737059.507317646] [attitude_scout_1]: [scout_1] Landed — tilt correction stopped, yaw-hold pinned to current heading.
[INFO] [1786737059.508623699] [attitude_scout_1]: [scout_1] Landed — tilt correction stopped, yaw-hold pinned to current heading.
[INFO] [1786737059.509928006] [attitude_scout_1]: [scout_1] Landed — tilt correction stopped, yaw-hold pinned to current heading.
[INFO] [1786737059.516292744] [attitude_scout_1]: [scout_1] Landed — tilt correction stopped, yaw-hold pinned to current heading.
[INFO] [1786737059.524422190] [attitude_scout_1]: [scout_1] Landed — tilt correction stopped, yaw-hold pinned to current heading.
[INFO] [1786737059.525324693] [attitude_scout_1]: [scout_1] Landed — tilt correction stopped, yaw-hold pinned to current heading.
[INFO] [1786737059.526233063] [attitude_scout_1]: [scout_1] Landed — tilt correction stopped, yaw-hold pinned to current heading.
[INFO] [1786737059.609947979] [attitude_scout_1]: [scout_1] Landed — tilt correction stopped, yaw-hold pinned to current heading.
[INFO] [1786737059.610972567] [attitude_scout_1]: [scout_1] Landed — tilt correction stopped, yaw-hold pinned to current heading.
[INFO] [1786737059.619348208] [attitude_scout_1]: [scout_1] Landed — tilt correction stopped, yaw-hold pinned to current heading.
[INFO] [1786737059.628789433] [attitude_scout_1]: [scout_1] Landed — tilt correction stopped, yaw-hold pinned to current heading.
[INFO] [1786737059.639401637] [attitude_scout_1]: [scout_1] Landed — tilt correction stopped, yaw-hold pinned to current heading.
[INFO] [1786737059.640902759] [attitude_scout_1]: [scout_1] Landed — tilt correction stopped, yaw-hold pinned to current heading.
[INFO] [1786737059.642268527] [attitude_scout_1]: [scout_1] Landed — tilt correction stopped, yaw-hold pinned to current heading.
[INFO] [1786737059.674223521] [attitude_scout_1]: [scout_1] Landed — tilt correction stopped, yaw-hold pinned to current heading.
[INFO] [1786737059.675270388] [attitude_scout_1]: [scout_1] Landed — tilt correction stopped, yaw-hold pinned to current heading.
[INFO] [1786737059.676306849] [attitude_scout_1]: [scout_1] Landed — tilt correction stopped, yaw-hold pinned to current heading.
[INFO] [1786737059.677567994] [attitude_scout_1]: [scout_1] Landed — tilt correction stopped, yaw-hold pinned to current heading.
[INFO] [1786737059.678697066] [attitude_scout_1]: [scout_1] Landed — tilt correction stopped, yaw-hold pinned to current heading.
[INFO] [1786737059.679832633] [attitude_scout_1]: [scout_1] Landed — tilt correction stopped, yaw-hold pinned to current heading.
[INFO] [1786737059.780104319] [attitude_scout_1]: [scout_1] Landed — tilt correction stopped, yaw-hold pinned to current heading.
[INFO] [1786737059.807719584] [attitude_scout_1]: [scout_1] Landed — tilt correction stopped, yaw-hold pinned to current heading.
[INFO] [1786737059.893988008] [attitude_scout_1]: [scout_1] Landed — tilt correction stopped, yaw-hold pinned to current heading.
[INFO] [1786737059.902400805] [attitude_scout_1]: [scout_1] Landed — tilt correction stopped, yaw-hold pinned to current heading.
[INFO] [1786737059.928432254] [attitude_scout_1]: [scout_1] Landed — tilt correction stopped, yaw-hold pinned to current heading.
[INFO] [1786737059.976321022] [attitude_scout_1]: [scout_1] Landed — tilt correction stopped, yaw-hold pinned to current heading.
[INFO] [1786737059.977722480] [attitude_scout_1]: [scout_1] Landed — tilt correction stopped, yaw-hold pinned to current heading.
[INFO] [1786737060.009709112] [attitude_scout_1]: [scout_1] Landed — tilt correction stopped, yaw-hold pinned to current heading.
[INFO] [1786737060.010591431] [attitude_scout_1]: [scout_1] Landed — tilt correction stopped, yaw-hold pinned to current heading.
[INFO] [1786737060.011280356] [attitude_scout_1]: [scout_1] Landed — tilt correction stopped, yaw-hold pinned to current heading.
[INFO] [1786737060.012043524] [attitude_scout_1]: [scout_1] Landed — tilt correction stopped, yaw-hold pinned to current heading.
[INFO] [1786737060.012799777] [attitude_scout_1]: [scout_1] Landed — tilt correction stopped, yaw-hold pinned to current heading.
[INFO] [1786737060.013536405] [attitude_scout_1]: [scout_1] Landed — tilt correction stopped, yaw-hold pinned to current heading.
[INFO] [1786737060.014293916] [attitude_scout_1]: [scout_1] Landed — tilt correction stopped, yaw-hold pinned to current heading.
[INFO] [1786737060.105717896] [attitude_scout_1]: [scout_1] Landed — tilt correction stopped, yaw-hold pinned to current heading.
[INFO] [1786737060.173155132] [attitude_scout_1]: [scout_1] Landed — tilt correction stopped, yaw-hold pinned to current heading.
[INFO] [1786737060.174227912] [attitude_scout_1]: [scout_1] Landed — tilt correction stopped, yaw-hold pinned to current heading.
[INFO] [1786737060.175278202] [attitude_scout_1]: [scout_1] Landed — tilt correction stopped, yaw-hold pinned to current heading.
[INFO] [1786737060.207184305] [attitude_scout_1]: [scout_1] Landed — tilt correction stopped, yaw-hold pinned to current heading.
[INFO] [1786737060.208732501] [attitude_scout_1]: [scout_1] Landed — tilt correction stopped, yaw-hold pinned to current heading.
[INFO] [1786737060.210217351] [attitude_scout_1]: [scout_1] Landed — tilt correction stopped, yaw-hold pinned to current heading.
[INFO] [1786737060.211357249] [attitude_scout_1]: [scout_1] Landed — tilt correction stopped, yaw-hold pinned to current heading.
[INFO] [1786737060.212628520] [attitude_scout_1]: [scout_1] Landed — tilt correction stopped, yaw-hold pinned to current heading.
[INFO] [1786737060.213869200] [attitude_scout_1]: [scout_1] Landed — tilt correction stopped, yaw-hold pinned to current heading.
[INFO] [1786737060.215019644] [attitude_scout_1]: [scout_1] Landed — tilt correction stopped, yaw-hold pinned to current heading.
[INFO] [1786737060.216261163] [attitude_scout_1]: [scout_1] Landed — tilt correction stopped, yaw-hold pinned to current heading.
[INFO] [1786737060.217431163] [attitude_scout_1]: [scout_1] Landed — tilt correction stopped, yaw-hold pinned to current heading.
[INFO] [1786737060.241800503] [attitude_scout_1]: [scout_1] Landed — tilt correction stopped, yaw-hold pinned to current heading.
[INFO] [1786737060.276338756] [attitude_scout_1]: [scout_1] Landed — tilt correction stopped, yaw-hold pinned to current heading.
[INFO] [1786737060.277666111] [attitude_scout_1]: [scout_1] Landed — tilt correction stopped, yaw-hold pinned to current heading.
[INFO] [1786737060.278957218] [attitude_scout_1]: [scout_1] Landed — tilt correction stopped, yaw-hold pinned to current heading.
[INFO] [1786737060.280216895] [attitude_scout_1]: [scout_1] Landed — tilt correction stopped, yaw-hold pinned to current heading.
[INFO] [1786737060.281386756] [attitude_scout_1]: [scout_1] Landed — tilt correction stopped, yaw-hold pinned to current heading.
[INFO] [1786737060.299769973] [attitude_scout_1]: [scout_1] Landed — tilt correction stopped, yaw-hold pinned to current heading.
[INFO] [1786737060.344684573] [attitude_scout_1]: [scout_1] Landed — tilt correction stopped, yaw-hold pinned to current heading.
[INFO] [1786737060.345783962] [attitude_scout_1]: [scout_1] Landed — tilt correction stopped, yaw-hold pinned to current heading.
[INFO] [1786737060.453531228] [attitude_scout_1]: [scout_1] Landed — tilt correction stopped, yaw-hold pinned to current heading.
[INFO] [1786737060.454479828] [attitude_scout_1]: [scout_1] Landed — tilt correction stopped, yaw-hold pinned to current heading.
[INFO] [1786737060.455257173] [attitude_scout_1]: [scout_1] Landed — tilt correction stopped, yaw-hold pinned to current heading.
[INFO] [1786737060.485381388] [attitude_scout_1]: [scout_1] Landed — tilt correction stopped, yaw-hold pinned to current heading.
[INFO] [1786737060.576894836] [attitude_scout_1]: [scout_1] Landed — tilt correction stopped, yaw-hold pinned to current heading.
[INFO] [1786737060.584351699] [attitude_scout_1]: [scout_1] Landed — tilt correction stopped, yaw-hold pinned to current heading.
[INFO] [1786737060.585682127] [attitude_scout_1]: [scout_1] Landed — tilt correction stopped, yaw-hold pinned to current heading.
[INFO] [1786737060.586926998] [attitude_scout_1]: [scout_1] Landed — tilt correction stopped, yaw-hold pinned to current heading.
[INFO] [1786737060.620095922] [attitude_scout_1]: [scout_1] Landed — tilt correction stopped, yaw-hold pinned to current heading.
[INFO] [1786737060.664244629] [attitude_scout_1]: [scout_1] Landed — tilt correction stopped, yaw-hold pinned to current heading.
[INFO] [1786737060.665269636] [attitude_scout_1]: [scout_1] Landed — tilt correction stopped, yaw-hold pinned to current heading.
[INFO] [1786737060.706729481] [attitude_scout_1]: [scout_1] Landed — tilt correction stopped, yaw-hold pinned to current heading.
[INFO] [1786737060.707939501] [attitude_scout_1]: [scout_1] Landed — tilt correction stopped, yaw-hold pinned to current heading.
[INFO] [1786737060.708994121] [attitude_scout_1]: [scout_1] Landed — tilt correction stopped, yaw-hold pinned to current heading.
[INFO] [1786737060.776971449] [attitude_scout_1]: [scout_1] Landed — tilt correction stopped, yaw-hold pinned to current heading.
[INFO] [1786737060.778448476] [attitude_scout_1]: [scout_1] Landed — tilt correction stopped, yaw-hold pinned to current heading.
[INFO] [1786737060.779653816] [attitude_scout_1]: [scout_1] Landed — tilt correction stopped, yaw-hold pinned to current heading.
[INFO] [1786737060.780865302] [attitude_scout_1]: [scout_1] Landed — tilt correction stopped, yaw-hold pinned to current heading.
[INFO] [1786737060.782127424] [attitude_scout_1]: [scout_1] Landed — tilt correction stopped, yaw-hold pinned to current heading.
[INFO] [1786737060.833314569] [attitude_scout_1]: [scout_1] Landed — tilt correction stopped, yaw-hold pinned to current heading.
[INFO] [1786737060.834814435] [attitude_scout_1]: [scout_1] Landed — tilt correction stopped, yaw-hold pinned to current heading.
[INFO] [1786737060.868962270] [attitude_scout_1]: [scout_1] Landed — tilt correction stopped, yaw-hold pinned to current heading.
[INFO] [1786737060.885655371] [attitude_scout_1]: [scout_1] Landed — tilt correction stopped, yaw-hold pinned to current heading.
[INFO] [1786737060.920673303] [attitude_scout_1]: [scout_1] Landed — tilt correction stopped, yaw-hold pinned to current heading.
[INFO] [1786737060.921447366] [attitude_scout_1]: [scout_1] Landed — tilt correction stopped, yaw-hold pinned to current heading.
[INFO] [1786737060.922281005] [attitude_scout_1]: [scout_1] Landed — tilt correction stopped, yaw-hold pinned to current heading.
[INFO] [1786737060.923169540] [attitude_scout_1]: [scout_1] Landed — tilt correction stopped, yaw-hold pinned to current heading.
[INFO] [1786737060.924014214] [attitude_scout_1]: [scout_1] Landed — tilt correction stopped, yaw-hold pinned to current heading.
[INFO] [1786737060.924896882] [attitude_scout_1]: [scout_1] Landed — tilt correction stopped, yaw-hold pinned to current heading.
[INFO] [1786737060.925857075] [attitude_scout_1]: [scout_1] Landed — tilt correction stopped, yaw-hold pinned to current heading.
[INFO] [1786737060.926968897] [attitude_scout_1]: [scout_1] Landed — tilt correction stopped, yaw-hold pinned to current heading.
[INFO] [1786737060.996823448] [attitude_scout_1]: [scout_1] Landed — tilt correction stopped, yaw-hold pinned to current heading.
[INFO] [1786737061.026198184] [attitude_scout_1]: [scout_1] Landed — tilt correction stopped, yaw-hold pinned to current heading.
[INFO] [1786737061.027173463] [attitude_scout_1]: [scout_1] Landed — tilt correction stopped, yaw-hold pinned to current heading.
[INFO] [1786737061.028072684] [attitude_scout_1]: [scout_1] Landed — tilt correction stopped, yaw-hold pinned to current heading.
[INFO] [1786737061.028962127] [attitude_scout_1]: [scout_1] Landed — tilt correction stopped, yaw-hold pinned to current heading.
[INFO] [1786737061.029927069] [attitude_scout_1]: [scout_1] Landed — tilt correction stopped, yaw-hold pinned to current heading.
[INFO] [1786737061.030911288] [attitude_scout_1]: [scout_1] Landed — tilt correction stopped, yaw-hold pinned to current heading.
[INFO] [1786737061.031863520] [attitude_scout_1]: [scout_1] Landed — tilt correction stopped, yaw-hold pinned to current heading.
[INFO] [1786737061.032835097] [attitude_scout_1]: [scout_1] Landed — tilt correction stopped, yaw-hold pinned to current heading.
[INFO] [1786737061.033841945] [attitude_scout_1]: [scout_1] Landed — tilt correction stopped, yaw-hold pinned to current heading.
[INFO] [1786737061.034702543] [attitude_scout_1]: [scout_1] Landed — tilt correction stopped, yaw-hold pinned to current heading.
[INFO] [1786737061.143478029] [attitude_scout_1]: [scout_1] Landed — tilt correction stopped, yaw-hold pinned to current heading.
[INFO] [1786737061.144581259] [attitude_scout_1]: [scout_1] Landed — tilt correction stopped, yaw-hold pinned to current heading.
[INFO] [1786737061.191185137] [attitude_scout_1]: [scout_1] Landed — tilt correction stopped, yaw-hold pinned to current heading.
[INFO] [1786737061.192209725] [attitude_scout_1]: [scout_1] Landed — tilt correction stopped, yaw-hold pinned to current heading.
[INFO] [1786737061.193326295] [attitude_scout_1]: [scout_1] Landed — tilt correction stopped, yaw-hold pinned to current heading.
[INFO] [1786737061.194481000] [attitude_scout_1]: [scout_1] Landed — tilt correction stopped, yaw-hold pinned to current heading.
[INFO] [1786737061.225054580] [attitude_scout_1]: [scout_1] Landed — tilt correction stopped, yaw-hold pinned to current heading.
[INFO] [1786737061.226125264] [attitude_scout_1]: [scout_1] Landed — tilt correction stopped, yaw-hold pinned to current heading.
[INFO] [1786737061.274509493] [attitude_scout_1]: [scout_1] Landed — tilt correction stopped, yaw-hold pinned to current heading.
[INFO] [1786737061.301607786] [attitude_scout_1]: [scout_1] Landed — tilt correction stopped, yaw-hold pinned to current heading.
[INFO] [1786737061.302779252] [attitude_scout_1]: [scout_1] Landed — tilt correction stopped, yaw-hold pinned to current heading.
[INFO] [1786737061.311842141] [attitude_scout_1]: [scout_1] Landed — tilt correction stopped, yaw-hold pinned to current heading.
[INFO] [1786737061.355227471] [attitude_scout_1]: [scout_1] Landed — tilt correction stopped, yaw-hold pinned to current heading.
[INFO] [1786737061.356063206] [attitude_scout_1]: [scout_1] Landed — tilt correction stopped, yaw-hold pinned to current heading.
[INFO] [1786737061.393399136] [attitude_scout_1]: [scout_1] Landed — tilt correction stopped, yaw-hold pinned to current heading.
[INFO] [1786737061.394717132] [attitude_scout_1]: [scout_1] Landed — tilt correction stopped, yaw-hold pinned to current heading.
[INFO] [1786737061.395748146] [attitude_scout_1]: [scout_1] Landed — tilt correction stopped, yaw-hold pinned to current heading.
[INFO] [1786737061.408742883] [attitude_scout_1]: [scout_1] Landed — tilt correction stopped, yaw-hold pinned to current heading.
[INFO] [1786737061.410412326] [attitude_scout_1]: [scout_1] Landed — tilt correction stopped, yaw-hold pinned to current heading.
[INFO] [1786737061.425917687] [attitude_scout_1]: [scout_1] Landed — tilt correction stopped, yaw-hold pinned to current heading.
[INFO] [1786737061.426960853] [attitude_scout_1]: [scout_1] Landed — tilt correction stopped, yaw-hold pinned to current heading.
[INFO] [1786737061.427953663] [attitude_scout_1]: [scout_1] Landed — tilt correction stopped, yaw-hold pinned to current heading.
[INFO] [1786737061.428665148] [attitude_scout_1]: [scout_1] Landed — tilt correction stopped, yaw-hold pinned to current heading.
[INFO] [1786737061.429482653] [attitude_scout_1]: [scout_1] Landed — tilt correction stopped, yaw-hold pinned to current heading.
[INFO] [1786737061.430567794] [attitude_scout_1]: [scout_1] Landed — tilt correction stopped, yaw-hold pinned to current heading.
[INFO] [1786737061.431648396] [attitude_scout_1]: [scout_1] Landed — tilt correction stopped, yaw-hold pinned to current heading.
[INFO] [1786737061.498275600] [attitude_scout_1]: [scout_1] Landed — tilt correction stopped, yaw-hold pinned to current heading.
[INFO] [1786737061.499708557] [attitude_scout_1]: [scout_1] Landed — tilt correction stopped, yaw-hold pinned to current heading.
[INFO] [1786737061.518655891] [attitude_scout_1]: [scout_1] Landed — tilt correction stopped, yaw-hold pinned to current heading.
[INFO] [1786737061.519383370] [attitude_scout_1]: [scout_1] Landed — tilt correction stopped, yaw-hold pinned to current heading.
[INFO] [1786737061.528211519] [attitude_scout_1]: [scout_1] Landed — tilt correction stopped, yaw-hold pinned to current heading.
[INFO] [1786737061.572824189] [attitude_scout_1]: [scout_1] Landed — tilt correction stopped, yaw-hold pinned to current heading.
[INFO] [1786737061.573965344] [attitude_scout_1]: [scout_1] Landed — tilt correction stopped, yaw-hold pinned to current heading.
[INFO] [1786737061.575150989] [attitude_scout_1]: [scout_1] Landed — tilt correction stopped, yaw-hold pinned to current heading.
[INFO] [1786737061.576071302] [attitude_scout_1]: [scout_1] Landed — tilt correction stopped, yaw-hold pinned to current heading.
[INFO] [1786737061.577080734] [attitude_scout_1]: [scout_1] Landed — tilt correction stopped, yaw-hold pinned to current heading.
[INFO] [1786737061.578100503] [attitude_scout_1]: [scout_1] Landed — tilt correction stopped, yaw-hold pinned to current heading.
[INFO] [1786737061.668268577] [attitude_scout_1]: [scout_1] Landed — tilt correction stopped, yaw-hold pinned to current heading.
[INFO] [1786737061.669170801] [attitude_scout_1]: [scout_1] Landed — tilt correction stopped, yaw-hold pinned to current heading.
[INFO] [1786737061.669929709] [attitude_scout_1]: [scout_1] Landed — tilt correction stopped, yaw-hold pinned to current heading.
[INFO] [1786737061.679416122] [attitude_scout_1]: [scout_1] Landed — tilt correction stopped, yaw-hold pinned to current heading.
[INFO] [1786737061.680594154] [attitude_scout_1]: [scout_1] Landed — tilt correction stopped, yaw-hold pinned to current heading.
[INFO] [1786737061.681781964] [attitude_scout_1]: [scout_1] Landed — tilt correction stopped, yaw-hold pinned to current heading.
[INFO] [1786737061.683141516] [attitude_scout_1]: [scout_1] Landed — tilt correction stopped, yaw-hold pinned to current heading.
[INFO] [1786737061.684532986] [attitude_scout_1]: [scout_1] Landed — tilt correction stopped, yaw-hold pinned to current heading.
[INFO] [1786737061.787777303] [attitude_scout_1]: [scout_1] Landed — tilt correction stopped, yaw-hold pinned to current heading.
[INFO] [1786737061.815864633] [attitude_scout_1]: [scout_1] Landed — tilt correction stopped, yaw-hold pinned to current heading.
[INFO] [1786737061.846875985] [attitude_scout_1]: [scout_1] Landed — tilt correction stopped, yaw-hold pinned to current heading.
[INFO] [1786737061.847842883] [attitude_scout_1]: [scout_1] Landed — tilt correction stopped, yaw-hold pinned to current heading.
[INFO] [1786737061.859626344] [attitude_scout_1]: [scout_1] Landed — tilt correction stopped, yaw-hold pinned to current heading.
[INFO] [1786737061.860511247] [attitude_scout_1]: [scout_1] Landed — tilt correction stopped, yaw-hold pinned to current heading.
[INFO] [1786737061.861355991] [attitude_scout_1]: [scout_1] Landed — tilt correction stopped, yaw-hold pinned to current heading.
[INFO] [1786737061.862252907] [attitude_scout_1]: [scout_1] Landed — tilt correction stopped, yaw-hold pinned to current heading.
[INFO] [1786737061.863097301] [attitude_scout_1]: [scout_1] Landed — tilt correction stopped, yaw-hold pinned to current heading.
[INFO] [1786737061.934722288] [attitude_scout_1]: [scout_1] Landed — tilt correction stopped, yaw-hold pinned to current heading.
[INFO] [1786737061.966165406] [attitude_scout_1]: [scout_1] Landed — tilt correction stopped, yaw-hold pinned to current heading.
[INFO] [1786737061.967250058] [attitude_scout_1]: [scout_1] Landed — tilt correction stopped, yaw-hold pinned to current heading.
[INFO] [1786737061.968109818] [attitude_scout_1]: [scout_1] Landed — tilt correction stopped, yaw-hold pinned to current heading.
[INFO] [1786737061.968873196] [attitude_scout_1]: [scout_1] Landed — tilt correction stopped, yaw-hold pinned to current heading.
[INFO] [1786737061.969604725] [attitude_scout_1]: [scout_1] Landed — tilt correction stopped, yaw-hold pinned to current heading.
[INFO] [1786737061.970384306] [attitude_scout_1]: [scout_1] Landed — tilt correction stopped, yaw-hold pinned to current heading.
[INFO] [1786737061.971475104] [attitude_scout_1]: [scout_1] Landed — tilt correction stopped, yaw-hold pinned to current heading.
[INFO] [1786737062.067227776] [attitude_scout_1]: [scout_1] Landed — tilt correction stopped, yaw-hold pinned to current heading.
[INFO] [1786737062.068398824] [attitude_scout_1]: [scout_1] Landed — tilt correction stopped, yaw-hold pinned to current heading.
[INFO] [1786737062.069560233] [attitude_scout_1]: [scout_1] Landed — tilt correction stopped, yaw-hold pinned to current heading.
[INFO] [1786737062.147728474] [attitude_scout_1]: [scout_1] Landed — tilt correction stopped, yaw-hold pinned to current heading.
[INFO] [1786737062.183020676] [attitude_scout_1]: [scout_1] Landed — tilt correction stopped, yaw-hold pinned to current heading.
[INFO] [1786737062.190914194] [attitude_scout_1]: [scout_1] Landed — tilt correction stopped, yaw-hold pinned to current heading.
[INFO] [1786737062.191897855] [attitude_scout_1]: [scout_1] Landed — tilt correction stopped, yaw-hold pinned to current heading.
[INFO] [1786737062.192667169] [attitude_scout_1]: [scout_1] Landed — tilt correction stopped, yaw-hold pinned to current heading.
[INFO] [1786737062.193619749] [attitude_scout_1]: [scout_1] Landed — tilt correction stopped, yaw-hold pinned to current heading.
[INFO] [1786737062.194630089] [attitude_scout_1]: [scout_1] Landed — tilt correction stopped, yaw-hold pinned to current heading.
[INFO] [1786737062.195680449] [attitude_scout_1]: [scout_1] Landed — tilt correction stopped, yaw-hold pinned to current heading.
[INFO] [1786737062.302144640] [attitude_scout_1]: [scout_1] Landed — tilt correction stopped, yaw-hold pinned to current heading.
[INFO] [1786737062.303094567] [attitude_scout_1]: [scout_1] Landed — tilt correction stopped, yaw-hold pinned to current heading.
[INFO] [1786737062.304329171] [attitude_scout_1]: [scout_1] Landed — tilt correction stopped, yaw-hold pinned to current heading.
[INFO] [1786737062.305634246] [attitude_scout_1]: [scout_1] Landed — tilt correction stopped, yaw-hold pinned to current heading.
[INFO] [1786737062.306933175] [attitude_scout_1]: [scout_1] Landed — tilt correction stopped, yaw-hold pinned to current heading.
[INFO] [1786737062.342425894] [attitude_scout_1]: [scout_1] Landed — tilt correction stopped, yaw-hold pinned to current heading.
[INFO] [1786737062.343596034] [attitude_scout_1]: [scout_1] Landed — tilt correction stopped, yaw-hold pinned to current heading.
[INFO] [1786737062.354360563] [attitude_scout_1]: [scout_1] Landed — tilt correction stopped, yaw-hold pinned to current heading.
[INFO] [1786737062.355443190] [attitude_scout_1]: [scout_1] Landed — tilt correction stopped, yaw-hold pinned to current heading.
[INFO] [1786737062.386088568] [attitude_scout_1]: [scout_1] Landed — tilt correction stopped, yaw-hold pinned to current heading.
[INFO] [1786737062.394062545] [attitude_scout_1]: [scout_1] Landed — tilt correction stopped, yaw-hold pinned to current heading.
[INFO] [1786737062.440091410] [attitude_scout_1]: [scout_1] Landed — tilt correction stopped, yaw-hold pinned to current heading.
[INFO] [1786737062.464483867] [attitude_scout_1]: [scout_1] Landed — tilt correction stopped, yaw-hold pinned to current heading.
[INFO] [1786737062.526402367] [attitude_scout_1]: [scout_1] Landed — tilt correction stopped, yaw-hold pinned to current heading.
[INFO] [1786737062.527654012] [attitude_scout_1]: [scout_1] Landed — tilt correction stopped, yaw-hold pinned to current heading.
[INFO] [1786737062.534768089] [attitude_scout_1]: [scout_1] Landed — tilt correction stopped, yaw-hold pinned to current heading.
[INFO] [1786737062.556964423] [attitude_scout_1]: [scout_1] Landed — tilt correction stopped, yaw-hold pinned to current heading.
[INFO] [1786737062.621633944] [attitude_scout_1]: [scout_1] Landed — tilt correction stopped, yaw-hold pinned to current heading.
[INFO] [1786737062.622940346] [attitude_scout_1]: [scout_1] Landed — tilt correction stopped, yaw-hold pinned to current heading.
[INFO] [1786737062.624333353] [attitude_scout_1]: [scout_1] Landed — tilt correction stopped, yaw-hold pinned to current heading.
[INFO] [1786737062.682586663] [attitude_scout_1]: [scout_1] Landed — tilt correction stopped, yaw-hold pinned to current heading.
[INFO] [1786737062.683747932] [attitude_scout_1]: [scout_1] Landed — tilt correction stopped, yaw-hold pinned to current heading.
[INFO] [1786737062.684983025] [attitude_scout_1]: [scout_1] Landed — tilt correction stopped, yaw-hold pinned to current heading.
[INFO] [1786737062.686176702] [attitude_scout_1]: [scout_1] Landed — tilt correction stopped, yaw-hold pinned to current heading.
[INFO] [1786737062.687437497] [attitude_scout_1]: [scout_1] Landed — tilt correction stopped, yaw-hold pinned to current heading.
[INFO] [1786737062.688604074] [attitude_scout_1]: [scout_1] Landed — tilt correction stopped, yaw-hold pinned to current heading.
[INFO] [1786737062.689682441] [attitude_scout_1]: [scout_1] Landed — tilt correction stopped, yaw-hold pinned to current heading.
[INFO] [1786737062.690734128] [attitude_scout_1]: [scout_1] Landed — tilt correction stopped, yaw-hold pinned to current heading.
[INFO] [1786737062.759647273] [attitude_scout_1]: [scout_1] Landed — tilt correction stopped, yaw-hold pinned to current heading.
[INFO] [1786737062.760779977] [attitude_scout_1]: [scout_1] Landed — tilt correction stopped, yaw-hold pinned to current heading.
[INFO] [1786737062.768201221] [attitude_scout_1]: [scout_1] Landed — tilt correction stopped, yaw-hold pinned to current heading.
[INFO] [1786737062.778813913] [attitude_scout_1]: [scout_1] Landed — tilt correction stopped, yaw-hold pinned to current heading.
[INFO] [1786737062.787798789] [attitude_scout_1]: [scout_1] Landed — tilt correction stopped, yaw-hold pinned to current heading.
[INFO] [1786737062.789220501] [attitude_scout_1]: [scout_1] Landed — tilt correction stopped, yaw-hold pinned to current heading.
[INFO] [1786737062.790108128] [attitude_scout_1]: [scout_1] Landed — tilt correction stopped, yaw-hold pinned to current heading.
[INFO] [1786737062.790902445] [attitude_scout_1]: [scout_1] Landed — tilt correction stopped, yaw-hold pinned to current heading.
[INFO] [1786737062.791820035] [attitude_scout_1]: [scout_1] Landed — tilt correction stopped, yaw-hold pinned to current heading.
[INFO] [1786737062.793105554] [attitude_scout_1]: [scout_1] Landed — tilt correction stopped, yaw-hold pinned to current heading.
[INFO] [1786737062.880005073] [attitude_scout_1]: [scout_1] Landed — tilt correction stopped, yaw-hold pinned to current heading.
[INFO] [1786737062.880917913] [attitude_scout_1]: [scout_1] Landed — tilt correction stopped, yaw-hold pinned to current heading.
[INFO] [1786737062.899296312] [attitude_scout_1]: [scout_1] Landed — tilt correction stopped, yaw-hold pinned to current heading.
[INFO] [1786737062.900238136] [attitude_scout_1]: [scout_1] Landed — tilt correction stopped, yaw-hold pinned to current heading.
[INFO] [1786737062.908918220] [attitude_scout_1]: [scout_1] Landed — tilt correction stopped, yaw-hold pinned to current heading.
[INFO] [1786737062.909921296] [attitude_scout_1]: [scout_1] Landed — tilt correction stopped, yaw-hold pinned to current heading.
[INFO] [1786737062.910741106] [attitude_scout_1]: [scout_1] Landed — tilt correction stopped, yaw-hold pinned to current heading.
[INFO] [1786737062.911586199] [attitude_scout_1]: [scout_1] Landed — tilt correction stopped, yaw-hold pinned to current heading.
[INFO] [1786737062.912640400] [attitude_scout_1]: [scout_1] Landed — tilt correction stopped, yaw-hold pinned to current heading.
[INFO] [1786737062.913869557] [attitude_scout_1]: [scout_1] Landed — tilt correction stopped, yaw-hold pinned to current heading.
[INFO] [1786737062.914898405] [attitude_scout_1]: [scout_1] Landed — tilt correction stopped, yaw-hold pinned to current heading.
[INFO] [1786737063.005573674] [attitude_scout_1]: [scout_1] Landed — tilt correction stopped, yaw-hold pinned to current heading.
[INFO] [1786737063.006439440] [attitude_scout_1]: [scout_1] Landed — tilt correction stopped, yaw-hold pinned to current heading.
[INFO] [1786737063.007341455] [attitude_scout_1]: [scout_1] Landed — tilt correction stopped, yaw-hold pinned to current heading.
[INFO] [1786737063.008295991] [attitude_scout_1]: [scout_1] Landed — tilt correction stopped, yaw-hold pinned to current heading.
[INFO] [1786737063.009172513] [attitude_scout_1]: [scout_1] Landed — tilt correction stopped, yaw-hold pinned to current heading.
[INFO] [1786737063.010044007] [attitude_scout_1]: [scout_1] Landed — tilt correction stopped, yaw-hold pinned to current heading.
[INFO] [1786737063.032288531] [attitude_scout_1]: [scout_1] Landed — tilt correction stopped, yaw-hold pinned to current heading.
[INFO] [1786737063.033412924] [attitude_scout_1]: [scout_1] Landed — tilt correction stopped, yaw-hold pinned to current heading.
[INFO] [1786737063.034388133] [attitude_scout_1]: [scout_1] Landed — tilt correction stopped, yaw-hold pinned to current heading.
[INFO] [1786737063.035324999] [attitude_scout_1]: [scout_1] Landed — tilt correction stopped, yaw-hold pinned to current heading.
[INFO] [1786737063.036253624] [attitude_scout_1]: [scout_1] Landed — tilt correction stopped, yaw-hold pinned to current heading.
[INFO] [1786737063.132865426] [attitude_scout_1]: [scout_1] Landed — tilt correction stopped, yaw-hold pinned to current heading.
[INFO] [1786737063.133903704] [attitude_scout_1]: [scout_1] Landed — tilt correction stopped, yaw-hold pinned to current heading.
[INFO] [1786737063.171207786] [attitude_scout_1]: [scout_1] Landed — tilt correction stopped, yaw-hold pinned to current heading.
[INFO] [1786737063.172184183] [attitude_scout_1]: [scout_1] Landed — tilt correction stopped, yaw-hold pinned to current heading.
[INFO] [1786737063.173226301] [attitude_scout_1]: [scout_1] Landed — tilt correction stopped, yaw-hold pinned to current heading.
[INFO] [1786737063.174235174] [attitude_scout_1]: [scout_1] Landed — tilt correction stopped, yaw-hold pinned to current heading.
[INFO] [1786737063.208917024] [attitude_scout_1]: [scout_1] Landed — tilt correction stopped, yaw-hold pinned to current heading.
[INFO] [1786737063.244431045] [attitude_scout_1]: [scout_1] Landed — tilt correction stopped, yaw-hold pinned to current heading.
[INFO] [1786737063.260275562] [attitude_scout_1]: [scout_1] Landed — tilt correction stopped, yaw-hold pinned to current heading.
[INFO] [1786737063.261329693] [attitude_scout_1]: [scout_1] Landed — tilt correction stopped, yaw-hold pinned to current heading.
[INFO] [1786737063.262517223] [attitude_scout_1]: [scout_1] Landed — tilt correction stopped, yaw-hold pinned to current heading.
[INFO] [1786737063.263690366] [attitude_scout_1]: [scout_1] Landed — tilt correction stopped, yaw-hold pinned to current heading.
[INFO] [1786737063.264727246] [attitude_scout_1]: [scout_1] Landed — tilt correction stopped, yaw-hold pinned to current heading.
[INFO] [1786737063.313164626] [attitude_scout_1]: [scout_1] Landed — tilt correction stopped, yaw-hold pinned to current heading.
[INFO] [1786737063.314166306] [attitude_scout_1]: [scout_1] Landed — tilt correction stopped, yaw-hold pinned to current heading.
[INFO] [1786737063.315105057] [attitude_scout_1]: [scout_1] Landed — tilt correction stopped, yaw-hold pinned to current heading.
[INFO] [1786737063.316044507] [attitude_scout_1]: [scout_1] Landed — tilt correction stopped, yaw-hold pinned to current heading.
[INFO] [1786737063.316971945] [attitude_scout_1]: [scout_1] Landed — tilt correction stopped, yaw-hold pinned to current heading.
[INFO] [1786737063.317825419] [attitude_scout_1]: [scout_1] Landed — tilt correction stopped, yaw-hold pinned to current heading.
[INFO] [1786737063.318879969] [attitude_scout_1]: [scout_1] Landed — tilt correction stopped, yaw-hold pinned to current heading.
[INFO] [1786737063.320158574] [attitude_scout_1]: [scout_1] Landed — tilt correction stopped, yaw-hold pinned to current heading.
[INFO] [1786737063.334164838] [attitude_scout_1]: [scout_1] Landed — tilt correction stopped, yaw-hold pinned to current heading.
[INFO] [1786737063.335468098] [attitude_scout_1]: [scout_1] Landed — tilt correction stopped, yaw-hold pinned to current heading.
[INFO] [1786737063.436560360] [attitude_scout_1]: [scout_1] Landed — tilt correction stopped, yaw-hold pinned to current heading.
[INFO] [1786737063.437592002] [attitude_scout_1]: [scout_1] Landed — tilt correction stopped, yaw-hold pinned to current heading.
[INFO] [1786737063.438585021] [attitude_scout_1]: [scout_1] Landed — tilt correction stopped, yaw-hold pinned to current heading.
[INFO] [1786737063.439383599] [attitude_scout_1]: [scout_1] Landed — tilt correction stopped, yaw-hold pinned to current heading.
[INFO] [1786737063.440155847] [attitude_scout_1]: [scout_1] Landed — tilt correction stopped, yaw-hold pinned to current heading.
[INFO] [1786737063.498696488] [attitude_scout_1]: [scout_1] Landed — tilt correction stopped, yaw-hold pinned to current heading.
[INFO] [1786737063.516516636] [attitude_scout_1]: [scout_1] Landed — tilt correction stopped, yaw-hold pinned to current heading.
[INFO] [1786737063.531254709] [attitude_scout_1]: [scout_1] Landed — tilt correction stopped, yaw-hold pinned to current heading.
[INFO] [1786737063.532339292] [attitude_scout_1]: [scout_1] Landed — tilt correction stopped, yaw-hold pinned to current heading.
[INFO] [1786737063.565771312] [attitude_scout_1]: [scout_1] Landed — tilt correction stopped, yaw-hold pinned to current heading.
[INFO] [1786737063.589190795] [attitude_scout_1]: [scout_1] Landed — tilt correction stopped, yaw-hold pinned to current heading.
[INFO] [1786737063.590334953] [attitude_scout_1]: [scout_1] Landed — tilt correction stopped, yaw-hold pinned to current heading.
[INFO] [1786737063.591180116] [attitude_scout_1]: [scout_1] Landed — tilt correction stopped, yaw-hold pinned to current heading.
[INFO] [1786737063.592007888] [attitude_scout_1]: [scout_1] Landed — tilt correction stopped, yaw-hold pinned to current heading.
[INFO] [1786737063.593113703] [attitude_scout_1]: [scout_1] Landed — tilt correction stopped, yaw-hold pinned to current heading.
[INFO] [1786737063.594046169] [attitude_scout_1]: [scout_1] Landed — tilt correction stopped, yaw-hold pinned to current heading.
[INFO] [1786737063.698548975] [attitude_scout_1]: [scout_1] Landed — tilt correction stopped, yaw-hold pinned to current heading.
[INFO] [1786737063.699708708] [attitude_scout_1]: [scout_1] Landed — tilt correction stopped, yaw-hold pinned to current heading.
[INFO] [1786737063.700917191] [attitude_scout_1]: [scout_1] Landed — tilt correction stopped, yaw-hold pinned to current heading.
[INFO] [1786737063.702057228] [attitude_scout_1]: [scout_1] Landed — tilt correction stopped, yaw-hold pinned to current heading.
[INFO] [1786737063.733010262] [attitude_scout_1]: [scout_1] Landed — tilt correction stopped, yaw-hold pinned to current heading.
[INFO] [1786737063.788523724] [attitude_scout_1]: [scout_1] Landed — tilt correction stopped, yaw-hold pinned to current heading.
[INFO] [1786737063.819858866] [attitude_scout_1]: [scout_1] Landed — tilt correction stopped, yaw-hold pinned to current heading.
[INFO] [1786737063.828616614] [attitude_scout_1]: [scout_1] Landed — tilt correction stopped, yaw-hold pinned to current heading.
[INFO] [1786737063.871066195] [attitude_scout_1]: [scout_1] Landed — tilt correction stopped, yaw-hold pinned to current heading.
[INFO] [1786737063.872051950] [attitude_scout_1]: [scout_1] Landed — tilt correction stopped, yaw-hold pinned to current heading.
[INFO] [1786737063.886907429] [attitude_scout_1]: [scout_1] Landed — tilt correction stopped, yaw-hold pinned to current heading.
[INFO] [1786737063.933088969] [attitude_scout_1]: [scout_1] Landed — tilt correction stopped, yaw-hold pinned to current heading.
[INFO] [1786737063.934242975] [attitude_scout_1]: [scout_1] Landed — tilt correction stopped, yaw-hold pinned to current heading.
[INFO] [1786737063.935435533] [attitude_scout_1]: [scout_1] Landed — tilt correction stopped, yaw-hold pinned to current heading.
[INFO] [1786737063.936541628] [attitude_scout_1]: [scout_1] Landed — tilt correction stopped, yaw-hold pinned to current heading.
[INFO] [1786737063.967313490] [attitude_scout_1]: [scout_1] Landed — tilt correction stopped, yaw-hold pinned to current heading.
[INFO] [1786737063.984804960] [attitude_scout_1]: [scout_1] Landed — tilt correction stopped, yaw-hold pinned to current heading.
[INFO] [1786737064.019356274] [attitude_scout_1]: [scout_1] Landed — tilt correction stopped, yaw-hold pinned to current heading.
[INFO] [1786737064.020435199] [attitude_scout_1]: [scout_1] Landed — tilt correction stopped, yaw-hold pinned to current heading.
[INFO] [1786737064.105397429] [attitude_scout_1]: [scout_1] Landed — tilt correction stopped, yaw-hold pinned to current heading.
[INFO] [1786737064.106489136] [attitude_scout_1]: [scout_1] Landed — tilt correction stopped, yaw-hold pinned to current heading.
[INFO] [1786737064.136325319] [attitude_scout_1]: [scout_1] Landed — tilt correction stopped, yaw-hold pinned to current heading.
[INFO] [1786737064.158909418] [attitude_scout_1]: [scout_1] Landed — tilt correction stopped, yaw-hold pinned to current heading.
[INFO] [1786737064.166841628] [attitude_scout_1]: [scout_1] Landed — tilt correction stopped, yaw-hold pinned to current heading.
[INFO] [1786737064.167933335] [attitude_scout_1]: [scout_1] Landed — tilt correction stopped, yaw-hold pinned to current heading.
[INFO] [1786737064.169176739] [attitude_scout_1]: [scout_1] Landed — tilt correction stopped, yaw-hold pinned to current heading.
[INFO] [1786737064.170304624] [attitude_scout_1]: [scout_1] Landed — tilt correction stopped, yaw-hold pinned to current heading.
[INFO] [1786737064.227915523] [attitude_scout_1]: [scout_1] Landed — tilt correction stopped, yaw-hold pinned to current heading.
[INFO] [1786737064.256262388] [attitude_scout_1]: [scout_1] Landed — tilt correction stopped, yaw-hold pinned to current heading.
[INFO] [1786737064.257395301] [attitude_scout_1]: [scout_1] Landed — tilt correction stopped, yaw-hold pinned to current heading.
[INFO] [1786737064.258356542] [attitude_scout_1]: [scout_1] Landed — tilt correction stopped, yaw-hold pinned to current heading.
[INFO] [1786737064.259321624] [attitude_scout_1]: [scout_1] Landed — tilt correction stopped, yaw-hold pinned to current heading.
[INFO] [1786737064.260298021] [attitude_scout_1]: [scout_1] Landed — tilt correction stopped, yaw-hold pinned to current heading.
[INFO] [1786737064.261517469] [attitude_scout_1]: [scout_1] Landed — tilt correction stopped, yaw-hold pinned to current heading.
[INFO] [1786737064.271199721] [attitude_scout_1]: [scout_1] Landed — tilt correction stopped, yaw-hold pinned to current heading.
[INFO] [1786737064.342166233] [attitude_scout_1]: [scout_1] Landed — tilt correction stopped, yaw-hold pinned to current heading.
[INFO] [1786737064.343124959] [attitude_scout_1]: [scout_1] Landed — tilt correction stopped, yaw-hold pinned to current heading.
[INFO] [1786737064.344441279] [attitude_scout_1]: [scout_1] Landed — tilt correction stopped, yaw-hold pinned to current heading.
[INFO] [1786737064.351901495] [attitude_scout_1]: [scout_1] Landed — tilt correction stopped, yaw-hold pinned to current heading.
[INFO] [1786737064.352997951] [attitude_scout_1]: [scout_1] Landed — tilt correction stopped, yaw-hold pinned to current heading.
[INFO] [1786737064.354094197] [attitude_scout_1]: [scout_1] Landed — tilt correction stopped, yaw-hold pinned to current heading.
[INFO] [1786737064.467199631] [attitude_scout_1]: [scout_1] Landed — tilt correction stopped, yaw-hold pinned to current heading.
[INFO] [1786737064.468174980] [attitude_scout_1]: [scout_1] Landed — tilt correction stopped, yaw-hold pinned to current heading.
[INFO] [1786737064.484254656] [attitude_scout_1]: [scout_1] Landed — tilt correction stopped, yaw-hold pinned to current heading.
[INFO] [1786737064.485531654] [attitude_scout_1]: [scout_1] Landed — tilt correction stopped, yaw-hold pinned to current heading.
[INFO] [1786737064.542433513] [attitude_scout_1]: [scout_1] Landed — tilt correction stopped, yaw-hold pinned to current heading.
[INFO] [1786737064.582415213] [attitude_scout_1]: [scout_1] Landed — tilt correction stopped, yaw-hold pinned to current heading.
[INFO] [1786737064.598175849] [attitude_scout_1]: [scout_1] Landed — tilt correction stopped, yaw-hold pinned to current heading.
[INFO] [1786737064.643361785] [attitude_scout_1]: [scout_1] Landed — tilt correction stopped, yaw-hold pinned to current heading.
[INFO] [1786737064.644525499] [attitude_scout_1]: [scout_1] Landed — tilt correction stopped, yaw-hold pinned to current heading.
[INFO] [1786737064.652719619] [attitude_scout_1]: [scout_1] Landed — tilt correction stopped, yaw-hold pinned to current heading.
[INFO] [1786737064.700082054] [attitude_scout_1]: [scout_1] Landed — tilt correction stopped, yaw-hold pinned to current heading.
[INFO] [1786737064.764843208] [attitude_scout_1]: [scout_1] Landed — tilt correction stopped, yaw-hold pinned to current heading.
[INFO] [1786737064.765818767] [attitude_scout_1]: [scout_1] Landed — tilt correction stopped, yaw-hold pinned to current heading.
[INFO] [1786737064.767087664] [attitude_scout_1]: [scout_1] Landed — tilt correction stopped, yaw-hold pinned to current heading.
[INFO] [1786737064.768198367] [attitude_scout_1]: [scout_1] Landed — tilt correction stopped, yaw-hold pinned to current heading.
[INFO] [1786737064.795723396] [attitude_scout_1]: [scout_1] Landed — tilt correction stopped, yaw-hold pinned to current heading.
[INFO] [1786737064.810438561] [attitude_scout_1]: [scout_1] Landed — tilt correction stopped, yaw-hold pinned to current heading.
[INFO] [1786737064.811187341] [attitude_scout_1]: [scout_1] Landed — tilt correction stopped, yaw-hold pinned to current heading.
[INFO] [1786737064.812127630] [attitude_scout_1]: [scout_1] Landed — tilt correction stopped, yaw-hold pinned to current heading.
[INFO] [1786737064.813005549] [attitude_scout_1]: [scout_1] Landed — tilt correction stopped, yaw-hold pinned to current heading.
[INFO] [1786737064.813934732] [attitude_scout_1]: [scout_1] Landed — tilt correction stopped, yaw-hold pinned to current heading.
[INFO] [1786737064.814626940] [attitude_scout_1]: [scout_1] Landed — tilt correction stopped, yaw-hold pinned to current heading.
[INFO] [1786737064.913751741] [attitude_scout_1]: [scout_1] Landed — tilt correction stopped, yaw-hold pinned to current heading.
[INFO] [1786737064.926397755] [attitude_scout_1]: [scout_1] Landed — tilt correction stopped, yaw-hold pinned to current heading.
[INFO] [1786737064.951420890] [attitude_scout_1]: [scout_1] Landed — tilt correction stopped, yaw-hold pinned to current heading.
[INFO] [1786737064.952605138] [attitude_scout_1]: [scout_1] Landed — tilt correction stopped, yaw-hold pinned to current heading.
[INFO] [1786737064.953505685] [attitude_scout_1]: [scout_1] Landed — tilt correction stopped, yaw-hold pinned to current heading.
[INFO] [1786737064.954423275] [attitude_scout_1]: [scout_1] Landed — tilt correction stopped, yaw-hold pinned to current heading.
[INFO] [1786737065.017045017] [attitude_scout_1]: [scout_1] Landed — tilt correction stopped, yaw-hold pinned to current heading.
[INFO] [1786737065.039514154] [attitude_scout_1]: [scout_1] Landed — tilt correction stopped, yaw-hold pinned to current heading.
[INFO] [1786737065.040210134] [attitude_scout_1]: [scout_1] Landed — tilt correction stopped, yaw-hold pinned to current heading.
[INFO] [1786737065.040837249] [attitude_scout_1]: [scout_1] Landed — tilt correction stopped, yaw-hold pinned to current heading.
[INFO] [1786737065.041469742] [attitude_scout_1]: [scout_1] Landed — tilt correction stopped, yaw-hold pinned to current heading.
[INFO] [1786737065.042154616] [attitude_scout_1]: [scout_1] Landed — tilt correction stopped, yaw-hold pinned to current heading.
[INFO] [1786737065.108908444] [attitude_scout_1]: [scout_1] Landed — tilt correction stopped, yaw-hold pinned to current heading.
[INFO] [1786737065.118146917] [attitude_scout_1]: [scout_1] Landed — tilt correction stopped, yaw-hold pinned to current heading.
[INFO] [1786737065.119389064] [attitude_scout_1]: [scout_1] Landed — tilt correction stopped, yaw-hold pinned to current heading.
[INFO] [1786737065.120484123] [attitude_scout_1]: [scout_1] Landed — tilt correction stopped, yaw-hold pinned to current heading.
[INFO] [1786737065.121511016] [attitude_scout_1]: [scout_1] Landed — tilt correction stopped, yaw-hold pinned to current heading.
[INFO] [1786737065.122531832] [attitude_scout_1]: [scout_1] Landed — tilt correction stopped, yaw-hold pinned to current heading.
[INFO] [1786737065.123551671] [attitude_scout_1]: [scout_1] Landed — tilt correction stopped, yaw-hold pinned to current heading.
[INFO] [1786737065.124666286] [attitude_scout_1]: [scout_1] Landed — tilt correction stopped, yaw-hold pinned to current heading.
[INFO] [1786737065.133999046] [attitude_scout_1]: [scout_1] Landed — tilt correction stopped, yaw-hold pinned to current heading.
[INFO] [1786737065.206651762] [attitude_scout_1]: [scout_1] Landed — tilt correction stopped, yaw-hold pinned to current heading.
[INFO] [1786737065.239862172] [attitude_scout_1]: [scout_1] Landed — tilt correction stopped, yaw-hold pinned to current heading.
[INFO] [1786737065.296560371] [attitude_scout_1]: [scout_1] Landed — tilt correction stopped, yaw-hold pinned to current heading.
[INFO] [1786737065.297734491] [attitude_scout_1]: [scout_1] Landed — tilt correction stopped, yaw-hold pinned to current heading.
[INFO] [1786737065.330314294] [attitude_scout_1]: [scout_1] Landed — tilt correction stopped, yaw-hold pinned to current heading.
[INFO] [1786737065.331506573] [attitude_scout_1]: [scout_1] Landed — tilt correction stopped, yaw-hold pinned to current heading.
[INFO] [1786737065.412256678] [attitude_scout_1]: [scout_1] Landed — tilt correction stopped, yaw-hold pinned to current heading.
[INFO] [1786737065.413388613] [attitude_scout_1]: [scout_1] Landed — tilt correction stopped, yaw-hold pinned to current heading.
[INFO] [1786737065.414406846] [attitude_scout_1]: [scout_1] Landed — tilt correction stopped, yaw-hold pinned to current heading.
[INFO] [1786737065.437751248] [attitude_scout_1]: [scout_1] Landed — tilt correction stopped, yaw-hold pinned to current heading.
[INFO] [1786737065.438545426] [attitude_scout_1]: [scout_1] Landed — tilt correction stopped, yaw-hold pinned to current heading.
[INFO] [1786737065.542688264] [attitude_scout_1]: [scout_1] Landed — tilt correction stopped, yaw-hold pinned to current heading.
[INFO] [1786737065.543714249] [attitude_scout_1]: [scout_1] Landed — tilt correction stopped, yaw-hold pinned to current heading.
[INFO] [1786737065.572448459] [attitude_scout_1]: [scout_1] Landed — tilt correction stopped, yaw-hold pinned to current heading.
[INFO] [1786737065.573151493] [attitude_scout_1]: [scout_1] Landed — tilt correction stopped, yaw-hold pinned to current heading.
[INFO] [1786737065.604785280] [attitude_scout_1]: [scout_1] Landed — tilt correction stopped, yaw-hold pinned to current heading.
[INFO] [1786737065.632477093] [attitude_scout_1]: [scout_1] Landed — tilt correction stopped, yaw-hold pinned to current heading.
[INFO] [1786737065.633444200] [attitude_scout_1]: [scout_1] Landed — tilt correction stopped, yaw-hold pinned to current heading.
[INFO] [1786737065.634592968] [attitude_scout_1]: [scout_1] Landed — tilt correction stopped, yaw-hold pinned to current heading.
[INFO] [1786737065.635786155] [attitude_scout_1]: [scout_1] Landed — tilt correction stopped, yaw-hold pinned to current heading.
[INFO] [1786737065.636855443] [attitude_scout_1]: [scout_1] Landed — tilt correction stopped, yaw-hold pinned to current heading.
[INFO] [1786737065.727613753] [attitude_scout_1]: [scout_1] Landed — tilt correction stopped, yaw-hold pinned to current heading.
[INFO] [1786737065.728414077] [attitude_scout_1]: [scout_1] Landed — tilt correction stopped, yaw-hold pinned to current heading.
[INFO] [1786737065.729187722] [attitude_scout_1]: [scout_1] Landed — tilt correction stopped, yaw-hold pinned to current heading.
[INFO] [1786737065.759764095] [attitude_scout_1]: [scout_1] Landed — tilt correction stopped, yaw-hold pinned to current heading.
[INFO] [1786737065.779537456] [attitude_scout_1]: [scout_1] Landed — tilt correction stopped, yaw-hold pinned to current heading.
[INFO] [1786737065.788876711] [attitude_scout_1]: [scout_1] Landed — tilt correction stopped, yaw-hold pinned to current heading.
[INFO] [1786737065.789867356] [attitude_scout_1]: [scout_1] Landed — tilt correction stopped, yaw-hold pinned to current heading.
[INFO] [1786737065.790945234] [attitude_scout_1]: [scout_1] Landed — tilt correction stopped, yaw-hold pinned to current heading.
[INFO] [1786737065.791890969] [attitude_scout_1]: [scout_1] Landed — tilt correction stopped, yaw-hold pinned to current heading.
[INFO] [1786737065.792887481] [attitude_scout_1]: [scout_1] Landed — tilt correction stopped, yaw-hold pinned to current heading.
[INFO] [1786737065.794040649] [attitude_scout_1]: [scout_1] Landed — tilt correction stopped, yaw-hold pinned to current heading.
[INFO] [1786737065.795311501] [attitude_scout_1]: [scout_1] Landed — tilt correction stopped, yaw-hold pinned to current heading.
[INFO] [1786737065.796554346] [attitude_scout_1]: [scout_1] Landed — tilt correction stopped, yaw-hold pinned to current heading.
[INFO] [1786737065.871849760] [attitude_scout_1]: [scout_1] Landed — tilt correction stopped, yaw-hold pinned to current heading.
[INFO] [1786737065.872946215] [attitude_scout_1]: [scout_1] Landed — tilt correction stopped, yaw-hold pinned to current heading.
[INFO] [1786737065.874053148] [attitude_scout_1]: [scout_1] Landed — tilt correction stopped, yaw-hold pinned to current heading.
[INFO] [1786737065.875060624] [attitude_scout_1]: [scout_1] Landed — tilt correction stopped, yaw-hold pinned to current heading.
[INFO] [1786737065.876070475] [attitude_scout_1]: [scout_1] Landed — tilt correction stopped, yaw-hold pinned to current heading.
[INFO] [1786737065.876990020] [attitude_scout_1]: [scout_1] Landed — tilt correction stopped, yaw-hold pinned to current heading.
[INFO] [1786737065.896633265] [attitude_scout_1]: [scout_1] Landed — tilt correction stopped, yaw-hold pinned to current heading.
[INFO] [1786737065.897958175] [attitude_scout_1]: [scout_1] Landed — tilt correction stopped, yaw-hold pinned to current heading.
[INFO] [1786737065.898950775] [attitude_scout_1]: [scout_1] Landed — tilt correction stopped, yaw-hold pinned to current heading.
[INFO] [1786737065.899938486] [attitude_scout_1]: [scout_1] Landed — tilt correction stopped, yaw-hold pinned to current heading.
[INFO] [1786737065.991399132] [attitude_scout_1]: [scout_1] Landed — tilt correction stopped, yaw-hold pinned to current heading.
[INFO] [1786737065.992522477] [attitude_scout_1]: [scout_1] Landed — tilt correction stopped, yaw-hold pinned to current heading.
[INFO] [1786737065.993839914] [attitude_scout_1]: [scout_1] Landed — tilt correction stopped, yaw-hold pinned to current heading.
[INFO] [1786737065.995151415] [attitude_scout_1]: [scout_1] Landed — tilt correction stopped, yaw-hold pinned to current heading.
[INFO] [1786737065.996349492] [attitude_scout_1]: [scout_1] Landed — tilt correction stopped, yaw-hold pinned to current heading.
[INFO] [1786737065.997674192] [attitude_scout_1]: [scout_1] Landed — tilt correction stopped, yaw-hold pinned to current heading.
[INFO] [1786737066.097189203] [attitude_scout_1]: [scout_1] Landed — tilt correction stopped, yaw-hold pinned to current heading.
[INFO] [1786737066.122779667] [attitude_scout_1]: [scout_1] Landed — tilt correction stopped, yaw-hold pinned to current heading.
[INFO] [1786737066.179834201] [attitude_scout_1]: [scout_1] Landed — tilt correction stopped, yaw-hold pinned to current heading.
[INFO] [1786737066.191704126] [attitude_scout_1]: [scout_1] Landed — tilt correction stopped, yaw-hold pinned to current heading.
[INFO] [1786737066.192546775] [attitude_scout_1]: [scout_1] Landed — tilt correction stopped, yaw-hold pinned to current heading.
[INFO] [1786737066.236914437] [attitude_scout_1]: [scout_1] Landed — tilt correction stopped, yaw-hold pinned to current heading.
[INFO] [1786737066.237723492] [attitude_scout_1]: [scout_1] Landed — tilt correction stopped, yaw-hold pinned to current heading.
[INFO] [1786737066.259556784] [attitude_scout_1]: [scout_1] Landed — tilt correction stopped, yaw-hold pinned to current heading.
[INFO] [1786737066.260652961] [attitude_scout_1]: [scout_1] Landed — tilt correction stopped, yaw-hold pinned to current heading.
[INFO] [1786737066.287013717] [attitude_scout_1]: [scout_1] Landed — tilt correction stopped, yaw-hold pinned to current heading.
[INFO] [1786737066.287805939] [attitude_scout_1]: [scout_1] Landed — tilt correction stopped, yaw-hold pinned to current heading.
[INFO] [1786737066.288591037] [attitude_scout_1]: [scout_1] Landed — tilt correction stopped, yaw-hold pinned to current heading.
[INFO] [1786737066.289607384] [attitude_scout_1]: [scout_1] Landed — tilt correction stopped, yaw-hold pinned to current heading.
[INFO] [1786737066.290352183] [attitude_scout_1]: [scout_1] Landed — tilt correction stopped, yaw-hold pinned to current heading.
[INFO] [1786737066.291096075] [attitude_scout_1]: [scout_1] Landed — tilt correction stopped, yaw-hold pinned to current heading.
[INFO] [1786737066.291760485] [attitude_scout_1]: [scout_1] Landed — tilt correction stopped, yaw-hold pinned to current heading.
[INFO] [1786737066.292458909] [attitude_scout_1]: [scout_1] Landed — tilt correction stopped, yaw-hold pinned to current heading.
[INFO] [1786737066.412047952] [attitude_scout_1]: [scout_1] Landed — tilt correction stopped, yaw-hold pinned to current heading.
[INFO] [1786737066.413018063] [attitude_scout_1]: [scout_1] Landed — tilt correction stopped, yaw-hold pinned to current heading.
[INFO] [1786737066.448884020] [attitude_scout_1]: [scout_1] Landed — tilt correction stopped, yaw-hold pinned to current heading.
[INFO] [1786737066.464904818] [attitude_scout_1]: [scout_1] Landed — tilt correction stopped, yaw-hold pinned to current heading.
[INFO] [1786737066.466076285] [attitude_scout_1]: [scout_1] Landed — tilt correction stopped, yaw-hold pinned to current heading.
[INFO] [1786737066.486015242] [attitude_scout_1]: [scout_1] Landed — tilt correction stopped, yaw-hold pinned to current heading.
[INFO] [1786737066.555912047] [attitude_scout_1]: [scout_1] Landed — tilt correction stopped, yaw-hold pinned to current heading.
[INFO] [1786737066.557112778] [attitude_scout_1]: [scout_1] Landed — tilt correction stopped, yaw-hold pinned to current heading.
[INFO] [1786737066.574540411] [attitude_scout_1]: [scout_1] Landed — tilt correction stopped, yaw-hold pinned to current heading.
[INFO] [1786737066.575592168] [attitude_scout_1]: [scout_1] Landed — tilt correction stopped, yaw-hold pinned to current heading.
[INFO] [1786737066.576433071] [attitude_scout_1]: [scout_1] Landed — tilt correction stopped, yaw-hold pinned to current heading.
[INFO] [1786737066.577098110] [attitude_scout_1]: [scout_1] Landed — tilt correction stopped, yaw-hold pinned to current heading.
[INFO] [1786737066.577762870] [attitude_scout_1]: [scout_1] Landed — tilt correction stopped, yaw-hold pinned to current heading.
[INFO] [1786737066.578414569] [attitude_scout_1]: [scout_1] Landed — tilt correction stopped, yaw-hold pinned to current heading.
[INFO] [1786737066.579037703] [attitude_scout_1]: [scout_1] Landed — tilt correction stopped, yaw-hold pinned to current heading.
[INFO] [1786737066.579881050] [attitude_scout_1]: [scout_1] Landed — tilt correction stopped, yaw-hold pinned to current heading.
[INFO] [1786737066.580637583] [attitude_scout_1]: [scout_1] Landed — tilt correction stopped, yaw-hold pinned to current heading.
[INFO] [1786737066.715251472] [attitude_scout_1]: [scout_1] Landed — tilt correction stopped, yaw-hold pinned to current heading.
[INFO] [1786737066.716083504] [attitude_scout_1]: [scout_1] Landed — tilt correction stopped, yaw-hold pinned to current heading.
[INFO] [1786737066.732798955] [attitude_scout_1]: [scout_1] Landed — tilt correction stopped, yaw-hold pinned to current heading.
[INFO] [1786737066.734011489] [attitude_scout_1]: [scout_1] Landed — tilt correction stopped, yaw-hold pinned to current heading.
[INFO] [1786737066.754693220] [attitude_scout_1]: [scout_1] Landed — tilt correction stopped, yaw-hold pinned to current heading.
[INFO] [1786737066.755744557] [attitude_scout_1]: [scout_1] Landed — tilt correction stopped, yaw-hold pinned to current heading.
[INFO] [1786737066.756826905] [attitude_scout_1]: [scout_1] Landed — tilt correction stopped, yaw-hold pinned to current heading.
[INFO] [1786737066.757911557] [attitude_scout_1]: [scout_1] Landed — tilt correction stopped, yaw-hold pinned to current heading.
[INFO] [1786737066.758796670] [attitude_scout_1]: [scout_1] Landed — tilt correction stopped, yaw-hold pinned to current heading.
[INFO] [1786737066.759816020] [attitude_scout_1]: [scout_1] Landed — tilt correction stopped, yaw-hold pinned to current heading.
[INFO] [1786737066.760885866] [attitude_scout_1]: [scout_1] Landed — tilt correction stopped, yaw-hold pinned to current heading.
[INFO] [1786737066.780291017] [attitude_scout_1]: [scout_1] Landed — tilt correction stopped, yaw-hold pinned to current heading.
[INFO] [1786737066.781523596] [attitude_scout_1]: [scout_1] Landed — tilt correction stopped, yaw-hold pinned to current heading.
[INFO] [1786737066.782788442] [attitude_scout_1]: [scout_1] Landed — tilt correction stopped, yaw-hold pinned to current heading.
[INFO] [1786737066.837345063] [attitude_scout_1]: [scout_1] Landed — tilt correction stopped, yaw-hold pinned to current heading.
[INFO] [1786737066.921826916] [attitude_scout_1]: [scout_1] Landed — tilt correction stopped, yaw-hold pinned to current heading.
[INFO] [1786737066.923050904] [attitude_scout_1]: [scout_1] Landed — tilt correction stopped, yaw-hold pinned to current heading.
[INFO] [1786737066.924351020] [attitude_scout_1]: [scout_1] Landed — tilt correction stopped, yaw-hold pinned to current heading.
[INFO] [1786737066.925528633] [attitude_scout_1]: [scout_1] Landed — tilt correction stopped, yaw-hold pinned to current heading.
[INFO] [1786737066.986335660] [attitude_scout_1]: [scout_1] Landed — tilt correction stopped, yaw-hold pinned to current heading.
[INFO] [1786737066.987675237] [attitude_scout_1]: [scout_1] Landed — tilt correction stopped, yaw-hold pinned to current heading.
[INFO] [1786737066.988982686] [attitude_scout_1]: [scout_1] Landed — tilt correction stopped, yaw-hold pinned to current heading.
[INFO] [1786737066.990305013] [attitude_scout_1]: [scout_1] Landed — tilt correction stopped, yaw-hold pinned to current heading.
[INFO] [1786737066.991536404] [attitude_scout_1]: [scout_1] Landed — tilt correction stopped, yaw-hold pinned to current heading.
[INFO] [1786737066.993083692] [attitude_scout_1]: [scout_1] Landed — tilt correction stopped, yaw-hold pinned to current heading.
[INFO] [1786737067.050098486] [attitude_scout_1]: [scout_1] Landed — tilt correction stopped, yaw-hold pinned to current heading.
[INFO] [1786737067.063146233] [attitude_scout_1]: [scout_1] Landed — tilt correction stopped, yaw-hold pinned to current heading.
[INFO] [1786737067.064450121] [attitude_scout_1]: [scout_1] Landed — tilt correction stopped, yaw-hold pinned to current heading.
[INFO] [1786737067.065789070] [attitude_scout_1]: [scout_1] Landed — tilt correction stopped, yaw-hold pinned to current heading.
[INFO] [1786737067.105277263] [attitude_scout_1]: [scout_1] Landed — tilt correction stopped, yaw-hold pinned to current heading.
[INFO] [1786737067.106268396] [attitude_scout_1]: [scout_1] Landed — tilt correction stopped, yaw-hold pinned to current heading.
[INFO] [1786737067.107189757] [attitude_scout_1]: [scout_1] Landed — tilt correction stopped, yaw-hold pinned to current heading.
[INFO] [1786737067.108049238] [attitude_scout_1]: [scout_1] Landed — tilt correction stopped, yaw-hold pinned to current heading.
[INFO] [1786737067.163246034] [attitude_scout_1]: [scout_1] Landed — tilt correction stopped, yaw-hold pinned to current heading.
[INFO] [1786737067.164379786] [attitude_scout_1]: [scout_1] Landed — tilt correction stopped, yaw-hold pinned to current heading.
[INFO] [1786737067.165432939] [attitude_scout_1]: [scout_1] Landed — tilt correction stopped, yaw-hold pinned to current heading.
[INFO] [1786737067.166495172] [attitude_scout_1]: [scout_1] Landed — tilt correction stopped, yaw-hold pinned to current heading.
[INFO] [1786737067.167587018] [attitude_scout_1]: [scout_1] Landed — tilt correction stopped, yaw-hold pinned to current heading.
[INFO] [1786737067.168657702] [attitude_scout_1]: [scout_1] Landed — tilt correction stopped, yaw-hold pinned to current heading.
[INFO] [1786737067.169684106] [attitude_scout_1]: [scout_1] Landed — tilt correction stopped, yaw-hold pinned to current heading.
[INFO] [1786737067.170738238] [attitude_scout_1]: [scout_1] Landed — tilt correction stopped, yaw-hold pinned to current heading.
[INFO] [1786737067.171628169] [attitude_scout_1]: [scout_1] Landed — tilt correction stopped, yaw-hold pinned to current heading.
[INFO] [1786737067.183650491] [attitude_scout_1]: [scout_1] Landed — tilt correction stopped, yaw-hold pinned to current heading.
[INFO] [1786737067.184661110] [attitude_scout_1]: [scout_1] Landed — tilt correction stopped, yaw-hold pinned to current heading.
[INFO] [1786737067.185586871] [attitude_scout_1]: [scout_1] Landed — tilt correction stopped, yaw-hold pinned to current heading.
[INFO] [1786737067.208294730] [attitude_scout_1]: [scout_1] Landed — tilt correction stopped, yaw-hold pinned to current heading.
[INFO] [1786737067.321484393] [attitude_scout_1]: [scout_1] Landed — tilt correction stopped, yaw-hold pinned to current heading.
[INFO] [1786737067.322356934] [attitude_scout_1]: [scout_1] Landed — tilt correction stopped, yaw-hold pinned to current heading.
[INFO] [1786737067.346626399] [attitude_scout_1]: [scout_1] Landed — tilt correction stopped, yaw-hold pinned to current heading.
[INFO] [1786737067.347512908] [attitude_scout_1]: [scout_1] Landed — tilt correction stopped, yaw-hold pinned to current heading.
[INFO] [1786737067.377528656] [attitude_scout_1]: [scout_1] Landed — tilt correction stopped, yaw-hold pinned to current heading.
[INFO] [1786737067.378749292] [attitude_scout_1]: [scout_1] Landed — tilt correction stopped, yaw-hold pinned to current heading.
[INFO] [1786737067.453880156] [attitude_scout_1]: [scout_1] Landed — tilt correction stopped, yaw-hold pinned to current heading.
[INFO] [1786737067.455036327] [attitude_scout_1]: [scout_1] Landed — tilt correction stopped, yaw-hold pinned to current heading.
[INFO] [1786737067.456018940] [attitude_scout_1]: [scout_1] Landed — tilt correction stopped, yaw-hold pinned to current heading.
[INFO] [1786737067.457143053] [attitude_scout_1]: [scout_1] Landed — tilt correction stopped, yaw-hold pinned to current heading.
[INFO] [1786737067.482157457] [attitude_scout_1]: [scout_1] Landed — tilt correction stopped, yaw-hold pinned to current heading.
[INFO] [1786737067.482947235] [attitude_scout_1]: [scout_1] Landed — tilt correction stopped, yaw-hold pinned to current heading.
[INFO] [1786737067.520347140] [attitude_scout_1]: [scout_1] Landed — tilt correction stopped, yaw-hold pinned to current heading.
[INFO] [1786737067.521477679] [attitude_scout_1]: [scout_1] Landed — tilt correction stopped, yaw-hold pinned to current heading.
[INFO] [1786737067.522386259] [attitude_scout_1]: [scout_1] Landed — tilt correction stopped, yaw-hold pinned to current heading.
[INFO] [1786737067.523351132] [attitude_scout_1]: [scout_1] Landed — tilt correction stopped, yaw-hold pinned to current heading.
[INFO] [1786737067.524418184] [attitude_scout_1]: [scout_1] Landed — tilt correction stopped, yaw-hold pinned to current heading.
[INFO] [1786737067.525526094] [attitude_scout_1]: [scout_1] Landed — tilt correction stopped, yaw-hold pinned to current heading.
[INFO] [1786737067.551767629] [attitude_scout_1]: [scout_1] Landed — tilt correction stopped, yaw-hold pinned to current heading.
[INFO] [1786737067.552716857] [attitude_scout_1]: [scout_1] Landed — tilt correction stopped, yaw-hold pinned to current heading.
[INFO] [1786737067.553621805] [attitude_scout_1]: [scout_1] Landed — tilt correction stopped, yaw-hold pinned to current heading.
[INFO] [1786737067.554550918] [attitude_scout_1]: [scout_1] Landed — tilt correction stopped, yaw-hold pinned to current heading.
[INFO] [1786737067.555419478] [attitude_scout_1]: [scout_1] Landed — tilt correction stopped, yaw-hold pinned to current heading.
[INFO] [1786737067.556170214] [attitude_scout_1]: [scout_1] Landed — tilt correction stopped, yaw-hold pinned to current heading.
[INFO] [1786737067.556944766] [attitude_scout_1]: [scout_1] Landed — tilt correction stopped, yaw-hold pinned to current heading.
[INFO] [1786737067.603163951] [attitude_scout_1]: [scout_1] Landed — tilt correction stopped, yaw-hold pinned to current heading.
[INFO] [1786737067.604840099] [attitude_scout_1]: [scout_1] Landed — tilt correction stopped, yaw-hold pinned to current heading.
[INFO] [1786737067.606426010] [attitude_scout_1]: [scout_1] Landed — tilt correction stopped, yaw-hold pinned to current heading.
[INFO] [1786737067.631644493] [attitude_scout_1]: [scout_1] Landed — tilt correction stopped, yaw-hold pinned to current heading.
[INFO] [1786737067.632399560] [attitude_scout_1]: [scout_1] Landed — tilt correction stopped, yaw-hold pinned to current heading.
[INFO] [1786737067.716153515] [attitude_scout_1]: [scout_1] Landed — tilt correction stopped, yaw-hold pinned to current heading.
[INFO] [1786737067.717135220] [attitude_scout_1]: [scout_1] Landed — tilt correction stopped, yaw-hold pinned to current heading.
[INFO] [1786737067.738981154] [attitude_scout_1]: [scout_1] Landed — tilt correction stopped, yaw-hold pinned to current heading.
[INFO] [1786737067.740208634] [attitude_scout_1]: [scout_1] Landed — tilt correction stopped, yaw-hold pinned to current heading.
[INFO] [1786737067.741500788] [attitude_scout_1]: [scout_1] Landed — tilt correction stopped, yaw-hold pinned to current heading.
[INFO] [1786737067.742537389] [attitude_scout_1]: [scout_1] Landed — tilt correction stopped, yaw-hold pinned to current heading.
[INFO] [1786737067.743519303] [attitude_scout_1]: [scout_1] Landed — tilt correction stopped, yaw-hold pinned to current heading.
[INFO] [1786737067.773002503] [attitude_scout_1]: [scout_1] Landed — tilt correction stopped, yaw-hold pinned to current heading.
[INFO] [1786737067.793933990] [attitude_scout_1]: [scout_1] Landed — tilt correction stopped, yaw-hold pinned to current heading.
[INFO] [1786737067.805392614] [attitude_scout_1]: [scout_1] Landed — tilt correction stopped, yaw-hold pinned to current heading.
[INFO] [1786737067.806716686] [attitude_scout_1]: [scout_1] Landed — tilt correction stopped, yaw-hold pinned to current heading.
[INFO] [1786737067.807841428] [attitude_scout_1]: [scout_1] Landed — tilt correction stopped, yaw-hold pinned to current heading.
[INFO] [1786737067.808830606] [attitude_scout_1]: [scout_1] Landed — tilt correction stopped, yaw-hold pinned to current heading.
[INFO] [1786737067.809831447] [attitude_scout_1]: [scout_1] Landed — tilt correction stopped, yaw-hold pinned to current heading.
[INFO] [1786737067.810757697] [attitude_scout_1]: [scout_1] Landed — tilt correction stopped, yaw-hold pinned to current heading.
[INFO] [1786737067.811680944] [attitude_scout_1]: [scout_1] Landed — tilt correction stopped, yaw-hold pinned to current heading.
[INFO] [1786737067.901408520] [attitude_scout_1]: [scout_1] Landed — tilt correction stopped, yaw-hold pinned to current heading.
[INFO] [1786737067.910770963] [attitude_scout_1]: [scout_1] Landed — tilt correction stopped, yaw-hold pinned to current heading.
[INFO] [1786737067.912020793] [attitude_scout_1]: [scout_1] Landed — tilt correction stopped, yaw-hold pinned to current heading.
[INFO] [1786737067.913014371] [attitude_scout_1]: [scout_1] Landed — tilt correction stopped, yaw-hold pinned to current heading.
[INFO] [1786737067.913975681] [attitude_scout_1]: [scout_1] Landed — tilt correction stopped, yaw-hold pinned to current heading.
[INFO] [1786737067.970559687] [attitude_scout_1]: [scout_1] Landed — tilt correction stopped, yaw-hold pinned to current heading.
[INFO] [1786737067.994566615] [attitude_scout_1]: [scout_1] Landed — tilt correction stopped, yaw-hold pinned to current heading.
[INFO] [1786737067.995687026] [attitude_scout_1]: [scout_1] Landed — tilt correction stopped, yaw-hold pinned to current heading.
[INFO] [1786737067.996559428] [attitude_scout_1]: [scout_1] Landed — tilt correction stopped, yaw-hold pinned to current heading.
[INFO] [1786737067.997564320] [attitude_scout_1]: [scout_1] Landed — tilt correction stopped, yaw-hold pinned to current heading.
[INFO] [1786737067.998452855] [attitude_scout_1]: [scout_1] Landed — tilt correction stopped, yaw-hold pinned to current heading.
[INFO] [1786737067.999289986] [attitude_scout_1]: [scout_1] Landed — tilt correction stopped, yaw-hold pinned to current heading.
[INFO] [1786737068.000028849] [attitude_scout_1]: [scout_1] Landed — tilt correction stopped, yaw-hold pinned to current heading.
[INFO] [1786737068.001017189] [attitude_scout_1]: [scout_1] Landed — tilt correction stopped, yaw-hold pinned to current heading.
[INFO] [1786737068.084479692] [attitude_scout_1]: [scout_1] Landed — tilt correction stopped, yaw-hold pinned to current heading.
[INFO] [1786737068.085554846] [attitude_scout_1]: [scout_1] Landed — tilt correction stopped, yaw-hold pinned to current heading.
[INFO] [1786737068.086651790] [attitude_scout_1]: [scout_1] Landed — tilt correction stopped, yaw-hold pinned to current heading.
[INFO] [1786737068.087781840] [attitude_scout_1]: [scout_1] Landed — tilt correction stopped, yaw-hold pinned to current heading.
[INFO] [1786737068.088922367] [attitude_scout_1]: [scout_1] Landed — tilt correction stopped, yaw-hold pinned to current heading.
[INFO] [1786737068.089909240] [attitude_scout_1]: [scout_1] Landed — tilt correction stopped, yaw-hold pinned to current heading.
[INFO] [1786737068.090872995] [attitude_scout_1]: [scout_1] Landed — tilt correction stopped, yaw-hold pinned to current heading.
[INFO] [1786737068.158219435] [attitude_scout_1]: [scout_1] Landed — tilt correction stopped, yaw-hold pinned to current heading.
[INFO] [1786737068.159265953] [attitude_scout_1]: [scout_1] Landed — tilt correction stopped, yaw-hold pinned to current heading.
[INFO] [1786737068.160396143] [attitude_scout_1]: [scout_1] Landed — tilt correction stopped, yaw-hold pinned to current heading.
[INFO] [1786737068.225731680] [attitude_scout_1]: [scout_1] Landed — tilt correction stopped, yaw-hold pinned to current heading.
[INFO] [1786737068.226782459] [attitude_scout_1]: [scout_1] Landed — tilt correction stopped, yaw-hold pinned to current heading.
[INFO] [1786737068.236097549] [attitude_scout_1]: [scout_1] Landed — tilt correction stopped, yaw-hold pinned to current heading.
[INFO] [1786737068.243650166] [attitude_scout_1]: [scout_1] Landed — tilt correction stopped, yaw-hold pinned to current heading.
[INFO] [1786737068.244611268] [attitude_scout_1]: [scout_1] Landed — tilt correction stopped, yaw-hold pinned to current heading.
[INFO] [1786737068.363535969] [attitude_scout_1]: [scout_1] Landed — tilt correction stopped, yaw-hold pinned to current heading.
[INFO] [1786737068.364589052] [attitude_scout_1]: [scout_1] Landed — tilt correction stopped, yaw-hold pinned to current heading.
[INFO] [1786737068.427122932] [attitude_scout_1]: [scout_1] Landed — tilt correction stopped, yaw-hold pinned to current heading.
[INFO] [1786737068.428072928] [attitude_scout_1]: [scout_1] Landed — tilt correction stopped, yaw-hold pinned to current heading.
[INFO] [1786737068.463502580] [attitude_scout_1]: [scout_1] Landed — tilt correction stopped, yaw-hold pinned to current heading.
[INFO] [1786737068.471904969] [attitude_scout_1]: [scout_1] Landed — tilt correction stopped, yaw-hold pinned to current heading.
[INFO] [1786737068.480484200] [attitude_scout_1]: [scout_1] Landed — tilt correction stopped, yaw-hold pinned to current heading.
[INFO] [1786737068.481810856] [attitude_scout_1]: [scout_1] Landed — tilt correction stopped, yaw-hold pinned to current heading.
[INFO] [1786737068.525061669] [attitude_scout_1]: [scout_1] Landed — tilt correction stopped, yaw-hold pinned to current heading.
[INFO] [1786737068.525920102] [attitude_scout_1]: [scout_1] Landed — tilt correction stopped, yaw-hold pinned to current heading.
[INFO] [1786737068.526708133] [attitude_scout_1]: [scout_1] Landed — tilt correction stopped, yaw-hold pinned to current heading.
[INFO] [1786737068.543989447] [attitude_scout_1]: [scout_1] Landed — tilt correction stopped, yaw-hold pinned to current heading.
[INFO] [1786737068.591988216] [attitude_scout_1]: [scout_1] Landed — tilt correction stopped, yaw-hold pinned to current heading.
[INFO] [1786737068.592955673] [attitude_scout_1]: [scout_1] Landed — tilt correction stopped, yaw-hold pinned to current heading.
[INFO] [1786737068.634715700] [attitude_scout_1]: [scout_1] Landed — tilt correction stopped, yaw-hold pinned to current heading.
[INFO] [1786737068.635818441] [attitude_scout_1]: [scout_1] Landed — tilt correction stopped, yaw-hold pinned to current heading.
[INFO] [1786737068.637259639] [attitude_scout_1]: [scout_1] Landed — tilt correction stopped, yaw-hold pinned to current heading.
[INFO] [1786737068.705988469] [attitude_scout_1]: [scout_1] Landed — tilt correction stopped, yaw-hold pinned to current heading.
[INFO] [1786737068.706957742] [attitude_scout_1]: [scout_1] Landed — tilt correction stopped, yaw-hold pinned to current heading.
[INFO] [1786737068.724915340] [attitude_scout_1]: [scout_1] Landed — tilt correction stopped, yaw-hold pinned to current heading.
[INFO] [1786737068.733193829] [attitude_scout_1]: [scout_1] Landed — tilt correction stopped, yaw-hold pinned to current heading.
[INFO] [1786737068.734335124] [attitude_scout_1]: [scout_1] Landed — tilt correction stopped, yaw-hold pinned to current heading.
[INFO] [1786737068.735697819] [attitude_scout_1]: [scout_1] Landed — tilt correction stopped, yaw-hold pinned to current heading.
[INFO] [1786737068.736832548] [attitude_scout_1]: [scout_1] Landed — tilt correction stopped, yaw-hold pinned to current heading.
[INFO] [1786737068.737913429] [attitude_scout_1]: [scout_1] Landed — tilt correction stopped, yaw-hold pinned to current heading.
[INFO] [1786737068.738834371] [attitude_scout_1]: [scout_1] Landed — tilt correction stopped, yaw-hold pinned to current heading.
[INFO] [1786737068.739727655] [attitude_scout_1]: [scout_1] Landed — tilt correction stopped, yaw-hold pinned to current heading.
[INFO] [1786737068.851774556] [attitude_scout_1]: [scout_1] Landed — tilt correction stopped, yaw-hold pinned to current heading.
[INFO] [1786737068.852566569] [attitude_scout_1]: [scout_1] Landed — tilt correction stopped, yaw-hold pinned to current heading.
[INFO] [1786737068.897550311] [attitude_scout_1]: [scout_1] Landed — tilt correction stopped, yaw-hold pinned to current heading.
[INFO] [1786737068.898717168] [attitude_scout_1]: [scout_1] Landed — tilt correction stopped, yaw-hold pinned to current heading.
[INFO] [1786737068.899615272] [attitude_scout_1]: [scout_1] Landed — tilt correction stopped, yaw-hold pinned to current heading.
[INFO] [1786737068.965577086] [attitude_scout_1]: [scout_1] Landed — tilt correction stopped, yaw-hold pinned to current heading.
[INFO] [1786737068.974201225] [attitude_scout_1]: [scout_1] Landed — tilt correction stopped, yaw-hold pinned to current heading.
[INFO] [1786737068.975230563] [attitude_scout_1]: [scout_1] Landed — tilt correction stopped, yaw-hold pinned to current heading.
[INFO] [1786737068.976423052] [attitude_scout_1]: [scout_1] Landed — tilt correction stopped, yaw-hold pinned to current heading.
[INFO] [1786737068.977429620] [attitude_scout_1]: [scout_1] Landed — tilt correction stopped, yaw-hold pinned to current heading.
[INFO] [1786737069.028304149] [attitude_scout_1]: [scout_1] Landed — tilt correction stopped, yaw-hold pinned to current heading.
[INFO] [1786737069.029405145] [attitude_scout_1]: [scout_1] Landed — tilt correction stopped, yaw-hold pinned to current heading.
[INFO] [1786737069.030179138] [attitude_scout_1]: [scout_1] Landed — tilt correction stopped, yaw-hold pinned to current heading.
[INFO] [1786737069.030981069] [attitude_scout_1]: [scout_1] Landed — tilt correction stopped, yaw-hold pinned to current heading.
[INFO] [1786737069.048449491] [attitude_scout_1]: [scout_1] Landed — tilt correction stopped, yaw-hold pinned to current heading.
[INFO] [1786737069.069998384] [attitude_scout_1]: [scout_1] Landed — tilt correction stopped, yaw-hold pinned to current heading.
[INFO] [1786737069.077821222] [attitude_scout_1]: [scout_1] Landed — tilt correction stopped, yaw-hold pinned to current heading.
[INFO] [1786737069.079045978] [attitude_scout_1]: [scout_1] Landed — tilt correction stopped, yaw-hold pinned to current heading.
[INFO] [1786737069.080151164] [attitude_scout_1]: [scout_1] Landed — tilt correction stopped, yaw-hold pinned to current heading.
[INFO] [1786737069.081413286] [attitude_scout_1]: [scout_1] Landed — tilt correction stopped, yaw-hold pinned to current heading.
[INFO] [1786737069.095095202] [attitude_scout_1]: [scout_1] Landed — tilt correction stopped, yaw-hold pinned to current heading.
[INFO] [1786737069.095981921] [attitude_scout_1]: [scout_1] Landed — tilt correction stopped, yaw-hold pinned to current heading.
[INFO] [1786737069.096941975] [attitude_scout_1]: [scout_1] Landed — tilt correction stopped, yaw-hold pinned to current heading.
[INFO] [1786737069.098128737] [attitude_scout_1]: [scout_1] Landed — tilt correction stopped, yaw-hold pinned to current heading.
[INFO] [1786737069.099209199] [attitude_scout_1]: [scout_1] Landed — tilt correction stopped, yaw-hold pinned to current heading.
[INFO] [1786737069.197758428] [attitude_scout_1]: [scout_1] Landed — tilt correction stopped, yaw-hold pinned to current heading.
[INFO] [1786737069.198841544] [attitude_scout_1]: [scout_1] Landed — tilt correction stopped, yaw-hold pinned to current heading.
[INFO] [1786737069.200117704] [attitude_scout_1]: [scout_1] Landed — tilt correction stopped, yaw-hold pinned to current heading.
[INFO] [1786737069.201470621] [attitude_scout_1]: [scout_1] Landed — tilt correction stopped, yaw-hold pinned to current heading.
[INFO] [1786737069.202468390] [attitude_scout_1]: [scout_1] Landed — tilt correction stopped, yaw-hold pinned to current heading.
[INFO] [1786737069.203299235] [attitude_scout_1]: [scout_1] Landed — tilt correction stopped, yaw-hold pinned to current heading.
[INFO] [1786737069.265641327] [attitude_scout_1]: [scout_1] Landed — tilt correction stopped, yaw-hold pinned to current heading.
[INFO] [1786737069.266555215] [attitude_scout_1]: [scout_1] Landed — tilt correction stopped, yaw-hold pinned to current heading.
[INFO] [1786737069.267459883] [attitude_scout_1]: [scout_1] Landed — tilt correction stopped, yaw-hold pinned to current heading.
[INFO] [1786737069.268383689] [attitude_scout_1]: [scout_1] Landed — tilt correction stopped, yaw-hold pinned to current heading.
[INFO] [1786737069.269287519] [attitude_scout_1]: [scout_1] Landed — tilt correction stopped, yaw-hold pinned to current heading.
[INFO] [1786737069.270317345] [attitude_scout_1]: [scout_1] Landed — tilt correction stopped, yaw-hold pinned to current heading.
[INFO] [1786737069.271180946] [attitude_scout_1]: [scout_1] Landed — tilt correction stopped, yaw-hold pinned to current heading.
[INFO] [1786737069.272299403] [attitude_scout_1]: [scout_1] Landed — tilt correction stopped, yaw-hold pinned to current heading.
[INFO] [1786737069.273236688] [attitude_scout_1]: [scout_1] Landed — tilt correction stopped, yaw-hold pinned to current heading.
[INFO] [1786737069.283222265] [attitude_scout_1]: [scout_1] Landed — tilt correction stopped, yaw-hold pinned to current heading.
[INFO] [1786737069.292534142] [attitude_scout_1]: [scout_1] Landed — tilt correction stopped, yaw-hold pinned to current heading.
[INFO] [1786737069.314747726] [attitude_scout_1]: [scout_1] Landed — tilt correction stopped, yaw-hold pinned to current heading.
[INFO] [1786737069.324798396] [attitude_scout_1]: [scout_1] Landed — tilt correction stopped, yaw-hold pinned to current heading.
[INFO] [1786737069.325960434] [attitude_scout_1]: [scout_1] Landed — tilt correction stopped, yaw-hold pinned to current heading.
[INFO] [1786737069.404306283] [attitude_scout_1]: [scout_1] Landed — tilt correction stopped, yaw-hold pinned to current heading.
[INFO] [1786737069.432457239] [attitude_scout_1]: [scout_1] Landed — tilt correction stopped, yaw-hold pinned to current heading.
[INFO] [1786737069.468654737] [attitude_scout_1]: [scout_1] Landed — tilt correction stopped, yaw-hold pinned to current heading.
[INFO] [1786737069.481092341] [attitude_scout_1]: [scout_1] Landed — tilt correction stopped, yaw-hold pinned to current heading.
[INFO] [1786737069.482077119] [attitude_scout_1]: [scout_1] Landed — tilt correction stopped, yaw-hold pinned to current heading.
[INFO] [1786737069.482942117] [attitude_scout_1]: [scout_1] Landed — tilt correction stopped, yaw-hold pinned to current heading.
[INFO] [1786737069.483641729] [attitude_scout_1]: [scout_1] Landed — tilt correction stopped, yaw-hold pinned to current heading.
[INFO] [1786737069.514584425] [attitude_scout_1]: [scout_1] Landed — tilt correction stopped, yaw-hold pinned to current heading.
[INFO] [1786737069.515312322] [attitude_scout_1]: [scout_1] Landed — tilt correction stopped, yaw-hold pinned to current heading.
[INFO] [1786737069.516036309] [attitude_scout_1]: [scout_1] Landed — tilt correction stopped, yaw-hold pinned to current heading.
[INFO] [1786737069.516695481] [attitude_scout_1]: [scout_1] Landed — tilt correction stopped, yaw-hold pinned to current heading.
[INFO] [1786737069.517269655] [attitude_scout_1]: [scout_1] Landed — tilt correction stopped, yaw-hold pinned to current heading.
[INFO] [1786737069.517852909] [attitude_scout_1]: [scout_1] Landed — tilt correction stopped, yaw-hold pinned to current heading.
[INFO] [1786737069.518434557] [attitude_scout_1]: [scout_1] Landed — tilt correction stopped, yaw-hold pinned to current heading.
[INFO] [1786737069.543170429] [attitude_scout_1]: [scout_1] Landed — tilt correction stopped, yaw-hold pinned to current heading.
[INFO] [1786737069.556023595] [attitude_scout_1]: [scout_1] Landed — tilt correction stopped, yaw-hold pinned to current heading.
[INFO] [1786737069.558267352] [attitude_scout_1]: [scout_1] Landed — tilt correction stopped, yaw-hold pinned to current heading.
[INFO] [1786737069.603020405] [attitude_scout_1]: [scout_1] Landed — tilt correction stopped, yaw-hold pinned to current heading.
[INFO] [1786737069.604441139] [attitude_scout_1]: [scout_1] Landed — tilt correction stopped, yaw-hold pinned to current heading.
[INFO] [1786737069.605799643] [attitude_scout_1]: [scout_1] Landed — tilt correction stopped, yaw-hold pinned to current heading.
[INFO] [1786737069.607091798] [attitude_scout_1]: [scout_1] Landed — tilt correction stopped, yaw-hold pinned to current heading.
[INFO] [1786737069.626650812] [attitude_scout_1]: [scout_1] Landed — tilt correction stopped, yaw-hold pinned to current heading.
[INFO] [1786737069.627872844] [attitude_scout_1]: [scout_1] Landed — tilt correction stopped, yaw-hold pinned to current heading.
[INFO] [1786737069.629132172] [attitude_scout_1]: [scout_1] Landed — tilt correction stopped, yaw-hold pinned to current heading.
[INFO] [1786737069.630273118] [attitude_scout_1]: [scout_1] Landed — tilt correction stopped, yaw-hold pinned to current heading.
[INFO] [1786737069.640052869] [attitude_scout_1]: [scout_1] Landed — tilt correction stopped, yaw-hold pinned to current heading.
[INFO] [1786737069.699319731] [attitude_scout_1]: [scout_1] Landed — tilt correction stopped, yaw-hold pinned to current heading.
[INFO] [1786737069.700408155] [attitude_scout_1]: [scout_1] Landed — tilt correction stopped, yaw-hold pinned to current heading.
[INFO] [1786737069.702442524] [attitude_scout_1]: [scout_1] Landed — tilt correction stopped, yaw-hold pinned to current heading.
[INFO] [1786737069.703572923] [attitude_scout_1]: [scout_1] Landed — tilt correction stopped, yaw-hold pinned to current heading.
[INFO] [1786737069.704671754] [attitude_scout_1]: [scout_1] Landed — tilt correction stopped, yaw-hold pinned to current heading.
[INFO] [1786737069.705856420] [attitude_scout_1]: [scout_1] Landed — tilt correction stopped, yaw-hold pinned to current heading.
[INFO] [1786737069.707036897] [attitude_scout_1]: [scout_1] Landed — tilt correction stopped, yaw-hold pinned to current heading.
[INFO] [1786737069.746154925] [attitude_scout_1]: [scout_1] Landed — tilt correction stopped, yaw-hold pinned to current heading.
[INFO] [1786737069.809562533] [attitude_scout_1]: [scout_1] Landed — tilt correction stopped, yaw-hold pinned to current heading.
[INFO] [1786737069.851705505] [attitude_scout_1]: [scout_1] Landed — tilt correction stopped, yaw-hold pinned to current heading.
[INFO] [1786737069.859697850] [attitude_scout_1]: [scout_1] Landed — tilt correction stopped, yaw-hold pinned to current heading.
[INFO] [1786737069.909794544] [attitude_scout_1]: [scout_1] Landed — tilt correction stopped, yaw-hold pinned to current heading.
[INFO] [1786737069.968696479] [attitude_scout_1]: [scout_1] Landed — tilt correction stopped, yaw-hold pinned to current heading.
[INFO] [1786737069.969684889] [attitude_scout_1]: [scout_1] Landed — tilt correction stopped, yaw-hold pinned to current heading.
[INFO] [1786737069.998348418] [attitude_scout_1]: [scout_1] Landed — tilt correction stopped, yaw-hold pinned to current heading.
[INFO] [1786737069.999201823] [attitude_scout_1]: [scout_1] Landed — tilt correction stopped, yaw-hold pinned to current heading.
[INFO] [1786737070.000221591] [attitude_scout_1]: [scout_1] Landed — tilt correction stopped, yaw-hold pinned to current heading.
[INFO] [1786737070.001528412] [attitude_scout_1]: [scout_1] Landed — tilt correction stopped, yaw-hold pinned to current heading.
[INFO] [1786737070.065970735] [attitude_scout_1]: [scout_1] Landed — tilt correction stopped, yaw-hold pinned to current heading.
[INFO] [1786737070.067093452] [attitude_scout_1]: [scout_1] Landed — tilt correction stopped, yaw-hold pinned to current heading.
[INFO] [1786737070.094553736] [attitude_scout_1]: [scout_1] Landed — tilt correction stopped, yaw-hold pinned to current heading.
[INFO] [1786737070.117859446] [attitude_scout_1]: [scout_1] Landed — tilt correction stopped, yaw-hold pinned to current heading.
[INFO] [1786737070.118771587] [attitude_scout_1]: [scout_1] Landed — tilt correction stopped, yaw-hold pinned to current heading.
[INFO] [1786737070.126388110] [attitude_scout_1]: [scout_1] Landed — tilt correction stopped, yaw-hold pinned to current heading.
[INFO] [1786737070.127446432] [attitude_scout_1]: [scout_1] Landed — tilt correction stopped, yaw-hold pinned to current heading.
[INFO] [1786737070.207796129] [attitude_scout_1]: [scout_1] Landed — tilt correction stopped, yaw-hold pinned to current heading.
[INFO] [1786737070.208556852] [attitude_scout_1]: [scout_1] Landed — tilt correction stopped, yaw-hold pinned to current heading.
[INFO] [1786737070.209250736] [attitude_scout_1]: [scout_1] Landed — tilt correction stopped, yaw-hold pinned to current heading.
[INFO] [1786737070.217418106] [attitude_scout_1]: [scout_1] Landed — tilt correction stopped, yaw-hold pinned to current heading.
[INFO] [1786737070.218600049] [attitude_scout_1]: [scout_1] Landed — tilt correction stopped, yaw-hold pinned to current heading.
[INFO] [1786737070.219700975] [attitude_scout_1]: [scout_1] Landed — tilt correction stopped, yaw-hold pinned to current heading.
[INFO] [1786737070.266666355] [attitude_scout_1]: [scout_1] Landed — tilt correction stopped, yaw-hold pinned to current heading.
[INFO] [1786737070.267901797] [attitude_scout_1]: [scout_1] Landed — tilt correction stopped, yaw-hold pinned to current heading.
[INFO] [1786737070.269100433] [attitude_scout_1]: [scout_1] Landed — tilt correction stopped, yaw-hold pinned to current heading.
[INFO] [1786737070.270320649] [attitude_scout_1]: [scout_1] Landed — tilt correction stopped, yaw-hold pinned to current heading.
[INFO] [1786737070.271210022] [attitude_scout_1]: [scout_1] Landed — tilt correction stopped, yaw-hold pinned to current heading.
[INFO] [1786737070.272199270] [attitude_scout_1]: [scout_1] Landed — tilt correction stopped, yaw-hold pinned to current heading.
[INFO] [1786737070.273088294] [attitude_scout_1]: [scout_1] Landed — tilt correction stopped, yaw-hold pinned to current heading.
[INFO] [1786737070.274063783] [attitude_scout_1]: [scout_1] Landed — tilt correction stopped, yaw-hold pinned to current heading.
[INFO] [1786737070.382009817] [attitude_scout_1]: [scout_1] Landed — tilt correction stopped, yaw-hold pinned to current heading.
[INFO] [1786737070.411686969] [attitude_scout_1]: [scout_1] Landed — tilt correction stopped, yaw-hold pinned to current heading.
[INFO] [1786737070.483180370] [attitude_scout_1]: [scout_1] Landed — tilt correction stopped, yaw-hold pinned to current heading.
[INFO] [1786737070.484358821] [attitude_scout_1]: [scout_1] Landed — tilt correction stopped, yaw-hold pinned to current heading.
[INFO] [1786737070.485766145] [attitude_scout_1]: [scout_1] Landed — tilt correction stopped, yaw-hold pinned to current heading.
[INFO] [1786737070.503827319] [attitude_scout_1]: [scout_1] Landed — tilt correction stopped, yaw-hold pinned to current heading.
[INFO] [1786737070.562192027] [attitude_scout_1]: [scout_1] Landed — tilt correction stopped, yaw-hold pinned to current heading.
[INFO] [1786737070.587984614] [attitude_scout_1]: [scout_1] Landed — tilt correction stopped, yaw-hold pinned to current heading.
[INFO] [1786737070.588898362] [attitude_scout_1]: [scout_1] Landed — tilt correction stopped, yaw-hold pinned to current heading.
[INFO] [1786737070.590050902] [attitude_scout_1]: [scout_1] Landed — tilt correction stopped, yaw-hold pinned to current heading.
[INFO] [1786737070.591275588] [attitude_scout_1]: [scout_1] Landed — tilt correction stopped, yaw-hold pinned to current heading.
[INFO] [1786737070.592486795] [attitude_scout_1]: [scout_1] Landed — tilt correction stopped, yaw-hold pinned to current heading.
[INFO] [1786737070.593519973] [attitude_scout_1]: [scout_1] Landed — tilt correction stopped, yaw-hold pinned to current heading.
[INFO] [1786737070.594434141] [attitude_scout_1]: [scout_1] Landed — tilt correction stopped, yaw-hold pinned to current heading.
[INFO] [1786737070.595391540] [attitude_scout_1]: [scout_1] Landed — tilt correction stopped, yaw-hold pinned to current heading.
[INFO] [1786737070.596308571] [attitude_scout_1]: [scout_1] Landed — tilt correction stopped, yaw-hold pinned to current heading.
[INFO] [1786737070.608467923] [attitude_scout_1]: [scout_1] Landed — tilt correction stopped, yaw-hold pinned to current heading.
[INFO] [1786737070.609466180] [attitude_scout_1]: [scout_1] Landed — tilt correction stopped, yaw-hold pinned to current heading.
[INFO] [1786737070.690475468] [attitude_scout_1]: [scout_1] Landed — tilt correction stopped, yaw-hold pinned to current heading.
[INFO] [1786737070.706472241] [attitude_scout_1]: [scout_1] Landed — tilt correction stopped, yaw-hold pinned to current heading.
[INFO] [1786737070.707675276] [attitude_scout_1]: [scout_1] Landed — tilt correction stopped, yaw-hold pinned to current heading.
[INFO] [1786737070.708767262] [attitude_scout_1]: [scout_1] Landed — tilt correction stopped, yaw-hold pinned to current heading.
[INFO] [1786737070.709756789] [attitude_scout_1]: [scout_1] Landed — tilt correction stopped, yaw-hold pinned to current heading.
[INFO] [1786737070.710611241] [attitude_scout_1]: [scout_1] Landed — tilt correction stopped, yaw-hold pinned to current heading.
[INFO] [1786737070.735651347] [attitude_scout_1]: [scout_1] Landed — tilt correction stopped, yaw-hold pinned to current heading.
[INFO] [1786737070.736547285] [attitude_scout_1]: [scout_1] Landed — tilt correction stopped, yaw-hold pinned to current heading.
[INFO] [1786737070.737260725] [attitude_scout_1]: [scout_1] Landed — tilt correction stopped, yaw-hold pinned to current heading.
[INFO] [1786737070.738033042] [attitude_scout_1]: [scout_1] Landed — tilt correction stopped, yaw-hold pinned to current heading.
[INFO] [1786737070.739170286] [attitude_scout_1]: [scout_1] Landed — tilt correction stopped, yaw-hold pinned to current heading.
[INFO] [1786737070.740205700] [attitude_scout_1]: [scout_1] Landed — tilt correction stopped, yaw-hold pinned to current heading.
[INFO] [1786737070.741495759] [attitude_scout_1]: [scout_1] Landed — tilt correction stopped, yaw-hold pinned to current heading.
[INFO] [1786737070.742583484] [attitude_scout_1]: [scout_1] Landed — tilt correction stopped, yaw-hold pinned to current heading.
[INFO] [1786737070.743573221] [attitude_scout_1]: [scout_1] Landed — tilt correction stopped, yaw-hold pinned to current heading.
[INFO] [1786737070.867331783] [attitude_scout_1]: [scout_1] Landed — tilt correction stopped, yaw-hold pinned to current heading.
[INFO] [1786737070.894483853] [attitude_scout_1]: [scout_1] Landed — tilt correction stopped, yaw-hold pinned to current heading.
[INFO] [1786737070.895918625] [attitude_scout_1]: [scout_1] Landed — tilt correction stopped, yaw-hold pinned to current heading.
[INFO] [1786737070.906214931] [attitude_scout_1]: [scout_1] Landed — tilt correction stopped, yaw-hold pinned to current heading.
[INFO] [1786737070.907264383] [attitude_scout_1]: [scout_1] Landed — tilt correction stopped, yaw-hold pinned to current heading.
[INFO] [1786737070.943732870] [attitude_scout_1]: [scout_1] Landed — tilt correction stopped, yaw-hold pinned to current heading.
[INFO] [1786737070.968841910] [attitude_scout_1]: [scout_1] Landed — tilt correction stopped, yaw-hold pinned to current heading.
[INFO] [1786737071.008716471] [attitude_scout_1]: [scout_1] Landed — tilt correction stopped, yaw-hold pinned to current heading.
[INFO] [1786737071.017209447] [attitude_scout_1]: [scout_1] Landed — tilt correction stopped, yaw-hold pinned to current heading.
[INFO] [1786737071.024791188] [attitude_scout_1]: [scout_1] Landed — tilt correction stopped, yaw-hold pinned to current heading.
[INFO] [1786737071.025722466] [attitude_scout_1]: [scout_1] Landed — tilt correction stopped, yaw-hold pinned to current heading.
[INFO] [1786737071.026554778] [attitude_scout_1]: [scout_1] Landed — tilt correction stopped, yaw-hold pinned to current heading.
[INFO] [1786737071.027315362] [attitude_scout_1]: [scout_1] Landed — tilt correction stopped, yaw-hold pinned to current heading.
[INFO] [1786737071.028215211] [attitude_scout_1]: [scout_1] Landed — tilt correction stopped, yaw-hold pinned to current heading.
[INFO] [1786737071.029167862] [attitude_scout_1]: [scout_1] Landed — tilt correction stopped, yaw-hold pinned to current heading.
[INFO] [1786737071.030162837] [attitude_scout_1]: [scout_1] Landed — tilt correction stopped, yaw-hold pinned to current heading.
[INFO] [1786737071.078157903] [attitude_scout_1]: [scout_1] Landed — tilt correction stopped, yaw-hold pinned to current heading.
[INFO] [1786737071.108568121] [attitude_scout_1]: [scout_1] Landed — tilt correction stopped, yaw-hold pinned to current heading.
[INFO] [1786737071.109490040] [attitude_scout_1]: [scout_1] Landed — tilt correction stopped, yaw-hold pinned to current heading.
[INFO] [1786737071.110420551] [attitude_scout_1]: [scout_1] Landed — tilt correction stopped, yaw-hold pinned to current heading.
[INFO] [1786737071.111706140] [attitude_scout_1]: [scout_1] Landed — tilt correction stopped, yaw-hold pinned to current heading.
[INFO] [1786737071.158612922] [attitude_scout_1]: [scout_1] Landed — tilt correction stopped, yaw-hold pinned to current heading.
[INFO] [1786737071.159920511] [attitude_scout_1]: [scout_1] Landed — tilt correction stopped, yaw-hold pinned to current heading.
[INFO] [1786737071.161074098] [attitude_scout_1]: [scout_1] Landed — tilt correction stopped, yaw-hold pinned to current heading.
[INFO] [1786737071.161981141] [attitude_scout_1]: [scout_1] Landed — tilt correction stopped, yaw-hold pinned to current heading.
[INFO] [1786737071.186404329] [attitude_scout_1]: [scout_1] Landed — tilt correction stopped, yaw-hold pinned to current heading.
[INFO] [1786737071.194264113] [attitude_scout_1]: [scout_1] Landed — tilt correction stopped, yaw-hold pinned to current heading.
[INFO] [1786737071.195477276] [attitude_scout_1]: [scout_1] Landed — tilt correction stopped, yaw-hold pinned to current heading.
[INFO] [1786737071.196513876] [attitude_scout_1]: [scout_1] Landed — tilt correction stopped, yaw-hold pinned to current heading.
[INFO] [1786737071.197587424] [attitude_scout_1]: [scout_1] Landed — tilt correction stopped, yaw-hold pinned to current heading.
[INFO] [1786737071.198645816] [attitude_scout_1]: [scout_1] Landed — tilt correction stopped, yaw-hold pinned to current heading.
[INFO] [1786737071.283388669] [attitude_scout_1]: [scout_1] Landed — tilt correction stopped, yaw-hold pinned to current heading.
[INFO] [1786737071.284237044] [attitude_scout_1]: [scout_1] Landed — tilt correction stopped, yaw-hold pinned to current heading.
[INFO] [1786737071.285148627] [attitude_scout_1]: [scout_1] Landed — tilt correction stopped, yaw-hold pinned to current heading.
[INFO] [1786737071.340348705] [attitude_scout_1]: [scout_1] Landed — tilt correction stopped, yaw-hold pinned to current heading.
[INFO] [1786737071.341562147] [attitude_scout_1]: [scout_1] Landed — tilt correction stopped, yaw-hold pinned to current heading.
[INFO] [1786737071.342499502] [attitude_scout_1]: [scout_1] Landed — tilt correction stopped, yaw-hold pinned to current heading.
[INFO] [1786737071.363497339] [attitude_scout_1]: [scout_1] Landed — tilt correction stopped, yaw-hold pinned to current heading.
[INFO] [1786737071.364390065] [attitude_scout_1]: [scout_1] Landed — tilt correction stopped, yaw-hold pinned to current heading.
[INFO] [1786737071.374984528] [attitude_scout_1]: [scout_1] Landed — tilt correction stopped, yaw-hold pinned to current heading.
[INFO] [1786737071.376265717] [attitude_scout_1]: [scout_1] Landed — tilt correction stopped, yaw-hold pinned to current heading.
[INFO] [1786737071.377332629] [attitude_scout_1]: [scout_1] Landed — tilt correction stopped, yaw-hold pinned to current heading.
[INFO] [1786737071.378506051] [attitude_scout_1]: [scout_1] Landed — tilt correction stopped, yaw-hold pinned to current heading.
[INFO] [1786737071.379622552] [attitude_scout_1]: [scout_1] Landed — tilt correction stopped, yaw-hold pinned to current heading.
[INFO] [1786737071.380726620] [attitude_scout_1]: [scout_1] Landed — tilt correction stopped, yaw-hold pinned to current heading.
[INFO] [1786737071.381657829] [attitude_scout_1]: [scout_1] Landed — tilt correction stopped, yaw-hold pinned to current heading.
[INFO] [1786737071.422528692] [attitude_scout_1]: [scout_1] Landed — tilt correction stopped, yaw-hold pinned to current heading.
[INFO] [1786737071.423795074] [attitude_scout_1]: [scout_1] Landed — tilt correction stopped, yaw-hold pinned to current heading.
[INFO] [1786737071.424969893] [attitude_scout_1]: [scout_1] Landed — tilt correction stopped, yaw-hold pinned to current heading.
[INFO] [1786737071.426217907] [attitude_scout_1]: [scout_1] Landed — tilt correction stopped, yaw-hold pinned to current heading.
[INFO] [1786737071.427213371] [attitude_scout_1]: [scout_1] Landed — tilt correction stopped, yaw-hold pinned to current heading.
[INFO] [1786737071.428215469] [attitude_scout_1]: [scout_1] Landed — tilt correction stopped, yaw-hold pinned to current heading.
[INFO] [1786737071.429209117] [attitude_scout_1]: [scout_1] Landed — tilt correction stopped, yaw-hold pinned to current heading.
[INFO] [1786737071.509618459] [attitude_scout_1]: [scout_1] Landed — tilt correction stopped, yaw-hold pinned to current heading.
[INFO] [1786737071.510579071] [attitude_scout_1]: [scout_1] Landed — tilt correction stopped, yaw-hold pinned to current heading.
[INFO] [1786737071.511550859] [attitude_scout_1]: [scout_1] Landed — tilt correction stopped, yaw-hold pinned to current heading.
[INFO] [1786737071.582528474] [attitude_scout_1]: [scout_1] Landed — tilt correction stopped, yaw-hold pinned to current heading.
[INFO] [1786737071.583577297] [attitude_scout_1]: [scout_1] Landed — tilt correction stopped, yaw-hold pinned to current heading.
[INFO] [1786737071.584692401] [attitude_scout_1]: [scout_1] Landed — tilt correction stopped, yaw-hold pinned to current heading.
[INFO] [1786737071.585581145] [attitude_scout_1]: [scout_1] Landed — tilt correction stopped, yaw-hold pinned to current heading.
[INFO] [1786737071.586334395] [attitude_scout_1]: [scout_1] Landed — tilt correction stopped, yaw-hold pinned to current heading.
[INFO] [1786737071.707629896] [attitude_scout_1]: [scout_1] Landed — tilt correction stopped, yaw-hold pinned to current heading.
[INFO] [1786737071.716692156] [attitude_scout_1]: [scout_1] Landed — tilt correction stopped, yaw-hold pinned to current heading.
[INFO] [1786737071.717567910] [attitude_scout_1]: [scout_1] Landed — tilt correction stopped, yaw-hold pinned to current heading.
[INFO] [1786737071.718389047] [attitude_scout_1]: [scout_1] Landed — tilt correction stopped, yaw-hold pinned to current heading.
[INFO] [1786737071.719332478] [attitude_scout_1]: [scout_1] Landed — tilt correction stopped, yaw-hold pinned to current heading.
[INFO] [1786737071.720460084] [attitude_scout_1]: [scout_1] Landed — tilt correction stopped, yaw-hold pinned to current heading.
[INFO] [1786737071.736489263] [attitude_scout_1]: [scout_1] Landed — tilt correction stopped, yaw-hold pinned to current heading.
[INFO] [1786737071.737608487] [attitude_scout_1]: [scout_1] Landed — tilt correction stopped, yaw-hold pinned to current heading.
[INFO] [1786737071.738540674] [attitude_scout_1]: [scout_1] Landed — tilt correction stopped, yaw-hold pinned to current heading.
[INFO] [1786737071.739613732] [attitude_scout_1]: [scout_1] Landed — tilt correction stopped, yaw-hold pinned to current heading.
[INFO] [1786737071.740512883] [attitude_scout_1]: [scout_1] Landed — tilt correction stopped, yaw-hold pinned to current heading.
[INFO] [1786737071.741664235] [attitude_scout_1]: [scout_1] Landed — tilt correction stopped, yaw-hold pinned to current heading.
[INFO] [1786737071.742898630] [attitude_scout_1]: [scout_1] Landed — tilt correction stopped, yaw-hold pinned to current heading.
[INFO] [1786737071.761848758] [attitude_scout_1]: [scout_1] Landed — tilt correction stopped, yaw-hold pinned to current heading.
[INFO] [1786737071.762799453] [attitude_scout_1]: [scout_1] Landed — tilt correction stopped, yaw-hold pinned to current heading.
[INFO] [1786737071.763600685] [attitude_scout_1]: [scout_1] Landed — tilt correction stopped, yaw-hold pinned to current heading.
[INFO] [1786737071.764412882] [attitude_scout_1]: [scout_1] Landed — tilt correction stopped, yaw-hold pinned to current heading.
[INFO] [1786737071.841477821] [attitude_scout_1]: [scout_1] Landed — tilt correction stopped, yaw-hold pinned to current heading.
[INFO] [1786737071.842336742] [attitude_scout_1]: [scout_1] Landed — tilt correction stopped, yaw-hold pinned to current heading.
[INFO] [1786737071.843194896] [attitude_scout_1]: [scout_1] Landed — tilt correction stopped, yaw-hold pinned to current heading.
[INFO] [1786737071.844085107] [attitude_scout_1]: [scout_1] Landed — tilt correction stopped, yaw-hold pinned to current heading.
[INFO] [1786737071.845103479] [attitude_scout_1]: [scout_1] Landed — tilt correction stopped, yaw-hold pinned to current heading.
[INFO] [1786737071.846509895] [attitude_scout_1]: [scout_1] Landed — tilt correction stopped, yaw-hold pinned to current heading.
[INFO] [1786737071.853181730] [attitude_scout_1]: [scout_1] Landed — tilt correction stopped, yaw-hold pinned to current heading.
[INFO] [1786737071.854164343] [attitude_scout_1]: [scout_1] Landed — tilt correction stopped, yaw-hold pinned to current heading.
[INFO] [1786737071.855162600] [attitude_scout_1]: [scout_1] Landed — tilt correction stopped, yaw-hold pinned to current heading.
[INFO] [1786737071.856243481] [attitude_scout_1]: [scout_1] Landed — tilt correction stopped, yaw-hold pinned to current heading.
[INFO] [1786737071.857026554] [attitude_scout_1]: [scout_1] Landed — tilt correction stopped, yaw-hold pinned to current heading.
[INFO] [1786737071.953707708] [attitude_scout_1]: [scout_1] Landed — tilt correction stopped, yaw-hold pinned to current heading.
[INFO] [1786737071.954538483] [attitude_scout_1]: [scout_1] Landed — tilt correction stopped, yaw-hold pinned to current heading.
[INFO] [1786737071.955512435] [attitude_scout_1]: [scout_1] Landed — tilt correction stopped, yaw-hold pinned to current heading.
[INFO] [1786737071.956707509] [attitude_scout_1]: [scout_1] Landed — tilt correction stopped, yaw-hold pinned to current heading.
[INFO] [1786737071.957868289] [attitude_scout_1]: [scout_1] Landed — tilt correction stopped, yaw-hold pinned to current heading.
[INFO] [1786737071.959019222] [attitude_scout_1]: [scout_1] Landed — tilt correction stopped, yaw-hold pinned to current heading.
[INFO] [1786737071.959839940] [attitude_scout_1]: [scout_1] Landed — tilt correction stopped, yaw-hold pinned to current heading.
[INFO] [1786737072.007290655] [attitude_scout_1]: [scout_1] Landed — tilt correction stopped, yaw-hold pinned to current heading.
[INFO] [1786737072.008401079] [attitude_scout_1]: [scout_1] Landed — tilt correction stopped, yaw-hold pinned to current heading.
[INFO] [1786737072.009524075] [attitude_scout_1]: [scout_1] Landed — tilt correction stopped, yaw-hold pinned to current heading.
[INFO] [1786737072.010289827] [attitude_scout_1]: [scout_1] Landed — tilt correction stopped, yaw-hold pinned to current heading.
[INFO] [1786737072.011282357] [attitude_scout_1]: [scout_1] Landed — tilt correction stopped, yaw-hold pinned to current heading.
[INFO] [1786737072.012047690] [attitude_scout_1]: [scout_1] Landed — tilt correction stopped, yaw-hold pinned to current heading.
[INFO] [1786737072.012979178] [attitude_scout_1]: [scout_1] Landed — tilt correction stopped, yaw-hold pinned to current heading.
[INFO] [1786737072.040415996] [attitude_scout_1]: [scout_1] Landed — tilt correction stopped, yaw-hold pinned to current heading.
[INFO] [1786737072.136337124] [attitude_scout_1]: [scout_1] Landed — tilt correction stopped, yaw-hold pinned to current heading.
[INFO] [1786737072.137429320] [attitude_scout_1]: [scout_1] Landed — tilt correction stopped, yaw-hold pinned to current heading.
[INFO] [1786737072.163725750] [attitude_scout_1]: [scout_1] Landed — tilt correction stopped, yaw-hold pinned to current heading.
[INFO] [1786737072.196270561] [attitude_scout_1]: [scout_1] Landed — tilt correction stopped, yaw-hold pinned to current heading.
[INFO] [1786737072.197591281] [attitude_scout_1]: [scout_1] Landed — tilt correction stopped, yaw-hold pinned to current heading.
[INFO] [1786737072.256221598] [attitude_scout_1]: [scout_1] Landed — tilt correction stopped, yaw-hold pinned to current heading.
[INFO] [1786737072.257397814] [attitude_scout_1]: [scout_1] Landed — tilt correction stopped, yaw-hold pinned to current heading.
[INFO] [1786737072.258278177] [attitude_scout_1]: [scout_1] Landed — tilt correction stopped, yaw-hold pinned to current heading.
[INFO] [1786737072.259142198] [attitude_scout_1]: [scout_1] Landed — tilt correction stopped, yaw-hold pinned to current heading.
[INFO] [1786737072.260148207] [attitude_scout_1]: [scout_1] Landed — tilt correction stopped, yaw-hold pinned to current heading.
[INFO] [1786737072.261396291] [attitude_scout_1]: [scout_1] Landed — tilt correction stopped, yaw-hold pinned to current heading.
[INFO] [1786737072.262590596] [attitude_scout_1]: [scout_1] Landed — tilt correction stopped, yaw-hold pinned to current heading.
[INFO] [1786737072.263835607] [attitude_scout_1]: [scout_1] Landed — tilt correction stopped, yaw-hold pinned to current heading.
[INFO] [1786737072.362496932] [attitude_scout_1]: [scout_1] Landed — tilt correction stopped, yaw-hold pinned to current heading.
[INFO] [1786737072.363597788] [attitude_scout_1]: [scout_1] Landed — tilt correction stopped, yaw-hold pinned to current heading.
[INFO] [1786737072.364514888] [attitude_scout_1]: [scout_1] Landed — tilt correction stopped, yaw-hold pinned to current heading.
[INFO] [1786737072.365629014] [attitude_scout_1]: [scout_1] Landed — tilt correction stopped, yaw-hold pinned to current heading.
[INFO] [1786737072.366491149] [attitude_scout_1]: [scout_1] Landed — tilt correction stopped, yaw-hold pinned to current heading.
[INFO] [1786737072.382758141] [attitude_scout_1]: [scout_1] Landed — tilt correction stopped, yaw-hold pinned to current heading.
[INFO] [1786737072.383645070] [attitude_scout_1]: [scout_1] Landed — tilt correction stopped, yaw-hold pinned to current heading.
[INFO] [1786737072.384306896] [attitude_scout_1]: [scout_1] Landed — tilt correction stopped, yaw-hold pinned to current heading.
[INFO] [1786737072.455774456] [attitude_scout_1]: [scout_1] Landed — tilt correction stopped, yaw-hold pinned to current heading.
[INFO] [1786737072.456719074] [attitude_scout_1]: [scout_1] Landed — tilt correction stopped, yaw-hold pinned to current heading.
[INFO] [1786737072.519914500] [attitude_scout_1]: [scout_1] Landed — tilt correction stopped, yaw-hold pinned to current heading.
[INFO] [1786737072.532893243] [attitude_scout_1]: [scout_1] Landed — tilt correction stopped, yaw-hold pinned to current heading.
[INFO] [1786737072.534224020] [attitude_scout_1]: [scout_1] Landed — tilt correction stopped, yaw-hold pinned to current heading.
[INFO] [1786737072.535545857] [attitude_scout_1]: [scout_1] Landed — tilt correction stopped, yaw-hold pinned to current heading.
[INFO] [1786737072.561487209] [attitude_scout_1]: [scout_1] Landed — tilt correction stopped, yaw-hold pinned to current heading.
[INFO] [1786737072.562389712] [attitude_scout_1]: [scout_1] Landed — tilt correction stopped, yaw-hold pinned to current heading.
[INFO] [1786737072.563348160] [attitude_scout_1]: [scout_1] Landed — tilt correction stopped, yaw-hold pinned to current heading.
[INFO] [1786737072.592982777] [attitude_scout_1]: [scout_1] Landed — tilt correction stopped, yaw-hold pinned to current heading.
[INFO] [1786737072.594410286] [attitude_scout_1]: [scout_1] Landed — tilt correction stopped, yaw-hold pinned to current heading.
[INFO] [1786737072.595616325] [attitude_scout_1]: [scout_1] Landed — tilt correction stopped, yaw-hold pinned to current heading.
[INFO] [1786737072.596789607] [attitude_scout_1]: [scout_1] Landed — tilt correction stopped, yaw-hold pinned to current heading.
[INFO] [1786737072.598010731] [attitude_scout_1]: [scout_1] Landed — tilt correction stopped, yaw-hold pinned to current heading.
[INFO] [1786737072.599320765] [attitude_scout_1]: [scout_1] Landed — tilt correction stopped, yaw-hold pinned to current heading.
[INFO] [1786737072.686459981] [attitude_scout_1]: [scout_1] Landed — tilt correction stopped, yaw-hold pinned to current heading.
[INFO] [1786737072.687590799] [attitude_scout_1]: [scout_1] Landed — tilt correction stopped, yaw-hold pinned to current heading.
[INFO] [1786737072.755874663] [attitude_scout_1]: [scout_1] Landed — tilt correction stopped, yaw-hold pinned to current heading.
[INFO] [1786737072.763983644] [attitude_scout_1]: [scout_1] Landed — tilt correction stopped, yaw-hold pinned to current heading.
[INFO] [1786737072.764987838] [attitude_scout_1]: [scout_1] Landed — tilt correction stopped, yaw-hold pinned to current heading.
[INFO] [1786737072.766455786] [attitude_scout_1]: [scout_1] Landed — tilt correction stopped, yaw-hold pinned to current heading.
[INFO] [1786737072.767652395] [attitude_scout_1]: [scout_1] Landed — tilt correction stopped, yaw-hold pinned to current heading.
[INFO] [1786737072.768761493] [attitude_scout_1]: [scout_1] Landed — tilt correction stopped, yaw-hold pinned to current heading.
[INFO] [1786737072.769890635] [attitude_scout_1]: [scout_1] Landed — tilt correction stopped, yaw-hold pinned to current heading.
[INFO] [1786737072.771000500] [attitude_scout_1]: [scout_1] Landed — tilt correction stopped, yaw-hold pinned to current heading.
[INFO] [1786737072.772213174] [attitude_scout_1]: [scout_1] Landed — tilt correction stopped, yaw-hold pinned to current heading.
[INFO] [1786737072.822014644] [attitude_scout_1]: [scout_1] Landed — tilt correction stopped, yaw-hold pinned to current heading.
[INFO] [1786737072.823205038] [attitude_scout_1]: [scout_1] Landed — tilt correction stopped, yaw-hold pinned to current heading.
[INFO] [1786737072.824119484] [attitude_scout_1]: [scout_1] Landed — tilt correction stopped, yaw-hold pinned to current heading.
[INFO] [1786737072.825167819] [attitude_scout_1]: [scout_1] Landed — tilt correction stopped, yaw-hold pinned to current heading.
[INFO] [1786737072.826327412] [attitude_scout_1]: [scout_1] Landed — tilt correction stopped, yaw-hold pinned to current heading.
[INFO] [1786737072.827289002] [attitude_scout_1]: [scout_1] Landed — tilt correction stopped, yaw-hold pinned to current heading.
[INFO] [1786737072.828349349] [attitude_scout_1]: [scout_1] Landed — tilt correction stopped, yaw-hold pinned to current heading.
[INFO] [1786737072.908779015] [attitude_scout_1]: [scout_1] Landed — tilt correction stopped, yaw-hold pinned to current heading.
[INFO] [1786737072.974952800] [attitude_scout_1]: [scout_1] Landed — tilt correction stopped, yaw-hold pinned to current heading.
[INFO] [1786737072.975906358] [attitude_scout_1]: [scout_1] Landed — tilt correction stopped, yaw-hold pinned to current heading.
[INFO] [1786737072.977091374] [attitude_scout_1]: [scout_1] Landed — tilt correction stopped, yaw-hold pinned to current heading.
[INFO] [1786737072.978414189] [attitude_scout_1]: [scout_1] Landed — tilt correction stopped, yaw-hold pinned to current heading.
[INFO] [1786737072.979576507] [attitude_scout_1]: [scout_1] Landed — tilt correction stopped, yaw-hold pinned to current heading.
[INFO] [1786737072.980767110] [attitude_scout_1]: [scout_1] Landed — tilt correction stopped, yaw-hold pinned to current heading.
[INFO] [1786737072.981655156] [attitude_scout_1]: [scout_1] Landed — tilt correction stopped, yaw-hold pinned to current heading.
[INFO] [1786737072.982453734] [attitude_scout_1]: [scout_1] Landed — tilt correction stopped, yaw-hold pinned to current heading.
[INFO] [1786737073.019989971] [attitude_scout_1]: [scout_1] Landed — tilt correction stopped, yaw-hold pinned to current heading.
[INFO] [1786737073.056899582] [attitude_scout_1]: [scout_1] Landed — tilt correction stopped, yaw-hold pinned to current heading.
[INFO] [1786737073.065129182] [attitude_scout_1]: [scout_1] Landed — tilt correction stopped, yaw-hold pinned to current heading.
[INFO] [1786737073.066600342] [attitude_scout_1]: [scout_1] Landed — tilt correction stopped, yaw-hold pinned to current heading.
[INFO] [1786737073.067360996] [attitude_scout_1]: [scout_1] Landed — tilt correction stopped, yaw-hold pinned to current heading.
[INFO] [1786737073.068413241] [attitude_scout_1]: [scout_1] Landed — tilt correction stopped, yaw-hold pinned to current heading.
[INFO] [1786737073.069267833] [attitude_scout_1]: [scout_1] Landed — tilt correction stopped, yaw-hold pinned to current heading.
[INFO] [1786737073.070152317] [attitude_scout_1]: [scout_1] Landed — tilt correction stopped, yaw-hold pinned to current heading.
[INFO] [1786737073.071306532] [attitude_scout_1]: [scout_1] Landed — tilt correction stopped, yaw-hold pinned to current heading.
[INFO] [1786737073.108587635] [attitude_scout_1]: [scout_1] Landed — tilt correction stopped, yaw-hold pinned to current heading.
[INFO] [1786737073.109870081] [attitude_scout_1]: [scout_1] Landed — tilt correction stopped, yaw-hold pinned to current heading.
[INFO] [1786737073.111060266] [attitude_scout_1]: [scout_1] Landed — tilt correction stopped, yaw-hold pinned to current heading.
[INFO] [1786737073.112289073] [attitude_scout_1]: [scout_1] Landed — tilt correction stopped, yaw-hold pinned to current heading.
[INFO] [1786737073.209468831] [attitude_scout_1]: [scout_1] Landed — tilt correction stopped, yaw-hold pinned to current heading.
[INFO] [1786737073.210766503] [attitude_scout_1]: [scout_1] Landed — tilt correction stopped, yaw-hold pinned to current heading.
[INFO] [1786737073.212124518] [attitude_scout_1]: [scout_1] Landed — tilt correction stopped, yaw-hold pinned to current heading.
[INFO] [1786737073.252503131] [attitude_scout_1]: [scout_1] Landed — tilt correction stopped, yaw-hold pinned to current heading.
[INFO] [1786737073.253539173] [attitude_scout_1]: [scout_1] Landed — tilt correction stopped, yaw-hold pinned to current heading.
[INFO] [1786737073.305342187] [attitude_scout_1]: [scout_1] Landed — tilt correction stopped, yaw-hold pinned to current heading.
[INFO] [1786737073.314277264] [attitude_scout_1]: [scout_1] Landed — tilt correction stopped, yaw-hold pinned to current heading.
[INFO] [1786737073.341001060] [attitude_scout_1]: [scout_1] Landed — tilt correction stopped, yaw-hold pinned to current heading.
[INFO] [1786737073.341986048] [attitude_scout_1]: [scout_1] Landed — tilt correction stopped, yaw-hold pinned to current heading.
[INFO] [1786737073.393180455] [attitude_scout_1]: [scout_1] Landed — tilt correction stopped, yaw-hold pinned to current heading.
[INFO] [1786737073.402656322] [attitude_scout_1]: [scout_1] Landed — tilt correction stopped, yaw-hold pinned to current heading.
[INFO] [1786737073.403770238] [attitude_scout_1]: [scout_1] Landed — tilt correction stopped, yaw-hold pinned to current heading.
[INFO] [1786737073.404642151] [attitude_scout_1]: [scout_1] Landed — tilt correction stopped, yaw-hold pinned to current heading.
[INFO] [1786737073.405590331] [attitude_scout_1]: [scout_1] Landed — tilt correction stopped, yaw-hold pinned to current heading.
[INFO] [1786737073.457463885] [attitude_scout_1]: [scout_1] Landed — tilt correction stopped, yaw-hold pinned to current heading.
[INFO] [1786737073.458455019] [attitude_scout_1]: [scout_1] Landed — tilt correction stopped, yaw-hold pinned to current heading.
[INFO] [1786737073.527741889] [attitude_scout_1]: [scout_1] Landed — tilt correction stopped, yaw-hold pinned to current heading.
[INFO] [1786737073.529256002] [attitude_scout_1]: [scout_1] Landed — tilt correction stopped, yaw-hold pinned to current heading.
[INFO] [1786737073.530094320] [attitude_scout_1]: [scout_1] Landed — tilt correction stopped, yaw-hold pinned to current heading.
[INFO] [1786737073.530954848] [attitude_scout_1]: [scout_1] Landed — tilt correction stopped, yaw-hold pinned to current heading.
[INFO] [1786737073.549639016] [attitude_scout_1]: [scout_1] Landed — tilt correction stopped, yaw-hold pinned to current heading.
[INFO] [1786737073.550726532] [attitude_scout_1]: [scout_1] Landed — tilt correction stopped, yaw-hold pinned to current heading.
[INFO] [1786737073.551860982] [attitude_scout_1]: [scout_1] Landed — tilt correction stopped, yaw-hold pinned to current heading.
[INFO] [1786737073.552871951] [attitude_scout_1]: [scout_1] Landed — tilt correction stopped, yaw-hold pinned to current heading.
[INFO] [1786737073.553879637] [attitude_scout_1]: [scout_1] Landed — tilt correction stopped, yaw-hold pinned to current heading.
[INFO] [1786737073.554923781] [attitude_scout_1]: [scout_1] Landed — tilt correction stopped, yaw-hold pinned to current heading.
[INFO] [1786737073.555962547] [attitude_scout_1]: [scout_1] Landed — tilt correction stopped, yaw-hold pinned to current heading.
[INFO] [1786737073.556966252] [attitude_scout_1]: [scout_1] Landed — tilt correction stopped, yaw-hold pinned to current heading.
[INFO] [1786737073.700618442] [attitude_scout_1]: [scout_1] Landed — tilt correction stopped, yaw-hold pinned to current heading.
[INFO] [1786737073.701641564] [attitude_scout_1]: [scout_1] Landed — tilt correction stopped, yaw-hold pinned to current heading.
[INFO] [1786737073.717042720] [attitude_scout_1]: [scout_1] Landed — tilt correction stopped, yaw-hold pinned to current heading.
[INFO] [1786737073.717978119] [attitude_scout_1]: [scout_1] Landed — tilt correction stopped, yaw-hold pinned to current heading.
[INFO] [1786737073.718734652] [attitude_scout_1]: [scout_1] Landed — tilt correction stopped, yaw-hold pinned to current heading.
[INFO] [1786737073.719485947] [attitude_scout_1]: [scout_1] Landed — tilt correction stopped, yaw-hold pinned to current heading.
[INFO] [1786737073.720427073] [attitude_scout_1]: [scout_1] Landed — tilt correction stopped, yaw-hold pinned to current heading.
[INFO] [1786737073.721599378] [attitude_scout_1]: [scout_1] Landed — tilt correction stopped, yaw-hold pinned to current heading.
[INFO] [1786737073.797919098] [attitude_scout_1]: [scout_1] Landed — tilt correction stopped, yaw-hold pinned to current heading.
[INFO] [1786737073.799310568] [attitude_scout_1]: [scout_1] Landed — tilt correction stopped, yaw-hold pinned to current heading.
[INFO] [1786737073.827031783] [attitude_scout_1]: [scout_1] Landed — tilt correction stopped, yaw-hold pinned to current heading.
[INFO] [1786737073.828322470] [attitude_scout_1]: [scout_1] Landed — tilt correction stopped, yaw-hold pinned to current heading.
[INFO] [1786737073.829843568] [attitude_scout_1]: [scout_1] Landed — tilt correction stopped, yaw-hold pinned to current heading.
[INFO] [1786737073.831095423] [attitude_scout_1]: [scout_1] Landed — tilt correction stopped, yaw-hold pinned to current heading.
[INFO] [1786737073.833342532] [attitude_scout_1]: [scout_1] Landed — tilt correction stopped, yaw-hold pinned to current heading.
[INFO] [1786737073.835162136] [attitude_scout_1]: [scout_1] Landed — tilt correction stopped, yaw-hold pinned to current heading.
[INFO] [1786737073.836494939] [attitude_scout_1]: [scout_1] Landed — tilt correction stopped, yaw-hold pinned to current heading.
[INFO] [1786737073.837595655] [attitude_scout_1]: [scout_1] Landed — tilt correction stopped, yaw-hold pinned to current heading.
[INFO] [1786737073.886788169] [attitude_scout_1]: [scout_1] Landed — tilt correction stopped, yaw-hold pinned to current heading.
[INFO] [1786737073.887949229] [attitude_scout_1]: [scout_1] Landed — tilt correction stopped, yaw-hold pinned to current heading.
[INFO] [1786737073.888964877] [attitude_scout_1]: [scout_1] Landed — tilt correction stopped, yaw-hold pinned to current heading.
[INFO] [1786737073.890024247] [attitude_scout_1]: [scout_1] Landed — tilt correction stopped, yaw-hold pinned to current heading.
[INFO] [1786737073.891291747] [attitude_scout_1]: [scout_1] Landed — tilt correction stopped, yaw-hold pinned to current heading.
[INFO] [1786737073.892547722] [attitude_scout_1]: [scout_1] Landed — tilt correction stopped, yaw-hold pinned to current heading.
[INFO] [1786737073.916161995] [attitude_scout_1]: [scout_1] Landed — tilt correction stopped, yaw-hold pinned to current heading.
[INFO] [1786737073.917303011] [attitude_scout_1]: [scout_1] Landed — tilt correction stopped, yaw-hold pinned to current heading.
[INFO] [1786737074.002800860] [attitude_scout_1]: [scout_1] Landed — tilt correction stopped, yaw-hold pinned to current heading.
[INFO] [1786737074.003910166] [attitude_scout_1]: [scout_1] Landed — tilt correction stopped, yaw-hold pinned to current heading.
[INFO] [1786737074.034542832] [attitude_scout_1]: [scout_1] Landed — tilt correction stopped, yaw-hold pinned to current heading.
[INFO] [1786737074.043177936] [attitude_scout_1]: [scout_1] Landed — tilt correction stopped, yaw-hold pinned to current heading.
[INFO] [1786737074.044379365] [attitude_scout_1]: [scout_1] Landed — tilt correction stopped, yaw-hold pinned to current heading.
[INFO] [1786737074.045603353] [attitude_scout_1]: [scout_1] Landed — tilt correction stopped, yaw-hold pinned to current heading.
[INFO] [1786737074.046799753] [attitude_scout_1]: [scout_1] Landed — tilt correction stopped, yaw-hold pinned to current heading.
[INFO] [1786737074.047957391] [attitude_scout_1]: [scout_1] Landed — tilt correction stopped, yaw-hold pinned to current heading.
[INFO] [1786737074.049173138] [attitude_scout_1]: [scout_1] Landed — tilt correction stopped, yaw-hold pinned to current heading.
[INFO] [1786737074.116573215] [attitude_scout_1]: [scout_1] Landed — tilt correction stopped, yaw-hold pinned to current heading.
[INFO] [1786737074.117637753] [attitude_scout_1]: [scout_1] Landed — tilt correction stopped, yaw-hold pinned to current heading.
[INFO] [1786737074.118821581] [attitude_scout_1]: [scout_1] Landed — tilt correction stopped, yaw-hold pinned to current heading.
[INFO] [1786737074.119906653] [attitude_scout_1]: [scout_1] Landed — tilt correction stopped, yaw-hold pinned to current heading.
[INFO] [1786737074.120956943] [attitude_scout_1]: [scout_1] Landed — tilt correction stopped, yaw-hold pinned to current heading.
[INFO] [1786737074.122023995] [attitude_scout_1]: [scout_1] Landed — tilt correction stopped, yaw-hold pinned to current heading.
[INFO] [1786737074.193480589] [attitude_scout_1]: [scout_1] Landed — tilt correction stopped, yaw-hold pinned to current heading.
[INFO] [1786737074.223798894] [attitude_scout_1]: [scout_1] Landed — tilt correction stopped, yaw-hold pinned to current heading.
[INFO] [1786737074.224952620] [attitude_scout_1]: [scout_1] Landed — tilt correction stopped, yaw-hold pinned to current heading.
[INFO] [1786737074.235511394] [attitude_scout_1]: [scout_1] Landed — tilt correction stopped, yaw-hold pinned to current heading.
[INFO] [1786737074.236668193] [attitude_scout_1]: [scout_1] Landed — tilt correction stopped, yaw-hold pinned to current heading.
[INFO] [1786737074.237566646] [attitude_scout_1]: [scout_1] Landed — tilt correction stopped, yaw-hold pinned to current heading.
[INFO] [1786737074.238460349] [attitude_scout_1]: [scout_1] Landed — tilt correction stopped, yaw-hold pinned to current heading.
[INFO] [1786737074.239521674] [attitude_scout_1]: [scout_1] Landed — tilt correction stopped, yaw-hold pinned to current heading.
[INFO] [1786737074.240817320] [attitude_scout_1]: [scout_1] Landed — tilt correction stopped, yaw-hold pinned to current heading.
[INFO] [1786737074.330933707] [attitude_scout_1]: [scout_1] Landed — tilt correction stopped, yaw-hold pinned to current heading.
[INFO] [1786737074.332140374] [attitude_scout_1]: [scout_1] Landed — tilt correction stopped, yaw-hold pinned to current heading.
[INFO] [1786737074.388526515] [attitude_scout_1]: [scout_1] Landed — tilt correction stopped, yaw-hold pinned to current heading.
[INFO] [1786737074.389726966] [attitude_scout_1]: [scout_1] Landed — tilt correction stopped, yaw-hold pinned to current heading.
[INFO] [1786737074.390897176] [attitude_scout_1]: [scout_1] Landed — tilt correction stopped, yaw-hold pinned to current heading.
[INFO] [1786737074.391998521] [attitude_scout_1]: [scout_1] Landed — tilt correction stopped, yaw-hold pinned to current heading.
[INFO] [1786737074.431074014] [attitude_scout_1]: [scout_1] Landed — tilt correction stopped, yaw-hold pinned to current heading.
[INFO] [1786737074.501693477] [attitude_scout_1]: [scout_1] Landed — tilt correction stopped, yaw-hold pinned to current heading.
[INFO] [1786737074.521902863] [attitude_scout_1]: [scout_1] Landed — tilt correction stopped, yaw-hold pinned to current heading.
[INFO] [1786737074.523139772] [attitude_scout_1]: [scout_1] Landed — tilt correction stopped, yaw-hold pinned to current heading.
[INFO] [1786737074.558474926] [attitude_scout_1]: [scout_1] Landed — tilt correction stopped, yaw-hold pinned to current heading.
[INFO] [1786737074.560456355] [attitude_scout_1]: [scout_1] Landed — tilt correction stopped, yaw-hold pinned to current heading.
[INFO] [1786737074.561916270] [attitude_scout_1]: [scout_1] Landed — tilt correction stopped, yaw-hold pinned to current heading.
[INFO] [1786737074.563271213] [attitude_scout_1]: [scout_1] Landed — tilt correction stopped, yaw-hold pinned to current heading.
[INFO] [1786737074.564436044] [attitude_scout_1]: [scout_1] Landed — tilt correction stopped, yaw-hold pinned to current heading.
[INFO] [1786737074.565617778] [attitude_scout_1]: [scout_1] Landed — tilt correction stopped, yaw-hold pinned to current heading.
[INFO] [1786737074.566818788] [attitude_scout_1]: [scout_1] Landed — tilt correction stopped, yaw-hold pinned to current heading.
[INFO] [1786737074.567838556] [attitude_scout_1]: [scout_1] Landed — tilt correction stopped, yaw-hold pinned to current heading.
[INFO] [1786737074.568895970] [attitude_scout_1]: [scout_1] Landed — tilt correction stopped, yaw-hold pinned to current heading.
[INFO] [1786737074.641600578] [attitude_scout_1]: [scout_1] Landed — tilt correction stopped, yaw-hold pinned to current heading.
[INFO] [1786737074.642930307] [attitude_scout_1]: [scout_1] Landed — tilt correction stopped, yaw-hold pinned to current heading.
[INFO] [1786737074.674450460] [attitude_scout_1]: [scout_1] Landed — tilt correction stopped, yaw-hold pinned to current heading.
[INFO] [1786737074.675720753] [attitude_scout_1]: [scout_1] Landed — tilt correction stopped, yaw-hold pinned to current heading.
[INFO] [1786737074.700936233] [attitude_scout_1]: [scout_1] Landed — tilt correction stopped, yaw-hold pinned to current heading.
[INFO] [1786737074.701720703] [attitude_scout_1]: [scout_1] Landed — tilt correction stopped, yaw-hold pinned to current heading.
[INFO] [1786737074.702653169] [attitude_scout_1]: [scout_1] Landed — tilt correction stopped, yaw-hold pinned to current heading.
[INFO] [1786737074.703850686] [attitude_scout_1]: [scout_1] Landed — tilt correction stopped, yaw-hold pinned to current heading.
[INFO] [1786737074.705025505] [attitude_scout_1]: [scout_1] Landed — tilt correction stopped, yaw-hold pinned to current heading.
[INFO] [1786737074.706147733] [attitude_scout_1]: [scout_1] Landed — tilt correction stopped, yaw-hold pinned to current heading.
[INFO] [1786737074.715462194] [attitude_scout_1]: [scout_1] Landed — tilt correction stopped, yaw-hold pinned to current heading.
[INFO] [1786737074.716698894] [attitude_scout_1]: [scout_1] Landed — tilt correction stopped, yaw-hold pinned to current heading.
[INFO] [1786737074.717575625] [attitude_scout_1]: [scout_1] Landed — tilt correction stopped, yaw-hold pinned to current heading.
[INFO] [1786737074.816298760] [attitude_scout_1]: [scout_1] Landed — tilt correction stopped, yaw-hold pinned to current heading.
[INFO] [1786737074.845819674] [attitude_scout_1]: [scout_1] Landed — tilt correction stopped, yaw-hold pinned to current heading.
[INFO] [1786737074.846651009] [attitude_scout_1]: [scout_1] Landed — tilt correction stopped, yaw-hold pinned to current heading.
[INFO] [1786737074.847480108] [attitude_scout_1]: [scout_1] Landed — tilt correction stopped, yaw-hold pinned to current heading.
[INFO] [1786737074.866330989] [attitude_scout_1]: [scout_1] Landed — tilt correction stopped, yaw-hold pinned to current heading.
[INFO] [1786737074.867777425] [attitude_scout_1]: [scout_1] Landed — tilt correction stopped, yaw-hold pinned to current heading.
[INFO] [1786737074.892721777] [attitude_scout_1]: [scout_1] Landed — tilt correction stopped, yaw-hold pinned to current heading.
[INFO] [1786737074.893596134] [attitude_scout_1]: [scout_1] Landed — tilt correction stopped, yaw-hold pinned to current heading.
[INFO] [1786737074.894561216] [attitude_scout_1]: [scout_1] Landed — tilt correction stopped, yaw-hold pinned to current heading.
[INFO] [1786737074.955320958] [attitude_scout_1]: [scout_1] Landed — tilt correction stopped, yaw-hold pinned to current heading.
[INFO] [1786737074.956731984] [attitude_scout_1]: [scout_1] Landed — tilt correction stopped, yaw-hold pinned to current heading.
[INFO] [1786737074.958094609] [attitude_scout_1]: [scout_1] Landed — tilt correction stopped, yaw-hold pinned to current heading.
[INFO] [1786737074.959168855] [attitude_scout_1]: [scout_1] Landed — tilt correction stopped, yaw-hold pinned to current heading.
[INFO] [1786737074.960217748] [attitude_scout_1]: [scout_1] Landed — tilt correction stopped, yaw-hold pinned to current heading.
[INFO] [1786737074.961340814] [attitude_scout_1]: [scout_1] Landed — tilt correction stopped, yaw-hold pinned to current heading.
[INFO] [1786737074.962481899] [attitude_scout_1]: [scout_1] Landed — tilt correction stopped, yaw-hold pinned to current heading.
[INFO] [1786737074.963319938] [attitude_scout_1]: [scout_1] Landed — tilt correction stopped, yaw-hold pinned to current heading.
[INFO] [1786737074.984905638] [attitude_scout_1]: [scout_1] Landed — tilt correction stopped, yaw-hold pinned to current heading.
[INFO] [1786737074.986341388] [attitude_scout_1]: [scout_1] Landed — tilt correction stopped, yaw-hold pinned to current heading.
[INFO] [1786737074.987662178] [attitude_scout_1]: [scout_1] Landed — tilt correction stopped, yaw-hold pinned to current heading.
[INFO] [1786737074.988806196] [attitude_scout_1]: [scout_1] Landed — tilt correction stopped, yaw-hold pinned to current heading.
[INFO] [1786737074.989936386] [attitude_scout_1]: [scout_1] Landed — tilt correction stopped, yaw-hold pinned to current heading.
[INFO] [1786737075.020651605] [attitude_scout_1]: [scout_1] Landed — tilt correction stopped, yaw-hold pinned to current heading.
[INFO] [1786737075.028999098] [attitude_scout_1]: [scout_1] Landed — tilt correction stopped, yaw-hold pinned to current heading.
[INFO] [1786737075.090280493] [attitude_scout_1]: [scout_1] Landed — tilt correction stopped, yaw-hold pinned to current heading.
[INFO] [1786737075.091190470] [attitude_scout_1]: [scout_1] Landed — tilt correction stopped, yaw-hold pinned to current heading.
[INFO] [1786737075.118262360] [attitude_scout_1]: [scout_1] Landed — tilt correction stopped, yaw-hold pinned to current heading.
[INFO] [1786737075.181921190] [attitude_scout_1]: [scout_1] Landed — tilt correction stopped, yaw-hold pinned to current heading.
[INFO] [1786737075.183146644] [attitude_scout_1]: [scout_1] Landed — tilt correction stopped, yaw-hold pinned to current heading.
[INFO] [1786737075.184359458] [attitude_scout_1]: [scout_1] Landed — tilt correction stopped, yaw-hold pinned to current heading.
[INFO] [1786737075.193535002] [attitude_scout_1]: [scout_1] Landed — tilt correction stopped, yaw-hold pinned to current heading.
[INFO] [1786737075.194810883] [attitude_scout_1]: [scout_1] Landed — tilt correction stopped, yaw-hold pinned to current heading.
[INFO] [1786737075.195814518] [attitude_scout_1]: [scout_1] Landed — tilt correction stopped, yaw-hold pinned to current heading.
[INFO] [1786737075.272026541] [attitude_scout_1]: [scout_1] Landed — tilt correction stopped, yaw-hold pinned to current heading.
[INFO] [1786737075.332991759] [attitude_scout_1]: [scout_1] Landed — tilt correction stopped, yaw-hold pinned to current heading.
[INFO] [1786737075.334332523] [attitude_scout_1]: [scout_1] Landed — tilt correction stopped, yaw-hold pinned to current heading.
[INFO] [1786737075.335546175] [attitude_scout_1]: [scout_1] Landed — tilt correction stopped, yaw-hold pinned to current heading.
[INFO] [1786737075.353656168] [attitude_scout_1]: [scout_1] Landed — tilt correction stopped, yaw-hold pinned to current heading.
[INFO] [1786737075.363054161] [attitude_scout_1]: [scout_1] Landed — tilt correction stopped, yaw-hold pinned to current heading.
[INFO] [1786737075.364089156] [attitude_scout_1]: [scout_1] Landed — tilt correction stopped, yaw-hold pinned to current heading.
[INFO] [1786737075.365013101] [attitude_scout_1]: [scout_1] Landed — tilt correction stopped, yaw-hold pinned to current heading.
[INFO] [1786737075.365894791] [attitude_scout_1]: [scout_1] Landed — tilt correction stopped, yaw-hold pinned to current heading.
[INFO] [1786737075.366701750] [attitude_scout_1]: [scout_1] Landed — tilt correction stopped, yaw-hold pinned to current heading.
[INFO] [1786737075.367612216] [attitude_scout_1]: [scout_1] Landed — tilt correction stopped, yaw-hold pinned to current heading.
[INFO] [1786737075.439430942] [attitude_scout_1]: [scout_1] Landed — tilt correction stopped, yaw-hold pinned to current heading.
[INFO] [1786737075.440832399] [attitude_scout_1]: [scout_1] Landed — tilt correction stopped, yaw-hold pinned to current heading.
[INFO] [1786737075.544628537] [attitude_scout_1]: [scout_1] Landed — tilt correction stopped, yaw-hold pinned to current heading.
[INFO] [1786737075.545878296] [attitude_scout_1]: [scout_1] Landed — tilt correction stopped, yaw-hold pinned to current heading.
[INFO] [1786737075.547355463] [attitude_scout_1]: [scout_1] Landed — tilt correction stopped, yaw-hold pinned to current heading.
[INFO] [1786737075.548330952] [attitude_scout_1]: [scout_1] Landed — tilt correction stopped, yaw-hold pinned to current heading.
[INFO] [1786737075.549592515] [attitude_scout_1]: [scout_1] Landed — tilt correction stopped, yaw-hold pinned to current heading.
[INFO] [1786737075.608177155] [attitude_scout_1]: [scout_1] Landed — tilt correction stopped, yaw-hold pinned to current heading.
[INFO] [1786737075.609320894] [attitude_scout_1]: [scout_1] Landed — tilt correction stopped, yaw-hold pinned to current heading.
[INFO] [1786737075.610339685] [attitude_scout_1]: [scout_1] Landed — tilt correction stopped, yaw-hold pinned to current heading.
[INFO] [1786737075.619520328] [attitude_scout_1]: [scout_1] Landed — tilt correction stopped, yaw-hold pinned to current heading.
[INFO] [1786737075.640047847] [attitude_scout_1]: [scout_1] Landed — tilt correction stopped, yaw-hold pinned to current heading.
[INFO] [1786737075.711922587] [attitude_scout_1]: [scout_1] Landed — tilt correction stopped, yaw-hold pinned to current heading.
[INFO] [1786737075.712764187] [attitude_scout_1]: [scout_1] Landed — tilt correction stopped, yaw-hold pinned to current heading.
[INFO] [1786737075.713630792] [attitude_scout_1]: [scout_1] Landed — tilt correction stopped, yaw-hold pinned to current heading.
[INFO] [1786737075.714556204] [attitude_scout_1]: [scout_1] Landed — tilt correction stopped, yaw-hold pinned to current heading.
[INFO] [1786737075.715804846] [attitude_scout_1]: [scout_1] Landed — tilt correction stopped, yaw-hold pinned to current heading.
[INFO] [1786737075.716888032] [attitude_scout_1]: [scout_1] Landed — tilt correction stopped, yaw-hold pinned to current heading.
[INFO] [1786737075.755717261] [attitude_scout_1]: [scout_1] Landed — tilt correction stopped, yaw-hold pinned to current heading.
[INFO] [1786737075.756856041] [attitude_scout_1]: [scout_1] Landed — tilt correction stopped, yaw-hold pinned to current heading.
[INFO] [1786737075.808312007] [attitude_scout_1]: [scout_1] Landed — tilt correction stopped, yaw-hold pinned to current heading.
[INFO] [1786737075.809167647] [attitude_scout_1]: [scout_1] Landed — tilt correction stopped, yaw-hold pinned to current heading.
[INFO] [1786737075.809933189] [attitude_scout_1]: [scout_1] Landed — tilt correction stopped, yaw-hold pinned to current heading.
[INFO] [1786737075.848466915] [attitude_scout_1]: [scout_1] Landed — tilt correction stopped, yaw-hold pinned to current heading.
[INFO] [1786737075.849681684] [attitude_scout_1]: [scout_1] Landed — tilt correction stopped, yaw-hold pinned to current heading.
[INFO] [1786737075.850865373] [attitude_scout_1]: [scout_1] Landed — tilt correction stopped, yaw-hold pinned to current heading.
[INFO] [1786737075.852167584] [attitude_scout_1]: [scout_1] Landed — tilt correction stopped, yaw-hold pinned to current heading.
[INFO] [1786737075.860675785] [attitude_scout_1]: [scout_1] Landed — tilt correction stopped, yaw-hold pinned to current heading.
[INFO] [1786737075.861641217] [attitude_scout_1]: [scout_1] Landed — tilt correction stopped, yaw-hold pinned to current heading.
[INFO] [1786737075.862647925] [attitude_scout_1]: [scout_1] Landed — tilt correction stopped, yaw-hold pinned to current heading.
[INFO] [1786737075.911924180] [attitude_scout_1]: [scout_1] Landed — tilt correction stopped, yaw-hold pinned to current heading.
[INFO] [1786737075.913518193] [attitude_scout_1]: [scout_1] Landed — tilt correction stopped, yaw-hold pinned to current heading.
[INFO] [1786737075.914852252] [attitude_scout_1]: [scout_1] Landed — tilt correction stopped, yaw-hold pinned to current heading.
[INFO] [1786737075.916295965] [attitude_scout_1]: [scout_1] Landed — tilt correction stopped, yaw-hold pinned to current heading.
[INFO] [1786737075.917639662] [attitude_scout_1]: [scout_1] Landed — tilt correction stopped, yaw-hold pinned to current heading.
[INFO] [1786737075.918917499] [attitude_scout_1]: [scout_1] Landed — tilt correction stopped, yaw-hold pinned to current heading.
[INFO] [1786737075.920216009] [attitude_scout_1]: [scout_1] Landed — tilt correction stopped, yaw-hold pinned to current heading.
[INFO] [1786737075.933653057] [attitude_scout_1]: [scout_1] Landed — tilt correction stopped, yaw-hold pinned to current heading.
[INFO] [1786737075.950947222] [attitude_scout_1]: [scout_1] Landed — tilt correction stopped, yaw-hold pinned to current heading.
[INFO] [1786737075.951828633] [attitude_scout_1]: [scout_1] Landed — tilt correction stopped, yaw-hold pinned to current heading.
[INFO] [1786737075.952678335] [attitude_scout_1]: [scout_1] Landed — tilt correction stopped, yaw-hold pinned to current heading.
[INFO] [1786737075.953496609] [attitude_scout_1]: [scout_1] Landed — tilt correction stopped, yaw-hold pinned to current heading.
[INFO] [1786737075.974964206] [attitude_scout_1]: [scout_1] Landed — tilt correction stopped, yaw-hold pinned to current heading.
[INFO] [1786737075.975858049] [attitude_scout_1]: [scout_1] Landed — tilt correction stopped, yaw-hold pinned to current heading.
[INFO] [1786737075.976675903] [attitude_scout_1]: [scout_1] Landed — tilt correction stopped, yaw-hold pinned to current heading.
[INFO] [1786737075.977439700] [attitude_scout_1]: [scout_1] Landed — tilt correction stopped, yaw-hold pinned to current heading.
[INFO] [1786737076.082935591] [attitude_scout_1]: [scout_1] Landed — tilt correction stopped, yaw-hold pinned to current heading.
[INFO] [1786737076.084470378] [attitude_scout_1]: [scout_1] Landed — tilt correction stopped, yaw-hold pinned to current heading.
[INFO] [1786737076.085675229] [attitude_scout_1]: [scout_1] Landed — tilt correction stopped, yaw-hold pinned to current heading.
[INFO] [1786737076.086881896] [attitude_scout_1]: [scout_1] Landed — tilt correction stopped, yaw-hold pinned to current heading.
[INFO] [1786737076.088229924] [attitude_scout_1]: [scout_1] Landed — tilt correction stopped, yaw-hold pinned to current heading.
[INFO] [1786737076.089303611] [attitude_scout_1]: [scout_1] Landed — tilt correction stopped, yaw-hold pinned to current heading.
[INFO] [1786737076.093764934] [attitude_scout_1]: [scout_1] Landed — tilt correction stopped, yaw-hold pinned to current heading.
[INFO] [1786737076.095174493] [attitude_scout_1]: [scout_1] Landed — tilt correction stopped, yaw-hold pinned to current heading.
[INFO] [1786737076.096531601] [attitude_scout_1]: [scout_1] Landed — tilt correction stopped, yaw-hold pinned to current heading.
[INFO] [1786737076.097788973] [attitude_scout_1]: [scout_1] Landed — tilt correction stopped, yaw-hold pinned to current heading.
[INFO] [1786737076.252925697] [attitude_scout_1]: [scout_1] Landed — tilt correction stopped, yaw-hold pinned to current heading.
[INFO] [1786737076.274953080] [attitude_scout_1]: [scout_1] Landed — tilt correction stopped, yaw-hold pinned to current heading.
[INFO] [1786737076.287630662] [attitude_scout_1]: [scout_1] Landed — tilt correction stopped, yaw-hold pinned to current heading.
[INFO] [1786737076.288790256] [attitude_scout_1]: [scout_1] Landed — tilt correction stopped, yaw-hold pinned to current heading.
[INFO] [1786737076.289768818] [attitude_scout_1]: [scout_1] Landed — tilt correction stopped, yaw-hold pinned to current heading.
[INFO] [1786737076.291005237] [attitude_scout_1]: [scout_1] Landed — tilt correction stopped, yaw-hold pinned to current heading.
[INFO] [1786737076.292060277] [attitude_scout_1]: [scout_1] Landed — tilt correction stopped, yaw-hold pinned to current heading.
[INFO] [1786737076.292936869] [attitude_scout_1]: [scout_1] Landed — tilt correction stopped, yaw-hold pinned to current heading.
[INFO] [1786737076.293839372] [attitude_scout_1]: [scout_1] Landed — tilt correction stopped, yaw-hold pinned to current heading.
[INFO] [1786737076.391623336] [attitude_scout_1]: [scout_1] Landed — tilt correction stopped, yaw-hold pinned to current heading.
[INFO] [1786737076.392732712] [attitude_scout_1]: [scout_1] Landed — tilt correction stopped, yaw-hold pinned to current heading.
[INFO] [1786737076.411678091] [attitude_scout_1]: [scout_1] Landed — tilt correction stopped, yaw-hold pinned to current heading.
[INFO] [1786737076.412747937] [attitude_scout_1]: [scout_1] Landed — tilt correction stopped, yaw-hold pinned to current heading.
[INFO] [1786737076.413748289] [attitude_scout_1]: [scout_1] Landed — tilt correction stopped, yaw-hold pinned to current heading.
[INFO] [1786737076.414950975] [attitude_scout_1]: [scout_1] Landed — tilt correction stopped, yaw-hold pinned to current heading.
[INFO] [1786737076.423793931] [attitude_scout_1]: [scout_1] Landed — tilt correction stopped, yaw-hold pinned to current heading.
[INFO] [1786737076.424822709] [attitude_scout_1]: [scout_1] Landed — tilt correction stopped, yaw-hold pinned to current heading.
[INFO] [1786737076.425944099] [attitude_scout_1]: [scout_1] Landed — tilt correction stopped, yaw-hold pinned to current heading.
[INFO] [1786737076.426975671] [attitude_scout_1]: [scout_1] Landed — tilt correction stopped, yaw-hold pinned to current heading.
[INFO] [1786737076.505824034] [attitude_scout_1]: [scout_1] Landed — tilt correction stopped, yaw-hold pinned to current heading.
[INFO] [1786737076.612841372] [attitude_scout_1]: [scout_1] Landed — tilt correction stopped, yaw-hold pinned to current heading.
[INFO] [1786737076.613881744] [attitude_scout_1]: [scout_1] Landed — tilt correction stopped, yaw-hold pinned to current heading.
[INFO] [1786737076.614909545] [attitude_scout_1]: [scout_1] Landed — tilt correction stopped, yaw-hold pinned to current heading.
[INFO] [1786737076.616166918] [attitude_scout_1]: [scout_1] Landed — tilt correction stopped, yaw-hold pinned to current heading.
[INFO] [1786737076.617099733] [attitude_scout_1]: [scout_1] Landed — tilt correction stopped, yaw-hold pinned to current heading.
[INFO] [1786737076.647850711] [attitude_scout_1]: [scout_1] Landed — tilt correction stopped, yaw-hold pinned to current heading.
[INFO] [1786737076.673958776] [attitude_scout_1]: [scout_1] Landed — tilt correction stopped, yaw-hold pinned to current heading.
[INFO] [1786737076.675240245] [attitude_scout_1]: [scout_1] Landed — tilt correction stopped, yaw-hold pinned to current heading.
[INFO] [1786737076.704906640] [attitude_scout_1]: [scout_1] Landed — tilt correction stopped, yaw-hold pinned to current heading.
[INFO] [1786737076.760970458] [attitude_scout_1]: [scout_1] Landed — tilt correction stopped, yaw-hold pinned to current heading.
[INFO] [1786737076.829043397] [attitude_scout_1]: [scout_1] Landed — tilt correction stopped, yaw-hold pinned to current heading.
[INFO] [1786737076.830098436] [attitude_scout_1]: [scout_1] Landed — tilt correction stopped, yaw-hold pinned to current heading.
[INFO] [1786737076.831177362] [attitude_scout_1]: [scout_1] Landed — tilt correction stopped, yaw-hold pinned to current heading.
[INFO] [1786737076.832150895] [attitude_scout_1]: [scout_1] Landed — tilt correction stopped, yaw-hold pinned to current heading.
[INFO] [1786737076.840120820] [attitude_scout_1]: [scout_1] Landed — tilt correction stopped, yaw-hold pinned to current heading.
[INFO] [1786737076.904378967] [attitude_scout_1]: [scout_1] Landed — tilt correction stopped, yaw-hold pinned to current heading.
[INFO] [1786737076.928077121] [attitude_scout_1]: [scout_1] Landed — tilt correction stopped, yaw-hold pinned to current heading.
[INFO] [1786737076.929304461] [attitude_scout_1]: [scout_1] Landed — tilt correction stopped, yaw-hold pinned to current heading.
[INFO] [1786737076.930557294] [attitude_scout_1]: [scout_1] Landed — tilt correction stopped, yaw-hold pinned to current heading.
[INFO] [1786737076.931729389] [attitude_scout_1]: [scout_1] Landed — tilt correction stopped, yaw-hold pinned to current heading.
[INFO] [1786737076.992332963] [attitude_scout_1]: [scout_1] Landed — tilt correction stopped, yaw-hold pinned to current heading.
[INFO] [1786737077.009170707] [attitude_scout_1]: [scout_1] Landed — tilt correction stopped, yaw-hold pinned to current heading.
[INFO] [1786737077.029181741] [attitude_scout_1]: [scout_1] Landed — tilt correction stopped, yaw-hold pinned to current heading.
[INFO] [1786737077.030090810] [attitude_scout_1]: [scout_1] Landed — tilt correction stopped, yaw-hold pinned to current heading.
[INFO] [1786737077.030899166] [attitude_scout_1]: [scout_1] Landed — tilt correction stopped, yaw-hold pinned to current heading.
[INFO] [1786737077.085105176] [attitude_scout_1]: [scout_1] Landed — tilt correction stopped, yaw-hold pinned to current heading.
[INFO] [1786737077.086324624] [attitude_scout_1]: [scout_1] Landed — tilt correction stopped, yaw-hold pinned to current heading.
[INFO] [1786737077.087606302] [attitude_scout_1]: [scout_1] Landed — tilt correction stopped, yaw-hold pinned to current heading.
[INFO] [1786737077.088894754] [attitude_scout_1]: [scout_1] Landed — tilt correction stopped, yaw-hold pinned to current heading.
[INFO] [1786737077.188790263] [attitude_scout_1]: [scout_1] Landed — tilt correction stopped, yaw-hold pinned to current heading.
[INFO] [1786737077.190068868] [attitude_scout_1]: [scout_1] Landed — tilt correction stopped, yaw-hold pinned to current heading.
[INFO] [1786737077.191241522] [attitude_scout_1]: [scout_1] Landed — tilt correction stopped, yaw-hold pinned to current heading.
[INFO] [1786737077.192405305] [attitude_scout_1]: [scout_1] Landed — tilt correction stopped, yaw-hold pinned to current heading.
[INFO] [1786737077.277271219] [attitude_scout_1]: [scout_1] Landed — tilt correction stopped, yaw-hold pinned to current heading.
[INFO] [1786737077.278164015] [attitude_scout_1]: [scout_1] Landed — tilt correction stopped, yaw-hold pinned to current heading.
[INFO] [1786737077.279092709] [attitude_scout_1]: [scout_1] Landed — tilt correction stopped, yaw-hold pinned to current heading.
[INFO] [1786737077.280133081] [attitude_scout_1]: [scout_1] Landed — tilt correction stopped, yaw-hold pinned to current heading.
[INFO] [1786737077.281163885] [attitude_scout_1]: [scout_1] Landed — tilt correction stopped, yaw-hold pinned to current heading.
[INFO] [1786737077.282211940] [attitude_scout_1]: [scout_1] Landed — tilt correction stopped, yaw-hold pinned to current heading.
[INFO] [1786737077.283197556] [attitude_scout_1]: [scout_1] Landed — tilt correction stopped, yaw-hold pinned to current heading.
[INFO] [1786737077.284176747] [attitude_scout_1]: [scout_1] Landed — tilt correction stopped, yaw-hold pinned to current heading.
[INFO] [1786737077.285257558] [attitude_scout_1]: [scout_1] Landed — tilt correction stopped, yaw-hold pinned to current heading.
[INFO] [1786737077.286418338] [attitude_scout_1]: [scout_1] Landed — tilt correction stopped, yaw-hold pinned to current heading.
[INFO] [1786737077.353682502] [attitude_scout_1]: [scout_1] Landed — tilt correction stopped, yaw-hold pinned to current heading.
[INFO] [1786737077.354488762] [attitude_scout_1]: [scout_1] Landed — tilt correction stopped, yaw-hold pinned to current heading.
[INFO] [1786737077.355345449] [attitude_scout_1]: [scout_1] Landed — tilt correction stopped, yaw-hold pinned to current heading.
[INFO] [1786737077.364267466] [attitude_scout_1]: [scout_1] Landed — tilt correction stopped, yaw-hold pinned to current heading.
[INFO] [1786737077.365222002] [attitude_scout_1]: [scout_1] Landed — tilt correction stopped, yaw-hold pinned to current heading.
[INFO] [1786737077.457143046] [attitude_scout_1]: [scout_1] Landed — tilt correction stopped, yaw-hold pinned to current heading.
[INFO] [1786737077.508987405] [attitude_scout_1]: [scout_1] Landed — tilt correction stopped, yaw-hold pinned to current heading.
[INFO] [1786737077.510150630] [attitude_scout_1]: [scout_1] Landed — tilt correction stopped, yaw-hold pinned to current heading.
[INFO] [1786737077.542146898] [attitude_scout_1]: [scout_1] Landed — tilt correction stopped, yaw-hold pinned to current heading.
[INFO] [1786737077.546860701] [attitude_scout_1]: [scout_1] Landed — tilt correction stopped, yaw-hold pinned to current heading.
[INFO] [1786737077.548199161] [attitude_scout_1]: [scout_1] Landed — tilt correction stopped, yaw-hold pinned to current heading.
[INFO] [1786737077.549601526] [attitude_scout_1]: [scout_1] Landed — tilt correction stopped, yaw-hold pinned to current heading.
[INFO] [1786737077.550866931] [attitude_scout_1]: [scout_1] Landed — tilt correction stopped, yaw-hold pinned to current heading.
[INFO] [1786737077.552193238] [attitude_scout_1]: [scout_1] Landed — tilt correction stopped, yaw-hold pinned to current heading.
[INFO] [1786737077.553473449] [attitude_scout_1]: [scout_1] Landed — tilt correction stopped, yaw-hold pinned to current heading.
[INFO] [1786737077.554698485] [attitude_scout_1]: [scout_1] Landed — tilt correction stopped, yaw-hold pinned to current heading.
[INFO] [1786737077.555918981] [attitude_scout_1]: [scout_1] Landed — tilt correction stopped, yaw-hold pinned to current heading.
[INFO] [1786737077.602039686] [attitude_scout_1]: [scout_1] Landed — tilt correction stopped, yaw-hold pinned to current heading.
[INFO] [1786737077.603469779] [attitude_scout_1]: [scout_1] Landed — tilt correction stopped, yaw-hold pinned to current heading.
[INFO] [1786737077.605044026] [attitude_scout_1]: [scout_1] Landed — tilt correction stopped, yaw-hold pinned to current heading.
[INFO] [1786737077.606347355] [attitude_scout_1]: [scout_1] Landed — tilt correction stopped, yaw-hold pinned to current heading.
[INFO] [1786737077.607529857] [attitude_scout_1]: [scout_1] Landed — tilt correction stopped, yaw-hold pinned to current heading.
[INFO] [1786737077.699124667] [attitude_scout_1]: [scout_1] Landed — tilt correction stopped, yaw-hold pinned to current heading.
[INFO] [1786737077.700377988] [attitude_scout_1]: [scout_1] Landed — tilt correction stopped, yaw-hold pinned to current heading.
[INFO] [1786737077.701519143] [attitude_scout_1]: [scout_1] Landed — tilt correction stopped, yaw-hold pinned to current heading.
[INFO] [1786737077.718248003] [attitude_scout_1]: [scout_1] Landed — tilt correction stopped, yaw-hold pinned to current heading.
[INFO] [1786737077.719456556] [attitude_scout_1]: [scout_1] Landed — tilt correction stopped, yaw-hold pinned to current heading.
[INFO] [1786737077.720644785] [attitude_scout_1]: [scout_1] Landed — tilt correction stopped, yaw-hold pinned to current heading.
[INFO] [1786737077.729252721] [attitude_scout_1]: [scout_1] Landed — tilt correction stopped, yaw-hold pinned to current heading.
[INFO] [1786737077.730121350] [attitude_scout_1]: [scout_1] Landed — tilt correction stopped, yaw-hold pinned to current heading.
[INFO] [1786737077.731026159] [attitude_scout_1]: [scout_1] Landed — tilt correction stopped, yaw-hold pinned to current heading.
[INFO] [1786737077.731904985] [attitude_scout_1]: [scout_1] Landed — tilt correction stopped, yaw-hold pinned to current heading.
[INFO] [1786737077.733171088] [attitude_scout_1]: [scout_1] Landed — tilt correction stopped, yaw-hold pinned to current heading.
[INFO] [1786737077.836730739] [attitude_scout_1]: [scout_1] Landed — tilt correction stopped, yaw-hold pinned to current heading.
[INFO] [1786737077.838022963] [attitude_scout_1]: [scout_1] Landed — tilt correction stopped, yaw-hold pinned to current heading.
[INFO] [1786737077.845437920] [attitude_scout_1]: [scout_1] Landed — tilt correction stopped, yaw-hold pinned to current heading.
[INFO] [1786737077.846624123] [attitude_scout_1]: [scout_1] Landed — tilt correction stopped, yaw-hold pinned to current heading.
[INFO] [1786737077.861568929] [attitude_scout_1]: [scout_1] Landed — tilt correction stopped, yaw-hold pinned to current heading.
[INFO] [1786737077.871294972] [attitude_scout_1]: [scout_1] Landed — tilt correction stopped, yaw-hold pinned to current heading.
[INFO] [1786737077.872707814] [attitude_scout_1]: [scout_1] Landed — tilt correction stopped, yaw-hold pinned to current heading.
[INFO] [1786737077.873960507] [attitude_scout_1]: [scout_1] Landed — tilt correction stopped, yaw-hold pinned to current heading.
[INFO] [1786737077.875199860] [attitude_scout_1]: [scout_1] Landed — tilt correction stopped, yaw-hold pinned to current heading.
[INFO] [1786737077.876423359] [attitude_scout_1]: [scout_1] Landed — tilt correction stopped, yaw-hold pinned to current heading.
[INFO] [1786737077.877604394] [attitude_scout_1]: [scout_1] Landed — tilt correction stopped, yaw-hold pinned to current heading.
[INFO] [1786737077.878673332] [attitude_scout_1]: [scout_1] Landed — tilt correction stopped, yaw-hold pinned to current heading.
[INFO] [1786737077.894136299] [attitude_scout_1]: [scout_1] Landed — tilt correction stopped, yaw-hold pinned to current heading.
[INFO] [1786737077.973512531] [attitude_scout_1]: [scout_1] Landed — tilt correction stopped, yaw-hold pinned to current heading.
[INFO] [1786737077.995066592] [attitude_scout_1]: [scout_1] Landed — tilt correction stopped, yaw-hold pinned to current heading.
[INFO] [1786737077.996270536] [attitude_scout_1]: [scout_1] Landed — tilt correction stopped, yaw-hold pinned to current heading.
[INFO] [1786737077.997278222] [attitude_scout_1]: [scout_1] Landed — tilt correction stopped, yaw-hold pinned to current heading.
[INFO] [1786737077.998549982] [attitude_scout_1]: [scout_1] Landed — tilt correction stopped, yaw-hold pinned to current heading.
[INFO] [1786737077.999758185] [attitude_scout_1]: [scout_1] Landed — tilt correction stopped, yaw-hold pinned to current heading.
[INFO] [1786737078.068706249] [attitude_scout_1]: [scout_1] Landed — tilt correction stopped, yaw-hold pinned to current heading.
[INFO] [1786737078.093351954] [attitude_scout_1]: [scout_1] Landed — tilt correction stopped, yaw-hold pinned to current heading.
[INFO] [1786737078.132217012] [attitude_scout_1]: [scout_1] Landed — tilt correction stopped, yaw-hold pinned to current heading.
[INFO] [1786737078.133304528] [attitude_scout_1]: [scout_1] Landed — tilt correction stopped, yaw-hold pinned to current heading.
[INFO] [1786737078.134315776] [attitude_scout_1]: [scout_1] Landed — tilt correction stopped, yaw-hold pinned to current heading.
[INFO] [1786737078.191852081] [attitude_scout_1]: [scout_1] Landed — tilt correction stopped, yaw-hold pinned to current heading.
[INFO] [1786737078.192913476] [attitude_scout_1]: [scout_1] Landed — tilt correction stopped, yaw-hold pinned to current heading.
[INFO] [1786737078.193798868] [attitude_scout_1]: [scout_1] Landed — tilt correction stopped, yaw-hold pinned to current heading.
[INFO] [1786737078.222855889] [attitude_scout_1]: [scout_1] Landed — tilt correction stopped, yaw-hold pinned to current heading.
[INFO] [1786737078.250987148] [attitude_scout_1]: [scout_1] Landed — tilt correction stopped, yaw-hold pinned to current heading.
[INFO] [1786737078.251942453] [attitude_scout_1]: [scout_1] Landed — tilt correction stopped, yaw-hold pinned to current heading.
[INFO] [1786737078.253185927] [attitude_scout_1]: [scout_1] Landed — tilt correction stopped, yaw-hold pinned to current heading.
[INFO] [1786737078.289512982] [attitude_scout_1]: [scout_1] Landed — tilt correction stopped, yaw-hold pinned to current heading.
[INFO] [1786737078.290487074] [attitude_scout_1]: [scout_1] Landed — tilt correction stopped, yaw-hold pinned to current heading.
[INFO] [1786737078.291435603] [attitude_scout_1]: [scout_1] Landed — tilt correction stopped, yaw-hold pinned to current heading.
[INFO] [1786737078.292317224] [attitude_scout_1]: [scout_1] Landed — tilt correction stopped, yaw-hold pinned to current heading.
[INFO] [1786737078.293483732] [attitude_scout_1]: [scout_1] Landed — tilt correction stopped, yaw-hold pinned to current heading.
[INFO] [1786737078.294675103] [attitude_scout_1]: [scout_1] Landed — tilt correction stopped, yaw-hold pinned to current heading.
[INFO] [1786737078.295562870] [attitude_scout_1]: [scout_1] Landed — tilt correction stopped, yaw-hold pinned to current heading.
[INFO] [1786737078.296284412] [attitude_scout_1]: [scout_1] Landed — tilt correction stopped, yaw-hold pinned to current heading.
[INFO] [1786737078.369112011] [attitude_scout_1]: [scout_1] Landed — tilt correction stopped, yaw-hold pinned to current heading.
[INFO] [1786737078.378110296] [attitude_scout_1]: [scout_1] Landed — tilt correction stopped, yaw-hold pinned to current heading.
[INFO] [1786737078.379613653] [attitude_scout_1]: [scout_1] Landed — tilt correction stopped, yaw-hold pinned to current heading.
[INFO] [1786737078.381019790] [attitude_scout_1]: [scout_1] Landed — tilt correction stopped, yaw-hold pinned to current heading.
[INFO] [1786737078.382181060] [attitude_scout_1]: [scout_1] Landed — tilt correction stopped, yaw-hold pinned to current heading.
[INFO] [1786737078.383209419] [attitude_scout_1]: [scout_1] Landed — tilt correction stopped, yaw-hold pinned to current heading.
[INFO] [1786737078.384358885] [attitude_scout_1]: [scout_1] Landed — tilt correction stopped, yaw-hold pinned to current heading.
[INFO] [1786737078.480455526] [attitude_scout_1]: [scout_1] Landed — tilt correction stopped, yaw-hold pinned to current heading.
[INFO] [1786737078.481627132] [attitude_scout_1]: [scout_1] Landed — tilt correction stopped, yaw-hold pinned to current heading.
[INFO] [1786737078.482671136] [attitude_scout_1]: [scout_1] Landed — tilt correction stopped, yaw-hold pinned to current heading.
[INFO] [1786737078.518864792] [attitude_scout_1]: [scout_1] Landed — tilt correction stopped, yaw-hold pinned to current heading.
[INFO] [1786737078.559256466] [attitude_scout_1]: [scout_1] Landed — tilt correction stopped, yaw-hold pinned to current heading.
[INFO] [1786737078.560714705] [attitude_scout_1]: [scout_1] Landed — tilt correction stopped, yaw-hold pinned to current heading.
[INFO] [1786737078.608556885] [attitude_scout_1]: [scout_1] Landed — tilt correction stopped, yaw-hold pinned to current heading.
[INFO] [1786737078.609696155] [attitude_scout_1]: [scout_1] Landed — tilt correction stopped, yaw-hold pinned to current heading.
[INFO] [1786737078.647970905] [attitude_scout_1]: [scout_1] Landed — tilt correction stopped, yaw-hold pinned to current heading.
[INFO] [1786737078.662713587] [attitude_scout_1]: [scout_1] Landed — tilt correction stopped, yaw-hold pinned to current heading.
[INFO] [1786737078.670948494] [attitude_scout_1]: [scout_1] Landed — tilt correction stopped, yaw-hold pinned to current heading.
[INFO] [1786737078.671865176] [attitude_scout_1]: [scout_1] Landed — tilt correction stopped, yaw-hold pinned to current heading.
[INFO] [1786737078.672796245] [attitude_scout_1]: [scout_1] Landed — tilt correction stopped, yaw-hold pinned to current heading.
[INFO] [1786737078.673630861] [attitude_scout_1]: [scout_1] Landed — tilt correction stopped, yaw-hold pinned to current heading.
[INFO] [1786737078.674494323] [attitude_scout_1]: [scout_1] Landed — tilt correction stopped, yaw-hold pinned to current heading.
[INFO] [1786737078.675552225] [attitude_scout_1]: [scout_1] Landed — tilt correction stopped, yaw-hold pinned to current heading.
[INFO] [1786737078.743360810] [attitude_scout_1]: [scout_1] Landed — tilt correction stopped, yaw-hold pinned to current heading.
[INFO] [1786737078.744585287] [attitude_scout_1]: [scout_1] Landed — tilt correction stopped, yaw-hold pinned to current heading.
[INFO] [1786737078.745759198] [attitude_scout_1]: [scout_1] Landed — tilt correction stopped, yaw-hold pinned to current heading.
[INFO] [1786737078.812323471] [attitude_scout_1]: [scout_1] Landed — tilt correction stopped, yaw-hold pinned to current heading.
[INFO] [1786737078.837861622] [attitude_scout_1]: [scout_1] Landed — tilt correction stopped, yaw-hold pinned to current heading.
[INFO] [1786737078.863762465] [attitude_scout_1]: [scout_1] Landed — tilt correction stopped, yaw-hold pinned to current heading.
[INFO] [1786737078.864750805] [attitude_scout_1]: [scout_1] Landed — tilt correction stopped, yaw-hold pinned to current heading.
[INFO] [1786737078.944892928] [attitude_scout_1]: [scout_1] Landed — tilt correction stopped, yaw-hold pinned to current heading.
[INFO] [1786737078.946149462] [attitude_scout_1]: [scout_1] Landed — tilt correction stopped, yaw-hold pinned to current heading.
[INFO] [1786737078.981495162] [attitude_scout_1]: [scout_1] Landed — tilt correction stopped, yaw-hold pinned to current heading.
[INFO] [1786737079.077034600] [attitude_scout_1]: [scout_1] Landed — tilt correction stopped, yaw-hold pinned to current heading.
[INFO] [1786737079.078074833] [attitude_scout_1]: [scout_1] Landed — tilt correction stopped, yaw-hold pinned to current heading.
[INFO] [1786737079.101195669] [attitude_scout_1]: [scout_1] Landed — tilt correction stopped, yaw-hold pinned to current heading.
[INFO] [1786737079.102246098] [attitude_scout_1]: [scout_1] Landed — tilt correction stopped, yaw-hold pinned to current heading.
[INFO] [1786737079.103128906] [attitude_scout_1]: [scout_1] Landed — tilt correction stopped, yaw-hold pinned to current heading.
[INFO] [1786737079.103957307] [attitude_scout_1]: [scout_1] Landed — tilt correction stopped, yaw-hold pinned to current heading.
[INFO] [1786737079.104821607] [attitude_scout_1]: [scout_1] Landed — tilt correction stopped, yaw-hold pinned to current heading.
[INFO] [1786737079.105749253] [attitude_scout_1]: [scout_1] Landed — tilt correction stopped, yaw-hold pinned to current heading.
[INFO] [1786737079.114762833] [attitude_scout_1]: [scout_1] Landed — tilt correction stopped, yaw-hold pinned to current heading.
[INFO] [1786737079.116383037] [attitude_scout_1]: [scout_1] Landed — tilt correction stopped, yaw-hold pinned to current heading.
[INFO] [1786737079.233328890] [attitude_scout_1]: [scout_1] Landed — tilt correction stopped, yaw-hold pinned to current heading.
[INFO] [1786737079.234409701] [attitude_scout_1]: [scout_1] Landed — tilt correction stopped, yaw-hold pinned to current heading.
[INFO] [1786737079.265222769] [attitude_scout_1]: [scout_1] Landed — tilt correction stopped, yaw-hold pinned to current heading.
[INFO] [1786737079.266328723] [attitude_scout_1]: [scout_1] Landed — tilt correction stopped, yaw-hold pinned to current heading.
[INFO] [1786737079.275726157] [attitude_scout_1]: [scout_1] Landed — tilt correction stopped, yaw-hold pinned to current heading.
[INFO] [1786737079.276743481] [attitude_scout_1]: [scout_1] Landed — tilt correction stopped, yaw-hold pinned to current heading.
[INFO] [1786737079.277588574] [attitude_scout_1]: [scout_1] Landed — tilt correction stopped, yaw-hold pinned to current heading.
[INFO] [1786737079.278323596] [attitude_scout_1]: [scout_1] Landed — tilt correction stopped, yaw-hold pinned to current heading.
[INFO] [1786737079.313417095] [attitude_scout_1]: [scout_1] Landed — tilt correction stopped, yaw-hold pinned to current heading.
[INFO] [1786737079.323119460] [attitude_scout_1]: [scout_1] Landed — tilt correction stopped, yaw-hold pinned to current heading.
[INFO] [1786737079.324323404] [attitude_scout_1]: [scout_1] Landed — tilt correction stopped, yaw-hold pinned to current heading.
[INFO] [1786737079.325651317] [attitude_scout_1]: [scout_1] Landed — tilt correction stopped, yaw-hold pinned to current heading.
[INFO] [1786737079.326719766] [attitude_scout_1]: [scout_1] Landed — tilt correction stopped, yaw-hold pinned to current heading.
[INFO] [1786737079.404486270] [attitude_scout_1]: [scout_1] Landed — tilt correction stopped, yaw-hold pinned to current heading.
[INFO] [1786737079.405746436] [attitude_scout_1]: [scout_1] Landed — tilt correction stopped, yaw-hold pinned to current heading.
[INFO] [1786737079.406682185] [attitude_scout_1]: [scout_1] Landed — tilt correction stopped, yaw-hold pinned to current heading.
[INFO] [1786737079.461577190] [attitude_scout_1]: [scout_1] Landed — tilt correction stopped, yaw-hold pinned to current heading.
[INFO] [1786737079.462491706] [attitude_scout_1]: [scout_1] Landed — tilt correction stopped, yaw-hold pinned to current heading.
[INFO] [1786737079.463458604] [attitude_scout_1]: [scout_1] Landed — tilt correction stopped, yaw-hold pinned to current heading.
[INFO] [1786737079.464413140] [attitude_scout_1]: [scout_1] Landed — tilt correction stopped, yaw-hold pinned to current heading.
[INFO] [1786737079.465595362] [attitude_scout_1]: [scout_1] Landed — tilt correction stopped, yaw-hold pinned to current heading.
[INFO] [1786737079.466759286] [attitude_scout_1]: [scout_1] Landed — tilt correction stopped, yaw-hold pinned to current heading.
[INFO] [1786737079.467978525] [attitude_scout_1]: [scout_1] Landed — tilt correction stopped, yaw-hold pinned to current heading.
[INFO] [1786737079.469160398] [attitude_scout_1]: [scout_1] Landed — tilt correction stopped, yaw-hold pinned to current heading.
[INFO] [1786737079.554497189] [attitude_scout_1]: [scout_1] Landed — tilt correction stopped, yaw-hold pinned to current heading.
[INFO] [1786737079.624015655] [attitude_scout_1]: [scout_1] Landed — tilt correction stopped, yaw-hold pinned to current heading.
[INFO] [1786737079.625163724] [attitude_scout_1]: [scout_1] Landed — tilt correction stopped, yaw-hold pinned to current heading.
[INFO] [1786737079.627147527] [attitude_scout_1]: [scout_1] Landed — tilt correction stopped, yaw-hold pinned to current heading.
[INFO] [1786737079.628490247] [attitude_scout_1]: [scout_1] Landed — tilt correction stopped, yaw-hold pinned to current heading.
[INFO] [1786737079.630511486] [attitude_scout_1]: [scout_1] Landed — tilt correction stopped, yaw-hold pinned to current heading.
[INFO] [1786737079.632422304] [attitude_scout_1]: [scout_1] Landed — tilt correction stopped, yaw-hold pinned to current heading.
[INFO] [1786737079.634399892] [attitude_scout_1]: [scout_1] Landed — tilt correction stopped, yaw-hold pinned to current heading.
[INFO] [1786737079.636194772] [attitude_scout_1]: [scout_1] Landed — tilt correction stopped, yaw-hold pinned to current heading.
[INFO] [1786737079.690082580] [attitude_scout_1]: [scout_1] Landed — tilt correction stopped, yaw-hold pinned to current heading.
[INFO] [1786737079.698756446] [attitude_scout_1]: [scout_1] Landed — tilt correction stopped, yaw-hold pinned to current heading.
[INFO] [1786737079.699641070] [attitude_scout_1]: [scout_1] Landed — tilt correction stopped, yaw-hold pinned to current heading.
[INFO] [1786737079.700747094] [attitude_scout_1]: [scout_1] Landed — tilt correction stopped, yaw-hold pinned to current heading.
[INFO] [1786737079.701596238] [attitude_scout_1]: [scout_1] Landed — tilt correction stopped, yaw-hold pinned to current heading.
[INFO] [1786737079.702426594] [attitude_scout_1]: [scout_1] Landed — tilt correction stopped, yaw-hold pinned to current heading.
[INFO] [1786737079.752107166] [attitude_scout_1]: [scout_1] Landed — tilt correction stopped, yaw-hold pinned to current heading.
[INFO] [1786737079.753016514] [attitude_scout_1]: [scout_1] Landed — tilt correction stopped, yaw-hold pinned to current heading.
[INFO] [1786737079.754047807] [attitude_scout_1]: [scout_1] Landed — tilt correction stopped, yaw-hold pinned to current heading.
[INFO] [1786737079.755103824] [attitude_scout_1]: [scout_1] Landed — tilt correction stopped, yaw-hold pinned to current heading.
[INFO] [1786737079.756188337] [attitude_scout_1]: [scout_1] Landed — tilt correction stopped, yaw-hold pinned to current heading.
[INFO] [1786737079.757347581] [attitude_scout_1]: [scout_1] Landed — tilt correction stopped, yaw-hold pinned to current heading.
[INFO] [1786737079.808763736] [attitude_scout_1]: [scout_1] Landed — tilt correction stopped, yaw-hold pinned to current heading.
[INFO] [1786737079.810319476] [attitude_scout_1]: [scout_1] Landed — tilt correction stopped, yaw-hold pinned to current heading.
[INFO] [1786737079.811758438] [attitude_scout_1]: [scout_1] Landed — tilt correction stopped, yaw-hold pinned to current heading.
[INFO] [1786737079.898045924] [attitude_scout_1]: [scout_1] Landed — tilt correction stopped, yaw-hold pinned to current heading.
[INFO] [1786737079.931069643] [attitude_scout_1]: [scout_1] Landed — tilt correction stopped, yaw-hold pinned to current heading.
[INFO] [1786737079.932143889] [attitude_scout_1]: [scout_1] Landed — tilt correction stopped, yaw-hold pinned to current heading.
[INFO] [1786737079.963928674] [attitude_scout_1]: [scout_1] Landed — tilt correction stopped, yaw-hold pinned to current heading.
[INFO] [1786737079.991738100] [attitude_scout_1]: [scout_1] Landed — tilt correction stopped, yaw-hold pinned to current heading.
[INFO] [1786737079.992797889] [attitude_scout_1]: [scout_1] Landed — tilt correction stopped, yaw-hold pinned to current heading.
[INFO] [1786737079.994183562] [attitude_scout_1]: [scout_1] Landed — tilt correction stopped, yaw-hold pinned to current heading.
[INFO] [1786737079.995301040] [attitude_scout_1]: [scout_1] Landed — tilt correction stopped, yaw-hold pinned to current heading.
[INFO] [1786737079.997077342] [attitude_scout_1]: [scout_1] Landed — tilt correction stopped, yaw-hold pinned to current heading.
[INFO] [1786737080.006516681] [attitude_scout_1]: [scout_1] Landed — tilt correction stopped, yaw-hold pinned to current heading.
[INFO] [1786737080.007351717] [attitude_scout_1]: [scout_1] Landed — tilt correction stopped, yaw-hold pinned to current heading.
[INFO] [1786737080.008298291] [attitude_scout_1]: [scout_1] Landed — tilt correction stopped, yaw-hold pinned to current heading.
[INFO] [1786737080.009049306] [attitude_scout_1]: [scout_1] Landed — tilt correction stopped, yaw-hold pinned to current heading.
[INFO] [1786737080.057235530] [attitude_scout_1]: [scout_1] Landed — tilt correction stopped, yaw-hold pinned to current heading.
[INFO] [1786737080.058240422] [attitude_scout_1]: [scout_1] Landed — tilt correction stopped, yaw-hold pinned to current heading.
[INFO] [1786737080.059145161] [attitude_scout_1]: [scout_1] Landed — tilt correction stopped, yaw-hold pinned to current heading.
[INFO] [1786737080.060193984] [attitude_scout_1]: [scout_1] Landed — tilt correction stopped, yaw-hold pinned to current heading.
[INFO] [1786737080.100487249] [attitude_scout_1]: [scout_1] Landed — tilt correction stopped, yaw-hold pinned to current heading.
[INFO] [1786737080.101493189] [attitude_scout_1]: [scout_1] Landed — tilt correction stopped, yaw-hold pinned to current heading.
[INFO] [1786737080.102703418] [attitude_scout_1]: [scout_1] Landed — tilt correction stopped, yaw-hold pinned to current heading.
[INFO] [1786737080.103664449] [attitude_scout_1]: [scout_1] Landed — tilt correction stopped, yaw-hold pinned to current heading.
[INFO] [1786737080.104639729] [attitude_scout_1]: [scout_1] Landed — tilt correction stopped, yaw-hold pinned to current heading.
[INFO] [1786737080.105851424] [attitude_scout_1]: [scout_1] Landed — tilt correction stopped, yaw-hold pinned to current heading.
[INFO] [1786737080.106931258] [attitude_scout_1]: [scout_1] Landed — tilt correction stopped, yaw-hold pinned to current heading.
[INFO] [1786737080.107776351] [attitude_scout_1]: [scout_1] Landed — tilt correction stopped, yaw-hold pinned to current heading.
[INFO] [1786737080.108517658] [attitude_scout_1]: [scout_1] Landed — tilt correction stopped, yaw-hold pinned to current heading.
[INFO] [1786737080.122687981] [attitude_scout_1]: [scout_1] Landed — tilt correction stopped, yaw-hold pinned to current heading.
[INFO] [1786737080.179262766] [attitude_scout_1]: [scout_1] Landed — tilt correction stopped, yaw-hold pinned to current heading.
[INFO] [1786737080.180553733] [attitude_scout_1]: [scout_1] Landed — tilt correction stopped, yaw-hold pinned to current heading.
[INFO] [1786737080.181544377] [attitude_scout_1]: [scout_1] Landed — tilt correction stopped, yaw-hold pinned to current heading.
[INFO] [1786737080.230680388] [attitude_scout_1]: [scout_1] Landed — tilt correction stopped, yaw-hold pinned to current heading.
[INFO] [1786737080.239354254] [attitude_scout_1]: [scout_1] Landed — tilt correction stopped, yaw-hold pinned to current heading.
[INFO] [1786737080.240501765] [attitude_scout_1]: [scout_1] Landed — tilt correction stopped, yaw-hold pinned to current heading.
[INFO] [1786737080.241671206] [attitude_scout_1]: [scout_1] Landed — tilt correction stopped, yaw-hold pinned to current heading.
[INFO] [1786737080.242845466] [attitude_scout_1]: [scout_1] Landed — tilt correction stopped, yaw-hold pinned to current heading.
[INFO] [1786737080.251288783] [attitude_scout_1]: [scout_1] Landed — tilt correction stopped, yaw-hold pinned to current heading.
[INFO] [1786737080.276766660] [attitude_scout_1]: [scout_1] Landed — tilt correction stopped, yaw-hold pinned to current heading.
[INFO] [1786737080.277881694] [attitude_scout_1]: [scout_1] Landed — tilt correction stopped, yaw-hold pinned to current heading.
[INFO] [1786737080.378184732] [attitude_scout_1]: [scout_1] Landed — tilt correction stopped, yaw-hold pinned to current heading.
[INFO] [1786737080.379077248] [attitude_scout_1]: [scout_1] Landed — tilt correction stopped, yaw-hold pinned to current heading.
[INFO] [1786737080.380206809] [attitude_scout_1]: [scout_1] Landed — tilt correction stopped, yaw-hold pinned to current heading.
[INFO] [1786737080.381274699] [attitude_scout_1]: [scout_1] Landed — tilt correction stopped, yaw-hold pinned to current heading.
[INFO] [1786737080.434031200] [attitude_scout_1]: [scout_1] Landed — tilt correction stopped, yaw-hold pinned to current heading.
[INFO] [1786737080.434843677] [attitude_scout_1]: [scout_1] Landed — tilt correction stopped, yaw-hold pinned to current heading.
[INFO] [1786737080.437598750] [attitude_scout_1]: [scout_1] Landed — tilt correction stopped, yaw-hold pinned to current heading.
[INFO] [1786737080.450069598] [attitude_scout_1]: [scout_1] Landed — tilt correction stopped, yaw-hold pinned to current heading.
[INFO] [1786737080.451393670] [attitude_scout_1]: [scout_1] Landed — tilt correction stopped, yaw-hold pinned to current heading.
[INFO] [1786737080.526891972] [attitude_scout_1]: [scout_1] Landed — tilt correction stopped, yaw-hold pinned to current heading.
[INFO] [1786737080.527925640] [attitude_scout_1]: [scout_1] Landed — tilt correction stopped, yaw-hold pinned to current heading.
[INFO] [1786737080.529135659] [attitude_scout_1]: [scout_1] Landed — tilt correction stopped, yaw-hold pinned to current heading.
[INFO] [1786737080.530278141] [attitude_scout_1]: [scout_1] Landed — tilt correction stopped, yaw-hold pinned to current heading.
[INFO] [1786737080.531353295] [attitude_scout_1]: [scout_1] Landed — tilt correction stopped, yaw-hold pinned to current heading.
[INFO] [1786737080.589611071] [attitude_scout_1]: [scout_1] Landed — tilt correction stopped, yaw-hold pinned to current heading.
[INFO] [1786737080.590787427] [attitude_scout_1]: [scout_1] Landed — tilt correction stopped, yaw-hold pinned to current heading.
[INFO] [1786737080.591948277] [attitude_scout_1]: [scout_1] Landed — tilt correction stopped, yaw-hold pinned to current heading.
[INFO] [1786737080.593011558] [attitude_scout_1]: [scout_1] Landed — tilt correction stopped, yaw-hold pinned to current heading.
[INFO] [1786737080.594094674] [attitude_scout_1]: [scout_1] Landed — tilt correction stopped, yaw-hold pinned to current heading.
[INFO] [1786737080.642028837] [attitude_scout_1]: [scout_1] Landed — tilt correction stopped, yaw-hold pinned to current heading.
[INFO] [1786737080.643137794] [attitude_scout_1]: [scout_1] Landed — tilt correction stopped, yaw-hold pinned to current heading.
[INFO] [1786737080.644337966] [attitude_scout_1]: [scout_1] Landed — tilt correction stopped, yaw-hold pinned to current heading.
[INFO] [1786737080.645635009] [attitude_scout_1]: [scout_1] Landed — tilt correction stopped, yaw-hold pinned to current heading.
[INFO] [1786737080.646892172] [attitude_scout_1]: [scout_1] Landed — tilt correction stopped, yaw-hold pinned to current heading.
[INFO] [1786737080.648035213] [attitude_scout_1]: [scout_1] Landed — tilt correction stopped, yaw-hold pinned to current heading.
[INFO] [1786737080.726033872] [attitude_scout_1]: [scout_1] Landed — tilt correction stopped, yaw-hold pinned to current heading.
[INFO] [1786737080.726946433] [attitude_scout_1]: [scout_1] Landed — tilt correction stopped, yaw-hold pinned to current heading.
[INFO] [1786737080.761881809] [attitude_scout_1]: [scout_1] Landed — tilt correction stopped, yaw-hold pinned to current heading.
[INFO] [1786737080.773956232] [attitude_scout_1]: [scout_1] Landed — tilt correction stopped, yaw-hold pinned to current heading.
[INFO] [1786737080.775016928] [attitude_scout_1]: [scout_1] Landed — tilt correction stopped, yaw-hold pinned to current heading.
[INFO] [1786737080.817097041] [attitude_scout_1]: [scout_1] Landed — tilt correction stopped, yaw-hold pinned to current heading.
[INFO] [1786737080.871501822] [attitude_scout_1]: [scout_1] Landed — tilt correction stopped, yaw-hold pinned to current heading.
[INFO] [1786737080.888212034] [attitude_scout_1]: [scout_1] Landed — tilt correction stopped, yaw-hold pinned to current heading.
[INFO] [1786737080.889317779] [attitude_scout_1]: [scout_1] Landed — tilt correction stopped, yaw-hold pinned to current heading.
[INFO] [1786737080.890498255] [attitude_scout_1]: [scout_1] Landed — tilt correction stopped, yaw-hold pinned to current heading.
[INFO] [1786737080.891703595] [attitude_scout_1]: [scout_1] Landed — tilt correction stopped, yaw-hold pinned to current heading.
[INFO] [1786737080.892750044] [attitude_scout_1]: [scout_1] Landed — tilt correction stopped, yaw-hold pinned to current heading.
[INFO] [1786737080.893908101] [attitude_scout_1]: [scout_1] Landed — tilt correction stopped, yaw-hold pinned to current heading.
[INFO] [1786737080.895102825] [attitude_scout_1]: [scout_1] Landed — tilt correction stopped, yaw-hold pinned to current heading.
[INFO] [1786737081.028945508] [attitude_scout_1]: [scout_1] Landed — tilt correction stopped, yaw-hold pinned to current heading.
[INFO] [1786737081.029849548] [attitude_scout_1]: [scout_1] Landed — tilt correction stopped, yaw-hold pinned to current heading.
[INFO] [1786737081.030696526] [attitude_scout_1]: [scout_1] Landed — tilt correction stopped, yaw-hold pinned to current heading.
[INFO] [1786737081.125474123] [attitude_scout_1]: [scout_1] Landed — tilt correction stopped, yaw-hold pinned to current heading.
[INFO] [1786737081.134779295] [attitude_scout_1]: [scout_1] Landed — tilt correction stopped, yaw-hold pinned to current heading.
[INFO] [1786737081.136336431] [attitude_scout_1]: [scout_1] Landed — tilt correction stopped, yaw-hold pinned to current heading.
[INFO] [1786737081.149630302] [attitude_scout_1]: [scout_1] Landed — tilt correction stopped, yaw-hold pinned to current heading.
[INFO] [1786737081.215006555] [attitude_scout_1]: [scout_1] Landed — tilt correction stopped, yaw-hold pinned to current heading.
[INFO] [1786737081.216006279] [attitude_scout_1]: [scout_1] Landed — tilt correction stopped, yaw-hold pinned to current heading.
[INFO] [1786737081.216931342] [attitude_scout_1]: [scout_1] Landed — tilt correction stopped, yaw-hold pinned to current heading.
[INFO] [1786737081.271899751] [attitude_scout_1]: [scout_1] Landed — tilt correction stopped, yaw-hold pinned to current heading.
[INFO] [1786737081.272688621] [attitude_scout_1]: [scout_1] Landed — tilt correction stopped, yaw-hold pinned to current heading.
[INFO] [1786737081.309717382] [attitude_scout_1]: [scout_1] Landed — tilt correction stopped, yaw-hold pinned to current heading.
[INFO] [1786737081.364150519] [attitude_scout_1]: [scout_1] Landed — tilt correction stopped, yaw-hold pinned to current heading.
[INFO] [1786737081.411434729] [attitude_scout_1]: [scout_1] Landed — tilt correction stopped, yaw-hold pinned to current heading.
[INFO] [1786737081.412747835] [attitude_scout_1]: [scout_1] Landed — tilt correction stopped, yaw-hold pinned to current heading.
[INFO] [1786737081.413983557] [attitude_scout_1]: [scout_1] Landed — tilt correction stopped, yaw-hold pinned to current heading.
[INFO] [1786737081.415064298] [attitude_scout_1]: [scout_1] Landed — tilt correction stopped, yaw-hold pinned to current heading.
[INFO] [1786737081.416158030] [attitude_scout_1]: [scout_1] Landed — tilt correction stopped, yaw-hold pinned to current heading.
[INFO] [1786737081.453705930] [attitude_scout_1]: [scout_1] Landed — tilt correction stopped, yaw-hold pinned to current heading.
[INFO] [1786737081.529740552] [attitude_scout_1]: [scout_1] Landed — tilt correction stopped, yaw-hold pinned to current heading.
[INFO] [1786737081.543188146] [attitude_scout_1]: [scout_1] Landed — tilt correction stopped, yaw-hold pinned to current heading.
[INFO] [1786737081.544220905] [attitude_scout_1]: [scout_1] Landed — tilt correction stopped, yaw-hold pinned to current heading.
[INFO] [1786737081.545405712] [attitude_scout_1]: [scout_1] Landed — tilt correction stopped, yaw-hold pinned to current heading.
[INFO] [1786737081.611110713] [attitude_scout_1]: [scout_1] Landed — tilt correction stopped, yaw-hold pinned to current heading.
[INFO] [1786737081.651874995] [attitude_scout_1]: [scout_1] Landed — tilt correction stopped, yaw-hold pinned to current heading.
[INFO] [1786737081.652948193] [attitude_scout_1]: [scout_1] Landed — tilt correction stopped, yaw-hold pinned to current heading.
[INFO] [1786737081.667407594] [attitude_scout_1]: [scout_1] Landed — tilt correction stopped, yaw-hold pinned to current heading.
[INFO] [1786737081.673266324] [attitude_scout_1]: [scout_1] Landed — tilt correction stopped, yaw-hold pinned to current heading.
[INFO] [1786737081.674714366] [attitude_scout_1]: [scout_1] Landed — tilt correction stopped, yaw-hold pinned to current heading.
[INFO] [1786737081.684257561] [attitude_scout_1]: [scout_1] Landed — tilt correction stopped, yaw-hold pinned to current heading.
[INFO] [1786737081.685342632] [attitude_scout_1]: [scout_1] Landed — tilt correction stopped, yaw-hold pinned to current heading.
[INFO] [1786737081.686493076] [attitude_scout_1]: [scout_1] Landed — tilt correction stopped, yaw-hold pinned to current heading.
[INFO] [1786737081.687784462] [attitude_scout_1]: [scout_1] Landed — tilt correction stopped, yaw-hold pinned to current heading.
[INFO] [1786737081.688960887] [attitude_scout_1]: [scout_1] Landed — tilt correction stopped, yaw-hold pinned to current heading.
[INFO] [1786737081.690058670] [attitude_scout_1]: [scout_1] Landed — tilt correction stopped, yaw-hold pinned to current heading.
[INFO] [1786737081.812839994] [attitude_scout_1]: [scout_1] Landed — tilt correction stopped, yaw-hold pinned to current heading.
[INFO] [1786737081.858464608] [attitude_scout_1]: [scout_1] Landed — tilt correction stopped, yaw-hold pinned to current heading.
[INFO] [1786737081.887970715] [attitude_scout_1]: [scout_1] Landed — tilt correction stopped, yaw-hold pinned to current heading.
[INFO] [1786737081.889078276] [attitude_scout_1]: [scout_1] Landed — tilt correction stopped, yaw-hold pinned to current heading.
[INFO] [1786737081.890441390] [attitude_scout_1]: [scout_1] Landed — tilt correction stopped, yaw-hold pinned to current heading.
[INFO] [1786737081.891998386] [attitude_scout_1]: [scout_1] Landed — tilt correction stopped, yaw-hold pinned to current heading.
[INFO] [1786737081.893209872] [attitude_scout_1]: [scout_1] Landed — tilt correction stopped, yaw-hold pinned to current heading.
[INFO] [1786737081.894531291] [attitude_scout_1]: [scout_1] Landed — tilt correction stopped, yaw-hold pinned to current heading.
[INFO] [1786737081.895750529] [attitude_scout_1]: [scout_1] Landed — tilt correction stopped, yaw-hold pinned to current heading.
[INFO] [1786737081.896958244] [attitude_scout_1]: [scout_1] Landed — tilt correction stopped, yaw-hold pinned to current heading.
[INFO] [1786737081.958071387] [attitude_scout_1]: [scout_1] Landed — tilt correction stopped, yaw-hold pinned to current heading.
[INFO] [1786737081.959353973] [attitude_scout_1]: [scout_1] Landed — tilt correction stopped, yaw-hold pinned to current heading.
[INFO] [1786737081.968818246] [attitude_scout_1]: [scout_1] Landed — tilt correction stopped, yaw-hold pinned to current heading.
[INFO] [1786737081.969922664] [attitude_scout_1]: [scout_1] Landed — tilt correction stopped, yaw-hold pinned to current heading.
[INFO] [1786737081.970894800] [attitude_scout_1]: [scout_1] Landed — tilt correction stopped, yaw-hold pinned to current heading.
[INFO] [1786737081.971827685] [attitude_scout_1]: [scout_1] Landed — tilt correction stopped, yaw-hold pinned to current heading.
[INFO] [1786737082.059412771] [attitude_scout_1]: [scout_1] Landed — tilt correction stopped, yaw-hold pinned to current heading.
[INFO] [1786737082.060281681] [attitude_scout_1]: [scout_1] Landed — tilt correction stopped, yaw-hold pinned to current heading.
[INFO] [1786737082.061054068] [attitude_scout_1]: [scout_1] Landed — tilt correction stopped, yaw-hold pinned to current heading.
[INFO] [1786737082.097847181] [attitude_scout_1]: [scout_1] Landed — tilt correction stopped, yaw-hold pinned to current heading.
[INFO] [1786737082.099109303] [attitude_scout_1]: [scout_1] Landed — tilt correction stopped, yaw-hold pinned to current heading.
[INFO] [1786737082.126575383] [attitude_scout_1]: [scout_1] Landed — tilt correction stopped, yaw-hold pinned to current heading.
[INFO] [1786737082.127881995] [attitude_scout_1]: [scout_1] Landed — tilt correction stopped, yaw-hold pinned to current heading.
[INFO] [1786737082.152980558] [attitude_scout_1]: [scout_1] Landed — tilt correction stopped, yaw-hold pinned to current heading.
[INFO] [1786737082.192229399] [attitude_scout_1]: [scout_1] Landed — tilt correction stopped, yaw-hold pinned to current heading.
[INFO] [1786737082.192996059] [attitude_scout_1]: [scout_1] Landed — tilt correction stopped, yaw-hold pinned to current heading.
[INFO] [1786737082.194110325] [attitude_scout_1]: [scout_1] Landed — tilt correction stopped, yaw-hold pinned to current heading.
[INFO] [1786737082.194925455] [attitude_scout_1]: [scout_1] Landed — tilt correction stopped, yaw-hold pinned to current heading.
[INFO] [1786737082.232057863] [attitude_scout_1]: [scout_1] Landed — tilt correction stopped, yaw-hold pinned to current heading.
[INFO] [1786737082.233044666] [attitude_scout_1]: [scout_1] Landed — tilt correction stopped, yaw-hold pinned to current heading.
[INFO] [1786737082.233801408] [attitude_scout_1]: [scout_1] Landed — tilt correction stopped, yaw-hold pinned to current heading.
[INFO] [1786737082.234523090] [attitude_scout_1]: [scout_1] Landed — tilt correction stopped, yaw-hold pinned to current heading.
[INFO] [1786737082.235321249] [attitude_scout_1]: [scout_1] Landed — tilt correction stopped, yaw-hold pinned to current heading.
[INFO] [1786737082.236192952] [attitude_scout_1]: [scout_1] Landed — tilt correction stopped, yaw-hold pinned to current heading.
[INFO] [1786737082.366597153] [attitude_scout_1]: [scout_1] Landed — tilt correction stopped, yaw-hold pinned to current heading.
[INFO] [1786737082.367901739] [attitude_scout_1]: [scout_1] Landed — tilt correction stopped, yaw-hold pinned to current heading.
[INFO] [1786737082.369220643] [attitude_scout_1]: [scout_1] Landed — tilt correction stopped, yaw-hold pinned to current heading.
[INFO] [1786737082.373523284] [attitude_scout_1]: [scout_1] Landed — tilt correction stopped, yaw-hold pinned to current heading.
[INFO] [1786737082.374799933] [attitude_scout_1]: [scout_1] Landed — tilt correction stopped, yaw-hold pinned to current heading.
[INFO] [1786737082.375838699] [attitude_scout_1]: [scout_1] Landed — tilt correction stopped, yaw-hold pinned to current heading.
[INFO] [1786737082.416561355] [attitude_scout_1]: [scout_1] Landed — tilt correction stopped, yaw-hold pinned to current heading.
[INFO] [1786737082.457519659] [attitude_scout_1]: [scout_1] Landed — tilt correction stopped, yaw-hold pinned to current heading.
[INFO] [1786737082.458704465] [attitude_scout_1]: [scout_1] Landed — tilt correction stopped, yaw-hold pinned to current heading.
[INFO] [1786737082.459891227] [attitude_scout_1]: [scout_1] Landed — tilt correction stopped, yaw-hold pinned to current heading.
[INFO] [1786737082.478153058] [attitude_scout_1]: [scout_1] Landed — tilt correction stopped, yaw-hold pinned to current heading.
[INFO] [1786737082.479379979] [attitude_scout_1]: [scout_1] Landed — tilt correction stopped, yaw-hold pinned to current heading.
[INFO] [1786737082.480587344] [attitude_scout_1]: [scout_1] Landed — tilt correction stopped, yaw-hold pinned to current heading.
[INFO] [1786737082.481796596] [attitude_scout_1]: [scout_1] Landed — tilt correction stopped, yaw-hold pinned to current heading.
[INFO] [1786737082.482967643] [attitude_scout_1]: [scout_1] Landed — tilt correction stopped, yaw-hold pinned to current heading.
[INFO] [1786737082.483960243] [attitude_scout_1]: [scout_1] Landed — tilt correction stopped, yaw-hold pinned to current heading.
[INFO] [1786737082.502062693] [attitude_scout_1]: [scout_1] Landed — tilt correction stopped, yaw-hold pinned to current heading.
[INFO] [1786737082.503221379] [attitude_scout_1]: [scout_1] Landed — tilt correction stopped, yaw-hold pinned to current heading.
[INFO] [1786737082.504096015] [attitude_scout_1]: [scout_1] Landed — tilt correction stopped, yaw-hold pinned to current heading.
[INFO] [1786737082.578565398] [attitude_scout_1]: [scout_1] Landed — tilt correction stopped, yaw-hold pinned to current heading.
[INFO] [1786737082.579569383] [attitude_scout_1]: [scout_1] Landed — tilt correction stopped, yaw-hold pinned to current heading.
[INFO] [1786737082.580644956] [attitude_scout_1]: [scout_1] Landed — tilt correction stopped, yaw-hold pinned to current heading.
[INFO] [1786737082.598973416] [attitude_scout_1]: [scout_1] Landed — tilt correction stopped, yaw-hold pinned to current heading.
[INFO] [1786737082.599925996] [attitude_scout_1]: [scout_1] Landed — tilt correction stopped, yaw-hold pinned to current heading.
[INFO] [1786737082.600785128] [attitude_scout_1]: [scout_1] Landed — tilt correction stopped, yaw-hold pinned to current heading.
[INFO] [1786737082.601498707] [attitude_scout_1]: [scout_1] Landed — tilt correction stopped, yaw-hold pinned to current heading.
[INFO] [1786737082.602183512] [attitude_scout_1]: [scout_1] Landed — tilt correction stopped, yaw-hold pinned to current heading.
[INFO] [1786737082.602857980] [attitude_scout_1]: [scout_1] Landed — tilt correction stopped, yaw-hold pinned to current heading.
[INFO] [1786737082.603588322] [attitude_scout_1]: [scout_1] Landed — tilt correction stopped, yaw-hold pinned to current heading.
[INFO] [1786737082.687810078] [attitude_scout_1]: [scout_1] Landed — tilt correction stopped, yaw-hold pinned to current heading.
[INFO] [1786737082.688690023] [attitude_scout_1]: [scout_1] Landed — tilt correction stopped, yaw-hold pinned to current heading.
[INFO] [1786737082.689474772] [attitude_scout_1]: [scout_1] Landed — tilt correction stopped, yaw-hold pinned to current heading.
[INFO] [1786737082.690254073] [attitude_scout_1]: [scout_1] Landed — tilt correction stopped, yaw-hold pinned to current heading.
[INFO] [1786737082.690982459] [attitude_scout_1]: [scout_1] Landed — tilt correction stopped, yaw-hold pinned to current heading.
[INFO] [1786737082.691707424] [attitude_scout_1]: [scout_1] Landed — tilt correction stopped, yaw-hold pinned to current heading.
[INFO] [1786737082.808117793] [attitude_scout_1]: [scout_1] Landed — tilt correction stopped, yaw-hold pinned to current heading.
[INFO] [1786737082.809162845] [attitude_scout_1]: [scout_1] Landed — tilt correction stopped, yaw-hold pinned to current heading.
[INFO] [1786737082.810062764] [attitude_scout_1]: [scout_1] Landed — tilt correction stopped, yaw-hold pinned to current heading.
[INFO] [1786737082.811105511] [attitude_scout_1]: [scout_1] Landed — tilt correction stopped, yaw-hold pinned to current heading.
[INFO] [1786737082.812418199] [attitude_scout_1]: [scout_1] Landed — tilt correction stopped, yaw-hold pinned to current heading.
[INFO] [1786737082.834682837] [attitude_scout_1]: [scout_1] Landed — tilt correction stopped, yaw-hold pinned to current heading.
[INFO] [1786737082.835928267] [attitude_scout_1]: [scout_1] Landed — tilt correction stopped, yaw-hold pinned to current heading.
[INFO] [1786737082.837289984] [attitude_scout_1]: [scout_1] Landed — tilt correction stopped, yaw-hold pinned to current heading.
[INFO] [1786737082.909793164] [attitude_scout_1]: [scout_1] Landed — tilt correction stopped, yaw-hold pinned to current heading.
[INFO] [1786737082.911136373] [attitude_scout_1]: [scout_1] Landed — tilt correction stopped, yaw-hold pinned to current heading.
[INFO] [1786737082.912440680] [attitude_scout_1]: [scout_1] Landed — tilt correction stopped, yaw-hold pinned to current heading.
[INFO] [1786737082.942135501] [attitude_scout_1]: [scout_1] Landed — tilt correction stopped, yaw-hold pinned to current heading.
[INFO] [1786737082.943294675] [attitude_scout_1]: [scout_1] Landed — tilt correction stopped, yaw-hold pinned to current heading.
[INFO] [1786737082.955809873] [attitude_scout_1]: [scout_1] Landed — tilt correction stopped, yaw-hold pinned to current heading.
[INFO] [1786737082.957079608] [attitude_scout_1]: [scout_1] Landed — tilt correction stopped, yaw-hold pinned to current heading.
[INFO] [1786737082.958397185] [attitude_scout_1]: [scout_1] Landed — tilt correction stopped, yaw-hold pinned to current heading.
[INFO] [1786737082.959707917] [attitude_scout_1]: [scout_1] Landed — tilt correction stopped, yaw-hold pinned to current heading.
[INFO] [1786737082.961032269] [attitude_scout_1]: [scout_1] Landed — tilt correction stopped, yaw-hold pinned to current heading.
[INFO] [1786737083.034986844] [attitude_scout_1]: [scout_1] Landed — tilt correction stopped, yaw-hold pinned to current heading.
[INFO] [1786737083.062822530] [attitude_scout_1]: [scout_1] Landed — tilt correction stopped, yaw-hold pinned to current heading.
[INFO] [1786737083.063866674] [attitude_scout_1]: [scout_1] Landed — tilt correction stopped, yaw-hold pinned to current heading.
[INFO] [1786737083.064884906] [attitude_scout_1]: [scout_1] Landed — tilt correction stopped, yaw-hold pinned to current heading.
[INFO] [1786737083.072948490] [attitude_scout_1]: [scout_1] Landed — tilt correction stopped, yaw-hold pinned to current heading.
[INFO] [1786737083.074052279] [attitude_scout_1]: [scout_1] Landed — tilt correction stopped, yaw-hold pinned to current heading.
[INFO] [1786737083.074968262] [attitude_scout_1]: [scout_1] Landed — tilt correction stopped, yaw-hold pinned to current heading.
[INFO] [1786737083.076051308] [attitude_scout_1]: [scout_1] Landed — tilt correction stopped, yaw-hold pinned to current heading.
[INFO] [1786737083.131959237] [attitude_scout_1]: [scout_1] Landed — tilt correction stopped, yaw-hold pinned to current heading.
[INFO] [1786737083.148622165] [attitude_scout_1]: [scout_1] Landed — tilt correction stopped, yaw-hold pinned to current heading.
[INFO] [1786737083.180236884] [attitude_scout_1]: [scout_1] Landed — tilt correction stopped, yaw-hold pinned to current heading.
[INFO] [1786737083.189610990] [attitude_scout_1]: [scout_1] Landed — tilt correction stopped, yaw-hold pinned to current heading.
[INFO] [1786737083.190629502] [attitude_scout_1]: [scout_1] Landed — tilt correction stopped, yaw-hold pinned to current heading.
[INFO] [1786737083.209343213] [attitude_scout_1]: [scout_1] Landed — tilt correction stopped, yaw-hold pinned to current heading.
[INFO] [1786737083.210793280] [attitude_scout_1]: [scout_1] Landed — tilt correction stopped, yaw-hold pinned to current heading.
[INFO] [1786737083.212319476] [attitude_scout_1]: [scout_1] Landed — tilt correction stopped, yaw-hold pinned to current heading.
[INFO] [1786737083.213483190] [attitude_scout_1]: [scout_1] Landed — tilt correction stopped, yaw-hold pinned to current heading.
[INFO] [1786737083.214550662] [attitude_scout_1]: [scout_1] Landed — tilt correction stopped, yaw-hold pinned to current heading.
[INFO] [1786737083.215613453] [attitude_scout_1]: [scout_1] Landed — tilt correction stopped, yaw-hold pinned to current heading.
[INFO] [1786737083.216600187] [attitude_scout_1]: [scout_1] Landed — tilt correction stopped, yaw-hold pinned to current heading.
[INFO] [1786737083.288457115] [attitude_scout_1]: [scout_1] Landed — tilt correction stopped, yaw-hold pinned to current heading.
[INFO] [1786737083.298690842] [attitude_scout_1]: [scout_1] Landed — tilt correction stopped, yaw-hold pinned to current heading.
[INFO] [1786737083.299728141] [attitude_scout_1]: [scout_1] Landed — tilt correction stopped, yaw-hold pinned to current heading.
[INFO] [1786737083.300671642] [attitude_scout_1]: [scout_1] Landed — tilt correction stopped, yaw-hold pinned to current heading.
[INFO] [1786737083.301461350] [attitude_scout_1]: [scout_1] Landed — tilt correction stopped, yaw-hold pinned to current heading.
[INFO] [1786737083.302820134] [attitude_scout_1]: [scout_1] Landed — tilt correction stopped, yaw-hold pinned to current heading.
[INFO] [1786737083.366578976] [attitude_scout_1]: [scout_1] Landed — tilt correction stopped, yaw-hold pinned to current heading.
[INFO] [1786737083.392623414] [attitude_scout_1]: [scout_1] Landed — tilt correction stopped, yaw-hold pinned to current heading.
[INFO] [1786737083.438894350] [attitude_scout_1]: [scout_1] Landed — tilt correction stopped, yaw-hold pinned to current heading.
[INFO] [1786737083.439971459] [attitude_scout_1]: [scout_1] Landed — tilt correction stopped, yaw-hold pinned to current heading.
[INFO] [1786737083.455071874] [attitude_scout_1]: [scout_1] Landed — tilt correction stopped, yaw-hold pinned to current heading.
[INFO] [1786737083.498954199] [attitude_scout_1]: [scout_1] Landed — tilt correction stopped, yaw-hold pinned to current heading.
[INFO] [1786737083.526819080] [attitude_scout_1]: [scout_1] Landed — tilt correction stopped, yaw-hold pinned to current heading.
[INFO] [1786737083.538773653] [attitude_scout_1]: [scout_1] Landed — tilt correction stopped, yaw-hold pinned to current heading.
[INFO] [1786737083.579587942] [attitude_scout_1]: [scout_1] Landed — tilt correction stopped, yaw-hold pinned to current heading.
[INFO] [1786737083.580516148] [attitude_scout_1]: [scout_1] Landed — tilt correction stopped, yaw-hold pinned to current heading.
[INFO] [1786737083.581471382] [attitude_scout_1]: [scout_1] Landed — tilt correction stopped, yaw-hold pinned to current heading.
[INFO] [1786737083.590805120] [attitude_scout_1]: [scout_1] Landed — tilt correction stopped, yaw-hold pinned to current heading.
[INFO] [1786737083.619721407] [attitude_scout_1]: [scout_1] Landed — tilt correction stopped, yaw-hold pinned to current heading.
[INFO] [1786737083.621070553] [attitude_scout_1]: [scout_1] Landed — tilt correction stopped, yaw-hold pinned to current heading.
[INFO] [1786737083.622268979] [attitude_scout_1]: [scout_1] Landed — tilt correction stopped, yaw-hold pinned to current heading.
[INFO] [1786737083.623420540] [attitude_scout_1]: [scout_1] Landed — tilt correction stopped, yaw-hold pinned to current heading.
[INFO] [1786737083.624643410] [attitude_scout_1]: [scout_1] Landed — tilt correction stopped, yaw-hold pinned to current heading.
[INFO] [1786737083.625660944] [attitude_scout_1]: [scout_1] Landed — tilt correction stopped, yaw-hold pinned to current heading.
[INFO] [1786737083.626725622] [attitude_scout_1]: [scout_1] Landed — tilt correction stopped, yaw-hold pinned to current heading.
[INFO] [1786737083.627803360] [attitude_scout_1]: [scout_1] Landed — tilt correction stopped, yaw-hold pinned to current heading.
[INFO] [1786737083.639095757] [attitude_scout_1]: [scout_1] Landed — tilt correction stopped, yaw-hold pinned to current heading.
[INFO] [1786737083.640008737] [attitude_scout_1]: [scout_1] Landed — tilt correction stopped, yaw-hold pinned to current heading.
[INFO] [1786737083.641094367] [attitude_scout_1]: [scout_1] Landed — tilt correction stopped, yaw-hold pinned to current heading.
[INFO] [1786737083.774469175] [attitude_scout_1]: [scout_1] Landed — tilt correction stopped, yaw-hold pinned to current heading.
[INFO] [1786737083.803030244] [attitude_scout_1]: [scout_1] Landed — tilt correction stopped, yaw-hold pinned to current heading.
[INFO] [1786737083.850184267] [attitude_scout_1]: [scout_1] Landed — tilt correction stopped, yaw-hold pinned to current heading.
[INFO] [1786737083.859552577] [attitude_scout_1]: [scout_1] Landed — tilt correction stopped, yaw-hold pinned to current heading.
[INFO] [1786737083.860562358] [attitude_scout_1]: [scout_1] Landed — tilt correction stopped, yaw-hold pinned to current heading.
[INFO] [1786737083.861541060] [attitude_scout_1]: [scout_1] Landed — tilt correction stopped, yaw-hold pinned to current heading.
[INFO] [1786737083.862540434] [attitude_scout_1]: [scout_1] Landed — tilt correction stopped, yaw-hold pinned to current heading.
[INFO] [1786737083.863339781] [attitude_scout_1]: [scout_1] Landed — tilt correction stopped, yaw-hold pinned to current heading.
[INFO] [1786737083.864056852] [attitude_scout_1]: [scout_1] Landed — tilt correction stopped, yaw-hold pinned to current heading.
[INFO] [1786737083.864932187] [attitude_scout_1]: [scout_1] Landed — tilt correction stopped, yaw-hold pinned to current heading.
[INFO] [1786737083.956524970] [attitude_scout_1]: [scout_1] Landed — tilt correction stopped, yaw-hold pinned to current heading.
[INFO] [1786737083.979738277] [attitude_scout_1]: [scout_1] Landed — tilt correction stopped, yaw-hold pinned to current heading.
[INFO] [1786737083.980439215] [attitude_scout_1]: [scout_1] Landed — tilt correction stopped, yaw-hold pinned to current heading.
[INFO] [1786737083.981171373] [attitude_scout_1]: [scout_1] Landed — tilt correction stopped, yaw-hold pinned to current heading.
[INFO] [1786737083.982049571] [attitude_scout_1]: [scout_1] Landed — tilt correction stopped, yaw-hold pinned to current heading.
[INFO] [1786737083.983020381] [attitude_scout_1]: [scout_1] Landed — tilt correction stopped, yaw-hold pinned to current heading.
[INFO] [1786737083.983896344] [attitude_scout_1]: [scout_1] Landed — tilt correction stopped, yaw-hold pinned to current heading.
[INFO] [1786737084.017084542] [attitude_scout_1]: [scout_1] Landed — tilt correction stopped, yaw-hold pinned to current heading.
[INFO] [1786737084.026081290] [attitude_scout_1]: [scout_1] Landed — tilt correction stopped, yaw-hold pinned to current heading.
[INFO] [1786737084.027243537] [attitude_scout_1]: [scout_1] Landed — tilt correction stopped, yaw-hold pinned to current heading.
[INFO] [1786737084.028249547] [attitude_scout_1]: [scout_1] Landed — tilt correction stopped, yaw-hold pinned to current heading.
[INFO] [1786737084.029181594] [attitude_scout_1]: [scout_1] Landed — tilt correction stopped, yaw-hold pinned to current heading.
[INFO] [1786737084.030265338] [attitude_scout_1]: [scout_1] Landed — tilt correction stopped, yaw-hold pinned to current heading.
[INFO] [1786737084.080413574] [attitude_scout_1]: [scout_1] Landed — tilt correction stopped, yaw-hold pinned to current heading.
[INFO] [1786737084.088427360] [attitude_scout_1]: [scout_1] Landed — tilt correction stopped, yaw-hold pinned to current heading.
[INFO] [1786737084.089302764] [attitude_scout_1]: [scout_1] Landed — tilt correction stopped, yaw-hold pinned to current heading.
[INFO] [1786737084.090058040] [attitude_scout_1]: [scout_1] Landed — tilt correction stopped, yaw-hold pinned to current heading.
[INFO] [1786737084.144105647] [attitude_scout_1]: [scout_1] Landed — tilt correction stopped, yaw-hold pinned to current heading.
[INFO] [1786737084.179158986] [attitude_scout_1]: [scout_1] Landed — tilt correction stopped, yaw-hold pinned to current heading.
[INFO] [1786737084.180155916] [attitude_scout_1]: [scout_1] Landed — tilt correction stopped, yaw-hold pinned to current heading.
[INFO] [1786737084.181082445] [attitude_scout_1]: [scout_1] Landed — tilt correction stopped, yaw-hold pinned to current heading.
[INFO] [1786737084.225058778] [attitude_scout_1]: [scout_1] Landed — tilt correction stopped, yaw-hold pinned to current heading.
[INFO] [1786737084.226234016] [attitude_scout_1]: [scout_1] Landed — tilt correction stopped, yaw-hold pinned to current heading.
[INFO] [1786737084.227302884] [attitude_scout_1]: [scout_1] Landed — tilt correction stopped, yaw-hold pinned to current heading.
[INFO] [1786737084.236390427] [attitude_scout_1]: [scout_1] Landed — tilt correction stopped, yaw-hold pinned to current heading.
[INFO] [1786737084.237439809] [attitude_scout_1]: [scout_1] Landed — tilt correction stopped, yaw-hold pinned to current heading.
[INFO] [1786737084.238242019] [attitude_scout_1]: [scout_1] Landed — tilt correction stopped, yaw-hold pinned to current heading.
[INFO] [1786737084.239101011] [attitude_scout_1]: [scout_1] Landed — tilt correction stopped, yaw-hold pinned to current heading.
[INFO] [1786737084.240057502] [attitude_scout_1]: [scout_1] Landed — tilt correction stopped, yaw-hold pinned to current heading.
[INFO] [1786737084.241045563] [attitude_scout_1]: [scout_1] Landed — tilt correction stopped, yaw-hold pinned to current heading.
[INFO] [1786737084.241954142] [attitude_scout_1]: [scout_1] Landed — tilt correction stopped, yaw-hold pinned to current heading.
[INFO] [1786737084.242938781] [attitude_scout_1]: [scout_1] Landed — tilt correction stopped, yaw-hold pinned to current heading.
[INFO] [1786737084.299632715] [attitude_scout_1]: [scout_1] Landed — tilt correction stopped, yaw-hold pinned to current heading.
[INFO] [1786737084.300873256] [attitude_scout_1]: [scout_1] Landed — tilt correction stopped, yaw-hold pinned to current heading.
[INFO] [1786737084.389587833] [attitude_scout_1]: [scout_1] Landed — tilt correction stopped, yaw-hold pinned to current heading.
[INFO] [1786737084.426030756] [attitude_scout_1]: [scout_1] Landed — tilt correction stopped, yaw-hold pinned to current heading.
[INFO] [1786737084.427267595] [attitude_scout_1]: [scout_1] Landed — tilt correction stopped, yaw-hold pinned to current heading.
[INFO] [1786737084.451636654] [attitude_scout_1]: [scout_1] Landed — tilt correction stopped, yaw-hold pinned to current heading.
[INFO] [1786737084.452661661] [attitude_scout_1]: [scout_1] Landed — tilt correction stopped, yaw-hold pinned to current heading.
[INFO] [1786737084.479500697] [attitude_scout_1]: [scout_1] Landed — tilt correction stopped, yaw-hold pinned to current heading.
[INFO] [1786737084.507445267] [attitude_scout_1]: [scout_1] Landed — tilt correction stopped, yaw-hold pinned to current heading.
[INFO] [1786737084.508574828] [attitude_scout_1]: [scout_1] Landed — tilt correction stopped, yaw-hold pinned to current heading.
[INFO] [1786737084.509759006] [attitude_scout_1]: [scout_1] Landed — tilt correction stopped, yaw-hold pinned to current heading.
[INFO] [1786737084.510962949] [attitude_scout_1]: [scout_1] Landed — tilt correction stopped, yaw-hold pinned to current heading.
[INFO] [1786737084.512245395] [attitude_scout_1]: [scout_1] Landed — tilt correction stopped, yaw-hold pinned to current heading.
[INFO] [1786737084.513516457] [attitude_scout_1]: [scout_1] Landed — tilt correction stopped, yaw-hold pinned to current heading.
[INFO] [1786737084.514735207] [attitude_scout_1]: [scout_1] Landed — tilt correction stopped, yaw-hold pinned to current heading.
[INFO] [1786737084.518935528] [attitude_scout_1]: [scout_1] Landed — tilt correction stopped, yaw-hold pinned to current heading.
[INFO] [1786737084.520118449] [attitude_scout_1]: [scout_1] Landed — tilt correction stopped, yaw-hold pinned to current heading.
[INFO] [1786737084.550941364] [attitude_scout_1]: [scout_1] Landed — tilt correction stopped, yaw-hold pinned to current heading.
[INFO] [1786737084.605852292] [attitude_scout_1]: [scout_1] Landed — tilt correction stopped, yaw-hold pinned to current heading.
[INFO] [1786737084.655056888] [attitude_scout_1]: [scout_1] Landed — tilt correction stopped, yaw-hold pinned to current heading.
[INFO] [1786737084.669707238] [attitude_scout_1]: [scout_1] Landed — tilt correction stopped, yaw-hold pinned to current heading.
[INFO] [1786737084.670837288] [attitude_scout_1]: [scout_1] Landed — tilt correction stopped, yaw-hold pinned to current heading.
[INFO] [1786737084.692527961] [attitude_scout_1]: [scout_1] Landed — tilt correction stopped, yaw-hold pinned to current heading.
[INFO] [1786737084.693443036] [attitude_scout_1]: [scout_1] Landed — tilt correction stopped, yaw-hold pinned to current heading.
[INFO] [1786737084.694400924] [attitude_scout_1]: [scout_1] Landed — tilt correction stopped, yaw-hold pinned to current heading.
[INFO] [1786737084.695264106] [attitude_scout_1]: [scout_1] Landed — tilt correction stopped, yaw-hold pinned to current heading.
[INFO] [1786737084.696213684] [attitude_scout_1]: [scout_1] Landed — tilt correction stopped, yaw-hold pinned to current heading.
[INFO] [1786737084.697277802] [attitude_scout_1]: [scout_1] Landed — tilt correction stopped, yaw-hold pinned to current heading.
[INFO] [1786737084.727785868] [attitude_scout_1]: [scout_1] Landed — tilt correction stopped, yaw-hold pinned to current heading.
[INFO] [1786737084.735344491] [attitude_scout_1]: [scout_1] Landed — tilt correction stopped, yaw-hold pinned to current heading.
[INFO] [1786737084.736511208] [attitude_scout_1]: [scout_1] Landed — tilt correction stopped, yaw-hold pinned to current heading.
[INFO] [1786737084.737560590] [attitude_scout_1]: [scout_1] Landed — tilt correction stopped, yaw-hold pinned to current heading.
[INFO] [1786737084.810613220] [attitude_scout_1]: [scout_1] Landed — tilt correction stopped, yaw-hold pinned to current heading.
[INFO] [1786737084.811517121] [attitude_scout_1]: [scout_1] Landed — tilt correction stopped, yaw-hold pinned to current heading.
[INFO] [1786737084.812302009] [attitude_scout_1]: [scout_1] Landed — tilt correction stopped, yaw-hold pinned to current heading.
[INFO] [1786737084.813339029] [attitude_scout_1]: [scout_1] Landed — tilt correction stopped, yaw-hold pinned to current heading.
[INFO] [1786737084.814201164] [attitude_scout_1]: [scout_1] Landed — tilt correction stopped, yaw-hold pinned to current heading.
[INFO] [1786737084.815056244] [attitude_scout_1]: [scout_1] Landed — tilt correction stopped, yaw-hold pinned to current heading.
[INFO] [1786737084.816015320] [attitude_scout_1]: [scout_1] Landed — tilt correction stopped, yaw-hold pinned to current heading.
[INFO] [1786737084.874262829] [attitude_scout_1]: [scout_1] Landed — tilt correction stopped, yaw-hold pinned to current heading.
[INFO] [1786737084.895613439] [attitude_scout_1]: [scout_1] Landed — tilt correction stopped, yaw-hold pinned to current heading.
[INFO] [1786737084.896637469] [attitude_scout_1]: [scout_1] Landed — tilt correction stopped, yaw-hold pinned to current heading.
[INFO] [1786737084.897837990] [attitude_scout_1]: [scout_1] Landed — tilt correction stopped, yaw-hold pinned to current heading.
[INFO] [1786737084.898997303] [attitude_scout_1]: [scout_1] Landed — tilt correction stopped, yaw-hold pinned to current heading.
[INFO] [1786737084.900230022] [attitude_scout_1]: [scout_1] Landed — tilt correction stopped, yaw-hold pinned to current heading.
[INFO] [1786737084.901391990] [attitude_scout_1]: [scout_1] Landed — tilt correction stopped, yaw-hold pinned to current heading.
[INFO] [1786737084.947565076] [attitude_scout_1]: [scout_1] Landed — tilt correction stopped, yaw-hold pinned to current heading.
[INFO] [1786737084.948706300] [attitude_scout_1]: [scout_1] Landed — tilt correction stopped, yaw-hold pinned to current heading.
[INFO] [1786737084.950283202] [attitude_scout_1]: [scout_1] Landed — tilt correction stopped, yaw-hold pinned to current heading.
[INFO] [1786737084.951248354] [attitude_scout_1]: [scout_1] Landed — tilt correction stopped, yaw-hold pinned to current heading.
[INFO] [1786737085.032825248] [attitude_scout_1]: [scout_1] Landed — tilt correction stopped, yaw-hold pinned to current heading.
[INFO] [1786737085.033977368] [attitude_scout_1]: [scout_1] Landed — tilt correction stopped, yaw-hold pinned to current heading.
[INFO] [1786737085.035220144] [attitude_scout_1]: [scout_1] Landed — tilt correction stopped, yaw-hold pinned to current heading.
[INFO] [1786737085.072434616] [attitude_scout_1]: [scout_1] Landed — tilt correction stopped, yaw-hold pinned to current heading.
[INFO] [1786737085.081004627] [attitude_scout_1]: [scout_1] Landed — tilt correction stopped, yaw-hold pinned to current heading.
[INFO] [1786737085.081932134] [attitude_scout_1]: [scout_1] Landed — tilt correction stopped, yaw-hold pinned to current heading.
[INFO] [1786737085.082983960] [attitude_scout_1]: [scout_1] Landed — tilt correction stopped, yaw-hold pinned to current heading.
[INFO] [1786737085.083890165] [attitude_scout_1]: [scout_1] Landed — tilt correction stopped, yaw-hold pinned to current heading.
[INFO] [1786737085.084621415] [attitude_scout_1]: [scout_1] Landed — tilt correction stopped, yaw-hold pinned to current heading.
[INFO] [1786737085.085357344] [attitude_scout_1]: [scout_1] Landed — tilt correction stopped, yaw-hold pinned to current heading.
[INFO] [1786737085.086310903] [attitude_scout_1]: [scout_1] Landed — tilt correction stopped, yaw-hold pinned to current heading.
[INFO] [1786737085.150454506] [attitude_scout_1]: [scout_1] Landed — tilt correction stopped, yaw-hold pinned to current heading.
[INFO] [1786737085.158704220] [attitude_scout_1]: [scout_1] Landed — tilt correction stopped, yaw-hold pinned to current heading.
[INFO] [1786737085.192737301] [attitude_scout_1]: [scout_1] Landed — tilt correction stopped, yaw-hold pinned to current heading.
[INFO] [1786737085.228181618] [attitude_scout_1]: [scout_1] Landed — tilt correction stopped, yaw-hold pinned to current heading.
[INFO] [1786737085.229307128] [attitude_scout_1]: [scout_1] Landed — tilt correction stopped, yaw-hold pinned to current heading.
[INFO] [1786737085.230470982] [attitude_scout_1]: [scout_1] Landed — tilt correction stopped, yaw-hold pinned to current heading.
[INFO] [1786737085.286150595] [attitude_scout_1]: [scout_1] Landed — tilt correction stopped, yaw-hold pinned to current heading.
[INFO] [1786737085.286904474] [attitude_scout_1]: [scout_1] Landed — tilt correction stopped, yaw-hold pinned to current heading.
[INFO] [1786737085.309434862] [attitude_scout_1]: [scout_1] Landed — tilt correction stopped, yaw-hold pinned to current heading.
[INFO] [1786737085.315547678] [attitude_scout_1]: [scout_1] Landed — tilt correction stopped, yaw-hold pinned to current heading.
[INFO] [1786737085.316605650] [attitude_scout_1]: [scout_1] Landed — tilt correction stopped, yaw-hold pinned to current heading.
[INFO] [1786737085.345447137] [attitude_scout_1]: [scout_1] Landed — tilt correction stopped, yaw-hold pinned to current heading.
[INFO] [1786737085.346704719] [attitude_scout_1]: [scout_1] Landed — tilt correction stopped, yaw-hold pinned to current heading.
[INFO] [1786737085.347860122] [attitude_scout_1]: [scout_1] Landed — tilt correction stopped, yaw-hold pinned to current heading.
[INFO] [1786737085.433981381] [attitude_scout_1]: [scout_1] Landed — tilt correction stopped, yaw-hold pinned to current heading.
[INFO] [1786737085.434687278] [attitude_scout_1]: [scout_1] Landed — tilt correction stopped, yaw-hold pinned to current heading.
[INFO] [1786737085.435417829] [attitude_scout_1]: [scout_1] Landed — tilt correction stopped, yaw-hold pinned to current heading.
[INFO] [1786737085.436128755] [attitude_scout_1]: [scout_1] Landed — tilt correction stopped, yaw-hold pinned to current heading.
[INFO] [1786737085.484528906] [attitude_scout_1]: [scout_1] Landed — tilt correction stopped, yaw-hold pinned to current heading.
[INFO] [1786737085.485574656] [attitude_scout_1]: [scout_1] Landed — tilt correction stopped, yaw-hold pinned to current heading.
[INFO] [1786737085.486929598] [attitude_scout_1]: [scout_1] Landed — tilt correction stopped, yaw-hold pinned to current heading.
[INFO] [1786737085.488349424] [attitude_scout_1]: [scout_1] Landed — tilt correction stopped, yaw-hold pinned to current heading.
[INFO] [1786737085.489536256] [attitude_scout_1]: [scout_1] Landed — tilt correction stopped, yaw-hold pinned to current heading.
[INFO] [1786737085.490775400] [attitude_scout_1]: [scout_1] Landed — tilt correction stopped, yaw-hold pinned to current heading.
[INFO] [1786737085.491912155] [attitude_scout_1]: [scout_1] Landed — tilt correction stopped, yaw-hold pinned to current heading.
[INFO] [1786737085.519402191] [attitude_scout_1]: [scout_1] Landed — tilt correction stopped, yaw-hold pinned to current heading.
[INFO] [1786737085.520566743] [attitude_scout_1]: [scout_1] Landed — tilt correction stopped, yaw-hold pinned to current heading.
[INFO] [1786737085.521590772] [attitude_scout_1]: [scout_1] Landed — tilt correction stopped, yaw-hold pinned to current heading.
[INFO] [1786737085.522611030] [attitude_scout_1]: [scout_1] Landed — tilt correction stopped, yaw-hold pinned to current heading.
[INFO] [1786737085.595344968] [attitude_scout_1]: [scout_1] Landed — tilt correction stopped, yaw-hold pinned to current heading.
[INFO] [1786737085.631190879] [attitude_scout_1]: [scout_1] Landed — tilt correction stopped, yaw-hold pinned to current heading.
[INFO] [1786737085.661657877] [attitude_scout_1]: [scout_1] Landed — tilt correction stopped, yaw-hold pinned to current heading.
[INFO] [1786737085.707591543] [attitude_scout_1]: [scout_1] Landed — tilt correction stopped, yaw-hold pinned to current heading.
[INFO] [1786737085.708553063] [attitude_scout_1]: [scout_1] Landed — tilt correction stopped, yaw-hold pinned to current heading.
[INFO] [1786737085.709565080] [attitude_scout_1]: [scout_1] Landed — tilt correction stopped, yaw-hold pinned to current heading.
[INFO] [1786737085.710621586] [attitude_scout_1]: [scout_1] Landed — tilt correction stopped, yaw-hold pinned to current heading.
[INFO] [1786737085.711623754] [attitude_scout_1]: [scout_1] Landed — tilt correction stopped, yaw-hold pinned to current heading.
[INFO] [1786737085.712772801] [attitude_scout_1]: [scout_1] Landed — tilt correction stopped, yaw-hold pinned to current heading.
[INFO] [1786737085.736332736] [attitude_scout_1]: [scout_1] Landed — tilt correction stopped, yaw-hold pinned to current heading.
[INFO] [1786737085.737696828] [attitude_scout_1]: [scout_1] Landed — tilt correction stopped, yaw-hold pinned to current heading.
[INFO] [1786737085.831426159] [attitude_scout_1]: [scout_1] Landed — tilt correction stopped, yaw-hold pinned to current heading.
[INFO] [1786737085.832633035] [attitude_scout_1]: [scout_1] Landed — tilt correction stopped, yaw-hold pinned to current heading.
[INFO] [1786737085.833766787] [attitude_scout_1]: [scout_1] Landed — tilt correction stopped, yaw-hold pinned to current heading.
[INFO] [1786737085.834818893] [attitude_scout_1]: [scout_1] Landed — tilt correction stopped, yaw-hold pinned to current heading.
[INFO] [1786737085.835973737] [attitude_scout_1]: [scout_1] Landed — tilt correction stopped, yaw-hold pinned to current heading.
[INFO] [1786737085.837102809] [attitude_scout_1]: [scout_1] Landed — tilt correction stopped, yaw-hold pinned to current heading.
[INFO] [1786737085.838328193] [attitude_scout_1]: [scout_1] Landed — tilt correction stopped, yaw-hold pinned to current heading.
[INFO] [1786737085.839277352] [attitude_scout_1]: [scout_1] Landed — tilt correction stopped, yaw-hold pinned to current heading.
[INFO] [1786737085.875442791] [attitude_scout_1]: [scout_1] Landed — tilt correction stopped, yaw-hold pinned to current heading.
[INFO] [1786737085.919992390] [attitude_scout_1]: [scout_1] Landed — tilt correction stopped, yaw-hold pinned to current heading.
[INFO] [1786737085.920917802] [attitude_scout_1]: [scout_1] Landed — tilt correction stopped, yaw-hold pinned to current heading.
[INFO] [1786737085.922225601] [attitude_scout_1]: [scout_1] Landed — tilt correction stopped, yaw-hold pinned to current heading.
[INFO] [1786737085.923280151] [attitude_scout_1]: [scout_1] Landed — tilt correction stopped, yaw-hold pinned to current heading.
[INFO] [1786737085.924453503] [attitude_scout_1]: [scout_1] Landed — tilt correction stopped, yaw-hold pinned to current heading.
[INFO] [1786737085.925388414] [attitude_scout_1]: [scout_1] Landed — tilt correction stopped, yaw-hold pinned to current heading.
[INFO] [1786737085.962814997] [attitude_scout_1]: [scout_1] Landed — tilt correction stopped, yaw-hold pinned to current heading.
[INFO] [1786737085.992245814] [attitude_scout_1]: [scout_1] Landed — tilt correction stopped, yaw-hold pinned to current heading.
[INFO] [1786737086.012293514] [attitude_scout_1]: [scout_1] Landed — tilt correction stopped, yaw-hold pinned to current heading.
[INFO] [1786737086.027624967] [attitude_scout_1]: [scout_1] Landed — tilt correction stopped, yaw-hold pinned to current heading.
[INFO] [1786737086.051837160] [attitude_scout_1]: [scout_1] Landed — tilt correction stopped, yaw-hold pinned to current heading.
[INFO] [1786737086.052682672] [attitude_scout_1]: [scout_1] Landed — tilt correction stopped, yaw-hold pinned to current heading.
[INFO] [1786737086.053484393] [attitude_scout_1]: [scout_1] Landed — tilt correction stopped, yaw-hold pinned to current heading.
[INFO] [1786737086.083827211] [attitude_scout_1]: [scout_1] Landed — tilt correction stopped, yaw-hold pinned to current heading.
[INFO] [1786737086.084872193] [attitude_scout_1]: [scout_1] Landed — tilt correction stopped, yaw-hold pinned to current heading.
[INFO] [1786737086.085924788] [attitude_scout_1]: [scout_1] Landed — tilt correction stopped, yaw-hold pinned to current heading.
[INFO] [1786737086.086981294] [attitude_scout_1]: [scout_1] Landed — tilt correction stopped, yaw-hold pinned to current heading.
[INFO] [1786737086.088097515] [attitude_scout_1]: [scout_1] Landed — tilt correction stopped, yaw-hold pinned to current heading.
[INFO] [1786737086.089591025] [attitude_scout_1]: [scout_1] Landed — tilt correction stopped, yaw-hold pinned to current heading.
[INFO] [1786737086.090806841] [attitude_scout_1]: [scout_1] Landed — tilt correction stopped, yaw-hold pinned to current heading.
[INFO] [1786737086.091983615] [attitude_scout_1]: [scout_1] Landed — tilt correction stopped, yaw-hold pinned to current heading.
[INFO] [1786737086.093203483] [attitude_scout_1]: [scout_1] Landed — tilt correction stopped, yaw-hold pinned to current heading.
[INFO] [1786737086.114012046] [attitude_scout_1]: [scout_1] Landed — tilt correction stopped, yaw-hold pinned to current heading.
[INFO] [1786737086.129197249] [attitude_scout_1]: [scout_1] Landed — tilt correction stopped, yaw-hold pinned to current heading.
[INFO] [1786737086.130105410] [attitude_scout_1]: [scout_1] Landed — tilt correction stopped, yaw-hold pinned to current heading.
[INFO] [1786737086.214792595] [attitude_scout_1]: [scout_1] Landed — tilt correction stopped, yaw-hold pinned to current heading.
[INFO] [1786737086.247947198] [attitude_scout_1]: [scout_1] Landed — tilt correction stopped, yaw-hold pinned to current heading.
[INFO] [1786737086.248982332] [attitude_scout_1]: [scout_1] Landed — tilt correction stopped, yaw-hold pinned to current heading.
[INFO] [1786737086.250033600] [attitude_scout_1]: [scout_1] Landed — tilt correction stopped, yaw-hold pinned to current heading.
[INFO] [1786737086.250886236] [attitude_scout_1]: [scout_1] Landed — tilt correction stopped, yaw-hold pinned to current heading.
[INFO] [1786737086.251650312] [attitude_scout_1]: [scout_1] Landed — tilt correction stopped, yaw-hold pinned to current heading.
[INFO] [1786737086.252443232] [attitude_scout_1]: [scout_1] Landed — tilt correction stopped, yaw-hold pinned to current heading.
[INFO] [1786737086.253240763] [attitude_scout_1]: [scout_1] Landed — tilt correction stopped, yaw-hold pinned to current heading.
[INFO] [1786737086.284235630] [attitude_scout_1]: [scout_1] Landed — tilt correction stopped, yaw-hold pinned to current heading.
[INFO] [1786737086.285397179] [attitude_scout_1]: [scout_1] Landed — tilt correction stopped, yaw-hold pinned to current heading.
[INFO] [1786737086.286678856] [attitude_scout_1]: [scout_1] Landed — tilt correction stopped, yaw-hold pinned to current heading.
[INFO] [1786737086.371146736] [attitude_scout_1]: [scout_1] Landed — tilt correction stopped, yaw-hold pinned to current heading.
[INFO] [1786737086.372415703] [attitude_scout_1]: [scout_1] Landed — tilt correction stopped, yaw-hold pinned to current heading.
[INFO] [1786737086.426349256] [attitude_scout_1]: [scout_1] Landed — tilt correction stopped, yaw-hold pinned to current heading.
[INFO] [1786737086.465729611] [attitude_scout_1]: [scout_1] Landed — tilt correction stopped, yaw-hold pinned to current heading.
[INFO] [1786737086.466941027] [attitude_scout_1]: [scout_1] Landed — tilt correction stopped, yaw-hold pinned to current heading.
[INFO] [1786737086.467878801] [attitude_scout_1]: [scout_1] Landed — tilt correction stopped, yaw-hold pinned to current heading.
[INFO] [1786737086.468797577] [attitude_scout_1]: [scout_1] Landed — tilt correction stopped, yaw-hold pinned to current heading.
[INFO] [1786737086.548994036] [attitude_scout_1]: [scout_1] Landed — tilt correction stopped, yaw-hold pinned to current heading.
[INFO] [1786737086.550208526] [attitude_scout_1]: [scout_1] Landed — tilt correction stopped, yaw-hold pinned to current heading.
[INFO] [1786737086.551028964] [attitude_scout_1]: [scout_1] Landed — tilt correction stopped, yaw-hold pinned to current heading.
[INFO] [1786737086.558594292] [attitude_scout_1]: [scout_1] Landed — tilt correction stopped, yaw-hold pinned to current heading.
[INFO] [1786737086.559458871] [attitude_scout_1]: [scout_1] Landed — tilt correction stopped, yaw-hold pinned to current heading.
[INFO] [1786737086.654089518] [attitude_scout_1]: [scout_1] Landed — tilt correction stopped, yaw-hold pinned to current heading.
[INFO] [1786737086.654995444] [attitude_scout_1]: [scout_1] Landed — tilt correction stopped, yaw-hold pinned to current heading.
[INFO] [1786737086.662140739] [attitude_scout_1]: [scout_1] Landed — tilt correction stopped, yaw-hold pinned to current heading.
[INFO] [1786737086.663210934] [attitude_scout_1]: [scout_1] Landed — tilt correction stopped, yaw-hold pinned to current heading.
[INFO] [1786737086.664397068] [attitude_scout_1]: [scout_1] Landed — tilt correction stopped, yaw-hold pinned to current heading.
[INFO] [1786737086.665481650] [attitude_scout_1]: [scout_1] Landed — tilt correction stopped, yaw-hold pinned to current heading.
[INFO] [1786737086.700781463] [attitude_scout_1]: [scout_1] Landed — tilt correction stopped, yaw-hold pinned to current heading.
[INFO] [1786737086.701897684] [attitude_scout_1]: [scout_1] Landed — tilt correction stopped, yaw-hold pinned to current heading.
[INFO] [1786737086.703095411] [attitude_scout_1]: [scout_1] Landed — tilt correction stopped, yaw-hold pinned to current heading.
[INFO] [1786737086.704262128] [attitude_scout_1]: [scout_1] Landed — tilt correction stopped, yaw-hold pinned to current heading.
[INFO] [1786737086.705458808] [attitude_scout_1]: [scout_1] Landed — tilt correction stopped, yaw-hold pinned to current heading.
[INFO] [1786737086.706429058] [attitude_scout_1]: [scout_1] Landed — tilt correction stopped, yaw-hold pinned to current heading.
[INFO] [1786737086.707425081] [attitude_scout_1]: [scout_1] Landed — tilt correction stopped, yaw-hold pinned to current heading.
[INFO] [1786737086.708257742] [attitude_scout_1]: [scout_1] Landed — tilt correction stopped, yaw-hold pinned to current heading.
[INFO] [1786737086.750458961] [attitude_scout_1]: [scout_1] Landed — tilt correction stopped, yaw-hold pinned to current heading.
[INFO] [1786737086.751708930] [attitude_scout_1]: [scout_1] Landed — tilt correction stopped, yaw-hold pinned to current heading.
[INFO] [1786737086.753012468] [attitude_scout_1]: [scout_1] Landed — tilt correction stopped, yaw-hold pinned to current heading.
[INFO] [1786737086.754258596] [attitude_scout_1]: [scout_1] Landed — tilt correction stopped, yaw-hold pinned to current heading.
[INFO] [1786737086.755294708] [attitude_scout_1]: [scout_1] Landed — tilt correction stopped, yaw-hold pinned to current heading.
[INFO] [1786737086.811171138] [attitude_scout_1]: [scout_1] Landed — tilt correction stopped, yaw-hold pinned to current heading.
[INFO] [1786737086.859629606] [attitude_scout_1]: [scout_1] Landed — tilt correction stopped, yaw-hold pinned to current heading.
[INFO] [1786737086.861062702] [attitude_scout_1]: [scout_1] Landed — tilt correction stopped, yaw-hold pinned to current heading.
[INFO] [1786737086.939572048] [attitude_scout_1]: [scout_1] Landed — tilt correction stopped, yaw-hold pinned to current heading.
[INFO] [1786737086.967064808] [attitude_scout_1]: [scout_1] Landed — tilt correction stopped, yaw-hold pinned to current heading.
[INFO] [1786737086.967954251] [attitude_scout_1]: [scout_1] Landed — tilt correction stopped, yaw-hold pinned to current heading.
[INFO] [1786737086.969113355] [attitude_scout_1]: [scout_1] Landed — tilt correction stopped, yaw-hold pinned to current heading.
[INFO] [1786737086.970130750] [attitude_scout_1]: [scout_1] Landed — tilt correction stopped, yaw-hold pinned to current heading.
[INFO] [1786737086.971152195] [attitude_scout_1]: [scout_1] Landed — tilt correction stopped, yaw-hold pinned to current heading.
[INFO] [1786737086.972416970] [attitude_scout_1]: [scout_1] Landed — tilt correction stopped, yaw-hold pinned to current heading.
[INFO] [1786737086.973617421] [attitude_scout_1]: [scout_1] Landed — tilt correction stopped, yaw-hold pinned to current heading.
[INFO] [1786737087.042263345] [attitude_scout_1]: [scout_1] Landed — tilt correction stopped, yaw-hold pinned to current heading.
[INFO] [1786737087.050791590] [attitude_scout_1]: [scout_1] Landed — tilt correction stopped, yaw-hold pinned to current heading.
[INFO] [1786737087.058701171] [attitude_scout_1]: [scout_1] Landed — tilt correction stopped, yaw-hold pinned to current heading.
[INFO] [1786737087.059885070] [attitude_scout_1]: [scout_1] Landed — tilt correction stopped, yaw-hold pinned to current heading.
[INFO] [1786737087.061004085] [attitude_scout_1]: [scout_1] Landed — tilt correction stopped, yaw-hold pinned to current heading.
[INFO] [1786737087.062177926] [attitude_scout_1]: [scout_1] Landed — tilt correction stopped, yaw-hold pinned to current heading.
[INFO] [1786737087.063467635] [attitude_scout_1]: [scout_1] Landed — tilt correction stopped, yaw-hold pinned to current heading.
[INFO] [1786737087.064688480] [attitude_scout_1]: [scout_1] Landed — tilt correction stopped, yaw-hold pinned to current heading.
[INFO] [1786737087.150806456] [attitude_scout_1]: [scout_1] Landed — tilt correction stopped, yaw-hold pinned to current heading.
[INFO] [1786737087.151873997] [attitude_scout_1]: [scout_1] Landed — tilt correction stopped, yaw-hold pinned to current heading.
[INFO] [1786737087.153086531] [attitude_scout_1]: [scout_1] Landed — tilt correction stopped, yaw-hold pinned to current heading.
[INFO] [1786737087.174660288] [attitude_scout_1]: [scout_1] Landed — tilt correction stopped, yaw-hold pinned to current heading.
[INFO] [1786737087.183300211] [attitude_scout_1]: [scout_1] Landed — tilt correction stopped, yaw-hold pinned to current heading.
[INFO] [1786737087.184279332] [attitude_scout_1]: [scout_1] Landed — tilt correction stopped, yaw-hold pinned to current heading.
[INFO] [1786737087.185281290] [attitude_scout_1]: [scout_1] Landed — tilt correction stopped, yaw-hold pinned to current heading.
[INFO] [1786737087.186320615] [attitude_scout_1]: [scout_1] Landed — tilt correction stopped, yaw-hold pinned to current heading.
[INFO] [1786737087.187505631] [attitude_scout_1]: [scout_1] Landed — tilt correction stopped, yaw-hold pinned to current heading.
[INFO] [1786737087.188858339] [attitude_scout_1]: [scout_1] Landed — tilt correction stopped, yaw-hold pinned to current heading.
[INFO] [1786737087.189892076] [attitude_scout_1]: [scout_1] Landed — tilt correction stopped, yaw-hold pinned to current heading.
[INFO] [1786737087.242282531] [attitude_scout_1]: [scout_1] Landed — tilt correction stopped, yaw-hold pinned to current heading.
[INFO] [1786737087.296540642] [attitude_scout_1]: [scout_1] Landed — tilt correction stopped, yaw-hold pinned to current heading.
[INFO] [1786737087.297570049] [attitude_scout_1]: [scout_1] Landed — tilt correction stopped, yaw-hold pinned to current heading.
[INFO] [1786737087.320357737] [attitude_scout_1]: [scout_1] Landed — tilt correction stopped, yaw-hold pinned to current heading.
[INFO] [1786737087.321581236] [attitude_scout_1]: [scout_1] Landed — tilt correction stopped, yaw-hold pinned to current heading.
[INFO] [1786737087.322580471] [attitude_scout_1]: [scout_1] Landed — tilt correction stopped, yaw-hold pinned to current heading.
[INFO] [1786737087.323573839] [attitude_scout_1]: [scout_1] Landed — tilt correction stopped, yaw-hold pinned to current heading.
[INFO] [1786737087.324788259] [attitude_scout_1]: [scout_1] Landed — tilt correction stopped, yaw-hold pinned to current heading.
[INFO] [1786737087.325966360] [attitude_scout_1]: [scout_1] Landed — tilt correction stopped, yaw-hold pinned to current heading.
[INFO] [1786737087.327026638] [attitude_scout_1]: [scout_1] Landed — tilt correction stopped, yaw-hold pinned to current heading.
[INFO] [1786737087.328173031] [attitude_scout_1]: [scout_1] Landed — tilt correction stopped, yaw-hold pinned to current heading.
[INFO] [1786737087.329592927] [attitude_scout_1]: [scout_1] Landed — tilt correction stopped, yaw-hold pinned to current heading.
[INFO] [1786737087.330609413] [attitude_scout_1]: [scout_1] Landed — tilt correction stopped, yaw-hold pinned to current heading.
[INFO] [1786737087.331471198] [attitude_scout_1]: [scout_1] Landed — tilt correction stopped, yaw-hold pinned to current heading.
[INFO] [1786737087.469935978] [attitude_scout_1]: [scout_1] Landed — tilt correction stopped, yaw-hold pinned to current heading.
[INFO] [1786737087.471082651] [attitude_scout_1]: [scout_1] Landed — tilt correction stopped, yaw-hold pinned to current heading.
[INFO] [1786737087.472325496] [attitude_scout_1]: [scout_1] Landed — tilt correction stopped, yaw-hold pinned to current heading.
[INFO] [1786737087.473530626] [attitude_scout_1]: [scout_1] Landed — tilt correction stopped, yaw-hold pinned to current heading.
[INFO] [1786737087.474672689] [attitude_scout_1]: [scout_1] Landed — tilt correction stopped, yaw-hold pinned to current heading.
[INFO] [1786737087.475862175] [attitude_scout_1]: [scout_1] Landed — tilt correction stopped, yaw-hold pinned to current heading.
[INFO] [1786737087.477053197] [attitude_scout_1]: [scout_1] Landed — tilt correction stopped, yaw-hold pinned to current heading.
[INFO] [1786737087.478180873] [attitude_scout_1]: [scout_1] Landed — tilt correction stopped, yaw-hold pinned to current heading.
[INFO] [1786737087.564057823] [attitude_scout_1]: [scout_1] Landed — tilt correction stopped, yaw-hold pinned to current heading.
[INFO] [1786737087.584114533] [attitude_scout_1]: [scout_1] Landed — tilt correction stopped, yaw-hold pinned to current heading.
[INFO] [1786737087.600451716] [attitude_scout_1]: [scout_1] Landed — tilt correction stopped, yaw-hold pinned to current heading.
[INFO] [1786737087.601487199] [attitude_scout_1]: [scout_1] Landed — tilt correction stopped, yaw-hold pinned to current heading.
[INFO] [1786737087.666887826] [attitude_scout_1]: [scout_1] Landed — tilt correction stopped, yaw-hold pinned to current heading.
[INFO] [1786737087.693262968] [attitude_scout_1]: [scout_1] Landed — tilt correction stopped, yaw-hold pinned to current heading.
[INFO] [1786737087.702231081] [attitude_scout_1]: [scout_1] Landed — tilt correction stopped, yaw-hold pinned to current heading.
[INFO] [1786737087.703385785] [attitude_scout_1]: [scout_1] Landed — tilt correction stopped, yaw-hold pinned to current heading.
[INFO] [1786737087.704476583] [attitude_scout_1]: [scout_1] Landed — tilt correction stopped, yaw-hold pinned to current heading.
[INFO] [1786737087.705610475] [attitude_scout_1]: [scout_1] Landed — tilt correction stopped, yaw-hold pinned to current heading.
[INFO] [1786737087.706996427] [attitude_scout_1]: [scout_1] Landed — tilt correction stopped, yaw-hold pinned to current heading.
[INFO] [1786737087.708332023] [attitude_scout_1]: [scout_1] Landed — tilt correction stopped, yaw-hold pinned to current heading.
[INFO] [1786737087.709721398] [attitude_scout_1]: [scout_1] Landed — tilt correction stopped, yaw-hold pinned to current heading.
[INFO] [1786737087.711123973] [attitude_scout_1]: [scout_1] Landed — tilt correction stopped, yaw-hold pinned to current heading.
[INFO] [1786737087.781715496] [attitude_scout_1]: [scout_1] Landed — tilt correction stopped, yaw-hold pinned to current heading.
[INFO] [1786737087.827493413] [attitude_scout_1]: [scout_1] Landed — tilt correction stopped, yaw-hold pinned to current heading.
[INFO] [1786737087.853105038] [attitude_scout_1]: [scout_1] Landed — tilt correction stopped, yaw-hold pinned to current heading.
[INFO] [1786737087.977920100] [attitude_scout_1]: [scout_1] Landed — tilt correction stopped, yaw-hold pinned to current heading.
[INFO] [1786737087.978914167] [attitude_scout_1]: [scout_1] Landed — tilt correction stopped, yaw-hold pinned to current heading.
[INFO] [1786737087.979843211] [attitude_scout_1]: [scout_1] Landed — tilt correction stopped, yaw-hold pinned to current heading.
[INFO] [1786737087.980666862] [attitude_scout_1]: [scout_1] Landed — tilt correction stopped, yaw-hold pinned to current heading.
[INFO] [1786737087.981664700] [attitude_scout_1]: [scout_1] Landed — tilt correction stopped, yaw-hold pinned to current heading.
[INFO] [1786737087.982685447] [attitude_scout_1]: [scout_1] Landed — tilt correction stopped, yaw-hold pinned to current heading.
[INFO] [1786737088.097084912] [attitude_scout_1]: [scout_1] Landed — tilt correction stopped, yaw-hold pinned to current heading.
[INFO] [1786737088.107907061] [attitude_scout_1]: [scout_1] Landed — tilt correction stopped, yaw-hold pinned to current heading.
[INFO] [1786737088.109301884] [attitude_scout_1]: [scout_1] Landed — tilt correction stopped, yaw-hold pinned to current heading.
[INFO] [1786737088.115846116] [attitude_scout_1]: [scout_1] Landed — tilt correction stopped, yaw-hold pinned to current heading.
[INFO] [1786737088.116665996] [attitude_scout_1]: [scout_1] Landed — tilt correction stopped, yaw-hold pinned to current heading.
[INFO] [1786737088.124332316] [attitude_scout_1]: [scout_1] Landed — tilt correction stopped, yaw-hold pinned to current heading.
[INFO] [1786737088.125240616] [attitude_scout_1]: [scout_1] Landed — tilt correction stopped, yaw-hold pinned to current heading.
[INFO] [1786737088.126357745] [attitude_scout_1]: [scout_1] Landed — tilt correction stopped, yaw-hold pinned to current heading.
[INFO] [1786737088.127395533] [attitude_scout_1]: [scout_1] Landed — tilt correction stopped, yaw-hold pinned to current heading.
[INFO] [1786737088.128356635] [attitude_scout_1]: [scout_1] Landed — tilt correction stopped, yaw-hold pinned to current heading.
[INFO] [1786737088.129457141] [attitude_scout_1]: [scout_1] Landed — tilt correction stopped, yaw-hold pinned to current heading.
[INFO] [1786737088.130443455] [attitude_scout_1]: [scout_1] Landed — tilt correction stopped, yaw-hold pinned to current heading.
[INFO] [1786737088.131454913] [attitude_scout_1]: [scout_1] Landed — tilt correction stopped, yaw-hold pinned to current heading.
[INFO] [1786737088.135500743] [attitude_scout_1]: [scout_1] Landed — tilt correction stopped, yaw-hold pinned to current heading.
[INFO] [1786737088.202006975] [attitude_scout_1]: [scout_1] Landed — tilt correction stopped, yaw-hold pinned to current heading.
[INFO] [1786737088.203179279] [attitude_scout_1]: [scout_1] Landed — tilt correction stopped, yaw-hold pinned to current heading.
[INFO] [1786737088.204236274] [attitude_scout_1]: [scout_1] Landed — tilt correction stopped, yaw-hold pinned to current heading.
[INFO] [1786737088.267275949] [attitude_scout_1]: [scout_1] Landed — tilt correction stopped, yaw-hold pinned to current heading.
[INFO] [1786737088.323559000] [attitude_scout_1]: [scout_1] Landed — tilt correction stopped, yaw-hold pinned to current heading.
[INFO] [1786737088.324812531] [attitude_scout_1]: [scout_1] Landed — tilt correction stopped, yaw-hold pinned to current heading.
[INFO] [1786737088.326074304] [attitude_scout_1]: [scout_1] Landed — tilt correction stopped, yaw-hold pinned to current heading.
[INFO] [1786737088.358444298] [attitude_scout_1]: [scout_1] Landed — tilt correction stopped, yaw-hold pinned to current heading.
[INFO] [1786737088.359777868] [attitude_scout_1]: [scout_1] Landed — tilt correction stopped, yaw-hold pinned to current heading.
[INFO] [1786737088.360843035] [attitude_scout_1]: [scout_1] Landed — tilt correction stopped, yaw-hold pinned to current heading.
[INFO] [1786737088.407219152] [attitude_scout_1]: [scout_1] Landed — tilt correction stopped, yaw-hold pinned to current heading.
[INFO] [1786737088.408387545] [attitude_scout_1]: [scout_1] Landed — tilt correction stopped, yaw-hold pinned to current heading.
[INFO] [1786737088.439489690] [attitude_scout_1]: [scout_1] Landed — tilt correction stopped, yaw-hold pinned to current heading.
[INFO] [1786737088.440535790] [attitude_scout_1]: [scout_1] Landed — tilt correction stopped, yaw-hold pinned to current heading.
[INFO] [1786737088.441417201] [attitude_scout_1]: [scout_1] Landed — tilt correction stopped, yaw-hold pinned to current heading.
[INFO] [1786737088.490689263] [attitude_scout_1]: [scout_1] Landed — tilt correction stopped, yaw-hold pinned to current heading.
[INFO] [1786737088.491894254] [attitude_scout_1]: [scout_1] Landed — tilt correction stopped, yaw-hold pinned to current heading.
[INFO] [1786737088.493001675] [attitude_scout_1]: [scout_1] Landed — tilt correction stopped, yaw-hold pinned to current heading.
[INFO] [1786737088.524386053] [attitude_scout_1]: [scout_1] Landed — tilt correction stopped, yaw-hold pinned to current heading.
[INFO] [1786737088.525593697] [attitude_scout_1]: [scout_1] Landed — tilt correction stopped, yaw-hold pinned to current heading.
[INFO] [1786737088.526819012] [attitude_scout_1]: [scout_1] Landed — tilt correction stopped, yaw-hold pinned to current heading.
[INFO] [1786737088.527984542] [attitude_scout_1]: [scout_1] Landed — tilt correction stopped, yaw-hold pinned to current heading.
[INFO] [1786737088.538865778] [attitude_scout_1]: [scout_1] Landed — tilt correction stopped, yaw-hold pinned to current heading.
[INFO] [1786737088.540108763] [attitude_scout_1]: [scout_1] Landed — tilt correction stopped, yaw-hold pinned to current heading.
[INFO] [1786737088.541225473] [attitude_scout_1]: [scout_1] Landed — tilt correction stopped, yaw-hold pinned to current heading.
[INFO] [1786737088.542338341] [attitude_scout_1]: [scout_1] Landed — tilt correction stopped, yaw-hold pinned to current heading.
[INFO] [1786737088.543430048] [attitude_scout_1]: [scout_1] Landed — tilt correction stopped, yaw-hold pinned to current heading.
[INFO] [1786737088.564845122] [attitude_scout_1]: [scout_1] Landed — tilt correction stopped, yaw-hold pinned to current heading.
[INFO] [1786737088.565962671] [attitude_scout_1]: [scout_1] Landed — tilt correction stopped, yaw-hold pinned to current heading.
[INFO] [1786737088.567052002] [attitude_scout_1]: [scout_1] Landed — tilt correction stopped, yaw-hold pinned to current heading.
[INFO] [1786737088.568168363] [attitude_scout_1]: [scout_1] Landed — tilt correction stopped, yaw-hold pinned to current heading.
[INFO] [1786737088.680238655] [attitude_scout_1]: [scout_1] Landed — tilt correction stopped, yaw-hold pinned to current heading.
[INFO] [1786737088.681235096] [attitude_scout_1]: [scout_1] Landed — tilt correction stopped, yaw-hold pinned to current heading.
[INFO] [1786737088.682254376] [attitude_scout_1]: [scout_1] Landed — tilt correction stopped, yaw-hold pinned to current heading.
[INFO] [1786737088.683302780] [attitude_scout_1]: [scout_1] Landed — tilt correction stopped, yaw-hold pinned to current heading.
[INFO] [1786737088.779491401] [attitude_scout_1]: [scout_1] Landed — tilt correction stopped, yaw-hold pinned to current heading.
[INFO] [1786737088.780568999] [attitude_scout_1]: [scout_1] Landed — tilt correction stopped, yaw-hold pinned to current heading.
[INFO] [1786737088.823197304] [attitude_scout_1]: [scout_1] Landed — tilt correction stopped, yaw-hold pinned to current heading.
[INFO] [1786737088.824184596] [attitude_scout_1]: [scout_1] Landed — tilt correction stopped, yaw-hold pinned to current heading.
[INFO] [1786737088.825075016] [attitude_scout_1]: [scout_1] Landed — tilt correction stopped, yaw-hold pinned to current heading.
[INFO] [1786737088.825961456] [attitude_scout_1]: [scout_1] Landed — tilt correction stopped, yaw-hold pinned to current heading.
[INFO] [1786737088.826913059] [attitude_scout_1]: [scout_1] Landed — tilt correction stopped, yaw-hold pinned to current heading.
[INFO] [1786737088.827813886] [attitude_scout_1]: [scout_1] Landed — tilt correction stopped, yaw-hold pinned to current heading.
[INFO] [1786737088.828961327] [attitude_scout_1]: [scout_1] Landed — tilt correction stopped, yaw-hold pinned to current heading.
[INFO] [1786737088.830102970] [attitude_scout_1]: [scout_1] Landed — tilt correction stopped, yaw-hold pinned to current heading.
[INFO] [1786737088.914584329] [attitude_scout_1]: [scout_1] Landed — tilt correction stopped, yaw-hold pinned to current heading.
[INFO] [1786737088.956757262] [attitude_scout_1]: [scout_1] Landed — tilt correction stopped, yaw-hold pinned to current heading.
[INFO] [1786737088.957885915] [attitude_scout_1]: [scout_1] Landed — tilt correction stopped, yaw-hold pinned to current heading.
[INFO] [1786737089.014490940] [attitude_scout_1]: [scout_1] Landed — tilt correction stopped, yaw-hold pinned to current heading.
[INFO] [1786737089.023355546] [attitude_scout_1]: [scout_1] Landed — tilt correction stopped, yaw-hold pinned to current heading.
[INFO] [1786737089.024303516] [attitude_scout_1]: [scout_1] Landed — tilt correction stopped, yaw-hold pinned to current heading.
[INFO] [1786737089.025209931] [attitude_scout_1]: [scout_1] Landed — tilt correction stopped, yaw-hold pinned to current heading.
[INFO] [1786737089.026381747] [attitude_scout_1]: [scout_1] Landed — tilt correction stopped, yaw-hold pinned to current heading.
[INFO] [1786737089.027319520] [attitude_scout_1]: [scout_1] Landed — tilt correction stopped, yaw-hold pinned to current heading.
[INFO] [1786737089.028125222] [attitude_scout_1]: [scout_1] Landed — tilt correction stopped, yaw-hold pinned to current heading.
[INFO] [1786737089.080776609] [attitude_scout_1]: [scout_1] Landed — tilt correction stopped, yaw-hold pinned to current heading.
[INFO] [1786737089.081805387] [attitude_scout_1]: [scout_1] Landed — tilt correction stopped, yaw-hold pinned to current heading.
[INFO] [1786737089.082772704] [attitude_scout_1]: [scout_1] Landed — tilt correction stopped, yaw-hold pinned to current heading.
[INFO] [1786737089.083836893] [attitude_scout_1]: [scout_1] Landed — tilt correction stopped, yaw-hold pinned to current heading.
[INFO] [1786737089.084903875] [attitude_scout_1]: [scout_1] Landed — tilt correction stopped, yaw-hold pinned to current heading.
[INFO] [1786737089.085942641] [attitude_scout_1]: [scout_1] Landed — tilt correction stopped, yaw-hold pinned to current heading.
[INFO] [1786737089.169604329] [attitude_scout_1]: [scout_1] Landed — tilt correction stopped, yaw-hold pinned to current heading.
[INFO] [1786737089.170705953] [attitude_scout_1]: [scout_1] Landed — tilt correction stopped, yaw-hold pinned to current heading.
[INFO] [1786737089.171600704] [attitude_scout_1]: [scout_1] Landed — tilt correction stopped, yaw-hold pinned to current heading.
[INFO] [1786737089.172458020] [attitude_scout_1]: [scout_1] Landed — tilt correction stopped, yaw-hold pinned to current heading.
[INFO] [1786737089.173322808] [attitude_scout_1]: [scout_1] Landed — tilt correction stopped, yaw-hold pinned to current heading.
[INFO] [1786737089.174510827] [attitude_scout_1]: [scout_1] Landed — tilt correction stopped, yaw-hold pinned to current heading.
[INFO] [1786737089.175791877] [attitude_scout_1]: [scout_1] Landed — tilt correction stopped, yaw-hold pinned to current heading.
[INFO] [1786737089.273728931] [attitude_scout_1]: [scout_1] Landed — tilt correction stopped, yaw-hold pinned to current heading.
[INFO] [1786737089.274892156] [attitude_scout_1]: [scout_1] Landed — tilt correction stopped, yaw-hold pinned to current heading.
[INFO] [1786737089.290519182] [attitude_scout_1]: [scout_1] Landed — tilt correction stopped, yaw-hold pinned to current heading.
[INFO] [1786737089.297924292] [attitude_scout_1]: [scout_1] Landed — tilt correction stopped, yaw-hold pinned to current heading.
[INFO] [1786737089.327178895] [attitude_scout_1]: [scout_1] Landed — tilt correction stopped, yaw-hold pinned to current heading.
[INFO] [1786737089.327936406] [attitude_scout_1]: [scout_1] Landed — tilt correction stopped, yaw-hold pinned to current heading.
[INFO] [1786737089.328527762] [attitude_scout_1]: [scout_1] Landed — tilt correction stopped, yaw-hold pinned to current heading.
[INFO] [1786737089.329124355] [attitude_scout_1]: [scout_1] Landed — tilt correction stopped, yaw-hold pinned to current heading.
[INFO] [1786737089.329970845] [attitude_scout_1]: [scout_1] Landed — tilt correction stopped, yaw-hold pinned to current heading.
[INFO] [1786737089.330902822] [attitude_scout_1]: [scout_1] Landed — tilt correction stopped, yaw-hold pinned to current heading.
[INFO] [1786737089.359012499] [attitude_scout_1]: [scout_1] Landed — tilt correction stopped, yaw-hold pinned to current heading.
[INFO] [1786737089.360235929] [attitude_scout_1]: [scout_1] Landed — tilt correction stopped, yaw-hold pinned to current heading.
[INFO] [1786737089.361301933] [attitude_scout_1]: [scout_1] Landed — tilt correction stopped, yaw-hold pinned to current heading.
[INFO] [1786737089.362379462] [attitude_scout_1]: [scout_1] Landed — tilt correction stopped, yaw-hold pinned to current heading.
[INFO] [1786737089.421594077] [attitude_scout_1]: [scout_1] Landed — tilt correction stopped, yaw-hold pinned to current heading.
[INFO] [1786737089.422551826] [attitude_scout_1]: [scout_1] Landed — tilt correction stopped, yaw-hold pinned to current heading.
[INFO] [1786737089.423435682] [attitude_scout_1]: [scout_1] Landed — tilt correction stopped, yaw-hold pinned to current heading.
[INFO] [1786737089.424403488] [attitude_scout_1]: [scout_1] Landed — tilt correction stopped, yaw-hold pinned to current heading.
[INFO] [1786737089.425517614] [attitude_scout_1]: [scout_1] Landed — tilt correction stopped, yaw-hold pinned to current heading.
[INFO] [1786737089.426607923] [attitude_scout_1]: [scout_1] Landed — tilt correction stopped, yaw-hold pinned to current heading.
[INFO] [1786737089.427595355] [attitude_scout_1]: [scout_1] Landed — tilt correction stopped, yaw-hold pinned to current heading.
[INFO] [1786737089.428671347] [attitude_scout_1]: [scout_1] Landed — tilt correction stopped, yaw-hold pinned to current heading.
[INFO] [1786737089.534026990] [attitude_scout_1]: [scout_1] Landed — tilt correction stopped, yaw-hold pinned to current heading.
[INFO] [1786737089.535110176] [attitude_scout_1]: [scout_1] Landed — tilt correction stopped, yaw-hold pinned to current heading.
[INFO] [1786737089.536275496] [attitude_scout_1]: [scout_1] Landed — tilt correction stopped, yaw-hold pinned to current heading.
[INFO] [1786737089.537334307] [attitude_scout_1]: [scout_1] Landed — tilt correction stopped, yaw-hold pinned to current heading.
[INFO] [1786737089.585541832] [attitude_scout_1]: [scout_1] Landed — tilt correction stopped, yaw-hold pinned to current heading.
[INFO] [1786737089.586516762] [attitude_scout_1]: [scout_1] Landed — tilt correction stopped, yaw-hold pinned to current heading.
[INFO] [1786737089.595485293] [attitude_scout_1]: [scout_1] Landed — tilt correction stopped, yaw-hold pinned to current heading.
[INFO] [1786737089.614171625] [attitude_scout_1]: [scout_1] Landed — tilt correction stopped, yaw-hold pinned to current heading.
[INFO] [1786737089.615282050] [attitude_scout_1]: [scout_1] Landed — tilt correction stopped, yaw-hold pinned to current heading.
[INFO] [1786737089.625008092] [attitude_scout_1]: [scout_1] Landed — tilt correction stopped, yaw-hold pinned to current heading.
[INFO] [1786737089.626265395] [attitude_scout_1]: [scout_1] Landed — tilt correction stopped, yaw-hold pinned to current heading.
[INFO] [1786737089.627309259] [attitude_scout_1]: [scout_1] Landed — tilt correction stopped, yaw-hold pinned to current heading.
[INFO] [1786737089.628274760] [attitude_scout_1]: [scout_1] Landed — tilt correction stopped, yaw-hold pinned to current heading.
[INFO] [1786737089.629270783] [attitude_scout_1]: [scout_1] Landed — tilt correction stopped, yaw-hold pinned to current heading.
[INFO] [1786737089.630234677] [attitude_scout_1]: [scout_1] Landed — tilt correction stopped, yaw-hold pinned to current heading.
[INFO] [1786737089.683291289] [attitude_scout_1]: [scout_1] Landed — tilt correction stopped, yaw-hold pinned to current heading.
[INFO] [1786737089.691889586] [attitude_scout_1]: [scout_1] Landed — tilt correction stopped, yaw-hold pinned to current heading.
[INFO] [1786737089.692998195] [attitude_scout_1]: [scout_1] Landed — tilt correction stopped, yaw-hold pinned to current heading.
[INFO] [1786737089.694084244] [attitude_scout_1]: [scout_1] Landed — tilt correction stopped, yaw-hold pinned to current heading.
[INFO] [1786737089.695186916] [attitude_scout_1]: [scout_1] Landed — tilt correction stopped, yaw-hold pinned to current heading.
[INFO] [1786737089.743298128] [attitude_scout_1]: [scout_1] Landed — tilt correction stopped, yaw-hold pinned to current heading.
[INFO] [1786737089.751781604] [attitude_scout_1]: [scout_1] Landed — tilt correction stopped, yaw-hold pinned to current heading.
[INFO] [1786737089.752969553] [attitude_scout_1]: [scout_1] Landed — tilt correction stopped, yaw-hold pinned to current heading.
[INFO] [1786737089.795639553] [attitude_scout_1]: [scout_1] Landed — tilt correction stopped, yaw-hold pinned to current heading.
[INFO] [1786737089.830991957] [attitude_scout_1]: [scout_1] Landed — tilt correction stopped, yaw-hold pinned to current heading.
[INFO] [1786737089.832105245] [attitude_scout_1]: [scout_1] Landed — tilt correction stopped, yaw-hold pinned to current heading.
[INFO] [1786737089.832947893] [attitude_scout_1]: [scout_1] Landed — tilt correction stopped, yaw-hold pinned to current heading.
[INFO] [1786737089.887342546] [attitude_scout_1]: [scout_1] Landed — tilt correction stopped, yaw-hold pinned to current heading.
[INFO] [1786737089.888431249] [attitude_scout_1]: [scout_1] Landed — tilt correction stopped, yaw-hold pinned to current heading.
[INFO] [1786737089.922760461] [attitude_scout_1]: [scout_1] Landed — tilt correction stopped, yaw-hold pinned to current heading.
[INFO] [1786737089.965282606] [attitude_scout_1]: [scout_1] Landed — tilt correction stopped, yaw-hold pinned to current heading.
[INFO] [1786737089.966648024] [attitude_scout_1]: [scout_1] Landed — tilt correction stopped, yaw-hold pinned to current heading.
[INFO] [1786737090.006898335] [attitude_scout_1]: [scout_1] Landed — tilt correction stopped, yaw-hold pinned to current heading.
[INFO] [1786737090.008147117] [attitude_scout_1]: [scout_1] Landed — tilt correction stopped, yaw-hold pinned to current heading.
[INFO] [1786737090.009419715] [attitude_scout_1]: [scout_1] Landed — tilt correction stopped, yaw-hold pinned to current heading.
[INFO] [1786737090.010649500] [attitude_scout_1]: [scout_1] Landed — tilt correction stopped, yaw-hold pinned to current heading.
[INFO] [1786737090.011635745] [attitude_scout_1]: [scout_1] Landed — tilt correction stopped, yaw-hold pinned to current heading.
[INFO] [1786737090.012400309] [attitude_scout_1]: [scout_1] Landed — tilt correction stopped, yaw-hold pinned to current heading.
[INFO] [1786737090.055700288] [attitude_scout_1]: [scout_1] Landed — tilt correction stopped, yaw-hold pinned to current heading.
[INFO] [1786737090.102080526] [attitude_scout_1]: [scout_1] Landed — tilt correction stopped, yaw-hold pinned to current heading.
[INFO] [1786737090.103052383] [attitude_scout_1]: [scout_1] Landed — tilt correction stopped, yaw-hold pinned to current heading.
[INFO] [1786737090.104024589] [attitude_scout_1]: [scout_1] Landed — tilt correction stopped, yaw-hold pinned to current heading.
[INFO] [1786737090.105241034] [attitude_scout_1]: [scout_1] Landed — tilt correction stopped, yaw-hold pinned to current heading.
[INFO] [1786737090.106691940] [attitude_scout_1]: [scout_1] Landed — tilt correction stopped, yaw-hold pinned to current heading.
[INFO] [1786737090.107940722] [attitude_scout_1]: [scout_1] Landed — tilt correction stopped, yaw-hold pinned to current heading.
[INFO] [1786737090.108895677] [attitude_scout_1]: [scout_1] Landed — tilt correction stopped, yaw-hold pinned to current heading.
[INFO] [1786737090.109720795] [attitude_scout_1]: [scout_1] Landed — tilt correction stopped, yaw-hold pinned to current heading.
[INFO] [1786737090.110601647] [attitude_scout_1]: [scout_1] Landed — tilt correction stopped, yaw-hold pinned to current heading.
[INFO] [1786737090.119015421] [attitude_scout_1]: [scout_1] Landed — tilt correction stopped, yaw-hold pinned to current heading.
[INFO] [1786737090.235832829] [attitude_scout_1]: [scout_1] Landed — tilt correction stopped, yaw-hold pinned to current heading.
[INFO] [1786737090.270583191] [attitude_scout_1]: [scout_1] Landed — tilt correction stopped, yaw-hold pinned to current heading.
[INFO] [1786737090.272642215] [attitude_scout_1]: [scout_1] Landed — tilt correction stopped, yaw-hold pinned to current heading.
[INFO] [1786737090.274341550] [attitude_scout_1]: [scout_1] Landed — tilt correction stopped, yaw-hold pinned to current heading.
[INFO] [1786737090.275560719] [attitude_scout_1]: [scout_1] Landed — tilt correction stopped, yaw-hold pinned to current heading.
[INFO] [1786737090.276706344] [attitude_scout_1]: [scout_1] Landed — tilt correction stopped, yaw-hold pinned to current heading.
[INFO] [1786737090.277771021] [attitude_scout_1]: [scout_1] Landed — tilt correction stopped, yaw-hold pinned to current heading.
[INFO] [1786737090.278607454] [attitude_scout_1]: [scout_1] Landed — tilt correction stopped, yaw-hold pinned to current heading.
[INFO] [1786737090.279515754] [attitude_scout_1]: [scout_1] Landed — tilt correction stopped, yaw-hold pinned to current heading.
[INFO] [1786737090.314982070] [attitude_scout_1]: [scout_1] Landed — tilt correction stopped, yaw-hold pinned to current heading.
[INFO] [1786737090.316073358] [attitude_scout_1]: [scout_1] Landed — tilt correction stopped, yaw-hold pinned to current heading.
[INFO] [1786737090.317064980] [attitude_scout_1]: [scout_1] Landed — tilt correction stopped, yaw-hold pinned to current heading.
[INFO] [1786737090.318106749] [attitude_scout_1]: [scout_1] Landed — tilt correction stopped, yaw-hold pinned to current heading.
[INFO] [1786737090.403880471] [attitude_scout_1]: [scout_1] Landed — tilt correction stopped, yaw-hold pinned to current heading.
[INFO] [1786737090.405025677] [attitude_scout_1]: [scout_1] Landed — tilt correction stopped, yaw-hold pinned to current heading.
[INFO] [1786737090.411172017] [attitude_scout_1]: [scout_1] Landed — tilt correction stopped, yaw-hold pinned to current heading.
[INFO] [1786737090.419710808] [attitude_scout_1]: [scout_1] Landed — tilt correction stopped, yaw-hold pinned to current heading.
[INFO] [1786737090.421011623] [attitude_scout_1]: [scout_1] Landed — tilt correction stopped, yaw-hold pinned to current heading.
[INFO] [1786737090.430838727] [attitude_scout_1]: [scout_1] Landed — tilt correction stopped, yaw-hold pinned to current heading.
[INFO] [1786737090.432142754] [attitude_scout_1]: [scout_1] Landed — tilt correction stopped, yaw-hold pinned to current heading.
[INFO] [1786737090.433240327] [attitude_scout_1]: [scout_1] Landed — tilt correction stopped, yaw-hold pinned to current heading.
[INFO] [1786737090.434097154] [attitude_scout_1]: [scout_1] Landed — tilt correction stopped, yaw-hold pinned to current heading.
[INFO] [1786737090.450254144] [attitude_scout_1]: [scout_1] Landed — tilt correction stopped, yaw-hold pinned to current heading.
[INFO] [1786737090.451656928] [attitude_scout_1]: [scout_1] Landed — tilt correction stopped, yaw-hold pinned to current heading.
[INFO] [1786737090.452778318] [attitude_scout_1]: [scout_1] Landed — tilt correction stopped, yaw-hold pinned to current heading.
[INFO] [1786737090.453882596] [attitude_scout_1]: [scout_1] Landed — tilt correction stopped, yaw-hold pinned to current heading.
[INFO] [1786737090.529642874] [attitude_scout_1]: [scout_1] Landed — tilt correction stopped, yaw-hold pinned to current heading.
[INFO] [1786737090.530947391] [attitude_scout_1]: [scout_1] Landed — tilt correction stopped, yaw-hold pinned to current heading.
[INFO] [1786737090.533164956] [attitude_scout_1]: [scout_1] Landed — tilt correction stopped, yaw-hold pinned to current heading.
[INFO] [1786737090.534335934] [attitude_scout_1]: [scout_1] Landed — tilt correction stopped, yaw-hold pinned to current heading.
[INFO] [1786737090.535263301] [attitude_scout_1]: [scout_1] Landed — tilt correction stopped, yaw-hold pinned to current heading.
[INFO] [1786737090.536146947] [attitude_scout_1]: [scout_1] Landed — tilt correction stopped, yaw-hold pinned to current heading.
[INFO] [1786737090.537110004] [attitude_scout_1]: [scout_1] Landed — tilt correction stopped, yaw-hold pinned to current heading.
[INFO] [1786737090.538147443] [attitude_scout_1]: [scout_1] Landed — tilt correction stopped, yaw-hold pinned to current heading.
[INFO] [1786737090.539443159] [attitude_scout_1]: [scout_1] Landed — tilt correction stopped, yaw-hold pinned to current heading.
[INFO] [1786737090.668191534] [attitude_scout_1]: [scout_1] Landed — tilt correction stopped, yaw-hold pinned to current heading.
[INFO] [1786737090.741385314] [attitude_scout_1]: [scout_1] Landed — tilt correction stopped, yaw-hold pinned to current heading.
[INFO] [1786737090.742470176] [attitude_scout_1]: [scout_1] Landed — tilt correction stopped, yaw-hold pinned to current heading.
[INFO] [1786737090.776533359] [attitude_scout_1]: [scout_1] Landed — tilt correction stopped, yaw-hold pinned to current heading.
[INFO] [1786737090.825355147] [attitude_scout_1]: [scout_1] Landed — tilt correction stopped, yaw-hold pinned to current heading.
[INFO] [1786737090.826229085] [attitude_scout_1]: [scout_1] Landed — tilt correction stopped, yaw-hold pinned to current heading.
[INFO] [1786737090.827306124] [attitude_scout_1]: [scout_1] Landed — tilt correction stopped, yaw-hold pinned to current heading.
[INFO] [1786737090.828563427] [attitude_scout_1]: [scout_1] Landed — tilt correction stopped, yaw-hold pinned to current heading.
[INFO] [1786737090.829789859] [attitude_scout_1]: [scout_1] Landed — tilt correction stopped, yaw-hold pinned to current heading.
[INFO] [1786737090.830890995] [attitude_scout_1]: [scout_1] Landed — tilt correction stopped, yaw-hold pinned to current heading.
[INFO] [1786737090.832040251] [attitude_scout_1]: [scout_1] Landed — tilt correction stopped, yaw-hold pinned to current heading.
[INFO] [1786737090.833239375] [attitude_scout_1]: [scout_1] Landed — tilt correction stopped, yaw-hold pinned to current heading.
[INFO] [1786737090.834124558] [attitude_scout_1]: [scout_1] Landed — tilt correction stopped, yaw-hold pinned to current heading.
[INFO] [1786737090.835043195] [attitude_scout_1]: [scout_1] Landed — tilt correction stopped, yaw-hold pinned to current heading.
[INFO] [1786737090.955289865] [attitude_scout_1]: [scout_1] Landed — tilt correction stopped, yaw-hold pinned to current heading.
[INFO] [1786737090.956502259] [attitude_scout_1]: [scout_1] Landed — tilt correction stopped, yaw-hold pinned to current heading.
[INFO] [1786737090.971147301] [attitude_scout_1]: [scout_1] Landed — tilt correction stopped, yaw-hold pinned to current heading.
[INFO] [1786737090.979178128] [attitude_scout_1]: [scout_1] Landed — tilt correction stopped, yaw-hold pinned to current heading.
[INFO] [1786737090.987571368] [attitude_scout_1]: [scout_1] Landed — tilt correction stopped, yaw-hold pinned to current heading.
[INFO] [1786737090.988625499] [attitude_scout_1]: [scout_1] Landed — tilt correction stopped, yaw-hold pinned to current heading.
[INFO] [1786737090.989567324] [attitude_scout_1]: [scout_1] Landed — tilt correction stopped, yaw-hold pinned to current heading.
[INFO] [1786737090.990682777] [attitude_scout_1]: [scout_1] Airborne (landed=False) — tilt correction armed.
[INFO] [1786737097.817911611] [attitude_scout_1]: [scout_1] RW righting in progress — attitude controller standing down.
[INFO] [1786737206.512840005] [attitude_scout_1]: [scout_1] Landed — tilt correction stopped, yaw-hold pinned to current heading.
[INFO] [1786737206.530677118] [attitude_scout_1]: [scout_1] Landed — tilt correction stopped, yaw-hold pinned to current heading.
[INFO] [1786737206.541744689] [attitude_scout_1]: [scout_1] Landed — tilt correction stopped, yaw-hold pinned to current heading.
[INFO] [1786737206.552551888] [attitude_scout_1]: [scout_1] Landed — tilt correction stopped, yaw-hold pinned to current heading.
[INFO] [1786737206.675257462] [attitude_scout_1]: [scout_1] Landed — tilt correction stopped, yaw-hold pinned to current heading.
[INFO] [1786737206.676184131] [attitude_scout_1]: [scout_1] Landed — tilt correction stopped, yaw-hold pinned to current heading.
[INFO] [1786737206.782423527] [attitude_scout_1]: [scout_1] Landed — tilt correction stopped, yaw-hold pinned to current heading.
[INFO] [1786737206.783532415] [attitude_scout_1]: [scout_1] Landed — tilt correction stopped, yaw-hold pinned to current heading.
[INFO] [1786737206.784625238] [attitude_scout_1]: [scout_1] Landed — tilt correction stopped, yaw-hold pinned to current heading.
[INFO] [1786737206.785693966] [attitude_scout_1]: [scout_1] Landed — tilt correction stopped, yaw-hold pinned to current heading.
[INFO] [1786737206.786682795] [attitude_scout_1]: [scout_1] Landed — tilt correction stopped, yaw-hold pinned to current heading.
[INFO] [1786737206.858926557] [attitude_scout_1]: [scout_1] Landed — tilt correction stopped, yaw-hold pinned to current heading.
[INFO] [1786737206.916595822] [attitude_scout_1]: [scout_1] Landed — tilt correction stopped, yaw-hold pinned to current heading.
[INFO] [1786737206.984853330] [attitude_scout_1]: [scout_1] Landed — tilt correction stopped, yaw-hold pinned to current heading.
[INFO] [1786737206.985776856] [attitude_scout_1]: [scout_1] Landed — tilt correction stopped, yaw-hold pinned to current heading.
[INFO] [1786737206.986666648] [attitude_scout_1]: [scout_1] Landed — tilt correction stopped, yaw-hold pinned to current heading.
[INFO] [1786737206.987579767] [attitude_scout_1]: [scout_1] Landed — tilt correction stopped, yaw-hold pinned to current heading.
[INFO] [1786737207.028028069] [attitude_scout_1]: [scout_1] Landed — tilt correction stopped, yaw-hold pinned to current heading.
[INFO] [1786737207.105853214] [attitude_scout_1]: [scout_1] Landed — tilt correction stopped, yaw-hold pinned to current heading.
[INFO] [1786737207.133850436] [attitude_scout_1]: [scout_1] Landed — tilt correction stopped, yaw-hold pinned to current heading.
[INFO] [1786737207.175604162] [attitude_scout_1]: [scout_1] Landed — tilt correction stopped, yaw-hold pinned to current heading.
[INFO] [1786737207.223555070] [attitude_scout_1]: [scout_1] Landed — tilt correction stopped, yaw-hold pinned to current heading.
[INFO] [1786737207.263570768] [attitude_scout_1]: [scout_1] Landed — tilt correction stopped, yaw-hold pinned to current heading.
[INFO] [1786737207.280565093] [attitude_scout_1]: [scout_1] Landed — tilt correction stopped, yaw-hold pinned to current heading.
[INFO] [1786737207.332121335] [attitude_scout_1]: [scout_1] Landed — tilt correction stopped, yaw-hold pinned to current heading.
[INFO] [1786737207.351391753] [attitude_scout_1]: [scout_1] Landed — tilt correction stopped, yaw-hold pinned to current heading.
[INFO] [1786737207.352465789] [attitude_scout_1]: [scout_1] Landed — tilt correction stopped, yaw-hold pinned to current heading.
[INFO] [1786737207.394004959] [attitude_scout_1]: [scout_1] Landed — tilt correction stopped, yaw-hold pinned to current heading.
[INFO] [1786737207.453358403] [attitude_scout_1]: [scout_1] Landed — tilt correction stopped, yaw-hold pinned to current heading.
[INFO] [1786737207.545347511] [attitude_scout_1]: [scout_1] Landed — tilt correction stopped, yaw-hold pinned to current heading.
[INFO] [1786737207.546409744] [attitude_scout_1]: [scout_1] Landed — tilt correction stopped, yaw-hold pinned to current heading.
[INFO] [1786737207.547442712] [attitude_scout_1]: [scout_1] Landed — tilt correction stopped, yaw-hold pinned to current heading.
[INFO] [1786737207.548642395] [attitude_scout_1]: [scout_1] Landed — tilt correction stopped, yaw-hold pinned to current heading.
[INFO] [1786737207.648148498] [attitude_scout_1]: [scout_1] Landed — tilt correction stopped, yaw-hold pinned to current heading.
[INFO] [1786737207.649266534] [attitude_scout_1]: [scout_1] Landed — tilt correction stopped, yaw-hold pinned to current heading.
[INFO] [1786737207.650309770] [attitude_scout_1]: [scout_1] Landed — tilt correction stopped, yaw-hold pinned to current heading.
[INFO] [1786737207.651168063] [attitude_scout_1]: [scout_1] Landed — tilt correction stopped, yaw-hold pinned to current heading.
[INFO] [1786737207.652044235] [attitude_scout_1]: [scout_1] Landed — tilt correction stopped, yaw-hold pinned to current heading.
[INFO] [1786737207.652937938] [attitude_scout_1]: [scout_1] Landed — tilt correction stopped, yaw-hold pinned to current heading.
[INFO] [1786737207.653661086] [attitude_scout_1]: [scout_1] Landed — tilt correction stopped, yaw-hold pinned to current heading.
[INFO] [1786737207.654332760] [attitude_scout_1]: [scout_1] Landed — tilt correction stopped, yaw-hold pinned to current heading.
[INFO] [1786737207.659601809] [attitude_scout_1]: [scout_1] Landed — tilt correction stopped, yaw-hold pinned to current heading.
[INFO] [1786737207.661402345] [attitude_scout_1]: [scout_1] Landed — tilt correction stopped, yaw-hold pinned to current heading.
[INFO] [1786737207.694572792] [attitude_scout_1]: [scout_1] Landed — tilt correction stopped, yaw-hold pinned to current heading.
[INFO] [1786737207.705975886] [attitude_scout_1]: [scout_1] Landed — tilt correction stopped, yaw-hold pinned to current heading.
[INFO] [1786737207.719521535] [attitude_scout_1]: [scout_1] Landed — tilt correction stopped, yaw-hold pinned to current heading.
[INFO] [1786737207.720713953] [attitude_scout_1]: [scout_1] Landed — tilt correction stopped, yaw-hold pinned to current heading.
[INFO] [1786737207.878071750] [attitude_scout_1]: [scout_1] Landed — tilt correction stopped, yaw-hold pinned to current heading.
[INFO] [1786737207.878977117] [attitude_scout_1]: [scout_1] Landed — tilt correction stopped, yaw-hold pinned to current heading.
[INFO] [1786737207.934439852] [attitude_scout_1]: [scout_1] Landed — tilt correction stopped, yaw-hold pinned to current heading.
[INFO] [1786737207.935531348] [attitude_scout_1]: [scout_1] Landed — tilt correction stopped, yaw-hold pinned to current heading.
[INFO] [1786737207.986551899] [attitude_scout_1]: [scout_1] Landed — tilt correction stopped, yaw-hold pinned to current heading.
[INFO] [1786737208.023016950] [attitude_scout_1]: [scout_1] Landed — tilt correction stopped, yaw-hold pinned to current heading.
[INFO] [1786737208.040448908] [attitude_scout_1]: [scout_1] Landed — tilt correction stopped, yaw-hold pinned to current heading.
[INFO] [1786737208.041423907] [attitude_scout_1]: [scout_1] Landed — tilt correction stopped, yaw-hold pinned to current heading.
[INFO] [1786737208.079289089] [attitude_scout_1]: [scout_1] Landed — tilt correction stopped, yaw-hold pinned to current heading.
[INFO] [1786737208.080273726] [attitude_scout_1]: [scout_1] Landed — tilt correction stopped, yaw-hold pinned to current heading.
[INFO] [1786737208.117218944] [attitude_scout_1]: [scout_1] Landed — tilt correction stopped, yaw-hold pinned to current heading.
[INFO] [1786737208.118571232] [attitude_scout_1]: [scout_1] Landed — tilt correction stopped, yaw-hold pinned to current heading.
[INFO] [1786737208.152132866] [attitude_scout_1]: [scout_1] Landed — tilt correction stopped, yaw-hold pinned to current heading.
[INFO] [1786737208.163286902] [attitude_scout_1]: [scout_1] Landed — tilt correction stopped, yaw-hold pinned to current heading.
[INFO] [1786737208.228801980] [attitude_scout_1]: [scout_1] Landed — tilt correction stopped, yaw-hold pinned to current heading.
[INFO] [1786737208.229783545] [attitude_scout_1]: [scout_1] Landed — tilt correction stopped, yaw-hold pinned to current heading.
[INFO] [1786737208.350528712] [attitude_scout_1]: [scout_1] Landed — tilt correction stopped, yaw-hold pinned to current heading.
[INFO] [1786737208.351721969] [attitude_scout_1]: [scout_1] Landed — tilt correction stopped, yaw-hold pinned to current heading.
[INFO] [1786737208.352597443] [attitude_scout_1]: [scout_1] Landed — tilt correction stopped, yaw-hold pinned to current heading.
[INFO] [1786737208.353380446] [attitude_scout_1]: [scout_1] Landed — tilt correction stopped, yaw-hold pinned to current heading.
[INFO] [1786737208.354179792] [attitude_scout_1]: [scout_1] Landed — tilt correction stopped, yaw-hold pinned to current heading.
[INFO] [1786737208.445888204] [attitude_scout_1]: [scout_1] Landed — tilt correction stopped, yaw-hold pinned to current heading.
[INFO] [1786737208.491238951] [attitude_scout_1]: [scout_1] Landed — tilt correction stopped, yaw-hold pinned to current heading.
[INFO] [1786737208.492020836] [attitude_scout_1]: [scout_1] Landed — tilt correction stopped, yaw-hold pinned to current heading.
[INFO] [1786737208.492716536] [attitude_scout_1]: [scout_1] Landed — tilt correction stopped, yaw-hold pinned to current heading.
[INFO] [1786737208.493798674] [attitude_scout_1]: [scout_1] Landed — tilt correction stopped, yaw-hold pinned to current heading.
[INFO] [1786737208.520177718] [attitude_scout_1]: [scout_1] Landed — tilt correction stopped, yaw-hold pinned to current heading.
[INFO] [1786737208.521766283] [attitude_scout_1]: [scout_1] Landed — tilt correction stopped, yaw-hold pinned to current heading.
[INFO] [1786737208.603848879] [attitude_scout_1]: [scout_1] Landed — tilt correction stopped, yaw-hold pinned to current heading.
[INFO] [1786737208.614973372] [attitude_scout_1]: [scout_1] Landed — tilt correction stopped, yaw-hold pinned to current heading.
[INFO] [1786737208.615891240] [attitude_scout_1]: [scout_1] Landed — tilt correction stopped, yaw-hold pinned to current heading.
[INFO] [1786737208.616845147] [attitude_scout_1]: [scout_1] Landed — tilt correction stopped, yaw-hold pinned to current heading.
[INFO] [1786737208.617883354] [attitude_scout_1]: [scout_1] Landed — tilt correction stopped, yaw-hold pinned to current heading.
[INFO] [1786737208.618933225] [attitude_scout_1]: [scout_1] Landed — tilt correction stopped, yaw-hold pinned to current heading.
[INFO] [1786737208.620229639] [attitude_scout_1]: [scout_1] Landed — tilt correction stopped, yaw-hold pinned to current heading.
[INFO] [1786737208.621450344] [attitude_scout_1]: [scout_1] Landed — tilt correction stopped, yaw-hold pinned to current heading.
[INFO] [1786737208.622585981] [attitude_scout_1]: [scout_1] Landed — tilt correction stopped, yaw-hold pinned to current heading.
[INFO] [1786737208.709786836] [attitude_scout_1]: [scout_1] Landed — tilt correction stopped, yaw-hold pinned to current heading.
[INFO] [1786737208.741080059] [attitude_scout_1]: [scout_1] Landed — tilt correction stopped, yaw-hold pinned to current heading.
[INFO] [1786737208.752557675] [attitude_scout_1]: [scout_1] Landed — tilt correction stopped, yaw-hold pinned to current heading.
[INFO] [1786737208.754031908] [attitude_scout_1]: [scout_1] Landed — tilt correction stopped, yaw-hold pinned to current heading.
[INFO] [1786737208.755079683] [attitude_scout_1]: [scout_1] Landed — tilt correction stopped, yaw-hold pinned to current heading.
[INFO] [1786737208.809435137] [attitude_scout_1]: [scout_1] Landed — tilt correction stopped, yaw-hold pinned to current heading.
[INFO] [1786737208.841931116] [attitude_scout_1]: [scout_1] Landed — tilt correction stopped, yaw-hold pinned to current heading.
[INFO] [1786737208.842893963] [attitude_scout_1]: [scout_1] Landed — tilt correction stopped, yaw-hold pinned to current heading.
[INFO] [1786737208.907110322] [attitude_scout_1]: [scout_1] Landed — tilt correction stopped, yaw-hold pinned to current heading.
[INFO] [1786737208.908270823] [attitude_scout_1]: [scout_1] Landed — tilt correction stopped, yaw-hold pinned to current heading.
[INFO] [1786737208.909214324] [attitude_scout_1]: [scout_1] Landed — tilt correction stopped, yaw-hold pinned to current heading.
[INFO] [1786737208.910125208] [attitude_scout_1]: [scout_1] Landed — tilt correction stopped, yaw-hold pinned to current heading.
[INFO] [1786737208.910815181] [attitude_scout_1]: [scout_1] Landed — tilt correction stopped, yaw-hold pinned to current heading.
[INFO] [1786737209.035707798] [attitude_scout_1]: [scout_1] Landed — tilt correction stopped, yaw-hold pinned to current heading.
[INFO] [1786737209.036831422] [attitude_scout_1]: [scout_1] Landed — tilt correction stopped, yaw-hold pinned to current heading.
[INFO] [1786737209.069440266] [attitude_scout_1]: [scout_1] Landed — tilt correction stopped, yaw-hold pinned to current heading.
[INFO] [1786737209.138563890] [attitude_scout_1]: [scout_1] Landed — tilt correction stopped, yaw-hold pinned to current heading.
[INFO] [1786737209.174063021] [attitude_scout_1]: [scout_1] Landed — tilt correction stopped, yaw-hold pinned to current heading.
[INFO] [1786737209.219316547] [attitude_scout_1]: [scout_1] Landed — tilt correction stopped, yaw-hold pinned to current heading.
[INFO] [1786737209.220781561] [attitude_scout_1]: [scout_1] Landed — tilt correction stopped, yaw-hold pinned to current heading.
[INFO] [1786737209.221897223] [attitude_scout_1]: [scout_1] Landed — tilt correction stopped, yaw-hold pinned to current heading.
[INFO] [1786737209.223092156] [attitude_scout_1]: [scout_1] Landed — tilt correction stopped, yaw-hold pinned to current heading.
[INFO] [1786737209.224215012] [attitude_scout_1]: [scout_1] Landed — tilt correction stopped, yaw-hold pinned to current heading.
[INFO] [1786737209.225207053] [attitude_scout_1]: [scout_1] Landed — tilt correction stopped, yaw-hold pinned to current heading.
[INFO] [1786737209.275625841] [attitude_scout_1]: [scout_1] Landed — tilt correction stopped, yaw-hold pinned to current heading.
[INFO] [1786737209.276682766] [attitude_scout_1]: [scout_1] Landed — tilt correction stopped, yaw-hold pinned to current heading.
[INFO] [1786737209.277721392] [attitude_scout_1]: [scout_1] Landed — tilt correction stopped, yaw-hold pinned to current heading.
[INFO] [1786737209.291596696] [attitude_scout_1]: [scout_1] Landed — tilt correction stopped, yaw-hold pinned to current heading.
[INFO] [1786737209.313766411] [attitude_scout_1]: [scout_1] Landed — tilt correction stopped, yaw-hold pinned to current heading.
[INFO] [1786737209.314891083] [attitude_scout_1]: [scout_1] Landed — tilt correction stopped, yaw-hold pinned to current heading.
[INFO] [1786737209.315840310] [attitude_scout_1]: [scout_1] Landed — tilt correction stopped, yaw-hold pinned to current heading.
[INFO] [1786737209.316845272] [attitude_scout_1]: [scout_1] Landed — tilt correction stopped, yaw-hold pinned to current heading.
[INFO] [1786737209.383043408] [attitude_scout_1]: [scout_1] Landed — tilt correction stopped, yaw-hold pinned to current heading.
[INFO] [1786737209.384113044] [attitude_scout_1]: [scout_1] Landed — tilt correction stopped, yaw-hold pinned to current heading.
[INFO] [1786737209.385097193] [attitude_scout_1]: [scout_1] Landed — tilt correction stopped, yaw-hold pinned to current heading.
[INFO] [1786737209.424912443] [attitude_scout_1]: [scout_1] Landed — tilt correction stopped, yaw-hold pinned to current heading.
[INFO] [1786737209.436682768] [attitude_scout_1]: [scout_1] Landed — tilt correction stopped, yaw-hold pinned to current heading.
[INFO] [1786737209.437750239] [attitude_scout_1]: [scout_1] Landed — tilt correction stopped, yaw-hold pinned to current heading.
[INFO] [1786737209.438997065] [attitude_scout_1]: [scout_1] Landed — tilt correction stopped, yaw-hold pinned to current heading.
[INFO] [1786737209.440161198] [attitude_scout_1]: [scout_1] Landed — tilt correction stopped, yaw-hold pinned to current heading.
[INFO] [1786737209.441254371] [attitude_scout_1]: [scout_1] Landed — tilt correction stopped, yaw-hold pinned to current heading.
[INFO] [1786737209.442347543] [attitude_scout_1]: [scout_1] Landed — tilt correction stopped, yaw-hold pinned to current heading.
[INFO] [1786737209.443461250] [attitude_scout_1]: [scout_1] Landed — tilt correction stopped, yaw-hold pinned to current heading.
[INFO] [1786737209.454670322] [attitude_scout_1]: [scout_1] Landed — tilt correction stopped, yaw-hold pinned to current heading.
[INFO] [1786737209.570802610] [attitude_scout_1]: [scout_1] Landed — tilt correction stopped, yaw-hold pinned to current heading.
[INFO] [1786737209.582743910] [attitude_scout_1]: [scout_1] Landed — tilt correction stopped, yaw-hold pinned to current heading.
[INFO] [1786737209.596675926] [attitude_scout_1]: [scout_1] Landed — tilt correction stopped, yaw-hold pinned to current heading.
[INFO] [1786737209.597899215] [attitude_scout_1]: [scout_1] Landed — tilt correction stopped, yaw-hold pinned to current heading.
[INFO] [1786737209.599089818] [attitude_scout_1]: [scout_1] Landed — tilt correction stopped, yaw-hold pinned to current heading.
[INFO] [1786737209.687352486] [attitude_scout_1]: [scout_1] Landed — tilt correction stopped, yaw-hold pinned to current heading.
[INFO] [1786737209.698745663] [attitude_scout_1]: [scout_1] Landed — tilt correction stopped, yaw-hold pinned to current heading.
[INFO] [1786737209.699678198] [attitude_scout_1]: [scout_1] Landed — tilt correction stopped, yaw-hold pinned to current heading.
[INFO] [1786737209.700735192] [attitude_scout_1]: [scout_1] Landed — tilt correction stopped, yaw-hold pinned to current heading.
[INFO] [1786737209.701758732] [attitude_scout_1]: [scout_1] Landed — tilt correction stopped, yaw-hold pinned to current heading.
[INFO] [1786737209.805818138] [attitude_scout_1]: [scout_1] Landed — tilt correction stopped, yaw-hold pinned to current heading.
[INFO] [1786737209.806920041] [attitude_scout_1]: [scout_1] Landed — tilt correction stopped, yaw-hold pinned to current heading.
[INFO] [1786737209.808700952] [attitude_scout_1]: [scout_1] Landed — tilt correction stopped, yaw-hold pinned to current heading.
[INFO] [1786737209.849358711] [attitude_scout_1]: [scout_1] Landed — tilt correction stopped, yaw-hold pinned to current heading.
[INFO] [1786737209.850421293] [attitude_scout_1]: [scout_1] Landed — tilt correction stopped, yaw-hold pinned to current heading.
[INFO] [1786737209.879996464] [attitude_scout_1]: [scout_1] Landed — tilt correction stopped, yaw-hold pinned to current heading.
[INFO] [1786737209.917168459] [attitude_scout_1]: [scout_1] Landed — tilt correction stopped, yaw-hold pinned to current heading.
[INFO] [1786737209.918239283] [attitude_scout_1]: [scout_1] Landed — tilt correction stopped, yaw-hold pinned to current heading.
[INFO] [1786737209.919265267] [attitude_scout_1]: [scout_1] Landed — tilt correction stopped, yaw-hold pinned to current heading.
[INFO] [1786737209.920202901] [attitude_scout_1]: [scout_1] Landed — tilt correction stopped, yaw-hold pinned to current heading.
[INFO] [1786737209.986060835] [attitude_scout_1]: [scout_1] Landed — tilt correction stopped, yaw-hold pinned to current heading.
[INFO] [1786737210.033839651] [attitude_scout_1]: [scout_1] Landed — tilt correction stopped, yaw-hold pinned to current heading.
[INFO] [1786737210.034668541] [attitude_scout_1]: [scout_1] Landed — tilt correction stopped, yaw-hold pinned to current heading.
[INFO] [1786737210.051961093] [attitude_scout_1]: [scout_1] Landed — tilt correction stopped, yaw-hold pinned to current heading.
[INFO] [1786737210.160959891] [attitude_scout_1]: [scout_1] Landed — tilt correction stopped, yaw-hold pinned to current heading.
[INFO] [1786737210.161793110] [attitude_scout_1]: [scout_1] Landed — tilt correction stopped, yaw-hold pinned to current heading.
[INFO] [1786737210.206539511] [attitude_scout_1]: [scout_1] Landed — tilt correction stopped, yaw-hold pinned to current heading.
[INFO] [1786737210.207649795] [attitude_scout_1]: [scout_1] Landed — tilt correction stopped, yaw-hold pinned to current heading.
[INFO] [1786737210.239273163] [attitude_scout_1]: [scout_1] Landed — tilt correction stopped, yaw-hold pinned to current heading.
[INFO] [1786737210.273563463] [attitude_scout_1]: [scout_1] Landed — tilt correction stopped, yaw-hold pinned to current heading.
[INFO] [1786737210.291169537] [attitude_scout_1]: [scout_1] Landed — tilt correction stopped, yaw-hold pinned to current heading.
[INFO] [1786737210.292336603] [attitude_scout_1]: [scout_1] Landed — tilt correction stopped, yaw-hold pinned to current heading.
[INFO] [1786737210.293435433] [attitude_scout_1]: [scout_1] Landed — tilt correction stopped, yaw-hold pinned to current heading.
[INFO] [1786737210.294497177] [attitude_scout_1]: [scout_1] Landed — tilt correction stopped, yaw-hold pinned to current heading.
[INFO] [1786737210.361126450] [attitude_scout_1]: [scout_1] Landed — tilt correction stopped, yaw-hold pinned to current heading.
[INFO] [1786737210.373752833] [attitude_scout_1]: [scout_1] Landed — tilt correction stopped, yaw-hold pinned to current heading.
[INFO] [1786737210.459893131] [attitude_scout_1]: [scout_1] Landed — tilt correction stopped, yaw-hold pinned to current heading.
[INFO] [1786737210.460996012] [attitude_scout_1]: [scout_1] Landed — tilt correction stopped, yaw-hold pinned to current heading.
[INFO] [1786737210.462102175] [attitude_scout_1]: [scout_1] Landed — tilt correction stopped, yaw-hold pinned to current heading.
[INFO] [1786737210.463169576] [attitude_scout_1]: [scout_1] Landed — tilt correction stopped, yaw-hold pinned to current heading.
[INFO] [1786737210.543090271] [attitude_scout_1]: [scout_1] Landed — tilt correction stopped, yaw-hold pinned to current heading.
[INFO] [1786737210.544078331] [attitude_scout_1]: [scout_1] Landed — tilt correction stopped, yaw-hold pinned to current heading.
[INFO] [1786737210.544901004] [attitude_scout_1]: [scout_1] Landed — tilt correction stopped, yaw-hold pinned to current heading.
[INFO] [1786737210.545698604] [attitude_scout_1]: [scout_1] Landed — tilt correction stopped, yaw-hold pinned to current heading.
[INFO] [1786737210.546526236] [attitude_scout_1]: [scout_1] Landed — tilt correction stopped, yaw-hold pinned to current heading.
[INFO] [1786737210.620907523] [attitude_scout_1]: [scout_1] Landed — tilt correction stopped, yaw-hold pinned to current heading.
[INFO] [1786737210.622119498] [attitude_scout_1]: [scout_1] Landed — tilt correction stopped, yaw-hold pinned to current heading.
[INFO] [1786737210.717712123] [attitude_scout_1]: [scout_1] Landed — tilt correction stopped, yaw-hold pinned to current heading.
[INFO] [1786737210.718599610] [attitude_scout_1]: [scout_1] Landed — tilt correction stopped, yaw-hold pinned to current heading.
[INFO] [1786737210.747806502] [attitude_scout_1]: [scout_1] Landed — tilt correction stopped, yaw-hold pinned to current heading.
[INFO] [1786737210.789708432] [attitude_scout_1]: [scout_1] Landed — tilt correction stopped, yaw-hold pinned to current heading.
[INFO] [1786737210.790847911] [attitude_scout_1]: [scout_1] Landed — tilt correction stopped, yaw-hold pinned to current heading.
[INFO] [1786737210.792099556] [attitude_scout_1]: [scout_1] Landed — tilt correction stopped, yaw-hold pinned to current heading.
[INFO] [1786737210.793312438] [attitude_scout_1]: [scout_1] Landed — tilt correction stopped, yaw-hold pinned to current heading.
[INFO] [1786737210.794466374] [attitude_scout_1]: [scout_1] Landed — tilt correction stopped, yaw-hold pinned to current heading.
[INFO] [1786737210.795551026] [attitude_scout_1]: [scout_1] Landed — tilt correction stopped, yaw-hold pinned to current heading.
[INFO] [1786737210.807435264] [attitude_scout_1]: [scout_1] Landed — tilt correction stopped, yaw-hold pinned to current heading.
[INFO] [1786737210.808664001] [attitude_scout_1]: [scout_1] Landed — tilt correction stopped, yaw-hold pinned to current heading.
[INFO] [1786737210.944684533] [attitude_scout_1]: [scout_1] Landed — tilt correction stopped, yaw-hold pinned to current heading.
[INFO] [1786737210.945766810] [attitude_scout_1]: [scout_1] Landed — tilt correction stopped, yaw-hold pinned to current heading.
[INFO] [1786737210.974033135] [attitude_scout_1]: [scout_1] Landed — tilt correction stopped, yaw-hold pinned to current heading.
[INFO] [1786737210.982172635] [attitude_scout_1]: [scout_1] Landed — tilt correction stopped, yaw-hold pinned to current heading.
[INFO] [1786737211.019984457] [attitude_scout_1]: [scout_1] Landed — tilt correction stopped, yaw-hold pinned to current heading.
[INFO] [1786737211.119098184] [attitude_scout_1]: [scout_1] Landed — tilt correction stopped, yaw-hold pinned to current heading.
[INFO] [1786737211.119845847] [attitude_scout_1]: [scout_1] Landed — tilt correction stopped, yaw-hold pinned to current heading.
[INFO] [1786737211.120582754] [attitude_scout_1]: [scout_1] Landed — tilt correction stopped, yaw-hold pinned to current heading.
[INFO] [1786737211.207700006] [attitude_scout_1]: [scout_1] Landed — tilt correction stopped, yaw-hold pinned to current heading.
[INFO] [1786737211.208627932] [attitude_scout_1]: [scout_1] Landed — tilt correction stopped, yaw-hold pinned to current heading.
[INFO] [1786737211.209535813] [attitude_scout_1]: [scout_1] Landed — tilt correction stopped, yaw-hold pinned to current heading.
[INFO] [1786737211.220254103] [attitude_scout_1]: [scout_1] Landed — tilt correction stopped, yaw-hold pinned to current heading.
[INFO] [1786737211.253480493] [attitude_scout_1]: [scout_1] Landed — tilt correction stopped, yaw-hold pinned to current heading.
[INFO] [1786737211.299458634] [attitude_scout_1]: [scout_1] Landed — tilt correction stopped, yaw-hold pinned to current heading.
[INFO] [1786737211.336791895] [attitude_scout_1]: [scout_1] Landed — tilt correction stopped, yaw-hold pinned to current heading.
[INFO] [1786737211.389688132] [attitude_scout_1]: [scout_1] Landed — tilt correction stopped, yaw-hold pinned to current heading.
[INFO] [1786737211.390771807] [attitude_scout_1]: [scout_1] Landed — tilt correction stopped, yaw-hold pinned to current heading.
[INFO] [1786737211.391970930] [attitude_scout_1]: [scout_1] Landed — tilt correction stopped, yaw-hold pinned to current heading.
[INFO] [1786737211.438269717] [attitude_scout_1]: [scout_1] Landed — tilt correction stopped, yaw-hold pinned to current heading.
[INFO] [1786737211.450590540] [attitude_scout_1]: [scout_1] Landed — tilt correction stopped, yaw-hold pinned to current heading.
[INFO] [1786737211.462796961] [attitude_scout_1]: [scout_1] Landed — tilt correction stopped, yaw-hold pinned to current heading.
[INFO] [1786737211.463851092] [attitude_scout_1]: [scout_1] Landed — tilt correction stopped, yaw-hold pinned to current heading.
[INFO] [1786737211.464860454] [attitude_scout_1]: [scout_1] Landed — tilt correction stopped, yaw-hold pinned to current heading.
[INFO] [1786737211.465924013] [attitude_scout_1]: [scout_1] Landed — tilt correction stopped, yaw-hold pinned to current heading.
[INFO] [1786737211.581733839] [attitude_scout_1]: [scout_1] Landed — tilt correction stopped, yaw-hold pinned to current heading.
[INFO] [1786737211.583131944] [attitude_scout_1]: [scout_1] Landed — tilt correction stopped, yaw-hold pinned to current heading.
[INFO] [1786737211.584087737] [attitude_scout_1]: [scout_1] Landed — tilt correction stopped, yaw-hold pinned to current heading.
[INFO] [1786737211.585286371] [attitude_scout_1]: [scout_1] Landed — tilt correction stopped, yaw-hold pinned to current heading.
[INFO] [1786737211.742258846] [attitude_scout_1]: [scout_1] Landed — tilt correction stopped, yaw-hold pinned to current heading.
[INFO] [1786737211.754466664] [attitude_scout_1]: [scout_1] Landed — tilt correction stopped, yaw-hold pinned to current heading.
[INFO] [1786737211.755514998] [attitude_scout_1]: [scout_1] Landed — tilt correction stopped, yaw-hold pinned to current heading.
[INFO] [1786737211.808789780] [attitude_scout_1]: [scout_1] Landed — tilt correction stopped, yaw-hold pinned to current heading.
[INFO] [1786737211.920569841] [attitude_scout_1]: [scout_1] Landed — tilt correction stopped, yaw-hold pinned to current heading.
[INFO] [1786737211.921572568] [attitude_scout_1]: [scout_1] Landed — tilt correction stopped, yaw-hold pinned to current heading.
[INFO] [1786737211.998094523] [attitude_scout_1]: [scout_1] Landed — tilt correction stopped, yaw-hold pinned to current heading.
[INFO] [1786737211.999185810] [attitude_scout_1]: [scout_1] Landed — tilt correction stopped, yaw-hold pinned to current heading.
[INFO] [1786737212.000754191] [attitude_scout_1]: [scout_1] Landed — tilt correction stopped, yaw-hold pinned to current heading.
[INFO] [1786737212.002229122] [attitude_scout_1]: [scout_1] Landed — tilt correction stopped, yaw-hold pinned to current heading.
[INFO] [1786737212.003613537] [attitude_scout_1]: [scout_1] Landed — tilt correction stopped, yaw-hold pinned to current heading.
[INFO] [1786737212.004987267] [attitude_scout_1]: [scout_1] Landed — tilt correction stopped, yaw-hold pinned to current heading.
[INFO] [1786737212.006295415] [attitude_scout_1]: [scout_1] Landed — tilt correction stopped, yaw-hold pinned to current heading.
[INFO] [1786737212.113136432] [attitude_scout_1]: [scout_1] Landed — tilt correction stopped, yaw-hold pinned to current heading.
[INFO] [1786737212.138229818] [attitude_scout_1]: [scout_1] Landed — tilt correction stopped, yaw-hold pinned to current heading.
[INFO] [1786737212.163611373] [attitude_scout_1]: [scout_1] Landed — tilt correction stopped, yaw-hold pinned to current heading.
[INFO] [1786737212.183192171] [attitude_scout_1]: [scout_1] Landed — tilt correction stopped, yaw-hold pinned to current heading.
[INFO] [1786737212.195138010] [attitude_scout_1]: [scout_1] Landed — tilt correction stopped, yaw-hold pinned to current heading.
[INFO] [1786737212.196457682] [attitude_scout_1]: [scout_1] Landed — tilt correction stopped, yaw-hold pinned to current heading.
[INFO] [1786737212.197483666] [attitude_scout_1]: [scout_1] Landed — tilt correction stopped, yaw-hold pinned to current heading.
[INFO] [1786737212.198318492] [attitude_scout_1]: [scout_1] Landed — tilt correction stopped, yaw-hold pinned to current heading.
[INFO] [1786737212.199135438] [attitude_scout_1]: [scout_1] Landed — tilt correction stopped, yaw-hold pinned to current heading.
[INFO] [1786737212.293079363] [attitude_scout_1]: [scout_1] Landed — tilt correction stopped, yaw-hold pinned to current heading.
[INFO] [1786737212.293966361] [attitude_scout_1]: [scout_1] Landed — tilt correction stopped, yaw-hold pinned to current heading.
[INFO] [1786737212.359789374] [attitude_scout_1]: [scout_1] Landed — tilt correction stopped, yaw-hold pinned to current heading.
[INFO] [1786737212.360910274] [attitude_scout_1]: [scout_1] Landed — tilt correction stopped, yaw-hold pinned to current heading.
[INFO] [1786737212.361865648] [attitude_scout_1]: [scout_1] Landed — tilt correction stopped, yaw-hold pinned to current heading.
[INFO] [1786737212.399623620] [attitude_scout_1]: [scout_1] Landed — tilt correction stopped, yaw-hold pinned to current heading.
[INFO] [1786737212.413537618] [attitude_scout_1]: [scout_1] Landed — tilt correction stopped, yaw-hold pinned to current heading.
[INFO] [1786737212.526340799] [attitude_scout_1]: [scout_1] Landed — tilt correction stopped, yaw-hold pinned to current heading.
[INFO] [1786737212.527304344] [attitude_scout_1]: [scout_1] Landed — tilt correction stopped, yaw-hold pinned to current heading.
[INFO] [1786737212.528420844] [attitude_scout_1]: [scout_1] Landed — tilt correction stopped, yaw-hold pinned to current heading.
[INFO] [1786737212.529670604] [attitude_scout_1]: [scout_1] Landed — tilt correction stopped, yaw-hold pinned to current heading.
[INFO] [1786737212.530903601] [attitude_scout_1]: [scout_1] Landed — tilt correction stopped, yaw-hold pinned to current heading.
[INFO] [1786737212.532203717] [attitude_scout_1]: [scout_1] Landed — tilt correction stopped, yaw-hold pinned to current heading.
[INFO] [1786737212.656534311] [attitude_scout_1]: [scout_1] Landed — tilt correction stopped, yaw-hold pinned to current heading.
[INFO] [1786737212.657438002] [attitude_scout_1]: [scout_1] Landed — tilt correction stopped, yaw-hold pinned to current heading.
[INFO] [1786737212.800759156] [attitude_scout_1]: [scout_1] Landed — tilt correction stopped, yaw-hold pinned to current heading.
[INFO] [1786737212.802073240] [attitude_scout_1]: [scout_1] Landed — tilt correction stopped, yaw-hold pinned to current heading.
[INFO] [1786737212.803237093] [attitude_scout_1]: [scout_1] Landed — tilt correction stopped, yaw-hold pinned to current heading.
[INFO] [1786737212.804456751] [attitude_scout_1]: [scout_1] Landed — tilt correction stopped, yaw-hold pinned to current heading.
[INFO] [1786737212.805705742] [attitude_scout_1]: [scout_1] Landed — tilt correction stopped, yaw-hold pinned to current heading.
[INFO] [1786737212.806663490] [attitude_scout_1]: [scout_1] Landed — tilt correction stopped, yaw-hold pinned to current heading.
[INFO] [1786737212.830680396] [attitude_scout_1]: [scout_1] Landed — tilt correction stopped, yaw-hold pinned to current heading.
[INFO] [1786737212.880969626] [attitude_scout_1]: [scout_1] Landed — tilt correction stopped, yaw-hold pinned to current heading.
[INFO] [1786737212.893469036] [attitude_scout_1]: [scout_1] Landed — tilt correction stopped, yaw-hold pinned to current heading.
[INFO] [1786737212.894354917] [attitude_scout_1]: [scout_1] Landed — tilt correction stopped, yaw-hold pinned to current heading.
[INFO] [1786737212.895421480] [attitude_scout_1]: [scout_1] Landed — tilt correction stopped, yaw-hold pinned to current heading.
[INFO] [1786737212.896342701] [attitude_scout_1]: [scout_1] Landed — tilt correction stopped, yaw-hold pinned to current heading.
[INFO] [1786737212.897397739] [attitude_scout_1]: [scout_1] Landed — tilt correction stopped, yaw-hold pinned to current heading.
[INFO] [1786737212.999632652] [attitude_scout_1]: [scout_1] Landed — tilt correction stopped, yaw-hold pinned to current heading.
[INFO] [1786737213.000940730] [attitude_scout_1]: [scout_1] Landed — tilt correction stopped, yaw-hold pinned to current heading.
[INFO] [1786737213.002361114] [attitude_scout_1]: [scout_1] Landed — tilt correction stopped, yaw-hold pinned to current heading.
[INFO] [1786737213.003645725] [attitude_scout_1]: [scout_1] Landed — tilt correction stopped, yaw-hold pinned to current heading.
[INFO] [1786737213.022978303] [attitude_scout_1]: [scout_1] Landed — tilt correction stopped, yaw-hold pinned to current heading.
[INFO] [1786737213.023910559] [attitude_scout_1]: [scout_1] Landed — tilt correction stopped, yaw-hold pinned to current heading.
[INFO] [1786737213.061870516] [attitude_scout_1]: [scout_1] Landed — tilt correction stopped, yaw-hold pinned to current heading.
[INFO] [1786737213.063065519] [attitude_scout_1]: [scout_1] Landed — tilt correction stopped, yaw-hold pinned to current heading.
[INFO] [1786737213.064236845] [attitude_scout_1]: [scout_1] Landed — tilt correction stopped, yaw-hold pinned to current heading.
[INFO] [1786737213.065477246] [attitude_scout_1]: [scout_1] Landed — tilt correction stopped, yaw-hold pinned to current heading.
[INFO] [1786737213.066690128] [attitude_scout_1]: [scout_1] Landed — tilt correction stopped, yaw-hold pinned to current heading.
[INFO] [1786737213.067727706] [attitude_scout_1]: [scout_1] Landed — tilt correction stopped, yaw-hold pinned to current heading.
[INFO] [1786737213.166357147] [attitude_scout_1]: [scout_1] Landed — tilt correction stopped, yaw-hold pinned to current heading.
[INFO] [1786737213.167524562] [attitude_scout_1]: [scout_1] Landed — tilt correction stopped, yaw-hold pinned to current heading.
[INFO] [1786737213.220082971] [attitude_scout_1]: [scout_1] Landed — tilt correction stopped, yaw-hold pinned to current heading.
[INFO] [1786737213.221193535] [attitude_scout_1]: [scout_1] Landed — tilt correction stopped, yaw-hold pinned to current heading.
[INFO] [1786737213.316176155] [attitude_scout_1]: [scout_1] Landed — tilt correction stopped, yaw-hold pinned to current heading.
[INFO] [1786737213.328024494] [attitude_scout_1]: [scout_1] Landed — tilt correction stopped, yaw-hold pinned to current heading.
[INFO] [1786737213.329353245] [attitude_scout_1]: [scout_1] Landed — tilt correction stopped, yaw-hold pinned to current heading.
[INFO] [1786737213.330532255] [attitude_scout_1]: [scout_1] Landed — tilt correction stopped, yaw-hold pinned to current heading.
[INFO] [1786737213.331477361] [attitude_scout_1]: [scout_1] Landed — tilt correction stopped, yaw-hold pinned to current heading.
[INFO] [1786737213.342616451] [attitude_scout_1]: [scout_1] Landed — tilt correction stopped, yaw-hold pinned to current heading.
[INFO] [1786737213.343637407] [attitude_scout_1]: [scout_1] Landed — tilt correction stopped, yaw-hold pinned to current heading.
[INFO] [1786737213.344757050] [attitude_scout_1]: [scout_1] Landed — tilt correction stopped, yaw-hold pinned to current heading.
[INFO] [1786737213.450284123] [attitude_scout_1]: [scout_1] Landed — tilt correction stopped, yaw-hold pinned to current heading.
[INFO] [1786737213.470393487] [attitude_scout_1]: [scout_1] Landed — tilt correction stopped, yaw-hold pinned to current heading.
[INFO] [1786737213.482048363] [attitude_scout_1]: [scout_1] Landed — tilt correction stopped, yaw-hold pinned to current heading.
[INFO] [1786737213.493763233] [attitude_scout_1]: [scout_1] Landed — tilt correction stopped, yaw-hold pinned to current heading.
[INFO] [1786737213.505397994] [attitude_scout_1]: [scout_1] Landed — tilt correction stopped, yaw-hold pinned to current heading.
[INFO] [1786737213.592630906] [attitude_scout_1]: [scout_1] Landed — tilt correction stopped, yaw-hold pinned to current heading.
[INFO] [1786737213.605891388] [attitude_scout_1]: [scout_1] Landed — tilt correction stopped, yaw-hold pinned to current heading.
[INFO] [1786737213.620881446] [attitude_scout_1]: [scout_1] Landed — tilt correction stopped, yaw-hold pinned to current heading.
[INFO] [1786737213.622065274] [attitude_scout_1]: [scout_1] Landed — tilt correction stopped, yaw-hold pinned to current heading.
[INFO] [1786737213.623148949] [attitude_scout_1]: [scout_1] Landed — tilt correction stopped, yaw-hold pinned to current heading.
[INFO] [1786737213.792094081] [attitude_scout_1]: [scout_1] Landed — tilt correction stopped, yaw-hold pinned to current heading.
[INFO] [1786737213.793151983] [attitude_scout_1]: [scout_1] Landed — tilt correction stopped, yaw-hold pinned to current heading.
[INFO] [1786737213.794190749] [attitude_scout_1]: [scout_1] Landed — tilt correction stopped, yaw-hold pinned to current heading.
[INFO] [1786737213.795343916] [attitude_scout_1]: [scout_1] Landed — tilt correction stopped, yaw-hold pinned to current heading.
[INFO] [1786737213.796506512] [attitude_scout_1]: [scout_1] Landed — tilt correction stopped, yaw-hold pinned to current heading.
[INFO] [1786737213.797700887] [attitude_scout_1]: [scout_1] Landed — tilt correction stopped, yaw-hold pinned to current heading.
[INFO] [1786737213.887233568] [attitude_scout_1]: [scout_1] Landed — tilt correction stopped, yaw-hold pinned to current heading.
[INFO] [1786737213.948808208] [attitude_scout_1]: [scout_1] Landed — tilt correction stopped, yaw-hold pinned to current heading.
[INFO] [1786737213.959786171] [attitude_scout_1]: [scout_1] Landed — tilt correction stopped, yaw-hold pinned to current heading.
[INFO] [1786737213.960861325] [attitude_scout_1]: [scout_1] Landed — tilt correction stopped, yaw-hold pinned to current heading.
[INFO] [1786737213.962038239] [attitude_scout_1]: [scout_1] Landed — tilt correction stopped, yaw-hold pinned to current heading.
[INFO] [1786737213.963312792] [attitude_scout_1]: [scout_1] Landed — tilt correction stopped, yaw-hold pinned to current heading.
[INFO] [1786737213.964410714] [attitude_scout_1]: [scout_1] Landed — tilt correction stopped, yaw-hold pinned to current heading.
[INFO] [1786737213.965721516] [attitude_scout_1]: [scout_1] Landed — tilt correction stopped, yaw-hold pinned to current heading.
[INFO] [1786737214.023482343] [attitude_scout_1]: [scout_1] Landed — tilt correction stopped, yaw-hold pinned to current heading.
[INFO] [1786737214.063849348] [attitude_scout_1]: [scout_1] Landed — tilt correction stopped, yaw-hold pinned to current heading.
[INFO] [1786737214.064935187] [attitude_scout_1]: [scout_1] Landed — tilt correction stopped, yaw-hold pinned to current heading.
[INFO] [1786737214.068252909] [attitude_scout_1]: [scout_1] Landed — tilt correction stopped, yaw-hold pinned to current heading.
[INFO] [1786737214.069310392] [attitude_scout_1]: [scout_1] Landed — tilt correction stopped, yaw-hold pinned to current heading.
[INFO] [1786737214.070477738] [attitude_scout_1]: [scout_1] Landed — tilt correction stopped, yaw-hold pinned to current heading.
[INFO] [1786737214.071801041] [attitude_scout_1]: [scout_1] Landed — tilt correction stopped, yaw-hold pinned to current heading.
[INFO] [1786737214.073084814] [attitude_scout_1]: [scout_1] Landed — tilt correction stopped, yaw-hold pinned to current heading.
[INFO] [1786737214.074066099] [attitude_scout_1]: [scout_1] Landed — tilt correction stopped, yaw-hold pinned to current heading.
[INFO] [1786737214.145747000] [attitude_scout_1]: [scout_1] Landed — tilt correction stopped, yaw-hold pinned to current heading.
[INFO] [1786737214.176219017] [attitude_scout_1]: [scout_1] Landed — tilt correction stopped, yaw-hold pinned to current heading.
[INFO] [1786737214.212602771] [attitude_scout_1]: [scout_1] Landed — tilt correction stopped, yaw-hold pinned to current heading.
[INFO] [1786737214.213985161] [attitude_scout_1]: [scout_1] Landed — tilt correction stopped, yaw-hold pinned to current heading.
[INFO] [1786737214.214886197] [attitude_scout_1]: [scout_1] Landed — tilt correction stopped, yaw-hold pinned to current heading.
[INFO] [1786737214.215744630] [attitude_scout_1]: [scout_1] Landed — tilt correction stopped, yaw-hold pinned to current heading.
[INFO] [1786737214.217030219] [attitude_scout_1]: [scout_1] Landed — tilt correction stopped, yaw-hold pinned to current heading.
[INFO] [1786737214.304276749] [attitude_scout_1]: [scout_1] Landed — tilt correction stopped, yaw-hold pinned to current heading.
[INFO] [1786737214.305515683] [attitude_scout_1]: [scout_1] Landed — tilt correction stopped, yaw-hold pinned to current heading.
[INFO] [1786737214.306668012] [attitude_scout_1]: [scout_1] Landed — tilt correction stopped, yaw-hold pinned to current heading.
[INFO] [1786737214.307766842] [attitude_scout_1]: [scout_1] Landed — tilt correction stopped, yaw-hold pinned to current heading.
[INFO] [1786737214.309020443] [attitude_scout_1]: [scout_1] Landed — tilt correction stopped, yaw-hold pinned to current heading.
[INFO] [1786737214.346166666] [attitude_scout_1]: [scout_1] Landed — tilt correction stopped, yaw-hold pinned to current heading.
[INFO] [1786737214.347175469] [attitude_scout_1]: [scout_1] Landed — tilt correction stopped, yaw-hold pinned to current heading.
[INFO] [1786737214.424976238] [attitude_scout_1]: [scout_1] Landed — tilt correction stopped, yaw-hold pinned to current heading.
[INFO] [1786737214.426259312] [attitude_scout_1]: [scout_1] Landed — tilt correction stopped, yaw-hold pinned to current heading.
[INFO] [1786737214.444643081] [attitude_scout_1]: [scout_1] Landed — tilt correction stopped, yaw-hold pinned to current heading.
[INFO] [1786737214.504352022] [attitude_scout_1]: [scout_1] Landed — tilt correction stopped, yaw-hold pinned to current heading.
[INFO] [1786737214.515933843] [attitude_scout_1]: [scout_1] Landed — tilt correction stopped, yaw-hold pinned to current heading.
[INFO] [1786737214.516949421] [attitude_scout_1]: [scout_1] Landed — tilt correction stopped, yaw-hold pinned to current heading.
[INFO] [1786737214.518127592] [attitude_scout_1]: [scout_1] Landed — tilt correction stopped, yaw-hold pinned to current heading.
[INFO] [1786737214.519180745] [attitude_scout_1]: [scout_1] Landed — tilt correction stopped, yaw-hold pinned to current heading.
[INFO] [1786737214.520451806] [attitude_scout_1]: [scout_1] Landed — tilt correction stopped, yaw-hold pinned to current heading.
[INFO] [1786737214.521732296] [attitude_scout_1]: [scout_1] Landed — tilt correction stopped, yaw-hold pinned to current heading.
[INFO] [1786737214.522956563] [attitude_scout_1]: [scout_1] Landed — tilt correction stopped, yaw-hold pinned to current heading.
[INFO] [1786737214.614004125] [attitude_scout_1]: [scout_1] Landed — tilt correction stopped, yaw-hold pinned to current heading.
[INFO] [1786737214.625472870] [attitude_scout_1]: [scout_1] Landed — tilt correction stopped, yaw-hold pinned to current heading.
[INFO] [1786737214.637347610] [attitude_scout_1]: [scout_1] Landed — tilt correction stopped, yaw-hold pinned to current heading.
[INFO] [1786737214.687909016] [attitude_scout_1]: [scout_1] Landed — tilt correction stopped, yaw-hold pinned to current heading.
[INFO] [1786737214.688691740] [attitude_scout_1]: [scout_1] Landed — tilt correction stopped, yaw-hold pinned to current heading.
[INFO] [1786737214.728192279] [attitude_scout_1]: [scout_1] Landed — tilt correction stopped, yaw-hold pinned to current heading.
[INFO] [1786737214.729320304] [attitude_scout_1]: [scout_1] Landed — tilt correction stopped, yaw-hold pinned to current heading.
[INFO] [1786737214.730519078] [attitude_scout_1]: [scout_1] Landed — tilt correction stopped, yaw-hold pinned to current heading.
[INFO] [1786737214.742483286] [attitude_scout_1]: [scout_1] Landed — tilt correction stopped, yaw-hold pinned to current heading.
[INFO] [1786737214.791420996] [attitude_scout_1]: [scout_1] Landed — tilt correction stopped, yaw-hold pinned to current heading.
[INFO] [1786737214.792360237] [attitude_scout_1]: [scout_1] Landed — tilt correction stopped, yaw-hold pinned to current heading.
[INFO] [1786737214.793389154] [attitude_scout_1]: [scout_1] Landed — tilt correction stopped, yaw-hold pinned to current heading.
[INFO] [1786737214.831635744] [attitude_scout_1]: [scout_1] Landed — tilt correction stopped, yaw-hold pinned to current heading.
[INFO] [1786737214.909537575] [attitude_scout_1]: [scout_1] Landed — tilt correction stopped, yaw-hold pinned to current heading.
[INFO] [1786737214.915663799] [attitude_scout_1]: [scout_1] Landed — tilt correction stopped, yaw-hold pinned to current heading.
[INFO] [1786737214.916958816] [attitude_scout_1]: [scout_1] Landed — tilt correction stopped, yaw-hold pinned to current heading.
[INFO] [1786737214.918116872] [attitude_scout_1]: [scout_1] Landed — tilt correction stopped, yaw-hold pinned to current heading.
[INFO] [1786737214.919404765] [attitude_scout_1]: [scout_1] Landed — tilt correction stopped, yaw-hold pinned to current heading.
[INFO] [1786737215.019502641] [attitude_scout_1]: [scout_1] Landed — tilt correction stopped, yaw-hold pinned to current heading.
[INFO] [1786737215.031953231] [attitude_scout_1]: [scout_1] Landed — tilt correction stopped, yaw-hold pinned to current heading.
[INFO] [1786737215.080883818] [attitude_scout_1]: [scout_1] Landed — tilt correction stopped, yaw-hold pinned to current heading.
[INFO] [1786737215.081965955] [attitude_scout_1]: [scout_1] Landed — tilt correction stopped, yaw-hold pinned to current heading.
[INFO] [1786737215.083017153] [attitude_scout_1]: [scout_1] Landed — tilt correction stopped, yaw-hold pinned to current heading.
[INFO] [1786737215.181192896] [attitude_scout_1]: [scout_1] Landed — tilt correction stopped, yaw-hold pinned to current heading.
[INFO] [1786737215.182169502] [attitude_scout_1]: [scout_1] Landed — tilt correction stopped, yaw-hold pinned to current heading.
[INFO] [1786737215.183095053] [attitude_scout_1]: [scout_1] Landed — tilt correction stopped, yaw-hold pinned to current heading.
[INFO] [1786737215.184134308] [attitude_scout_1]: [scout_1] Landed — tilt correction stopped, yaw-hold pinned to current heading.
[INFO] [1786737215.197796244] [attitude_scout_1]: [scout_1] Landed — tilt correction stopped, yaw-hold pinned to current heading.
[INFO] [1786737215.199010523] [attitude_scout_1]: [scout_1] Landed — tilt correction stopped, yaw-hold pinned to current heading.
[INFO] [1786737215.331938084] [attitude_scout_1]: [scout_1] Landed — tilt correction stopped, yaw-hold pinned to current heading.
[INFO] [1786737215.332638394] [attitude_scout_1]: [scout_1] Landed — tilt correction stopped, yaw-hold pinned to current heading.
[INFO] [1786737215.333232543] [attitude_scout_1]: [scout_1] Landed — tilt correction stopped, yaw-hold pinned to current heading.
[INFO] [1786737215.410425403] [attitude_scout_1]: [scout_1] Landed — tilt correction stopped, yaw-hold pinned to current heading.
[INFO] [1786737215.462822616] [attitude_scout_1]: [scout_1] Landed — tilt correction stopped, yaw-hold pinned to current heading.
[INFO] [1786737215.464113513] [attitude_scout_1]: [scout_1] Landed — tilt correction stopped, yaw-hold pinned to current heading.
[INFO] [1786737215.543310989] [attitude_scout_1]: [scout_1] Landed — tilt correction stopped, yaw-hold pinned to current heading.
[INFO] [1786737215.575545897] [attitude_scout_1]: [scout_1] Landed — tilt correction stopped, yaw-hold pinned to current heading.
[INFO] [1786737215.587748406] [attitude_scout_1]: [scout_1] Landed — tilt correction stopped, yaw-hold pinned to current heading.
[INFO] [1786737215.640101619] [attitude_scout_1]: [scout_1] Landed — tilt correction stopped, yaw-hold pinned to current heading.
[INFO] [1786737215.650989485] [attitude_scout_1]: [scout_1] Landed — tilt correction stopped, yaw-hold pinned to current heading.
[INFO] [1786737215.652180577] [attitude_scout_1]: [scout_1] Landed — tilt correction stopped, yaw-hold pinned to current heading.
[INFO] [1786737215.653313490] [attitude_scout_1]: [scout_1] Landed — tilt correction stopped, yaw-hold pinned to current heading.
[INFO] [1786737215.654472175] [attitude_scout_1]: [scout_1] Landed — tilt correction stopped, yaw-hold pinned to current heading.
[INFO] [1786737215.706087503] [attitude_scout_1]: [scout_1] Landed — tilt correction stopped, yaw-hold pinned to current heading.
[INFO] [1786737215.717989062] [attitude_scout_1]: [scout_1] Landed — tilt correction stopped, yaw-hold pinned to current heading.
[INFO] [1786737215.719183226] [attitude_scout_1]: [scout_1] Landed — tilt correction stopped, yaw-hold pinned to current heading.
[INFO] [1786737215.720623655] [attitude_scout_1]: [scout_1] Landed — tilt correction stopped, yaw-hold pinned to current heading.
[INFO] [1786737215.721705444] [attitude_scout_1]: [scout_1] Landed — tilt correction stopped, yaw-hold pinned to current heading.
[INFO] [1786737215.822768192] [attitude_scout_1]: [scout_1] Landed — tilt correction stopped, yaw-hold pinned to current heading.
[INFO] [1786737215.823745077] [attitude_scout_1]: [scout_1] Landed — tilt correction stopped, yaw-hold pinned to current heading.
[INFO] [1786737215.824778325] [attitude_scout_1]: [scout_1] Landed — tilt correction stopped, yaw-hold pinned to current heading.
[INFO] [1786737215.887160343] [attitude_scout_1]: [scout_1] Landed — tilt correction stopped, yaw-hold pinned to current heading.
[INFO] [1786737215.888270836] [attitude_scout_1]: [scout_1] Landed — tilt correction stopped, yaw-hold pinned to current heading.
[INFO] [1786737215.927074210] [attitude_scout_1]: [scout_1] Landed — tilt correction stopped, yaw-hold pinned to current heading.
[INFO] [1786737215.954470997] [attitude_scout_1]: [scout_1] Landed — tilt correction stopped, yaw-hold pinned to current heading.
[INFO] [1786737215.955351290] [attitude_scout_1]: [scout_1] Landed — tilt correction stopped, yaw-hold pinned to current heading.
[INFO] [1786737215.956169354] [attitude_scout_1]: [scout_1] Landed — tilt correction stopped, yaw-hold pinned to current heading.
[INFO] [1786737215.956983856] [attitude_scout_1]: [scout_1] Landed — tilt correction stopped, yaw-hold pinned to current heading.
[INFO] [1786737215.969482567] [attitude_scout_1]: [scout_1] Landed — tilt correction stopped, yaw-hold pinned to current heading.
[INFO] [1786737215.970611010] [attitude_scout_1]: [scout_1] Landed — tilt correction stopped, yaw-hold pinned to current heading.
[INFO] [1786737215.972171777] [attitude_scout_1]: [scout_1] Landed — tilt correction stopped, yaw-hold pinned to current heading.
[INFO] [1786737216.043277875] [attitude_scout_1]: [scout_1] Landed — tilt correction stopped, yaw-hold pinned to current heading.
[INFO] [1786737216.044512619] [attitude_scout_1]: [scout_1] Landed — tilt correction stopped, yaw-hold pinned to current heading.
[INFO] [1786737216.045695539] [attitude_scout_1]: [scout_1] Landed — tilt correction stopped, yaw-hold pinned to current heading.
[INFO] [1786737216.232788442] [attitude_scout_1]: [scout_1] Landed — tilt correction stopped, yaw-hold pinned to current heading.
[INFO] [1786737216.234022975] [attitude_scout_1]: [scout_1] Landed — tilt correction stopped, yaw-hold pinned to current heading.
[INFO] [1786737216.235269522] [attitude_scout_1]: [scout_1] Landed — tilt correction stopped, yaw-hold pinned to current heading.
[INFO] [1786737216.236171676] [attitude_scout_1]: [scout_1] Landed — tilt correction stopped, yaw-hold pinned to current heading.
[INFO] [1786737216.236994349] [attitude_scout_1]: [scout_1] Landed — tilt correction stopped, yaw-hold pinned to current heading.
[INFO] [1786737216.292895973] [attitude_scout_1]: [scout_1] Landed — tilt correction stopped, yaw-hold pinned to current heading.
[INFO] [1786737216.335549267] [attitude_scout_1]: [scout_1] Landed — tilt correction stopped, yaw-hold pinned to current heading.
[INFO] [1786737216.419876595] [attitude_scout_1]: [scout_1] Landed — tilt correction stopped, yaw-hold pinned to current heading.
[INFO] [1786737216.420796559] [attitude_scout_1]: [scout_1] Landed — tilt correction stopped, yaw-hold pinned to current heading.
[INFO] [1786737216.479904855] [attitude_scout_1]: [scout_1] Landed — tilt correction stopped, yaw-hold pinned to current heading.
[INFO] [1786737216.481674521] [attitude_scout_1]: [scout_1] Landed — tilt correction stopped, yaw-hold pinned to current heading.
[INFO] [1786737216.518043189] [attitude_scout_1]: [scout_1] Landed — tilt correction stopped, yaw-hold pinned to current heading.
[INFO] [1786737216.529730891] [attitude_scout_1]: [scout_1] Landed — tilt correction stopped, yaw-hold pinned to current heading.
[INFO] [1786737216.531817711] [attitude_scout_1]: [scout_1] Landed — tilt correction stopped, yaw-hold pinned to current heading.
[INFO] [1786737216.533291664] [attitude_scout_1]: [scout_1] Landed — tilt correction stopped, yaw-hold pinned to current heading.
[INFO] [1786737216.534605539] [attitude_scout_1]: [scout_1] Landed — tilt correction stopped, yaw-hold pinned to current heading.
[INFO] [1786737216.535824707] [attitude_scout_1]: [scout_1] Landed — tilt correction stopped, yaw-hold pinned to current heading.
[INFO] [1786737216.536940858] [attitude_scout_1]: [scout_1] Landed — tilt correction stopped, yaw-hold pinned to current heading.
[INFO] [1786737216.585769475] [attitude_scout_1]: [scout_1] Landed — tilt correction stopped, yaw-hold pinned to current heading.
[INFO] [1786737216.586762564] [attitude_scout_1]: [scout_1] Landed — tilt correction stopped, yaw-hold pinned to current heading.
[INFO] [1786737216.671112661] [attitude_scout_1]: [scout_1] Landed — tilt correction stopped, yaw-hold pinned to current heading.
[INFO] [1786737216.683385083] [attitude_scout_1]: [scout_1] Landed — tilt correction stopped, yaw-hold pinned to current heading.
[INFO] [1786737216.684601248] [attitude_scout_1]: [scout_1] Landed — tilt correction stopped, yaw-hold pinned to current heading.
[INFO] [1786737216.830291594] [attitude_scout_1]: [scout_1] Landed — tilt correction stopped, yaw-hold pinned to current heading.
[INFO] [1786737216.831387560] [attitude_scout_1]: [scout_1] Landed — tilt correction stopped, yaw-hold pinned to current heading.
[INFO] [1786737216.832337346] [attitude_scout_1]: [scout_1] Landed — tilt correction stopped, yaw-hold pinned to current heading.
[INFO] [1786737216.833115390] [attitude_scout_1]: [scout_1] Landed — tilt correction stopped, yaw-hold pinned to current heading.
[INFO] [1786737216.833896088] [attitude_scout_1]: [scout_1] Landed — tilt correction stopped, yaw-hold pinned to current heading.
[INFO] [1786737216.834939324] [attitude_scout_1]: [scout_1] Landed — tilt correction stopped, yaw-hold pinned to current heading.
[INFO] [1786737216.943530031] [attitude_scout_1]: [scout_1] Landed — tilt correction stopped, yaw-hold pinned to current heading.
[INFO] [1786737216.969815626] [attitude_scout_1]: [scout_1] Landed — tilt correction stopped, yaw-hold pinned to current heading.
[INFO] [1786737217.002308252] [attitude_scout_1]: [scout_1] Landed — tilt correction stopped, yaw-hold pinned to current heading.
[INFO] [1786737217.003308954] [attitude_scout_1]: [scout_1] Landed — tilt correction stopped, yaw-hold pinned to current heading.
[INFO] [1786737217.004407505] [attitude_scout_1]: [scout_1] Landed — tilt correction stopped, yaw-hold pinned to current heading.
[INFO] [1786737217.005380479] [attitude_scout_1]: [scout_1] Landed — tilt correction stopped, yaw-hold pinned to current heading.
[INFO] [1786737217.138421603] [attitude_scout_1]: [scout_1] Landed — tilt correction stopped, yaw-hold pinned to current heading.
[INFO] [1786737217.139543271] [attitude_scout_1]: [scout_1] Landed — tilt correction stopped, yaw-hold pinned to current heading.
[INFO] [1786737217.140698464] [attitude_scout_1]: [scout_1] Landed — tilt correction stopped, yaw-hold pinned to current heading.
[INFO] [1786737217.194983725] [attitude_scout_1]: [scout_1] Landed — tilt correction stopped, yaw-hold pinned to current heading.
[INFO] [1786737217.195761630] [attitude_scout_1]: [scout_1] Landed — tilt correction stopped, yaw-hold pinned to current heading.
[INFO] [1786737217.196581439] [attitude_scout_1]: [scout_1] Landed — tilt correction stopped, yaw-hold pinned to current heading.
[INFO] [1786737217.197751090] [attitude_scout_1]: [scout_1] Landed — tilt correction stopped, yaw-hold pinned to current heading.
[INFO] [1786737217.198945464] [attitude_scout_1]: [scout_1] Landed — tilt correction stopped, yaw-hold pinned to current heading.
[INFO] [1786737217.200019081] [attitude_scout_1]: [scout_1] Landed — tilt correction stopped, yaw-hold pinned to current heading.
[INFO] [1786737217.201048907] [attitude_scout_1]: [scout_1] Landed — tilt correction stopped, yaw-hold pinned to current heading.
[INFO] [1786737217.201824436] [attitude_scout_1]: [scout_1] Landed — tilt correction stopped, yaw-hold pinned to current heading.
[INFO] [1786737217.309002512] [attitude_scout_1]: [scout_1] Landed — tilt correction stopped, yaw-hold pinned to current heading.
[INFO] [1786737217.385721561] [attitude_scout_1]: [scout_1] Landed — tilt correction stopped, yaw-hold pinned to current heading.
[INFO] [1786737217.387006521] [attitude_scout_1]: [scout_1] Landed — tilt correction stopped, yaw-hold pinned to current heading.
[INFO] [1786737217.388168768] [attitude_scout_1]: [scout_1] Landed — tilt correction stopped, yaw-hold pinned to current heading.
[INFO] [1786737217.389202505] [attitude_scout_1]: [scout_1] Landed — tilt correction stopped, yaw-hold pinned to current heading.
[INFO] [1786737217.390502202] [attitude_scout_1]: [scout_1] Airborne (landed=False) — tilt correction armed.
[INFO] [1786737220.317983610] [attitude_scout_1]: [scout_1] Jump initiated. Flight mode active (tilt-PD held for stroke).
[INFO] [1786737221.794552219] [attitude_scout_1]: [scout_1] Separation — tilt correction engaged.
[INFO] [1786737338.213575681] [attitude_scout_1]: [scout_1] Contact — commanded-flight latch cleared (full attitude PD locked out until next ignition).
[INFO] [1786737496.888695557] [attitude_scout_1]: [scout_1] RW righting in progress — attitude controller standing down.
[INFO] [1786737621.158074988] [attitude_scout_1]: [scout_1] Landed — tilt correction stopped, yaw-hold pinned to current heading.
[INFO] [1786737621.158908821] [attitude_scout_1]: [scout_1] New target yaw received: -0.64 rad
[INFO] [1786737621.215740782] [attitude_scout_1]: [scout_1] Landed — tilt correction stopped, yaw-hold pinned to current heading.
[INFO] [1786737621.235581645] [attitude_scout_1]: [scout_1] Landed — tilt correction stopped, yaw-hold pinned to current heading.
[INFO] [1786737621.254286194] [attitude_scout_1]: [scout_1] Landed — tilt correction stopped, yaw-hold pinned to current heading.
[INFO] [1786737621.272517849] [attitude_scout_1]: [scout_1] Landed — tilt correction stopped, yaw-hold pinned to current heading.
[INFO] [1786737621.293117604] [attitude_scout_1]: [scout_1] Landed — tilt correction stopped, yaw-hold pinned to current heading.
[INFO] [1786737621.313688934] [attitude_scout_1]: [scout_1] Landed — tilt correction stopped, yaw-hold pinned to current heading.
[INFO] [1786737621.333285493] [attitude_scout_1]: [scout_1] Landed — tilt correction stopped, yaw-hold pinned to current heading.
[INFO] [1786737621.355203498] [attitude_scout_1]: [scout_1] Landed — tilt correction stopped, yaw-hold pinned to current heading.
[INFO] [1786737621.376649098] [attitude_scout_1]: [scout_1] Landed — tilt correction stopped, yaw-hold pinned to current heading.
[INFO] [1786737621.400397288] [attitude_scout_1]: [scout_1] Landed — tilt correction stopped, yaw-hold pinned to current heading.
[INFO] [1786737621.421754679] [attitude_scout_1]: [scout_1] Landed — tilt correction stopped, yaw-hold pinned to current heading.
[INFO] [1786737621.442900941] [attitude_scout_1]: [scout_1] Landed — tilt correction stopped, yaw-hold pinned to current heading.
[INFO] [1786737621.465278849] [attitude_scout_1]: [scout_1] Landed — tilt correction stopped, yaw-hold pinned to current heading.
[INFO] [1786737621.466459302] [attitude_scout_1]: [scout_1] Landed — tilt correction stopped, yaw-hold pinned to current heading.
[INFO] [1786737621.467652257] [attitude_scout_1]: [scout_1] Landed — tilt correction stopped, yaw-hold pinned to current heading.
[INFO] [1786737621.468861834] [attitude_scout_1]: [scout_1] Landed — tilt correction stopped, yaw-hold pinned to current heading.
[INFO] [1786737621.470056256] [attitude_scout_1]: [scout_1] Landed — tilt correction stopped, yaw-hold pinned to current heading.
[INFO] [1786737621.471318493] [attitude_scout_1]: [scout_1] Landed — tilt correction stopped, yaw-hold pinned to current heading.
[INFO] [1786737621.647630670] [attitude_scout_1]: [scout_1] Landed — tilt correction stopped, yaw-hold pinned to current heading.
[INFO] [1786737621.766089321] [attitude_scout_1]: [scout_1] Landed — tilt correction stopped, yaw-hold pinned to current heading.
[INFO] [1786737621.830959567] [attitude_scout_1]: [scout_1] Landed — tilt correction stopped, yaw-hold pinned to current heading.
[INFO] [1786737621.898188626] [attitude_scout_1]: [scout_1] Landed — tilt correction stopped, yaw-hold pinned to current heading.
[INFO] [1786737621.919984269] [attitude_scout_1]: [scout_1] Landed — tilt correction stopped, yaw-hold pinned to current heading.
[INFO] [1786737621.941713145] [attitude_scout_1]: [scout_1] Landed — tilt correction stopped, yaw-hold pinned to current heading.
[INFO] [1786737621.964483001] [attitude_scout_1]: [scout_1] Landed — tilt correction stopped, yaw-hold pinned to current heading.
[INFO] [1786737622.158983047] [attitude_scout_1]: [scout_1] Landed — tilt correction stopped, yaw-hold pinned to current heading.
[INFO] [1786737622.159871495] [attitude_scout_1]: [scout_1] Landed — tilt correction stopped, yaw-hold pinned to current heading.
[INFO] [1786737622.160715804] [attitude_scout_1]: [scout_1] Landed — tilt correction stopped, yaw-hold pinned to current heading.
[INFO] [1786737622.161628486] [attitude_scout_1]: [scout_1] Landed — tilt correction stopped, yaw-hold pinned to current heading.
[INFO] [1786737622.162610591] [attitude_scout_1]: [scout_1] Landed — tilt correction stopped, yaw-hold pinned to current heading.
[INFO] [1786737622.163518525] [attitude_scout_1]: [scout_1] Landed — tilt correction stopped, yaw-hold pinned to current heading.
[INFO] [1786737622.164625366] [attitude_scout_1]: [scout_1] Landed — tilt correction stopped, yaw-hold pinned to current heading.
[INFO] [1786737622.224874442] [attitude_scout_1]: [scout_1] Landed — tilt correction stopped, yaw-hold pinned to current heading.
[INFO] [1786737622.245408198] [attitude_scout_1]: [scout_1] Landed — tilt correction stopped, yaw-hold pinned to current heading.
[INFO] [1786737622.246450506] [attitude_scout_1]: [scout_1] Landed — tilt correction stopped, yaw-hold pinned to current heading.
[INFO] [1786737622.247494978] [attitude_scout_1]: [scout_1] Landed — tilt correction stopped, yaw-hold pinned to current heading.
[INFO] [1786737622.248555235] [attitude_scout_1]: [scout_1] Landed — tilt correction stopped, yaw-hold pinned to current heading.
[INFO] [1786737622.249797777] [attitude_scout_1]: [scout_1] Landed — tilt correction stopped, yaw-hold pinned to current heading.
[INFO] [1786737622.250979418] [attitude_scout_1]: [scout_1] Landed — tilt correction stopped, yaw-hold pinned to current heading.
[INFO] [1786737622.252178449] [attitude_scout_1]: [scout_1] Landed — tilt correction stopped, yaw-hold pinned to current heading.
[INFO] [1786737622.253348566] [attitude_scout_1]: [scout_1] Landed — tilt correction stopped, yaw-hold pinned to current heading.
[INFO] [1786737622.254269979] [attitude_scout_1]: [scout_1] Landed — tilt correction stopped, yaw-hold pinned to current heading.
[INFO] [1786737622.255245938] [attitude_scout_1]: [scout_1] Landed — tilt correction stopped, yaw-hold pinned to current heading.
[INFO] [1786737622.390765571] [attitude_scout_1]: [scout_1] Landed — tilt correction stopped, yaw-hold pinned to current heading.
[INFO] [1786737622.391982342] [attitude_scout_1]: [scout_1] Landed — tilt correction stopped, yaw-hold pinned to current heading.
[INFO] [1786737622.393657759] [attitude_scout_1]: [scout_1] Landed — tilt correction stopped, yaw-hold pinned to current heading.
[INFO] [1786737622.394994237] [attitude_scout_1]: [scout_1] Landed — tilt correction stopped, yaw-hold pinned to current heading.
[INFO] [1786737622.496999528] [attitude_scout_1]: [scout_1] Landed — tilt correction stopped, yaw-hold pinned to current heading.
[INFO] [1786737622.498308768] [attitude_scout_1]: [scout_1] Landed — tilt correction stopped, yaw-hold pinned to current heading.
[INFO] [1786737622.499421965] [attitude_scout_1]: [scout_1] Landed — tilt correction stopped, yaw-hold pinned to current heading.
[INFO] [1786737622.500388565] [attitude_scout_1]: [scout_1] Landed — tilt correction stopped, yaw-hold pinned to current heading.
[INFO] [1786737622.615540175] [attitude_scout_1]: [scout_1] Landed — tilt correction stopped, yaw-hold pinned to current heading.
[INFO] [1786737622.639959189] [attitude_scout_1]: [scout_1] Landed — tilt correction stopped, yaw-hold pinned to current heading.
[INFO] [1786737622.662424190] [attitude_scout_1]: [scout_1] Landed — tilt correction stopped, yaw-hold pinned to current heading.
[INFO] [1786737622.746734763] [attitude_scout_1]: [scout_1] Landed — tilt correction stopped, yaw-hold pinned to current heading.
[INFO] [1786737622.771052227] [attitude_scout_1]: [scout_1] Landed — tilt correction stopped, yaw-hold pinned to current heading.
[INFO] [1786737622.772298750] [attitude_scout_1]: [scout_1] Landed — tilt correction stopped, yaw-hold pinned to current heading.
[INFO] [1786737622.773240906] [attitude_scout_1]: [scout_1] Landed — tilt correction stopped, yaw-hold pinned to current heading.
[INFO] [1786737622.774289779] [attitude_scout_1]: [scout_1] Landed — tilt correction stopped, yaw-hold pinned to current heading.
[INFO] [1786737622.844482474] [attitude_scout_1]: [scout_1] Landed — tilt correction stopped, yaw-hold pinned to current heading.
[INFO] [1786737622.845541823] [attitude_scout_1]: [scout_1] Landed — tilt correction stopped, yaw-hold pinned to current heading.
[INFO] [1786737622.875082071] [attitude_scout_1]: [scout_1] Landed — tilt correction stopped, yaw-hold pinned to current heading.
[INFO] [1786737622.960915947] [attitude_scout_1]: [scout_1] Landed — tilt correction stopped, yaw-hold pinned to current heading.
[INFO] [1786737623.098380656] [attitude_scout_1]: [scout_1] Landed — tilt correction stopped, yaw-hold pinned to current heading.
[INFO] [1786737623.099405783] [attitude_scout_1]: [scout_1] Landed — tilt correction stopped, yaw-hold pinned to current heading.
[INFO] [1786737623.269842243] [attitude_scout_1]: [scout_1] Landed — tilt correction stopped, yaw-hold pinned to current heading.
[INFO] [1786737623.270943077] [attitude_scout_1]: [scout_1] Landed — tilt correction stopped, yaw-hold pinned to current heading.
[INFO] [1786737623.405861733] [attitude_scout_1]: [scout_1] Landed — tilt correction stopped, yaw-hold pinned to current heading.
[INFO] [1786737623.450440156] [attitude_scout_1]: [scout_1] Landed — tilt correction stopped, yaw-hold pinned to current heading.
[INFO] [1786737623.503270997] [attitude_scout_1]: [scout_1] Landed — tilt correction stopped, yaw-hold pinned to current heading.
[INFO] [1786737623.504175787] [attitude_scout_1]: [scout_1] Landed — tilt correction stopped, yaw-hold pinned to current heading.
[INFO] [1786737623.505089588] [attitude_scout_1]: [scout_1] Landed — tilt correction stopped, yaw-hold pinned to current heading.
[INFO] [1786737623.561115377] [attitude_scout_1]: [scout_1] Landed — tilt correction stopped, yaw-hold pinned to current heading.
[INFO] [1786737623.648502171] [attitude_scout_1]: [scout_1] Landed — tilt correction stopped, yaw-hold pinned to current heading.
[INFO] [1786737623.775007285] [attitude_scout_1]: [scout_1] Landed — tilt correction stopped, yaw-hold pinned to current heading.
[INFO] [1786737623.776066634] [attitude_scout_1]: [scout_1] Landed — tilt correction stopped, yaw-hold pinned to current heading.
[INFO] [1786737623.777122631] [attitude_scout_1]: [scout_1] Landed — tilt correction stopped, yaw-hold pinned to current heading.
[INFO] [1786737623.934729500] [attitude_scout_1]: [scout_1] Landed — tilt correction stopped, yaw-hold pinned to current heading.
[INFO] [1786737624.103730379] [attitude_scout_1]: [scout_1] Landed — tilt correction stopped, yaw-hold pinned to current heading.
[INFO] [1786737624.204488524] [attitude_scout_1]: [scout_1] Landed — tilt correction stopped, yaw-hold pinned to current heading.
[INFO] [1786737624.205762844] [attitude_scout_1]: [scout_1] Landed — tilt correction stopped, yaw-hold pinned to current heading.
[INFO] [1786737624.280635940] [attitude_scout_1]: [scout_1] Landed — tilt correction stopped, yaw-hold pinned to current heading.
[INFO] [1786737624.281477106] [attitude_scout_1]: [scout_1] Landed — tilt correction stopped, yaw-hold pinned to current heading.
[INFO] [1786737624.404450990] [attitude_scout_1]: [scout_1] Landed — tilt correction stopped, yaw-hold pinned to current heading.
[INFO] [1786737624.405298860] [attitude_scout_1]: [scout_1] Landed — tilt correction stopped, yaw-hold pinned to current heading.
[INFO] [1786737624.550117977] [attitude_scout_1]: [scout_1] Landed — tilt correction stopped, yaw-hold pinned to current heading.
[INFO] [1786737624.550983517] [attitude_scout_1]: [scout_1] Landed — tilt correction stopped, yaw-hold pinned to current heading.
[INFO] [1786737624.669720703] [attitude_scout_1]: [scout_1] Landed — tilt correction stopped, yaw-hold pinned to current heading.
[INFO] [1786737624.826020291] [attitude_scout_1]: [scout_1] Landed — tilt correction stopped, yaw-hold pinned to current heading.
[INFO] [1786737624.827211151] [attitude_scout_1]: [scout_1] Landed — tilt correction stopped, yaw-hold pinned to current heading.
[INFO] [1786737624.878957292] [attitude_scout_1]: [scout_1] Landed — tilt correction stopped, yaw-hold pinned to current heading.
[INFO] [1786737624.996105734] [attitude_scout_1]: [scout_1] Landed — tilt correction stopped, yaw-hold pinned to current heading.
[INFO] [1786737625.253145455] [attitude_scout_1]: [scout_1] Landed — tilt correction stopped, yaw-hold pinned to current heading.
[INFO] [1786737625.254240632] [attitude_scout_1]: [scout_1] Landed — tilt correction stopped, yaw-hold pinned to current heading.
[INFO] [1786737625.255395384] [attitude_scout_1]: [scout_1] Landed — tilt correction stopped, yaw-hold pinned to current heading.
[INFO] [1786737625.256458854] [attitude_scout_1]: [scout_1] Landed — tilt correction stopped, yaw-hold pinned to current heading.
[INFO] [1786737625.377163466] [attitude_scout_1]: [scout_1] Landed — tilt correction stopped, yaw-hold pinned to current heading.
[INFO] [1786737625.451864127] [attitude_scout_1]: [scout_1] Landed — tilt correction stopped, yaw-hold pinned to current heading.
[INFO] [1786737625.452656474] [attitude_scout_1]: [scout_1] Landed — tilt correction stopped, yaw-hold pinned to current heading.
[INFO] [1786737625.526972590] [attitude_scout_1]: [scout_1] Landed — tilt correction stopped, yaw-hold pinned to current heading.
[INFO] [1786737625.661338879] [attitude_scout_1]: [scout_1] Landed — tilt correction stopped, yaw-hold pinned to current heading.
[INFO] [1786737625.714727614] [attitude_scout_1]: [scout_1] Landed — tilt correction stopped, yaw-hold pinned to current heading.
[INFO] [1786737625.715725433] [attitude_scout_1]: [scout_1] Landed — tilt correction stopped, yaw-hold pinned to current heading.
[INFO] [1786737625.844832831] [attitude_scout_1]: [scout_1] Landed — tilt correction stopped, yaw-hold pinned to current heading.
[INFO] [1786737625.985515545] [attitude_scout_1]: [scout_1] Landed — tilt correction stopped, yaw-hold pinned to current heading.
[INFO] [1786737625.986557783] [attitude_scout_1]: [scout_1] Landed — tilt correction stopped, yaw-hold pinned to current heading.
[INFO] [1786737625.987761494] [attitude_scout_1]: [scout_1] Landed — tilt correction stopped, yaw-hold pinned to current heading.
[INFO] [1786737626.216888546] [attitude_scout_1]: [scout_1] Landed — tilt correction stopped, yaw-hold pinned to current heading.
[INFO] [1786737626.441444711] [attitude_scout_1]: [scout_1] Landed — tilt correction stopped, yaw-hold pinned to current heading.
[INFO] [1786737626.463754039] [attitude_scout_1]: [scout_1] Landed — tilt correction stopped, yaw-hold pinned to current heading.
[INFO] [1786737626.465046308] [attitude_scout_1]: [scout_1] Landed — tilt correction stopped, yaw-hold pinned to current heading.
[INFO] [1786737626.466251136] [attitude_scout_1]: [scout_1] Landed — tilt correction stopped, yaw-hold pinned to current heading.
[INFO] [1786737626.467471189] [attitude_scout_1]: [scout_1] Landed — tilt correction stopped, yaw-hold pinned to current heading.
[INFO] [1786737626.539214083] [attitude_scout_1]: [scout_1] Landed — tilt correction stopped, yaw-hold pinned to current heading.
[INFO] [1786737626.562863730] [attitude_scout_1]: [scout_1] Landed — tilt correction stopped, yaw-hold pinned to current heading.
[INFO] [1786737626.726263229] [attitude_scout_1]: [scout_1] Landed — tilt correction stopped, yaw-hold pinned to current heading.
[INFO] [1786737626.727352679] [attitude_scout_1]: [scout_1] Landed — tilt correction stopped, yaw-hold pinned to current heading.
[INFO] [1786737626.728241337] [attitude_scout_1]: [scout_1] Landed — tilt correction stopped, yaw-hold pinned to current heading.
[INFO] [1786737626.729237270] [attitude_scout_1]: [scout_1] Landed — tilt correction stopped, yaw-hold pinned to current heading.
[INFO] [1786737626.730358149] [attitude_scout_1]: [scout_1] Landed — tilt correction stopped, yaw-hold pinned to current heading.
[INFO] [1786737626.863832433] [attitude_scout_1]: [scout_1] Landed — tilt correction stopped, yaw-hold pinned to current heading.
[INFO] [1786737626.948580779] [attitude_scout_1]: [scout_1] Landed — tilt correction stopped, yaw-hold pinned to current heading.
[INFO] [1786737626.950186983] [attitude_scout_1]: [scout_1] Landed — tilt correction stopped, yaw-hold pinned to current heading.
[INFO] [1786737626.951602172] [attitude_scout_1]: [scout_1] Landed — tilt correction stopped, yaw-hold pinned to current heading.
[INFO] [1786737627.100115123] [attitude_scout_1]: [scout_1] Landed — tilt correction stopped, yaw-hold pinned to current heading.
[INFO] [1786737627.101128726] [attitude_scout_1]: [scout_1] Landed — tilt correction stopped, yaw-hold pinned to current heading.
[INFO] [1786737627.102286272] [attitude_scout_1]: [scout_1] Landed — tilt correction stopped, yaw-hold pinned to current heading.
[INFO] [1786737627.103270332] [attitude_scout_1]: [scout_1] Landed — tilt correction stopped, yaw-hold pinned to current heading.
[INFO] [1786737627.205286602] [attitude_scout_1]: [scout_1] Landed — tilt correction stopped, yaw-hold pinned to current heading.
[INFO] [1786737627.206426897] [attitude_scout_1]: [scout_1] Landed — tilt correction stopped, yaw-hold pinned to current heading.
[INFO] [1786737627.207448811] [attitude_scout_1]: [scout_1] Landed — tilt correction stopped, yaw-hold pinned to current heading.
[INFO] [1786737627.306809374] [attitude_scout_1]: [scout_1] Landed — tilt correction stopped, yaw-hold pinned to current heading.
[INFO] [1786737627.307841555] [attitude_scout_1]: [scout_1] Landed — tilt correction stopped, yaw-hold pinned to current heading.
[INFO] [1786737627.308783851] [attitude_scout_1]: [scout_1] Landed — tilt correction stopped, yaw-hold pinned to current heading.
[INFO] [1786737627.393119159] [attitude_scout_1]: [scout_1] Landed — tilt correction stopped, yaw-hold pinned to current heading.
[INFO] [1786737627.446218964] [attitude_scout_1]: [scout_1] Landed — tilt correction stopped, yaw-hold pinned to current heading.
[INFO] [1786737627.544281252] [attitude_scout_1]: [scout_1] Landed — tilt correction stopped, yaw-hold pinned to current heading.
[INFO] [1786737627.545798269] [attitude_scout_1]: [scout_1] Landed — tilt correction stopped, yaw-hold pinned to current heading.
[INFO] [1786737627.547096685] [attitude_scout_1]: [scout_1] Landed — tilt correction stopped, yaw-hold pinned to current heading.
[INFO] [1786737627.665954077] [attitude_scout_1]: [scout_1] Landed — tilt correction stopped, yaw-hold pinned to current heading.
[INFO] [1786737627.733707931] [attitude_scout_1]: [scout_1] Landed — tilt correction stopped, yaw-hold pinned to current heading.
[INFO] [1786737627.912584491] [attitude_scout_1]: [scout_1] Landed — tilt correction stopped, yaw-hold pinned to current heading.
[INFO] [1786737627.913768367] [attitude_scout_1]: [scout_1] Landed — tilt correction stopped, yaw-hold pinned to current heading.
[INFO] [1786737627.914897836] [attitude_scout_1]: [scout_1] Landed — tilt correction stopped, yaw-hold pinned to current heading.
[INFO] [1786737627.915768335] [attitude_scout_1]: [scout_1] Landed — tilt correction stopped, yaw-hold pinned to current heading.
[INFO] [1786737628.051248808] [attitude_scout_1]: [scout_1] Landed — tilt correction stopped, yaw-hold pinned to current heading.
[INFO] [1786737628.072258045] [attitude_scout_1]: [scout_1] Landed — tilt correction stopped, yaw-hold pinned to current heading.
[INFO] [1786737628.092881830] [attitude_scout_1]: [scout_1] Landed — tilt correction stopped, yaw-hold pinned to current heading.
[INFO] [1786737628.186612997] [attitude_scout_1]: [scout_1] Landed — tilt correction stopped, yaw-hold pinned to current heading.
[INFO] [1786737628.187533433] [attitude_scout_1]: [scout_1] Landed — tilt correction stopped, yaw-hold pinned to current heading.
[INFO] [1786737628.188422928] [attitude_scout_1]: [scout_1] Landed — tilt correction stopped, yaw-hold pinned to current heading.
[INFO] [1786737628.189635509] [attitude_scout_1]: [scout_1] Landed — tilt correction stopped, yaw-hold pinned to current heading.
[INFO] [1786737628.323725099] [attitude_scout_1]: [scout_1] Landed — tilt correction stopped, yaw-hold pinned to current heading.
[INFO] [1786737628.324866511] [attitude_scout_1]: [scout_1] Landed — tilt correction stopped, yaw-hold pinned to current heading.
[INFO] [1786737628.326009879] [attitude_scout_1]: [scout_1] Landed — tilt correction stopped, yaw-hold pinned to current heading.
[INFO] [1786737628.398419899] [attitude_scout_1]: [scout_1] Landed — tilt correction stopped, yaw-hold pinned to current heading.
[INFO] [1786737628.399663838] [attitude_scout_1]: [scout_1] Landed — tilt correction stopped, yaw-hold pinned to current heading.
[INFO] [1786737628.445554301] [attitude_scout_1]: [scout_1] Landed — tilt correction stopped, yaw-hold pinned to current heading.
[INFO] [1786737628.469898868] [attitude_scout_1]: [scout_1] Landed — tilt correction stopped, yaw-hold pinned to current heading.
[INFO] [1786737628.471225010] [attitude_scout_1]: [scout_1] Landed — tilt correction stopped, yaw-hold pinned to current heading.
[INFO] [1786737628.472562257] [attitude_scout_1]: [scout_1] Landed — tilt correction stopped, yaw-hold pinned to current heading.
[INFO] [1786737628.560029869] [attitude_scout_1]: [scout_1] Landed — tilt correction stopped, yaw-hold pinned to current heading.
[INFO] [1786737628.561003523] [attitude_scout_1]: [scout_1] Landed — tilt correction stopped, yaw-hold pinned to current heading.
[INFO] [1786737628.561805717] [attitude_scout_1]: [scout_1] Landed — tilt correction stopped, yaw-hold pinned to current heading.
[INFO] [1786737628.714827612] [attitude_scout_1]: [scout_1] Landed — tilt correction stopped, yaw-hold pinned to current heading.
[INFO] [1786737628.872046674] [attitude_scout_1]: [scout_1] Landed — tilt correction stopped, yaw-hold pinned to current heading.
[INFO] [1786737628.897638742] [attitude_scout_1]: [scout_1] Landed — tilt correction stopped, yaw-hold pinned to current heading.
[INFO] [1786737629.025632186] [attitude_scout_1]: [scout_1] Landed — tilt correction stopped, yaw-hold pinned to current heading.
[INFO] [1786737629.050287616] [attitude_scout_1]: [scout_1] Landed — tilt correction stopped, yaw-hold pinned to current heading.
[INFO] [1786737629.051235639] [attitude_scout_1]: [scout_1] Landed — tilt correction stopped, yaw-hold pinned to current heading.
[INFO] [1786737629.116604495] [attitude_scout_1]: [scout_1] Landed — tilt correction stopped, yaw-hold pinned to current heading.
[INFO] [1786737629.117934827] [attitude_scout_1]: [scout_1] Landed — tilt correction stopped, yaw-hold pinned to current heading.
[INFO] [1786737629.119167242] [attitude_scout_1]: [scout_1] Landed — tilt correction stopped, yaw-hold pinned to current heading.
[INFO] [1786737629.120756127] [attitude_scout_1]: [scout_1] Landed — tilt correction stopped, yaw-hold pinned to current heading.
[INFO] [1786737629.121903615] [attitude_scout_1]: [scout_1] Landed — tilt correction stopped, yaw-hold pinned to current heading.
[INFO] [1786737629.122951929] [attitude_scout_1]: [scout_1] Landed — tilt correction stopped, yaw-hold pinned to current heading.
[INFO] [1786737629.123897368] [attitude_scout_1]: [scout_1] Landed — tilt correction stopped, yaw-hold pinned to current heading.
[INFO] [1786737629.124918235] [attitude_scout_1]: [scout_1] Landed — tilt correction stopped, yaw-hold pinned to current heading.
[INFO] [1786737629.125889444] [attitude_scout_1]: [scout_1] Landed — tilt correction stopped, yaw-hold pinned to current heading.
[INFO] [1786737629.126983644] [attitude_scout_1]: [scout_1] Landed — tilt correction stopped, yaw-hold pinned to current heading.
[INFO] [1786737629.216612211] [attitude_scout_1]: [scout_1] Landed — tilt correction stopped, yaw-hold pinned to current heading.
[INFO] [1786737629.308678160] [attitude_scout_1]: [scout_1] Landed — tilt correction stopped, yaw-hold pinned to current heading.
[INFO] [1786737629.309875446] [attitude_scout_1]: [scout_1] Landed — tilt correction stopped, yaw-hold pinned to current heading.
[INFO] [1786737629.311114496] [attitude_scout_1]: [scout_1] Landed — tilt correction stopped, yaw-hold pinned to current heading.
[INFO] [1786737629.312423597] [attitude_scout_1]: [scout_1] Landed — tilt correction stopped, yaw-hold pinned to current heading.
[INFO] [1786737629.313394527] [attitude_scout_1]: [scout_1] Landed — tilt correction stopped, yaw-hold pinned to current heading.
[INFO] [1786737629.314228220] [attitude_scout_1]: [scout_1] Landed — tilt correction stopped, yaw-hold pinned to current heading.
[INFO] [1786737629.315283239] [attitude_scout_1]: [scout_1] Landed — tilt correction stopped, yaw-hold pinned to current heading.
[INFO] [1786737629.386562394] [attitude_scout_1]: [scout_1] Landed — tilt correction stopped, yaw-hold pinned to current heading.
[INFO] [1786737629.524135311] [attitude_scout_1]: [scout_1] Landed — tilt correction stopped, yaw-hold pinned to current heading.
[INFO] [1786737629.525019569] [attitude_scout_1]: [scout_1] Landed — tilt correction stopped, yaw-hold pinned to current heading.
[INFO] [1786737629.525764493] [attitude_scout_1]: [scout_1] Landed — tilt correction stopped, yaw-hold pinned to current heading.
[INFO] [1786737629.696118777] [attitude_scout_1]: [scout_1] Landed — tilt correction stopped, yaw-hold pinned to current heading.
[INFO] [1786737629.696914337] [attitude_scout_1]: [scout_1] Landed — tilt correction stopped, yaw-hold pinned to current heading.
[INFO] [1786737629.829292196] [attitude_scout_1]: [scout_1] Landed — tilt correction stopped, yaw-hold pinned to current heading.
[INFO] [1786737629.830454631] [attitude_scout_1]: [scout_1] Landed — tilt correction stopped, yaw-hold pinned to current heading.
[INFO] [1786737629.978325611] [attitude_scout_1]: [scout_1] Landed — tilt correction stopped, yaw-hold pinned to current heading.
[INFO] [1786737630.001088488] [attitude_scout_1]: [scout_1] Landed — tilt correction stopped, yaw-hold pinned to current heading.
[INFO] [1786737630.157964360] [attitude_scout_1]: [scout_1] Landed — tilt correction stopped, yaw-hold pinned to current heading.
[INFO] [1786737630.159207251] [attitude_scout_1]: [scout_1] Landed — tilt correction stopped, yaw-hold pinned to current heading.
[INFO] [1786737630.160315210] [attitude_scout_1]: [scout_1] Landed — tilt correction stopped, yaw-hold pinned to current heading.
[INFO] [1786737630.161437905] [attitude_scout_1]: [scout_1] Landed — tilt correction stopped, yaw-hold pinned to current heading.
[INFO] [1786737630.162540626] [attitude_scout_1]: [scout_1] Landed — tilt correction stopped, yaw-hold pinned to current heading.
[INFO] [1786737630.163616178] [attitude_scout_1]: [scout_1] Landed — tilt correction stopped, yaw-hold pinned to current heading.
[INFO] [1786737630.315874857] [attitude_scout_1]: [scout_1] Landed — tilt correction stopped, yaw-hold pinned to current heading.
[INFO] [1786737630.360150877] [attitude_scout_1]: [scout_1] Landed — tilt correction stopped, yaw-hold pinned to current heading.
[INFO] [1786737630.386401407] [attitude_scout_1]: [scout_1] Landed — tilt correction stopped, yaw-hold pinned to current heading.
[INFO] [1786737630.611042314] [attitude_scout_1]: [scout_1] Landed — tilt correction stopped, yaw-hold pinned to current heading.
[INFO] [1786737630.612247142] [attitude_scout_1]: [scout_1] Landed — tilt correction stopped, yaw-hold pinned to current heading.
[INFO] [1786737630.613403640] [attitude_scout_1]: [scout_1] Landed — tilt correction stopped, yaw-hold pinned to current heading.
[INFO] [1786737630.614592614] [attitude_scout_1]: [scout_1] Landed — tilt correction stopped, yaw-hold pinned to current heading.
[INFO] [1786737630.615738915] [attitude_scout_1]: [scout_1] Landed — tilt correction stopped, yaw-hold pinned to current heading.
[INFO] [1786737630.616817331] [attitude_scout_1]: [scout_1] Landed — tilt correction stopped, yaw-hold pinned to current heading.
[INFO] [1786737630.720914733] [attitude_scout_1]: [scout_1] Landed — tilt correction stopped, yaw-hold pinned to current heading.
[INFO] [1786737630.895864842] [attitude_scout_1]: [scout_1] Landed — tilt correction stopped, yaw-hold pinned to current heading.
[INFO] [1786737630.896814402] [attitude_scout_1]: [scout_1] Landed — tilt correction stopped, yaw-hold pinned to current heading.
[INFO] [1786737630.897936468] [attitude_scout_1]: [scout_1] Landed — tilt correction stopped, yaw-hold pinned to current heading.
[INFO] [1786737630.898910541] [attitude_scout_1]: [scout_1] Landed — tilt correction stopped, yaw-hold pinned to current heading.
[INFO] [1786737631.079065348] [attitude_scout_1]: [scout_1] Landed — tilt correction stopped, yaw-hold pinned to current heading.
[INFO] [1786737631.097647960] [attitude_scout_1]: [scout_1] Landed — tilt correction stopped, yaw-hold pinned to current heading.
[INFO] [1786737631.118681084] [attitude_scout_1]: [scout_1] Landed — tilt correction stopped, yaw-hold pinned to current heading.
[INFO] [1786737631.191395897] [attitude_scout_1]: [scout_1] Landed — tilt correction stopped, yaw-hold pinned to current heading.
[INFO] [1786737631.192347970] [attitude_scout_1]: [scout_1] Landed — tilt correction stopped, yaw-hold pinned to current heading.
[INFO] [1786737631.193409624] [attitude_scout_1]: [scout_1] Landed — tilt correction stopped, yaw-hold pinned to current heading.
[INFO] [1786737631.215994338] [attitude_scout_1]: [scout_1] Landed — tilt correction stopped, yaw-hold pinned to current heading.
[INFO] [1786737631.217082252] [attitude_scout_1]: [scout_1] Landed — tilt correction stopped, yaw-hold pinned to current heading.
[INFO] [1786737631.418631823] [attitude_scout_1]: [scout_1] Landed — tilt correction stopped, yaw-hold pinned to current heading.
[INFO] [1786737631.542142878] [attitude_scout_1]: [scout_1] Landed — tilt correction stopped, yaw-hold pinned to current heading.
[INFO] [1786737631.565193571] [attitude_scout_1]: [scout_1] Landed — tilt correction stopped, yaw-hold pinned to current heading.
[INFO] [1786737631.566356844] [attitude_scout_1]: [scout_1] Landed — tilt correction stopped, yaw-hold pinned to current heading.
[INFO] [1786737631.610559392] [attitude_scout_1]: [scout_1] Landed — tilt correction stopped, yaw-hold pinned to current heading.
[INFO] [1786737631.611665116] [attitude_scout_1]: [scout_1] Landed — tilt correction stopped, yaw-hold pinned to current heading.
[INFO] [1786737631.804539449] [attitude_scout_1]: [scout_1] Landed — tilt correction stopped, yaw-hold pinned to current heading.
[INFO] [1786737631.826308140] [attitude_scout_1]: [scout_1] Landed — tilt correction stopped, yaw-hold pinned to current heading.
[INFO] [1786737631.827308893] [attitude_scout_1]: [scout_1] Landed — tilt correction stopped, yaw-hold pinned to current heading.
[INFO] [1786737631.828340026] [attitude_scout_1]: [scout_1] Landed — tilt correction stopped, yaw-hold pinned to current heading.
[INFO] [1786737631.952926144] [attitude_scout_1]: [scout_1] Landed — tilt correction stopped, yaw-hold pinned to current heading.
[INFO] [1786737631.953920890] [attitude_scout_1]: [scout_1] Landed — tilt correction stopped, yaw-hold pinned to current heading.
[INFO] [1786737631.954898386] [attitude_scout_1]: [scout_1] Landed — tilt correction stopped, yaw-hold pinned to current heading.
[INFO] [1786737632.042943033] [attitude_scout_1]: [scout_1] Airborne (landed=False) — tilt correction armed.
[INFO] [1786737634.824220854] [attitude_scout_1]: [scout_1] Jump initiated. Flight mode active (tilt-PD held for stroke).
[INFO] [1786737634.824954814] [attitude_scout_1]: [scout_1] Separation — tilt correction engaged.
[INFO] [1786738452.368173913] [attitude_scout_1]: [scout_1] Contact — commanded-flight latch cleared (full attitude PD locked out until next ignition).
