[INFO] [launch]: All log files can be found below /home/melvin/.ros/log/2026-08-14-18-50-37-993862-ubuntu-mel-4192791
[INFO] [launch]: Default logging verbosity is set to INFO
[INFO] [gz-1]: process started with pid [4192793]
[INFO] [spawner-2]: process started with pid [4192795]
[INFO] [swarm_manager-3]: process started with pid [4192797]
[INFO] [swarm_gui-4]: process started with pid [4192799]
[INFO] [hopper_locomotion-5]: process started with pid [4192801]
[INFO] [attitude_controller-6]: process started with pid [4192803]
[INFO] [landing_controller-7]: process started with pid [4192805]
[INFO] [parameter_bridge-8]: process started with pid [4192807]
[INFO] [hopper_locomotion-9]: process started with pid [4192809]
[INFO] [attitude_controller-10]: process started with pid [4192811]
[INFO] [landing_controller-11]: process started with pid [4192813]
[INFO] [parameter_bridge-12]: process started with pid [4192815]
[INFO] [hopper_locomotion-13]: process started with pid [4192817]
[INFO] [attitude_controller-14]: process started with pid [4192819]
[INFO] [landing_controller-15]: process started with pid [4192821]
[INFO] [parameter_bridge-16]: process started with pid [4192823]
[hopper_locomotion-9] [INFO] [1786719038.543525464] [loco_scout_2]: [scout_2] Tri-Pedal Locomotion Engine: ONLINE
[landing_controller-7] [INFO] [1786719038.594358877] [landing_scout_1]: [scout_1] Landing Controller: ONLINE
[attitude_controller-6] [INFO] [1786719038.602616394] [attitude_scout_1]: [scout_1] Reaction Wheel Attitude Controller: ONLINE
[hopper_locomotion-5] [INFO] [1786719038.604184552] [loco_scout_1]: [scout_1] Tri-Pedal Locomotion Engine: ONLINE
[swarm_manager-3] [INFO] [1786719038.637896314] [swarm_manager_node]: 🧠 Ryugu Homogeneous Swarm Manager: ONLINE
[swarm_manager-3] [INFO] [1786719038.639353428] [swarm_manager_node]: 📋 Dispatch policy: auction
[hopper_locomotion-13] [INFO] [1786719038.649873089] [loco_scout_3]: [scout_3] Tri-Pedal Locomotion Engine: ONLINE
[attitude_controller-14] [INFO] [1786719038.665544471] [attitude_scout_3]: [scout_3] Reaction Wheel Attitude Controller: ONLINE
[landing_controller-15] [INFO] [1786719038.694670974] [landing_scout_3]: [scout_3] Landing Controller: ONLINE
[attitude_controller-10] [INFO] [1786719038.721337130] [attitude_scout_2]: [scout_2] Reaction Wheel Attitude Controller: ONLINE
[landing_controller-11] [INFO] [1786719038.754088191] [landing_scout_2]: [scout_2] Landing Controller: ONLINE
[swarm_manager-3] [INFO] [1786719038.782285629] [swarm_manager_node]: Initiating Cooperative Mission Bidding Protocol...
[spawner-2] data: true
[spawner-2] 
[parameter_bridge-8] [INFO] [1786719039.136710541] [bridge_scout_1]: Creating GZ->ROS Bridge: [/world/ryugu_world/model/scout_1/link/base_link/sensor/imu_sensor/imu (gz.msgs.IMU) -> /scout_1/imu (sensor_msgs/msg/Imu)] (Lazy 0)
[parameter_bridge-8] [INFO] [1786719039.139332216] [bridge_scout_1]: Creating GZ->ROS Bridge: [/model/scout_1/odometry (gz.msgs.Odometry) -> /scout_1/odometry (nav_msgs/msg/Odometry)] (Lazy 0)
[parameter_bridge-12] [INFO] [1786719039.139906150] [bridge_scout_2]: Creating GZ->ROS Bridge: [/world/ryugu_world/model/scout_2/link/base_link/sensor/imu_sensor/imu (gz.msgs.IMU) -> /scout_2/imu (sensor_msgs/msg/Imu)] (Lazy 0)
[parameter_bridge-8] [INFO] [1786719039.141522846] [bridge_scout_1]: Creating ROS->GZ Bridge: [/scout_1/rw_x_joint_cmd_vel (std_msgs/msg/Float64) -> /model/scout_1/joint/rw_x_joint/cmd_vel (gz.msgs.Double)] (Lazy 0)
[parameter_bridge-8] [INFO] [1786719039.143115378] [bridge_scout_1]: Creating ROS->GZ Bridge: [/scout_1/rw_y_joint_cmd_vel (std_msgs/msg/Float64) -> /model/scout_1/joint/rw_y_joint/cmd_vel (gz.msgs.Double)] (Lazy 0)
[parameter_bridge-12] [INFO] [1786719039.143189477] [bridge_scout_2]: Creating GZ->ROS Bridge: [/model/scout_2/odometry (gz.msgs.Odometry) -> /scout_2/odometry (nav_msgs/msg/Odometry)] (Lazy 0)
[parameter_bridge-8] [INFO] [1786719039.144735985] [bridge_scout_1]: Creating ROS->GZ Bridge: [/scout_1/rw_z_joint_cmd_vel (std_msgs/msg/Float64) -> /model/scout_1/joint/rw_z_joint/cmd_vel (gz.msgs.Double)] (Lazy 0)
[parameter_bridge-12] [INFO] [1786719039.145168216] [bridge_scout_2]: Creating ROS->GZ Bridge: [/scout_2/rw_x_joint_cmd_vel (std_msgs/msg/Float64) -> /model/scout_2/joint/rw_x_joint/cmd_vel (gz.msgs.Double)] (Lazy 0)
[parameter_bridge-8] [INFO] [1786719039.146036311] [bridge_scout_1]: Creating ROS->GZ Bridge: [/scout_1/joint_hip_joint_0_cmd_pos (std_msgs/msg/Float64) -> /model/scout_1/joint/hip_joint_0/0/cmd_pos (gz.msgs.Double)] (Lazy 0)
[parameter_bridge-12] [INFO] [1786719039.146989609] [bridge_scout_2]: Creating ROS->GZ Bridge: [/scout_2/rw_y_joint_cmd_vel (std_msgs/msg/Float64) -> /model/scout_2/joint/rw_y_joint/cmd_vel (gz.msgs.Double)] (Lazy 0)
[parameter_bridge-8] [INFO] [1786719039.147407943] [bridge_scout_1]: Creating ROS->GZ Bridge: [/scout_1/joint_knee_joint_0_cmd_pos (std_msgs/msg/Float64) -> /model/scout_1/joint/knee_joint_0/0/cmd_pos (gz.msgs.Double)] (Lazy 0)
[parameter_bridge-8] [INFO] [1786719039.148683058] [bridge_scout_1]: Creating ROS->GZ Bridge: [/scout_1/joint_hip_joint_1_cmd_pos (std_msgs/msg/Float64) -> /model/scout_1/joint/hip_joint_1/0/cmd_pos (gz.msgs.Double)] (Lazy 0)
[parameter_bridge-12] [INFO] [1786719039.148983294] [bridge_scout_2]: Creating ROS->GZ Bridge: [/scout_2/rw_z_joint_cmd_vel (std_msgs/msg/Float64) -> /model/scout_2/joint/rw_z_joint/cmd_vel (gz.msgs.Double)] (Lazy 0)
[parameter_bridge-8] [INFO] [1786719039.149887217] [bridge_scout_1]: Creating ROS->GZ Bridge: [/scout_1/joint_knee_joint_1_cmd_pos (std_msgs/msg/Float64) -> /model/scout_1/joint/knee_joint_1/0/cmd_pos (gz.msgs.Double)] (Lazy 0)
[parameter_bridge-12] [INFO] [1786719039.150804687] [bridge_scout_2]: Creating ROS->GZ Bridge: [/scout_2/joint_hip_joint_0_cmd_pos (std_msgs/msg/Float64) -> /model/scout_2/joint/hip_joint_0/0/cmd_pos (gz.msgs.Double)] (Lazy 0)
[parameter_bridge-8] [INFO] [1786719039.151236360] [bridge_scout_1]: Creating ROS->GZ Bridge: [/scout_1/joint_hip_joint_2_cmd_pos (std_msgs/msg/Float64) -> /model/scout_1/joint/hip_joint_2/0/cmd_pos (gz.msgs.Double)] (Lazy 0)
[parameter_bridge-8] [INFO] [1786719039.152241060] [bridge_scout_1]: Creating ROS->GZ Bridge: [/scout_1/joint_knee_joint_2_cmd_pos (std_msgs/msg/Float64) -> /model/scout_1/joint/knee_joint_2/0/cmd_pos (gz.msgs.Double)] (Lazy 0)
[parameter_bridge-12] [INFO] [1786719039.152444989] [bridge_scout_2]: Creating ROS->GZ Bridge: [/scout_2/joint_knee_joint_0_cmd_pos (std_msgs/msg/Float64) -> /model/scout_2/joint/knee_joint_0/0/cmd_pos (gz.msgs.Double)] (Lazy 0)
[parameter_bridge-8] [INFO] [1786719039.153606895] [bridge_scout_1]: Creating ROS->GZ Bridge: [/scout_1/cmd_drill (std_msgs/msg/Float64) -> /model/scout_1/joint/drill_joint/0/cmd_pos (gz.msgs.Double)] (Lazy 0)
[parameter_bridge-12] [INFO] [1786719039.153942051] [bridge_scout_2]: Creating ROS->GZ Bridge: [/scout_2/joint_hip_joint_1_cmd_pos (std_msgs/msg/Float64) -> /model/scout_2/joint/hip_joint_1/0/cmd_pos (gz.msgs.Double)] (Lazy 0)
[parameter_bridge-12] [INFO] [1786719039.155376747] [bridge_scout_2]: Creating ROS->GZ Bridge: [/scout_2/joint_knee_joint_1_cmd_pos (std_msgs/msg/Float64) -> /model/scout_2/joint/knee_joint_1/0/cmd_pos (gz.msgs.Double)] (Lazy 0)
[parameter_bridge-12] [INFO] [1786719039.156824433] [bridge_scout_2]: Creating ROS->GZ Bridge: [/scout_2/joint_hip_joint_2_cmd_pos (std_msgs/msg/Float64) -> /model/scout_2/joint/hip_joint_2/0/cmd_pos (gz.msgs.Double)] (Lazy 0)
[parameter_bridge-12] [INFO] [1786719039.157952258] [bridge_scout_2]: Creating ROS->GZ Bridge: [/scout_2/joint_knee_joint_2_cmd_pos (std_msgs/msg/Float64) -> /model/scout_2/joint/knee_joint_2/0/cmd_pos (gz.msgs.Double)] (Lazy 0)
[parameter_bridge-12] [INFO] [1786719039.159146360] [bridge_scout_2]: Creating ROS->GZ Bridge: [/scout_2/cmd_drill (std_msgs/msg/Float64) -> /model/scout_2/joint/drill_joint/0/cmd_pos (gz.msgs.Double)] (Lazy 0)
[parameter_bridge-16] [INFO] [1786719039.210409705] [bridge_scout_3]: Creating GZ->ROS Bridge: [/world/ryugu_world/model/scout_3/link/base_link/sensor/imu_sensor/imu (gz.msgs.IMU) -> /scout_3/imu (sensor_msgs/msg/Imu)] (Lazy 0)
[parameter_bridge-16] [INFO] [1786719039.214640813] [bridge_scout_3]: Creating GZ->ROS Bridge: [/model/scout_3/odometry (gz.msgs.Odometry) -> /scout_3/odometry (nav_msgs/msg/Odometry)] (Lazy 0)
[parameter_bridge-16] [INFO] [1786719039.217588285] [bridge_scout_3]: Creating ROS->GZ Bridge: [/scout_3/rw_x_joint_cmd_vel (std_msgs/msg/Float64) -> /model/scout_3/joint/rw_x_joint/cmd_vel (gz.msgs.Double)] (Lazy 0)
[parameter_bridge-16] [INFO] [1786719039.219697343] [bridge_scout_3]: Creating ROS->GZ Bridge: [/scout_3/rw_y_joint_cmd_vel (std_msgs/msg/Float64) -> /model/scout_3/joint/rw_y_joint/cmd_vel (gz.msgs.Double)] (Lazy 0)
[parameter_bridge-16] [INFO] [1786719039.221261311] [bridge_scout_3]: Creating ROS->GZ Bridge: [/scout_3/rw_z_joint_cmd_vel (std_msgs/msg/Float64) -> /model/scout_3/joint/rw_z_joint/cmd_vel (gz.msgs.Double)] (Lazy 0)
[parameter_bridge-16] [INFO] [1786719039.222755021] [bridge_scout_3]: Creating ROS->GZ Bridge: [/scout_3/joint_hip_joint_0_cmd_pos (std_msgs/msg/Float64) -> /model/scout_3/joint/hip_joint_0/0/cmd_pos (gz.msgs.Double)] (Lazy 0)
[parameter_bridge-16] [INFO] [1786719039.224431638] [bridge_scout_3]: Creating ROS->GZ Bridge: [/scout_3/joint_knee_joint_0_cmd_pos (std_msgs/msg/Float64) -> /model/scout_3/joint/knee_joint_0/0/cmd_pos (gz.msgs.Double)] (Lazy 0)
[parameter_bridge-16] [INFO] [1786719039.226016907] [bridge_scout_3]: Creating ROS->GZ Bridge: [/scout_3/joint_hip_joint_1_cmd_pos (std_msgs/msg/Float64) -> /model/scout_3/joint/hip_joint_1/0/cmd_pos (gz.msgs.Double)] (Lazy 0)
[parameter_bridge-16] [INFO] [1786719039.227646174] [bridge_scout_3]: Creating ROS->GZ Bridge: [/scout_3/joint_knee_joint_1_cmd_pos (std_msgs/msg/Float64) -> /model/scout_3/joint/knee_joint_1/0/cmd_pos (gz.msgs.Double)] (Lazy 0)
[parameter_bridge-16] [INFO] [1786719039.229146588] [bridge_scout_3]: Creating ROS->GZ Bridge: [/scout_3/joint_hip_joint_2_cmd_pos (std_msgs/msg/Float64) -> /model/scout_3/joint/hip_joint_2/0/cmd_pos (gz.msgs.Double)] (Lazy 0)
[parameter_bridge-16] [INFO] [1786719039.230818387] [bridge_scout_3]: Creating ROS->GZ Bridge: [/scout_3/joint_knee_joint_2_cmd_pos (std_msgs/msg/Float64) -> /model/scout_3/joint/knee_joint_2/0/cmd_pos (gz.msgs.Double)] (Lazy 0)
[parameter_bridge-16] [INFO] [1786719039.232643621] [bridge_scout_3]: Creating ROS->GZ Bridge: [/scout_3/cmd_drill (std_msgs/msg/Float64) -> /model/scout_3/joint/drill_joint/0/cmd_pos (gz.msgs.Double)] (Lazy 0)
[spawner-2] data: true
[spawner-2] 
[swarm_manager-3] [INFO] [1786719040.783275983] [swarm_manager_node]: 📡 scout_1 assuming RELAY role. Climbing to highest elevation.
[swarm_manager-3] [INFO] [1786719040.783730633] [swarm_manager_node]: 🛰️ scout_2 assuming SCOUT role. Scanning regolith...
[swarm_manager-3] [INFO] [1786719040.784127596] [swarm_manager_node]: 🛰️ scout_3 assuming SCOUT role. Scanning regolith...
[swarm_manager-3] [INFO] [1786719040.784784708] [swarm_manager_node]: 🔭 scout_2 search hop toward [-10.0, 0.0] (10.0m, 9.0m leg)
[attitude_controller-10] [INFO] [1786719040.785181671] [attitude_scout_2]: [scout_2] New target yaw received: -3.14 rad
[swarm_manager-3] [INFO] [1786719040.785289712] [swarm_manager_node]: 🔭 scout_3 search hop toward [0.0, -10.0] (10.0m, 9.0m leg)
[attitude_controller-14] [INFO] [1786719040.786177990] [attitude_scout_3]: [scout_3] New target yaw received: -1.57 rad
[gz-1] [1;36mDbg[0m ODE Heightfield AABB: min = {-49.9512, -49.9512, -0.05} max = {49.9512, 49.9512, 5}
[parameter_bridge-12] [INFO] [1786719040.866776665] [bridge_scout_2]: Passing message from ROS std_msgs/msg/Float64 to Gazebo gz.msgs.Double (showing msg only once per type)
[parameter_bridge-8] [INFO] [1786719040.866948887] [bridge_scout_1]: Passing message from ROS std_msgs/msg/Float64 to Gazebo gz.msgs.Double (showing msg only once per type)
[attitude_controller-6] [INFO] [1786719040.868490437] [attitude_scout_1]: [scout_1] Airborne (landed=False) — tilt correction armed.
[spawner-2] data: true
[spawner-2] 
[parameter_bridge-16] [INFO] [1786719041.906190469] [bridge_scout_3]: Passing message from ROS std_msgs/msg/Float64 to Gazebo gz.msgs.Double (showing msg only once per type)
[attitude_controller-14] [INFO] [1786719041.907251179] [attitude_scout_3]: [scout_3] Airborne (landed=False) — tilt correction armed.
[attitude_controller-10] [INFO] [1786719041.924996635] [attitude_scout_2]: [scout_2] Airborne (landed=False) — tilt correction armed.
[landing_controller-15] [INFO] [1786719041.942052294] [landing_scout_3]: [scout_3] 🛫 Airborne while IDLE (v=11180.340 m/s, free-fall accel) → FLIGHT mode armed
[spawner-2] 🚀 Initiating Swarm Deployment Sequence...
[spawner-2] Deploying scout_1 at [0.0, 0.5, 6.0]...
[spawner-2] Deploying scout_2 at [8.0, -5.0, 6.0]...
[spawner-2] Deploying scout_3 at [-8.0, -5.0, 6.0]...
[spawner-2] ✅ Swarm Deployment Complete.
[INFO] [spawner-2]: process has finished cleanly [pid 4192795]
[landing_controller-7] [INFO] [1786719043.717092741] [landing_scout_1]: [scout_1] Landing controller state: IDLE
[landing_controller-15] [INFO] [1786719043.789495724] [landing_scout_3]: [scout_3] Landing controller state: FLIGHT
[landing_controller-11] [INFO] [1786719043.821354399] [landing_scout_2]: [scout_2] Landing controller state: IDLE
[swarm_manager-3] [INFO] [1786719044.782659515] [swarm_manager_node]: 📍 scout_3 detected high-value spectral anomaly at [-12.5, -13.4]!
[INFO] [bash-17]: process started with pid [4193242]
[INFO] [bash-17]: process has finished cleanly [pid 4193242]
[landing_controller-7] [INFO] [1786719048.715507718] [landing_scout_1]: [scout_1] Landing controller state: IDLE
[swarm_manager-3] [INFO] [1786719048.782680997] [swarm_manager_node]: 📍 scout_2 detected high-value spectral anomaly at [9.9, -12.6]!
[landing_controller-15] [INFO] [1786719048.790621523] [landing_scout_3]: [scout_3] Landing controller state: FLIGHT
[landing_controller-11] [INFO] [1786719048.821038042] [landing_scout_2]: [scout_2] Landing controller state: IDLE
[landing_controller-7] [INFO] [1786719053.721241758] [landing_scout_1]: [scout_1] Landing controller state: IDLE
[landing_controller-15] [INFO] [1786719053.790265304] [landing_scout_3]: [scout_3] Landing controller state: FLIGHT
[landing_controller-11] [INFO] [1786719053.821137535] [landing_scout_2]: [scout_2] Landing controller state: IDLE
[landing_controller-7] [INFO] [1786719058.716827744] [landing_scout_1]: [scout_1] Landing controller state: IDLE
[landing_controller-15] [INFO] [1786719058.789763131] [landing_scout_3]: [scout_3] Landing controller state: FLIGHT
[landing_controller-11] [INFO] [1786719058.822596657] [landing_scout_2]: [scout_2] Landing controller state: IDLE
[swarm_manager-3] [INFO] [1786719060.783069093] [swarm_manager_node]: 📍 scout_2 detected high-value spectral anomaly at [18.7, -5.0]!
[landing_controller-7] [INFO] [1786719063.716199609] [landing_scout_1]: [scout_1] Landing controller state: IDLE
[landing_controller-15] [INFO] [1786719063.789753448] [landing_scout_3]: [scout_3] Landing controller state: FLIGHT
[landing_controller-11] [INFO] [1786719063.821146562] [landing_scout_2]: [scout_2] Landing controller state: IDLE
[landing_controller-7] [INFO] [1786719068.715053377] [landing_scout_1]: [scout_1] Landing controller state: IDLE
[swarm_manager-3] [INFO] [1786719068.782935213] [swarm_manager_node]: 📍 scout_2 detected high-value spectral anomaly at [15.7, -10.4]!
[swarm_manager-3] [INFO] [1786719068.783738779] [swarm_manager_node]: 📍 scout_3 detected high-value spectral anomaly at [-1.4, -4.9]!
[landing_controller-15] [INFO] [1786719068.790923871] [landing_scout_3]: [scout_3] Landing controller state: FLIGHT
[landing_controller-11] [INFO] [1786719068.821873940] [landing_scout_2]: [scout_2] Landing controller state: IDLE
[landing_controller-7] [INFO] [1786719073.715268671] [landing_scout_1]: [scout_1] Landing controller state: IDLE
[landing_controller-15] [INFO] [1786719073.789747028] [landing_scout_3]: [scout_3] Landing controller state: FLIGHT
[landing_controller-11] [INFO] [1786719073.823753958] [landing_scout_2]: [scout_2] Landing controller state: IDLE
[swarm_manager-3] [INFO] [1786719076.782882828] [swarm_manager_node]: 📍 scout_2 detected high-value spectral anomaly at [10.0, 4.7]!
[landing_controller-7] [INFO] [1786719078.716433633] [landing_scout_1]: [scout_1] Landing controller state: IDLE
[landing_controller-15] [INFO] [1786719078.789588712] [landing_scout_3]: [scout_3] Landing controller state: FLIGHT
[landing_controller-11] [INFO] [1786719078.822024350] [landing_scout_2]: [scout_2] Landing controller state: IDLE
[landing_controller-7] [INFO] [1786719083.716343848] [landing_scout_1]: [scout_1] Landing controller state: IDLE
[landing_controller-15] [INFO] [1786719083.792390428] [landing_scout_3]: [scout_3] Landing controller state: FLIGHT
[landing_controller-11] [INFO] [1786719083.827770978] [landing_scout_2]: [scout_2] Landing controller state: IDLE
[swarm_manager-3] [INFO] [1786719086.782934034] [swarm_manager_node]: 📍 scout_2 detected high-value spectral anomaly at [11.7, -1.8]!
[landing_controller-7] [INFO] [1786719088.715620931] [landing_scout_1]: [scout_1] Landing controller state: IDLE
[swarm_manager-3] [INFO] [1786719088.783502388] [swarm_manager_node]: 📍 scout_2 detected high-value spectral anomaly at [9.5, 4.6]!
[landing_controller-15] [INFO] [1786719088.792604431] [landing_scout_3]: [scout_3] Landing controller state: FLIGHT
[landing_controller-11] [INFO] [1786719088.822561580] [landing_scout_2]: [scout_2] Landing controller state: IDLE
[landing_controller-7] [INFO] [1786719093.715798039] [landing_scout_1]: [scout_1] Landing controller state: IDLE
[landing_controller-15] [INFO] [1786719093.792346612] [landing_scout_3]: [scout_3] Landing controller state: FLIGHT
[landing_controller-11] [INFO] [1786719093.822635857] [landing_scout_2]: [scout_2] Landing controller state: IDLE
[swarm_manager-3] [INFO] [1786719094.783874500] [swarm_manager_node]: 📍 scout_2 detected high-value spectral anomaly at [10.4, -10.7]!
[swarm_manager-3] [INFO] [1786719096.786465805] [swarm_manager_node]: 📍 scout_3 detected high-value spectral anomaly at [-7.5, 0.6]!
[landing_controller-7] [INFO] [1786719098.720097665] [landing_scout_1]: [scout_1] Landing controller state: IDLE
[landing_controller-15] [INFO] [1786719098.789826208] [landing_scout_3]: [scout_3] Landing controller state: FLIGHT
[landing_controller-11] [INFO] [1786719098.821507635] [landing_scout_2]: [scout_2] Landing controller state: IDLE
[swarm_manager-3] [INFO] [1786719100.785669446] [swarm_manager_node]: 📍 scout_2 detected high-value spectral anomaly at [-2.2, -6.2]!
[swarm_manager-3] [INFO] [1786719102.782779800] [swarm_manager_node]: 📍 scout_3 detected high-value spectral anomaly at [-5.0, -9.6]!
[landing_controller-7] [INFO] [1786719103.715502285] [landing_scout_1]: [scout_1] Landing controller state: IDLE
[landing_controller-15] [INFO] [1786719103.791192316] [landing_scout_3]: [scout_3] Landing controller state: FLIGHT
[landing_controller-11] [INFO] [1786719103.821859832] [landing_scout_2]: [scout_2] Landing controller state: IDLE
[landing_controller-7] [INFO] [1786719108.715772822] [landing_scout_1]: [scout_1] Landing controller state: IDLE
[swarm_manager-3] [INFO] [1786719108.786405624] [swarm_manager_node]: 📍 scout_3 detected high-value spectral anomaly at [-4.7, -0.4]!
[landing_controller-15] [INFO] [1786719108.789770122] [landing_scout_3]: [scout_3] Landing controller state: FLIGHT
[landing_controller-11] [INFO] [1786719108.823672177] [landing_scout_2]: [scout_2] Landing controller state: IDLE
[landing_controller-7] [INFO] [1786719113.715317526] [landing_scout_1]: [scout_1] Landing controller state: IDLE
[landing_controller-15] [INFO] [1786719113.791032337] [landing_scout_3]: [scout_3] Landing controller state: FLIGHT
[landing_controller-11] [INFO] [1786719113.821312618] [landing_scout_2]: [scout_2] Landing controller state: IDLE
[landing_controller-7] [INFO] [1786719118.715316448] [landing_scout_1]: [scout_1] Landing controller state: IDLE
[landing_controller-15] [INFO] [1786719118.792120708] [landing_scout_3]: [scout_3] Landing controller state: FLIGHT
[landing_controller-11] [INFO] [1786719118.822378094] [landing_scout_2]: [scout_2] Landing controller state: IDLE
[swarm_manager-3] [INFO] [1786719120.782973040] [swarm_manager_node]: 📍 scout_2 detected high-value spectral anomaly at [-2.4, -10.2]!
[landing_controller-7] [INFO] [1786719123.715546087] [landing_scout_1]: [scout_1] Landing controller state: IDLE
[landing_controller-15] [INFO] [1786719123.790859937] [landing_scout_3]: [scout_3] Landing controller state: FLIGHT
[landing_controller-11] [INFO] [1786719123.821448721] [landing_scout_2]: [scout_2] Landing controller state: IDLE
[landing_controller-7] [INFO] [1786719128.715618397] [landing_scout_1]: [scout_1] Landing controller state: IDLE
[landing_controller-15] [INFO] [1786719128.790041057] [landing_scout_3]: [scout_3] Landing controller state: FLIGHT
[landing_controller-11] [INFO] [1786719128.821428603] [landing_scout_2]: [scout_2] Landing controller state: IDLE
[landing_controller-7] [INFO] [1786719133.718508232] [landing_scout_1]: [scout_1] Landing controller state: IDLE
[landing_controller-15] [INFO] [1786719133.789715452] [landing_scout_3]: [scout_3] Landing controller state: FLIGHT
[landing_controller-11] [INFO] [1786719133.822108693] [landing_scout_2]: [scout_2] Landing controller state: IDLE
[swarm_manager-3] [INFO] [1786719136.783481467] [swarm_manager_node]: 📍 scout_3 detected high-value spectral anomaly at [-15.5, -10.6]!
[landing_controller-7] [INFO] [1786719138.715476803] [landing_scout_1]: [scout_1] Landing controller state: IDLE
[landing_controller-15] [INFO] [1786719138.790453971] [landing_scout_3]: [scout_3] Landing controller state: FLIGHT
[landing_controller-11] [INFO] [1786719138.821480121] [landing_scout_2]: [scout_2] Landing controller state: IDLE
[landing_controller-7] [INFO] [1786719143.719110238] [landing_scout_1]: [scout_1] Landing controller state: IDLE
[landing_controller-15] [INFO] [1786719143.791018067] [landing_scout_3]: [scout_3] Landing controller state: FLIGHT
[landing_controller-11] [INFO] [1786719143.822170428] [landing_scout_2]: [scout_2] Landing controller state: IDLE
[swarm_manager-3] [INFO] [1786719144.782924873] [swarm_manager_node]: 📍 scout_3 detected high-value spectral anomaly at [-6.8, -14.0]!
[landing_controller-7] [INFO] [1786719148.718651322] [landing_scout_1]: [scout_1] Landing controller state: IDLE
[landing_controller-15] [INFO] [1786719148.789647285] [landing_scout_3]: [scout_3] Landing controller state: FLIGHT
[landing_controller-11] [INFO] [1786719148.821711548] [landing_scout_2]: [scout_2] Landing controller state: IDLE
[landing_controller-7] [INFO] [1786719153.717797676] [landing_scout_1]: [scout_1] Landing controller state: IDLE
[landing_controller-15] [INFO] [1786719153.790826126] [landing_scout_3]: [scout_3] Landing controller state: FLIGHT
[landing_controller-11] [INFO] [1786719153.821953227] [landing_scout_2]: [scout_2] Landing controller state: IDLE
[landing_controller-7] [INFO] [1786719158.716642517] [landing_scout_1]: [scout_1] Landing controller state: IDLE
[swarm_manager-3] [INFO] [1786719158.783083956] [swarm_manager_node]: 📍 scout_3 detected high-value spectral anomaly at [-2.8, -6.0]!
[landing_controller-15] [INFO] [1786719158.790963998] [landing_scout_3]: [scout_3] Landing controller state: FLIGHT
[landing_controller-11] [INFO] [1786719158.822940216] [landing_scout_2]: [scout_2] Landing controller state: IDLE
[landing_controller-7] [INFO] [1786719163.717281009] [landing_scout_1]: [scout_1] Landing controller state: IDLE
[landing_controller-15] [INFO] [1786719163.790416923] [landing_scout_3]: [scout_3] Landing controller state: FLIGHT
[landing_controller-11] [INFO] [1786719163.827446867] [landing_scout_2]: [scout_2] Landing controller state: IDLE
[landing_controller-7] [INFO] [1786719168.717820979] [landing_scout_1]: [scout_1] Landing controller state: IDLE
[landing_controller-15] [INFO] [1786719168.793770746] [landing_scout_3]: [scout_3] Landing controller state: FLIGHT
[landing_controller-11] [INFO] [1786719168.821137866] [landing_scout_2]: [scout_2] Landing controller state: IDLE
[landing_controller-7] [INFO] [1786719173.716934484] [landing_scout_1]: [scout_1] Landing controller state: IDLE
[landing_controller-15] [INFO] [1786719173.790490810] [landing_scout_3]: [scout_3] Landing controller state: FLIGHT
[landing_controller-11] [INFO] [1786719173.821179362] [landing_scout_2]: [scout_2] Landing controller state: IDLE
[swarm_manager-3] [INFO] [1786719174.783986545] [swarm_manager_node]: 📍 scout_2 detected high-value spectral anomaly at [2.5, -5.1]!
[swarm_manager-3] [INFO] [1786719174.786411789] [swarm_manager_node]: 📍 scout_3 detected high-value spectral anomaly at [2.6, -2.3]!
[landing_controller-7] [INFO] [1786719178.716634837] [landing_scout_1]: [scout_1] Landing controller state: IDLE
[landing_controller-15] [INFO] [1786719178.789457385] [landing_scout_3]: [scout_3] Landing controller state: FLIGHT
[landing_controller-11] [INFO] [1786719178.823034226] [landing_scout_2]: [scout_2] Landing controller state: IDLE
[swarm_manager-3] [INFO] [1786719182.782891755] [swarm_manager_node]: 📍 scout_2 detected high-value spectral anomaly at [2.9, -3.6]!
[landing_controller-7] [INFO] [1786719183.717625795] [landing_scout_1]: [scout_1] Landing controller state: IDLE
[landing_controller-15] [INFO] [1786719183.791358724] [landing_scout_3]: [scout_3] Landing controller state: FLIGHT
[landing_controller-11] [INFO] [1786719183.823729518] [landing_scout_2]: [scout_2] Landing controller state: IDLE
[swarm_manager-3] [INFO] [1786719184.783784404] [swarm_manager_node]: 📍 scout_2 detected high-value spectral anomaly at [14.4, -14.2]!
[landing_controller-7] [INFO] [1786719188.716663788] [landing_scout_1]: [scout_1] Landing controller state: IDLE
[landing_controller-15] [INFO] [1786719188.790008992] [landing_scout_3]: [scout_3] Landing controller state: FLIGHT
[landing_controller-11] [INFO] [1786719188.821400089] [landing_scout_2]: [scout_2] Landing controller state: IDLE
[swarm_manager-3] [INFO] [1786719192.784940036] [swarm_manager_node]: 📍 scout_3 detected high-value spectral anomaly at [-11.6, -0.4]!
[landing_controller-7] [INFO] [1786719193.716803229] [landing_scout_1]: [scout_1] Landing controller state: IDLE
[landing_controller-15] [INFO] [1786719193.790403162] [landing_scout_3]: [scout_3] Landing controller state: FLIGHT
[landing_controller-11] [INFO] [1786719193.821553392] [landing_scout_2]: [scout_2] Landing controller state: IDLE
[swarm_manager-3] [INFO] [1786719194.783994406] [swarm_manager_node]: 📍 scout_2 detected high-value spectral anomaly at [15.6, -10.6]!
[landing_controller-7] [INFO] [1786719198.715532325] [landing_scout_1]: [scout_1] Landing controller state: IDLE
[swarm_manager-3] [INFO] [1786719198.783917294] [swarm_manager_node]: 📍 scout_3 detected high-value spectral anomaly at [-3.9, -13.3]!
[landing_controller-15] [INFO] [1786719198.790045363] [landing_scout_3]: [scout_3] Landing controller state: FLIGHT
[landing_controller-11] [INFO] [1786719198.823508967] [landing_scout_2]: [scout_2] Landing controller state: IDLE
[landing_controller-7] [INFO] [1786719203.723791981] [landing_scout_1]: [scout_1] Landing controller state: IDLE
[landing_controller-15] [INFO] [1786719203.790521007] [landing_scout_3]: [scout_3] Landing controller state: FLIGHT
[landing_controller-11] [INFO] [1786719203.821163104] [landing_scout_2]: [scout_2] Landing controller state: IDLE
[swarm_manager-3] [INFO] [1786719206.784864751] [swarm_manager_node]: 📍 scout_3 detected high-value spectral anomaly at [-7.9, 5.3]!
[landing_controller-7] [INFO] [1786719208.715431187] [landing_scout_1]: [scout_1] Landing controller state: IDLE
[landing_controller-15] [INFO] [1786719208.790769286] [landing_scout_3]: [scout_3] Landing controller state: FLIGHT
[landing_controller-11] [INFO] [1786719208.821526419] [landing_scout_2]: [scout_2] Landing controller state: IDLE
[swarm_manager-3] [INFO] [1786719212.782969548] [swarm_manager_node]: 📍 scout_3 detected high-value spectral anomaly at [-4.8, -9.9]!
[landing_controller-7] [INFO] [1786719213.716981899] [landing_scout_1]: [scout_1] Landing controller state: IDLE
[landing_controller-15] [INFO] [1786719213.791456455] [landing_scout_3]: [scout_3] Landing controller state: FLIGHT
[landing_controller-11] [INFO] [1786719213.821218314] [landing_scout_2]: [scout_2] Landing controller state: IDLE
[landing_controller-7] [INFO] [1786719218.716863728] [landing_scout_1]: [scout_1] Landing controller state: IDLE
[landing_controller-15] [INFO] [1786719218.789626817] [landing_scout_3]: [scout_3] Landing controller state: FLIGHT
[landing_controller-11] [INFO] [1786719218.821761416] [landing_scout_2]: [scout_2] Landing controller state: IDLE
[landing_controller-7] [INFO] [1786719223.716462204] [landing_scout_1]: [scout_1] Landing controller state: IDLE
[landing_controller-15] [INFO] [1786719223.791571019] [landing_scout_3]: [scout_3] Landing controller state: FLIGHT
[landing_controller-11] [INFO] [1786719223.826158675] [landing_scout_2]: [scout_2] Landing controller state: IDLE
[landing_controller-7] [INFO] [1786719228.717060478] [landing_scout_1]: [scout_1] Landing controller state: IDLE
[landing_controller-15] [INFO] [1786719228.790482408] [landing_scout_3]: [scout_3] Landing controller state: FLIGHT
[landing_controller-11] [INFO] [1786719228.827722304] [landing_scout_2]: [scout_2] Landing controller state: IDLE
[swarm_manager-3] [INFO] [1786719230.783471603] [swarm_manager_node]: 📍 scout_2 detected high-value spectral anomaly at [3.2, 3.1]!
[swarm_manager-3] [INFO] [1786719230.785160814] [swarm_manager_node]: 📍 scout_3 detected high-value spectral anomaly at [-12.2, 1.0]!
[landing_controller-7] [INFO] [1786719233.716966249] [landing_scout_1]: [scout_1] Landing controller state: IDLE
[landing_controller-15] [INFO] [1786719233.789616683] [landing_scout_3]: [scout_3] Landing controller state: FLIGHT
[landing_controller-11] [INFO] [1786719233.823443176] [landing_scout_2]: [scout_2] Landing controller state: IDLE
[swarm_manager-3] [INFO] [1786719236.784166816] [swarm_manager_node]: 📍 scout_2 detected high-value spectral anomaly at [6.2, 1.1]!
[landing_controller-7] [INFO] [1786719238.715553530] [landing_scout_1]: [scout_1] Landing controller state: IDLE
[landing_controller-15] [INFO] [1786719238.792356444] [landing_scout_3]: [scout_3] Landing controller state: FLIGHT
[landing_controller-11] [INFO] [1786719238.822523278] [landing_scout_2]: [scout_2] Landing controller state: IDLE
[landing_controller-7] [INFO] [1786719243.716848845] [landing_scout_1]: [scout_1] Landing controller state: IDLE
[landing_controller-15] [INFO] [1786719243.802021860] [landing_scout_3]: [scout_3] Landing controller state: FLIGHT
[landing_controller-11] [INFO] [1786719243.821384360] [landing_scout_2]: [scout_2] Landing controller state: IDLE
[landing_controller-7] [INFO] [1786719248.716462683] [landing_scout_1]: [scout_1] Landing controller state: IDLE
[landing_controller-15] [INFO] [1786719248.789734894] [landing_scout_3]: [scout_3] Landing controller state: FLIGHT
[landing_controller-11] [INFO] [1786719248.823981991] [landing_scout_2]: [scout_2] Landing controller state: IDLE
[swarm_manager-3] [INFO] [1786719250.782894314] [swarm_manager_node]: 📍 scout_3 detected high-value spectral anomaly at [-15.1, 3.7]!
[swarm_manager-3] [INFO] [1786719252.783274554] [swarm_manager_node]: 📍 scout_3 detected high-value spectral anomaly at [-5.0, 2.4]!
[landing_controller-7] [INFO] [1786719253.716681583] [landing_scout_1]: [scout_1] Landing controller state: IDLE
[landing_controller-15] [INFO] [1786719253.791418703] [landing_scout_3]: [scout_3] Landing controller state: FLIGHT
[landing_controller-11] [INFO] [1786719253.823483039] [landing_scout_2]: [scout_2] Landing controller state: IDLE
[swarm_manager-3] [INFO] [1786719254.790021194] [swarm_manager_node]: 📍 scout_2 detected high-value spectral anomaly at [9.2, -16.4]!
[landing_controller-7] [INFO] [1786719258.716336414] [landing_scout_1]: [scout_1] Landing controller state: IDLE
[landing_controller-15] [INFO] [1786719258.792613801] [landing_scout_3]: [scout_3] Landing controller state: FLIGHT
[landing_controller-11] [INFO] [1786719258.822034223] [landing_scout_2]: [scout_2] Landing controller state: IDLE
[swarm_manager-3] [INFO] [1786719260.783255234] [swarm_manager_node]: 📍 scout_3 detected high-value spectral anomaly at [-12.8, -6.1]!
[swarm_manager-3] [INFO] [1786719262.784551158] [swarm_manager_node]: 📍 scout_3 detected high-value spectral anomaly at [0.8, -12.9]!
[landing_controller-7] [INFO] [1786719263.716890025] [landing_scout_1]: [scout_1] Landing controller state: IDLE
[landing_controller-15] [INFO] [1786719263.790432508] [landing_scout_3]: [scout_3] Landing controller state: FLIGHT
[landing_controller-11] [INFO] [1786719263.822000301] [landing_scout_2]: [scout_2] Landing controller state: IDLE
[swarm_manager-3] [INFO] [1786719264.784257542] [swarm_manager_node]: 📍 scout_2 detected high-value spectral anomaly at [16.2, 0.2]!
[swarm_manager-3] [INFO] [1786719266.784282130] [swarm_manager_node]: 📍 scout_3 detected high-value spectral anomaly at [-5.9, -13.6]!
[landing_controller-7] [INFO] [1786719268.715442655] [landing_scout_1]: [scout_1] Landing controller state: IDLE
[landing_controller-15] [INFO] [1786719268.791747812] [landing_scout_3]: [scout_3] Landing controller state: FLIGHT
[landing_controller-11] [INFO] [1786719268.822941203] [landing_scout_2]: [scout_2] Landing controller state: IDLE
[landing_controller-7] [INFO] [1786719273.717604942] [landing_scout_1]: [scout_1] Landing controller state: IDLE
[landing_controller-15] [INFO] [1786719273.790241503] [landing_scout_3]: [scout_3] Landing controller state: FLIGHT
[landing_controller-11] [INFO] [1786719273.822131834] [landing_scout_2]: [scout_2] Landing controller state: IDLE
[swarm_manager-3] [INFO] [1786719274.782819886] [swarm_manager_node]: 📍 scout_3 detected high-value spectral anomaly at [-13.0, -12.3]!
[landing_controller-7] [INFO] [1786719278.715500685] [landing_scout_1]: [scout_1] Landing controller state: IDLE
[landing_controller-15] [INFO] [1786719278.790897267] [landing_scout_3]: [scout_3] Landing controller state: FLIGHT
[landing_controller-11] [INFO] [1786719278.821151469] [landing_scout_2]: [scout_2] Landing controller state: IDLE
[swarm_manager-3] [INFO] [1786719280.786790897] [swarm_manager_node]: 📍 scout_2 detected high-value spectral anomaly at [7.4, 4.5]!
[landing_controller-7] [INFO] [1786719283.715302944] [landing_scout_1]: [scout_1] Landing controller state: IDLE
[landing_controller-15] [INFO] [1786719283.790176166] [landing_scout_3]: [scout_3] Landing controller state: FLIGHT
[landing_controller-11] [INFO] [1786719283.822431079] [landing_scout_2]: [scout_2] Landing controller state: IDLE
[landing_controller-7] [INFO] [1786719288.716425122] [landing_scout_1]: [scout_1] Landing controller state: IDLE
[landing_controller-15] [INFO] [1786719288.789636105] [landing_scout_3]: [scout_3] Landing controller state: FLIGHT
[landing_controller-11] [INFO] [1786719288.822667297] [landing_scout_2]: [scout_2] Landing controller state: IDLE
[landing_controller-7] [INFO] [1786719293.716046722] [landing_scout_1]: [scout_1] Landing controller state: IDLE
[landing_controller-15] [INFO] [1786719293.793454265] [landing_scout_3]: [scout_3] Landing controller state: FLIGHT
[landing_controller-11] [INFO] [1786719293.821433247] [landing_scout_2]: [scout_2] Landing controller state: IDLE
[landing_controller-7] [INFO] [1786719298.715319601] [landing_scout_1]: [scout_1] Landing controller state: IDLE
[swarm_manager-3] [INFO] [1786719298.784787134] [swarm_manager_node]: 📍 scout_3 detected high-value spectral anomaly at [-8.8, 2.9]!
[landing_controller-15] [INFO] [1786719298.796013691] [landing_scout_3]: [scout_3] Landing controller state: FLIGHT
[landing_controller-11] [INFO] [1786719298.822147160] [landing_scout_2]: [scout_2] Landing controller state: IDLE
[landing_controller-7] [INFO] [1786719303.717119405] [landing_scout_1]: [scout_1] Landing controller state: IDLE
[landing_controller-15] [INFO] [1786719303.789810557] [landing_scout_3]: [scout_3] Landing controller state: FLIGHT
[landing_controller-11] [INFO] [1786719303.822658864] [landing_scout_2]: [scout_2] Landing controller state: IDLE
[landing_controller-7] [INFO] [1786719308.720838934] [landing_scout_1]: [scout_1] Landing controller state: IDLE
[landing_controller-15] [INFO] [1786719308.791643588] [landing_scout_3]: [scout_3] Landing controller state: FLIGHT
[landing_controller-11] [INFO] [1786719308.821247697] [landing_scout_2]: [scout_2] Landing controller state: IDLE
[swarm_manager-3] [INFO] [1786719312.786008363] [swarm_manager_node]: 📍 scout_2 detected high-value spectral anomaly at [9.8, -9.5]!
[landing_controller-7] [INFO] [1786719313.718840547] [landing_scout_1]: [scout_1] Landing controller state: IDLE
[landing_controller-15] [INFO] [1786719313.790764405] [landing_scout_3]: [scout_3] Landing controller state: FLIGHT
[landing_controller-11] [INFO] [1786719313.822159079] [landing_scout_2]: [scout_2] Landing controller state: IDLE
[swarm_manager-3] [INFO] [1786719314.784606396] [swarm_manager_node]: 📍 scout_3 detected high-value spectral anomaly at [-1.0, 0.4]!
[swarm_manager-3] [INFO] [1786719316.783386913] [swarm_manager_node]: 📍 scout_2 detected high-value spectral anomaly at [8.5, 1.3]!
[swarm_manager-3] [INFO] [1786719316.784199501] [swarm_manager_node]: 📍 scout_3 detected high-value spectral anomaly at [-12.7, 0.5]!
[landing_controller-7] [INFO] [1786719318.717518219] [landing_scout_1]: [scout_1] Landing controller state: IDLE
[landing_controller-15] [INFO] [1786719318.791321559] [landing_scout_3]: [scout_3] Landing controller state: FLIGHT
[landing_controller-11] [INFO] [1786719318.822238326] [landing_scout_2]: [scout_2] Landing controller state: IDLE
[landing_controller-7] [INFO] [1786719323.719155147] [landing_scout_1]: [scout_1] Landing controller state: IDLE
[landing_controller-15] [INFO] [1786719323.790138576] [landing_scout_3]: [scout_3] Landing controller state: FLIGHT
[landing_controller-11] [INFO] [1786719323.822239278] [landing_scout_2]: [scout_2] Landing controller state: IDLE
[landing_controller-7] [INFO] [1786719328.715930706] [landing_scout_1]: [scout_1] Landing controller state: IDLE
[landing_controller-15] [INFO] [1786719328.790497085] [landing_scout_3]: [scout_3] Landing controller state: FLIGHT
[landing_controller-11] [INFO] [1786719328.823054759] [landing_scout_2]: [scout_2] Landing controller state: IDLE
[landing_controller-7] [INFO] [1786719333.715403108] [landing_scout_1]: [scout_1] Landing controller state: IDLE
[landing_controller-15] [INFO] [1786719333.790766101] [landing_scout_3]: [scout_3] Landing controller state: FLIGHT
[landing_controller-11] [INFO] [1786719333.821604740] [landing_scout_2]: [scout_2] Landing controller state: IDLE
[landing_controller-7] [INFO] [1786719338.715926703] [landing_scout_1]: [scout_1] Landing controller state: IDLE
[landing_controller-15] [INFO] [1786719338.790617993] [landing_scout_3]: [scout_3] Landing controller state: FLIGHT
[landing_controller-11] [INFO] [1786719338.824212877] [landing_scout_2]: [scout_2] Landing controller state: IDLE
[swarm_manager-3] [INFO] [1786719340.783285119] [swarm_manager_node]: 📍 scout_2 detected high-value spectral anomaly at [10.9, 3.4]!
[landing_controller-7] [INFO] [1786719343.716360222] [landing_scout_1]: [scout_1] Landing controller state: IDLE
[landing_controller-15] [INFO] [1786719343.789509181] [landing_scout_3]: [scout_3] Landing controller state: FLIGHT
[landing_controller-11] [INFO] [1786719343.822692436] [landing_scout_2]: [scout_2] Landing controller state: IDLE
[swarm_manager-3] [INFO] [1786719344.782975360] [swarm_manager_node]: 📍 scout_2 detected high-value spectral anomaly at [12.3, -1.7]!
[swarm_manager-3] [INFO] [1786719346.783714127] [swarm_manager_node]: 📍 scout_2 detected high-value spectral anomaly at [12.6, -14.2]!
[landing_controller-7] [INFO] [1786719348.715936042] [landing_scout_1]: [scout_1] Landing controller state: IDLE
[landing_controller-15] [INFO] [1786719348.789864923] [landing_scout_3]: [scout_3] Landing controller state: FLIGHT
[landing_controller-11] [INFO] [1786719348.821787572] [landing_scout_2]: [scout_2] Landing controller state: IDLE
[swarm_manager-3] [INFO] [1786719352.783101922] [swarm_manager_node]: 📍 scout_2 detected high-value spectral anomaly at [4.2, -0.8]!
[swarm_manager-3] [INFO] [1786719352.786823282] [swarm_manager_node]: 📍 scout_3 detected high-value spectral anomaly at [-10.6, -10.2]!
[landing_controller-7] [INFO] [1786719353.716723582] [landing_scout_1]: [scout_1] Landing controller state: IDLE
[landing_controller-15] [INFO] [1786719353.792186238] [landing_scout_3]: [scout_3] Landing controller state: FLIGHT
[landing_controller-11] [INFO] [1786719353.821515243] [landing_scout_2]: [scout_2] Landing controller state: IDLE
[landing_controller-7] [INFO] [1786719358.716632586] [landing_scout_1]: [scout_1] Landing controller state: IDLE
[landing_controller-15] [INFO] [1786719358.789596590] [landing_scout_3]: [scout_3] Landing controller state: FLIGHT
[landing_controller-11] [INFO] [1786719358.822568183] [landing_scout_2]: [scout_2] Landing controller state: IDLE
[landing_controller-7] [INFO] [1786719363.715875497] [landing_scout_1]: [scout_1] Landing controller state: IDLE
[landing_controller-15] [INFO] [1786719363.792485593] [landing_scout_3]: [scout_3] Landing controller state: FLIGHT
[landing_controller-11] [INFO] [1786719363.822382202] [landing_scout_2]: [scout_2] Landing controller state: IDLE
[landing_controller-7] [INFO] [1786719368.717490419] [landing_scout_1]: [scout_1] Landing controller state: IDLE
[swarm_manager-3] [INFO] [1786719368.784117580] [swarm_manager_node]: 📍 scout_2 detected high-value spectral anomaly at [8.2, 2.3]!
[landing_controller-15] [INFO] [1786719368.790290822] [landing_scout_3]: [scout_3] Landing controller state: FLIGHT
[landing_controller-11] [INFO] [1786719368.821149625] [landing_scout_2]: [scout_2] Landing controller state: IDLE
[landing_controller-7] [INFO] [1786719373.715500352] [landing_scout_1]: [scout_1] Landing controller state: IDLE
[landing_controller-15] [INFO] [1786719373.789992579] [landing_scout_3]: [scout_3] Landing controller state: FLIGHT
[landing_controller-11] [INFO] [1786719373.821621028] [landing_scout_2]: [scout_2] Landing controller state: IDLE
[landing_controller-7] [INFO] [1786719378.717470439] [landing_scout_1]: [scout_1] Landing controller state: IDLE
[landing_controller-15] [INFO] [1786719378.789912943] [landing_scout_3]: [scout_3] Landing controller state: FLIGHT
[landing_controller-11] [INFO] [1786719378.824207758] [landing_scout_2]: [scout_2] Landing controller state: IDLE
[swarm_manager-3] [INFO] [1786719380.783447681] [swarm_manager_node]: 📍 scout_2 detected high-value spectral anomaly at [-3.8, -5.5]!
[landing_controller-7] [INFO] [1786719383.715789837] [landing_scout_1]: [scout_1] Landing controller state: IDLE
[landing_controller-15] [INFO] [1786719383.789702494] [landing_scout_3]: [scout_3] Landing controller state: FLIGHT
[landing_controller-11] [INFO] [1786719383.823069350] [landing_scout_2]: [scout_2] Landing controller state: IDLE
[swarm_manager-3] [INFO] [1786719384.782948404] [swarm_manager_node]: 📍 scout_3 detected high-value spectral anomaly at [-13.3, -11.9]!
[landing_controller-7] [INFO] [1786719388.716315753] [landing_scout_1]: [scout_1] Landing controller state: IDLE
[landing_controller-15] [INFO] [1786719388.793286240] [landing_scout_3]: [scout_3] Landing controller state: FLIGHT
[landing_controller-11] [INFO] [1786719388.822505782] [landing_scout_2]: [scout_2] Landing controller state: IDLE
[landing_controller-7] [INFO] [1786719393.715673358] [landing_scout_1]: [scout_1] Landing controller state: IDLE
[landing_controller-15] [INFO] [1786719393.791579287] [landing_scout_3]: [scout_3] Landing controller state: FLIGHT
[landing_controller-11] [INFO] [1786719393.821210333] [landing_scout_2]: [scout_2] Landing controller state: IDLE
[swarm_manager-3] [INFO] [1786719394.784428868] [swarm_manager_node]: 📍 scout_3 detected high-value spectral anomaly at [1.7, -10.4]!
[landing_controller-7] [INFO] [1786719398.717830822] [landing_scout_1]: [scout_1] Landing controller state: IDLE
[landing_controller-15] [INFO] [1786719398.792926341] [landing_scout_3]: [scout_3] Landing controller state: FLIGHT
[landing_controller-11] [INFO] [1786719398.821246563] [landing_scout_2]: [scout_2] Landing controller state: IDLE
[landing_controller-11] [INFO] [1786719403.637346048] [landing_scout_2]: [scout_2] 🛫 Airborne while IDLE (v=0.066 m/s, free-fall accel) → FLIGHT mode armed
[landing_controller-11] [INFO] [1786719403.668162506] [landing_scout_2]: [scout_2] 🎯 Contact detected! accel=0.4367 m/s² → hands-off settle (no posture commands at contact)
[landing_controller-7] [INFO] [1786719403.716264918] [landing_scout_1]: [scout_1] Landing controller state: IDLE
[landing_controller-15] [INFO] [1786719403.791098064] [landing_scout_3]: [scout_3] Landing controller state: FLIGHT
[landing_controller-11] [INFO] [1786719403.822659578] [landing_scout_2]: [scout_2] Landing controller state: CONTACT
[attitude_controller-10] [INFO] [1786719403.837347195] [attitude_scout_2]: [scout_2] Contact — commanded-flight latch cleared (full attitude PD locked out until next ignition).
[landing_controller-11] [INFO] [1786719404.084974099] [landing_scout_2]: [scout_2] ⚠️ Bounce detected (v=0.0429 m/s) → back to FLIGHT
[landing_controller-11] [INFO] [1786719404.403538747] [landing_scout_2]: [scout_2] 🎯 Contact detected! accel=0.1562 m/s² → hands-off settle (no posture commands at contact)
[landing_controller-11] [INFO] [1786719404.777882932] [landing_scout_2]: [scout_2] ⚠️ Bounce detected (v=0.0424 m/s) → back to FLIGHT
[swarm_manager-3] [INFO] [1786719404.783456255] [swarm_manager_node]: 📍 scout_2 detected high-value spectral anomaly at [17.4, -6.2]!
[landing_controller-7] [INFO] [1786719408.716239425] [landing_scout_1]: [scout_1] Landing controller state: IDLE
[landing_controller-15] [INFO] [1786719408.789516056] [landing_scout_3]: [scout_3] Landing controller state: FLIGHT
[landing_controller-11] [INFO] [1786719408.823062088] [landing_scout_2]: [scout_2] Landing controller state: FLIGHT
[landing_controller-7] [INFO] [1786719408.934065949] [landing_scout_1]: [scout_1] 🛫 Airborne while IDLE (v=0.023 m/s, free-fall accel) → FLIGHT mode armed
[landing_controller-7] [INFO] [1786719413.717386064] [landing_scout_1]: [scout_1] Landing controller state: FLIGHT
[landing_controller-15] [INFO] [1786719413.789978136] [landing_scout_3]: [scout_3] Landing controller state: FLIGHT
[landing_controller-11] [INFO] [1786719413.821070336] [landing_scout_2]: [scout_2] Landing controller state: FLIGHT
[swarm_manager-3] [INFO] [1786719416.783278126] [swarm_manager_node]: 📍 scout_2 detected high-value spectral anomaly at [4.2, 2.4]!
[landing_controller-7] [INFO] [1786719418.716251503] [landing_scout_1]: [scout_1] Landing controller state: FLIGHT
[landing_controller-15] [INFO] [1786719418.789749698] [landing_scout_3]: [scout_3] Landing controller state: FLIGHT
[landing_controller-11] [INFO] [1786719418.821188383] [landing_scout_2]: [scout_2] Landing controller state: FLIGHT
[landing_controller-15] [INFO] [1786719422.399687525] [landing_scout_3]: [scout_3] 🎯 Contact detected! accel=0.1205 m/s² → hands-off settle (no posture commands at contact)
[attitude_controller-14] [INFO] [1786719422.747704215] [attitude_scout_3]: [scout_3] Contact — commanded-flight latch cleared (full attitude PD locked out until next ignition).
[landing_controller-7] [INFO] [1786719423.716348908] [landing_scout_1]: [scout_1] Landing controller state: FLIGHT
[landing_controller-15] [INFO] [1786719423.791752991] [landing_scout_3]: [scout_3] Landing controller state: CONTACT
[landing_controller-11] [INFO] [1786719423.821451611] [landing_scout_2]: [scout_2] Landing controller state: FLIGHT
[landing_controller-15] [WARN] [1786719423.829199626] [landing_scout_3]: [scout_3] Sustained contact accel but velocity still 0.0108 m/s — not actually landed, resetting settle counter (likely a false accel trigger, e.g. RW/leg motor reaction torque).
[swarm_manager-3] [INFO] [1786719424.782771982] [swarm_manager_node]: 📍 scout_2 detected high-value spectral anomaly at [17.1, -6.3]!
[landing_controller-15] [INFO] [1786719425.205058168] [landing_scout_3]: [scout_3] ✅ LANDED — stable contact confirmed
[swarm_manager-3] [INFO] [1786719425.209887068] [swarm_manager_node]: 🧭 scout_3 heading calibration: measured offset -58°, bias now -29°
[attitude_controller-14] [INFO] [1786719425.211017364] [attitude_scout_3]: [scout_3] Landed — tilt correction stopped, yaw-hold pinned to current heading.
[attitude_controller-14] [INFO] [1786719425.212807162] [attitude_scout_3]: [scout_3] Landed — tilt correction stopped, yaw-hold pinned to current heading.
[attitude_controller-14] [INFO] [1786719425.247826709] [attitude_scout_3]: [scout_3] Landed — tilt correction stopped, yaw-hold pinned to current heading.
[attitude_controller-14] [INFO] [1786719425.260278262] [attitude_scout_3]: [scout_3] Landed — tilt correction stopped, yaw-hold pinned to current heading.
[attitude_controller-14] [INFO] [1786719425.270403573] [attitude_scout_3]: [scout_3] Landed — tilt correction stopped, yaw-hold pinned to current heading.
[attitude_controller-14] [INFO] [1786719425.284439943] [attitude_scout_3]: [scout_3] Landed — tilt correction stopped, yaw-hold pinned to current heading.
[attitude_controller-14] [INFO] [1786719425.295562015] [attitude_scout_3]: [scout_3] Landed — tilt correction stopped, yaw-hold pinned to current heading.
[attitude_controller-14] [INFO] [1786719425.309341233] [attitude_scout_3]: [scout_3] Landed — tilt correction stopped, yaw-hold pinned to current heading.
[attitude_controller-14] [INFO] [1786719425.321657086] [attitude_scout_3]: [scout_3] Landed — tilt correction stopped, yaw-hold pinned to current heading.
[attitude_controller-14] [INFO] [1786719425.335391676] [attitude_scout_3]: [scout_3] Landed — tilt correction stopped, yaw-hold pinned to current heading.
[attitude_controller-14] [INFO] [1786719425.350462450] [attitude_scout_3]: [scout_3] Landed — tilt correction stopped, yaw-hold pinned to current heading.
[attitude_controller-14] [INFO] [1786719425.368411275] [attitude_scout_3]: [scout_3] Landed — tilt correction stopped, yaw-hold pinned to current heading.
[attitude_controller-14] [INFO] [1786719425.370020676] [attitude_scout_3]: [scout_3] Landed — tilt correction stopped, yaw-hold pinned to current heading.
[attitude_controller-14] [INFO] [1786719425.371627771] [attitude_scout_3]: [scout_3] Landed — tilt correction stopped, yaw-hold pinned to current heading.
[attitude_controller-14] [INFO] [1786719425.516010429] [attitude_scout_3]: [scout_3] Landed — tilt correction stopped, yaw-hold pinned to current heading.
[attitude_controller-14] [INFO] [1786719425.575789001] [attitude_scout_3]: [scout_3] Landed — tilt correction stopped, yaw-hold pinned to current heading.
[attitude_controller-14] [INFO] [1786719425.578959333] [attitude_scout_3]: [scout_3] Landed — tilt correction stopped, yaw-hold pinned to current heading.
[attitude_controller-14] [INFO] [1786719425.580670701] [attitude_scout_3]: [scout_3] Landed — tilt correction stopped, yaw-hold pinned to current heading.
[attitude_controller-14] [INFO] [1786719425.582076377] [attitude_scout_3]: [scout_3] Landed — tilt correction stopped, yaw-hold pinned to current heading.
[attitude_controller-14] [INFO] [1786719425.648332011] [attitude_scout_3]: [scout_3] Landed — tilt correction stopped, yaw-hold pinned to current heading.
[attitude_controller-14] [INFO] [1786719425.650978820] [attitude_scout_3]: [scout_3] Landed — tilt correction stopped, yaw-hold pinned to current heading.
[attitude_controller-14] [INFO] [1786719425.653615222] [attitude_scout_3]: [scout_3] Landed — tilt correction stopped, yaw-hold pinned to current heading.
[attitude_controller-14] [INFO] [1786719425.676997136] [attitude_scout_3]: [scout_3] Landed — tilt correction stopped, yaw-hold pinned to current heading.
[attitude_controller-14] [INFO] [1786719425.678422437] [attitude_scout_3]: [scout_3] Landed — tilt correction stopped, yaw-hold pinned to current heading.
[attitude_controller-14] [INFO] [1786719425.680795193] [attitude_scout_3]: [scout_3] Landed — tilt correction stopped, yaw-hold pinned to current heading.
[attitude_controller-14] [INFO] [1786719425.695833003] [attitude_scout_3]: [scout_3] Landed — tilt correction stopped, yaw-hold pinned to current heading.
[attitude_controller-14] [INFO] [1786719425.707728138] [attitude_scout_3]: [scout_3] Landed — tilt correction stopped, yaw-hold pinned to current heading.
[attitude_controller-14] [INFO] [1786719425.725115795] [attitude_scout_3]: [scout_3] Landed — tilt correction stopped, yaw-hold pinned to current heading.
[attitude_controller-14] [INFO] [1786719425.726646207] [attitude_scout_3]: [scout_3] Landed — tilt correction stopped, yaw-hold pinned to current heading.
[attitude_controller-14] [INFO] [1786719425.790715978] [attitude_scout_3]: [scout_3] Landed — tilt correction stopped, yaw-hold pinned to current heading.
[attitude_controller-14] [INFO] [1786719425.806968172] [attitude_scout_3]: [scout_3] Landed — tilt correction stopped, yaw-hold pinned to current heading.
[attitude_controller-14] [INFO] [1786719425.925357516] [attitude_scout_3]: [scout_3] Landed — tilt correction stopped, yaw-hold pinned to current heading.
[attitude_controller-14] [INFO] [1786719425.936914275] [attitude_scout_3]: [scout_3] Landed — tilt correction stopped, yaw-hold pinned to current heading.
[attitude_controller-14] [INFO] [1786719425.948425567] [attitude_scout_3]: [scout_3] Landed — tilt correction stopped, yaw-hold pinned to current heading.
[attitude_controller-14] [INFO] [1786719425.954120557] [attitude_scout_3]: [scout_3] Landed — tilt correction stopped, yaw-hold pinned to current heading.
[attitude_controller-14] [INFO] [1786719425.955939269] [attitude_scout_3]: [scout_3] Landed — tilt correction stopped, yaw-hold pinned to current heading.
[attitude_controller-14] [INFO] [1786719425.959825604] [attitude_scout_3]: [scout_3] Landed — tilt correction stopped, yaw-hold pinned to current heading.
[attitude_controller-14] [INFO] [1786719425.962034654] [attitude_scout_3]: [scout_3] Landed — tilt correction stopped, yaw-hold pinned to current heading.
[attitude_controller-14] [INFO] [1786719426.025881426] [attitude_scout_3]: [scout_3] Landed — tilt correction stopped, yaw-hold pinned to current heading.
[attitude_controller-14] [INFO] [1786719426.041509807] [attitude_scout_3]: [scout_3] Landed — tilt correction stopped, yaw-hold pinned to current heading.
[attitude_controller-14] [INFO] [1786719426.056455847] [attitude_scout_3]: [scout_3] Landed — tilt correction stopped, yaw-hold pinned to current heading.
[attitude_controller-14] [INFO] [1786719426.106171617] [attitude_scout_3]: [scout_3] Landed — tilt correction stopped, yaw-hold pinned to current heading.
[attitude_controller-14] [INFO] [1786719426.118916360] [attitude_scout_3]: [scout_3] Landed — tilt correction stopped, yaw-hold pinned to current heading.
[attitude_controller-14] [INFO] [1786719426.130282665] [attitude_scout_3]: [scout_3] Landed — tilt correction stopped, yaw-hold pinned to current heading.
[attitude_controller-14] [INFO] [1786719426.171762933] [attitude_scout_3]: [scout_3] Landed — tilt correction stopped, yaw-hold pinned to current heading.
[attitude_controller-14] [INFO] [1786719426.173220291] [attitude_scout_3]: [scout_3] Landed — tilt correction stopped, yaw-hold pinned to current heading.
[attitude_controller-14] [INFO] [1786719426.174753915] [attitude_scout_3]: [scout_3] Landed — tilt correction stopped, yaw-hold pinned to current heading.
[attitude_controller-14] [INFO] [1786719426.176175026] [attitude_scout_3]: [scout_3] Landed — tilt correction stopped, yaw-hold pinned to current heading.
[attitude_controller-14] [INFO] [1786719426.262791145] [attitude_scout_3]: [scout_3] Landed — tilt correction stopped, yaw-hold pinned to current heading.
[attitude_controller-14] [INFO] [1786719426.265245614] [attitude_scout_3]: [scout_3] Landed — tilt correction stopped, yaw-hold pinned to current heading.
[attitude_controller-14] [INFO] [1786719426.266283511] [attitude_scout_3]: [scout_3] Landed — tilt correction stopped, yaw-hold pinned to current heading.
[attitude_controller-14] [INFO] [1786719426.267891515] [attitude_scout_3]: [scout_3] Landed — tilt correction stopped, yaw-hold pinned to current heading.
[attitude_controller-14] [INFO] [1786719426.270466877] [attitude_scout_3]: [scout_3] Landed — tilt correction stopped, yaw-hold pinned to current heading.
[attitude_controller-14] [INFO] [1786719426.271903632] [attitude_scout_3]: [scout_3] Landed — tilt correction stopped, yaw-hold pinned to current heading.
[attitude_controller-14] [INFO] [1786719426.348802098] [attitude_scout_3]: [scout_3] Landed — tilt correction stopped, yaw-hold pinned to current heading.
[attitude_controller-14] [INFO] [1786719426.367609470] [attitude_scout_3]: [scout_3] Landed — tilt correction stopped, yaw-hold pinned to current heading.
[attitude_controller-14] [INFO] [1786719426.369821733] [attitude_scout_3]: [scout_3] Landed — tilt correction stopped, yaw-hold pinned to current heading.
[attitude_controller-14] [INFO] [1786719426.372026662] [attitude_scout_3]: [scout_3] Landed — tilt correction stopped, yaw-hold pinned to current heading.
[attitude_controller-14] [INFO] [1786719426.373334143] [attitude_scout_3]: [scout_3] Landed — tilt correction stopped, yaw-hold pinned to current heading.
[attitude_controller-14] [INFO] [1786719426.442954687] [attitude_scout_3]: [scout_3] Landed — tilt correction stopped, yaw-hold pinned to current heading.
[attitude_controller-14] [INFO] [1786719426.444603058] [attitude_scout_3]: [scout_3] Landed — tilt correction stopped, yaw-hold pinned to current heading.
[attitude_controller-14] [INFO] [1786719426.446264769] [attitude_scout_3]: [scout_3] Landed — tilt correction stopped, yaw-hold pinned to current heading.
[attitude_controller-14] [INFO] [1786719426.573395195] [attitude_scout_3]: [scout_3] Landed — tilt correction stopped, yaw-hold pinned to current heading.
[attitude_controller-14] [INFO] [1786719426.576107723] [attitude_scout_3]: [scout_3] Landed — tilt correction stopped, yaw-hold pinned to current heading.
[attitude_controller-14] [INFO] [1786719426.577738774] [attitude_scout_3]: [scout_3] Landed — tilt correction stopped, yaw-hold pinned to current heading.
[hopper_locomotion-13] [INFO] [1786719426.624356707] [loco_scout_3]: [scout_3] 🦵 Idle 300s with no jump command -- self-initiating recovery hop (legs).
[hopper_locomotion-13] [INFO] [1786719426.625473733] [loco_scout_3]: 1. Crouching (waking physics, planting feet under body)
[attitude_controller-14] [INFO] [1786719426.661046277] [attitude_scout_3]: [scout_3] Landed — tilt correction stopped, yaw-hold pinned to current heading.
[attitude_controller-14] [INFO] [1786719426.662593101] [attitude_scout_3]: [scout_3] Landed — tilt correction stopped, yaw-hold pinned to current heading.
[attitude_controller-14] [INFO] [1786719426.664144534] [attitude_scout_3]: [scout_3] Landed — tilt correction stopped, yaw-hold pinned to current heading.
[attitude_controller-14] [INFO] [1786719426.684584634] [attitude_scout_3]: [scout_3] Landed — tilt correction stopped, yaw-hold pinned to current heading.
[attitude_controller-14] [INFO] [1786719426.690407711] [attitude_scout_3]: [scout_3] Landed — tilt correction stopped, yaw-hold pinned to current heading.
[attitude_controller-14] [INFO] [1786719426.693213407] [attitude_scout_3]: [scout_3] Landed — tilt correction stopped, yaw-hold pinned to current heading.
[attitude_controller-14] [INFO] [1786719426.754921600] [attitude_scout_3]: [scout_3] Landed — tilt correction stopped, yaw-hold pinned to current heading.
[attitude_controller-14] [INFO] [1786719426.756304160] [attitude_scout_3]: [scout_3] Landed — tilt correction stopped, yaw-hold pinned to current heading.
[attitude_controller-14] [INFO] [1786719426.757676243] [attitude_scout_3]: [scout_3] Landed — tilt correction stopped, yaw-hold pinned to current heading.
[attitude_controller-14] [INFO] [1786719426.759027234] [attitude_scout_3]: [scout_3] Landed — tilt correction stopped, yaw-hold pinned to current heading.
[swarm_manager-3] [INFO] [1786719426.783178300] [swarm_manager_node]: 🏷️ [auction] Dispatch for [-3.8, -5.5]: scout_3 wins at cost 16.2 (55 target(s), 1 bidder(s) considered)
[swarm_manager-3] [INFO] [1786719426.784206559] [swarm_manager_node]: 🚀 scout_3 accepting bid for SAMPLER. Navigating to [-3.8, -5.5] via 4.3m jump.
[attitude_controller-14] [INFO] [1786719426.824468323] [attitude_scout_3]: [scout_3] Landed — tilt correction stopped, yaw-hold pinned to current heading.
[attitude_controller-14] [INFO] [1786719426.924714691] [attitude_scout_3]: [scout_3] Landed — tilt correction stopped, yaw-hold pinned to current heading.
[attitude_controller-14] [INFO] [1786719426.940746050] [attitude_scout_3]: [scout_3] Landed — tilt correction stopped, yaw-hold pinned to current heading.
[attitude_controller-14] [INFO] [1786719426.942330029] [attitude_scout_3]: [scout_3] Landed — tilt correction stopped, yaw-hold pinned to current heading.
[attitude_controller-14] [INFO] [1786719426.943727184] [attitude_scout_3]: [scout_3] Landed — tilt correction stopped, yaw-hold pinned to current heading.
[attitude_controller-14] [INFO] [1786719426.996277075] [attitude_scout_3]: [scout_3] Landed — tilt correction stopped, yaw-hold pinned to current heading.
[attitude_controller-14] [INFO] [1786719426.997272719] [attitude_scout_3]: [scout_3] Landed — tilt correction stopped, yaw-hold pinned to current heading.
[attitude_controller-14] [INFO] [1786719426.998707449] [attitude_scout_3]: [scout_3] Landed — tilt correction stopped, yaw-hold pinned to current heading.
[attitude_controller-14] [INFO] [1786719427.034313029] [attitude_scout_3]: [scout_3] Landed — tilt correction stopped, yaw-hold pinned to current heading.
[attitude_controller-14] [INFO] [1786719427.035787149] [attitude_scout_3]: [scout_3] Landed — tilt correction stopped, yaw-hold pinned to current heading.
[attitude_controller-14] [INFO] [1786719427.037628280] [attitude_scout_3]: [scout_3] Landed — tilt correction stopped, yaw-hold pinned to current heading.
[attitude_controller-14] [INFO] [1786719427.039818124] [attitude_scout_3]: [scout_3] Landed — tilt correction stopped, yaw-hold pinned to current heading.
[attitude_controller-14] [INFO] [1786719427.055888035] [attitude_scout_3]: [scout_3] Landed — tilt correction stopped, yaw-hold pinned to current heading.
[attitude_controller-14] [INFO] [1786719427.057501557] [attitude_scout_3]: [scout_3] Landed — tilt correction stopped, yaw-hold pinned to current heading.
[attitude_controller-14] [INFO] [1786719427.059121573] [attitude_scout_3]: [scout_3] Landed — tilt correction stopped, yaw-hold pinned to current heading.
[attitude_controller-14] [INFO] [1786719427.060647305] [attitude_scout_3]: [scout_3] Landed — tilt correction stopped, yaw-hold pinned to current heading.
[attitude_controller-14] [INFO] [1786719427.062567495] [attitude_scout_3]: [scout_3] Landed — tilt correction stopped, yaw-hold pinned to current heading.
[attitude_controller-14] [INFO] [1786719427.064472320] [attitude_scout_3]: [scout_3] Landed — tilt correction stopped, yaw-hold pinned to current heading.
[attitude_controller-14] [INFO] [1786719427.099969159] [attitude_scout_3]: [scout_3] Landed — tilt correction stopped, yaw-hold pinned to current heading.
[attitude_controller-14] [INFO] [1786719427.114207648] [attitude_scout_3]: [scout_3] Landed — tilt correction stopped, yaw-hold pinned to current heading.
[attitude_controller-14] [INFO] [1786719427.115870267] [attitude_scout_3]: [scout_3] Landed — tilt correction stopped, yaw-hold pinned to current heading.
[attitude_controller-14] [INFO] [1786719427.186633821] [attitude_scout_3]: [scout_3] Landed — tilt correction stopped, yaw-hold pinned to current heading.
[attitude_controller-14] [INFO] [1786719427.197719368] [attitude_scout_3]: [scout_3] Landed — tilt correction stopped, yaw-hold pinned to current heading.
[attitude_controller-14] [INFO] [1786719427.199673779] [attitude_scout_3]: [scout_3] Landed — tilt correction stopped, yaw-hold pinned to current heading.
[attitude_controller-14] [INFO] [1786719427.200948366] [attitude_scout_3]: [scout_3] Landed — tilt correction stopped, yaw-hold pinned to current heading.
[attitude_controller-14] [INFO] [1786719427.202473609] [attitude_scout_3]: [scout_3] Landed — tilt correction stopped, yaw-hold pinned to current heading.
[attitude_controller-14] [INFO] [1786719427.204032096] [attitude_scout_3]: [scout_3] Landed — tilt correction stopped, yaw-hold pinned to current heading.
[attitude_controller-14] [INFO] [1786719427.206065986] [attitude_scout_3]: [scout_3] Landed — tilt correction stopped, yaw-hold pinned to current heading.
[attitude_controller-14] [INFO] [1786719427.207506652] [attitude_scout_3]: [scout_3] Landed — tilt correction stopped, yaw-hold pinned to current heading.
[attitude_controller-14] [INFO] [1786719427.209201538] [attitude_scout_3]: [scout_3] Landed — tilt correction stopped, yaw-hold pinned to current heading.
[attitude_controller-14] [INFO] [1786719427.299633387] [attitude_scout_3]: [scout_3] Landed — tilt correction stopped, yaw-hold pinned to current heading.
[attitude_controller-14] [INFO] [1786719427.309934976] [attitude_scout_3]: [scout_3] Landed — tilt correction stopped, yaw-hold pinned to current heading.
[attitude_controller-14] [INFO] [1786719427.350139053] [attitude_scout_3]: [scout_3] Landed — tilt correction stopped, yaw-hold pinned to current heading.
[attitude_controller-14] [INFO] [1786719427.360668391] [attitude_scout_3]: [scout_3] Landed — tilt correction stopped, yaw-hold pinned to current heading.
[attitude_controller-14] [INFO] [1786719427.381958519] [attitude_scout_3]: [scout_3] Landed — tilt correction stopped, yaw-hold pinned to current heading.
[attitude_controller-14] [INFO] [1786719427.383632522] [attitude_scout_3]: [scout_3] Landed — tilt correction stopped, yaw-hold pinned to current heading.
[attitude_controller-14] [INFO] [1786719427.396094412] [attitude_scout_3]: [scout_3] Landed — tilt correction stopped, yaw-hold pinned to current heading.
[attitude_controller-14] [INFO] [1786719427.397559243] [attitude_scout_3]: [scout_3] Landed — tilt correction stopped, yaw-hold pinned to current heading.
[attitude_controller-14] [INFO] [1786719427.399907904] [attitude_scout_3]: [scout_3] Landed — tilt correction stopped, yaw-hold pinned to current heading.
[attitude_controller-14] [INFO] [1786719427.421174635] [attitude_scout_3]: [scout_3] Landed — tilt correction stopped, yaw-hold pinned to current heading.
[attitude_controller-14] [INFO] [1786719427.445576429] [attitude_scout_3]: [scout_3] Landed — tilt correction stopped, yaw-hold pinned to current heading.
[attitude_controller-14] [INFO] [1786719427.460204207] [attitude_scout_3]: [scout_3] Landed — tilt correction stopped, yaw-hold pinned to current heading.
[attitude_controller-14] [INFO] [1786719427.469664220] [attitude_scout_3]: [scout_3] Landed — tilt correction stopped, yaw-hold pinned to current heading.
[attitude_controller-14] [INFO] [1786719427.473408989] [attitude_scout_3]: [scout_3] Landed — tilt correction stopped, yaw-hold pinned to current heading.
[attitude_controller-14] [INFO] [1786719427.475015247] [attitude_scout_3]: [scout_3] Landed — tilt correction stopped, yaw-hold pinned to current heading.
[attitude_controller-14] [INFO] [1786719427.483056733] [attitude_scout_3]: [scout_3] Landed — tilt correction stopped, yaw-hold pinned to current heading.
[attitude_controller-14] [INFO] [1786719427.484992847] [attitude_scout_3]: [scout_3] Landed — tilt correction stopped, yaw-hold pinned to current heading.
[attitude_controller-14] [INFO] [1786719427.487475391] [attitude_scout_3]: [scout_3] Landed — tilt correction stopped, yaw-hold pinned to current heading.
[attitude_controller-14] [INFO] [1786719427.499291398] [attitude_scout_3]: [scout_3] Landed — tilt correction stopped, yaw-hold pinned to current heading.
[attitude_controller-14] [INFO] [1786719427.508939771] [attitude_scout_3]: [scout_3] Landed — tilt correction stopped, yaw-hold pinned to current heading.
[attitude_controller-14] [INFO] [1786719427.510622224] [attitude_scout_3]: [scout_3] Landed — tilt correction stopped, yaw-hold pinned to current heading.
[attitude_controller-14] [INFO] [1786719427.600896583] [attitude_scout_3]: [scout_3] Landed — tilt correction stopped, yaw-hold pinned to current heading.
[attitude_controller-14] [INFO] [1786719427.602330755] [attitude_scout_3]: [scout_3] Landed — tilt correction stopped, yaw-hold pinned to current heading.
[attitude_controller-14] [INFO] [1786719427.605818860] [attitude_scout_3]: [scout_3] Landed — tilt correction stopped, yaw-hold pinned to current heading.
[attitude_controller-14] [INFO] [1786719427.607474286] [attitude_scout_3]: [scout_3] Landed — tilt correction stopped, yaw-hold pinned to current heading.
[attitude_controller-14] [INFO] [1786719427.609139209] [attitude_scout_3]: [scout_3] Landed — tilt correction stopped, yaw-hold pinned to current heading.
[attitude_controller-14] [INFO] [1786719427.610780108] [attitude_scout_3]: [scout_3] Landed — tilt correction stopped, yaw-hold pinned to current heading.
[attitude_controller-14] [INFO] [1786719427.659587397] [attitude_scout_3]: [scout_3] Landed — tilt correction stopped, yaw-hold pinned to current heading.
[attitude_controller-14] [INFO] [1786719427.661310987] [attitude_scout_3]: [scout_3] Landed — tilt correction stopped, yaw-hold pinned to current heading.
[attitude_controller-14] [INFO] [1786719427.663284535] [attitude_scout_3]: [scout_3] Landed — tilt correction stopped, yaw-hold pinned to current heading.
[attitude_controller-14] [INFO] [1786719427.720183246] [attitude_scout_3]: [scout_3] Landed — tilt correction stopped, yaw-hold pinned to current heading.
[attitude_controller-14] [INFO] [1786719427.741219085] [attitude_scout_3]: [scout_3] Landed — tilt correction stopped, yaw-hold pinned to current heading.
[attitude_controller-14] [INFO] [1786719427.742714925] [attitude_scout_3]: [scout_3] Landed — tilt correction stopped, yaw-hold pinned to current heading.
[attitude_controller-14] [INFO] [1786719427.744140017] [attitude_scout_3]: [scout_3] Landed — tilt correction stopped, yaw-hold pinned to current heading.
[attitude_controller-14] [INFO] [1786719427.764610149] [attitude_scout_3]: [scout_3] Landed — tilt correction stopped, yaw-hold pinned to current heading.
[attitude_controller-14] [INFO] [1786719427.765917560] [attitude_scout_3]: [scout_3] Landed — tilt correction stopped, yaw-hold pinned to current heading.
[attitude_controller-14] [INFO] [1786719427.795430829] [attitude_scout_3]: [scout_3] Landed — tilt correction stopped, yaw-hold pinned to current heading.
[attitude_controller-14] [INFO] [1786719427.796976884] [attitude_scout_3]: [scout_3] Landed — tilt correction stopped, yaw-hold pinned to current heading.
[attitude_controller-14] [INFO] [1786719427.798530482] [attitude_scout_3]: [scout_3] Landed — tilt correction stopped, yaw-hold pinned to current heading.
[attitude_controller-14] [INFO] [1786719427.833786372] [attitude_scout_3]: [scout_3] Landed — tilt correction stopped, yaw-hold pinned to current heading.
[attitude_controller-14] [INFO] [1786719427.835282911] [attitude_scout_3]: [scout_3] Landed — tilt correction stopped, yaw-hold pinned to current heading.
[attitude_controller-14] [INFO] [1786719427.837425822] [attitude_scout_3]: [scout_3] Landed — tilt correction stopped, yaw-hold pinned to current heading.
[attitude_controller-14] [INFO] [1786719427.838836736] [attitude_scout_3]: [scout_3] Landed — tilt correction stopped, yaw-hold pinned to current heading.
[attitude_controller-14] [INFO] [1786719427.841211657] [attitude_scout_3]: [scout_3] Landed — tilt correction stopped, yaw-hold pinned to current heading.
[attitude_controller-14] [INFO] [1786719427.853620538] [attitude_scout_3]: [scout_3] Landed — tilt correction stopped, yaw-hold pinned to current heading.
[attitude_controller-14] [INFO] [1786719427.903996511] [attitude_scout_3]: [scout_3] Landed — tilt correction stopped, yaw-hold pinned to current heading.
[attitude_controller-14] [INFO] [1786719427.915920840] [attitude_scout_3]: [scout_3] Landed — tilt correction stopped, yaw-hold pinned to current heading.
[attitude_controller-14] [INFO] [1786719427.918813208] [attitude_scout_3]: [scout_3] Landed — tilt correction stopped, yaw-hold pinned to current heading.
[attitude_controller-14] [INFO] [1786719427.920802749] [attitude_scout_3]: [scout_3] Landed — tilt correction stopped, yaw-hold pinned to current heading.
[attitude_controller-14] [INFO] [1786719427.995867700] [attitude_scout_3]: [scout_3] Landed — tilt correction stopped, yaw-hold pinned to current heading.
[attitude_controller-14] [INFO] [1786719428.038992222] [attitude_scout_3]: [scout_3] Landed — tilt correction stopped, yaw-hold pinned to current heading.
[attitude_controller-14] [INFO] [1786719428.062303390] [attitude_scout_3]: [scout_3] Landed — tilt correction stopped, yaw-hold pinned to current heading.
[attitude_controller-14] [INFO] [1786719428.099395733] [attitude_scout_3]: [scout_3] Landed — tilt correction stopped, yaw-hold pinned to current heading.
[attitude_controller-14] [INFO] [1786719428.101180572] [attitude_scout_3]: [scout_3] Landed — tilt correction stopped, yaw-hold pinned to current heading.
[attitude_controller-14] [INFO] [1786719428.102876715] [attitude_scout_3]: [scout_3] Landed — tilt correction stopped, yaw-hold pinned to current heading.
[attitude_controller-14] [INFO] [1786719428.129845701] [attitude_scout_3]: [scout_3] Landed — tilt correction stopped, yaw-hold pinned to current heading.
[attitude_controller-14] [INFO] [1786719428.131297681] [attitude_scout_3]: [scout_3] Landed — tilt correction stopped, yaw-hold pinned to current heading.
[attitude_controller-14] [INFO] [1786719428.154305603] [attitude_scout_3]: [scout_3] Landed — tilt correction stopped, yaw-hold pinned to current heading.
[attitude_controller-14] [INFO] [1786719428.168841263] [attitude_scout_3]: [scout_3] Landed — tilt correction stopped, yaw-hold pinned to current heading.
[attitude_controller-14] [INFO] [1786719428.179263396] [attitude_scout_3]: [scout_3] Landed — tilt correction stopped, yaw-hold pinned to current heading.
[attitude_controller-14] [INFO] [1786719428.298417716] [attitude_scout_3]: [scout_3] Landed — tilt correction stopped, yaw-hold pinned to current heading.
[attitude_controller-14] [INFO] [1786719428.299735953] [attitude_scout_3]: [scout_3] Landed — tilt correction stopped, yaw-hold pinned to current heading.
[attitude_controller-14] [INFO] [1786719428.314555514] [attitude_scout_3]: [scout_3] Landed — tilt correction stopped, yaw-hold pinned to current heading.
[attitude_controller-14] [INFO] [1786719428.330560824] [attitude_scout_3]: [scout_3] Landed — tilt correction stopped, yaw-hold pinned to current heading.
[landing_controller-15] [WARN] [1786719428.342953084] [landing_scout_3]: [scout_3] ⚠️ Liftoff detected while LANDED (v=0.026 m/s sustained) → back to FLIGHT
[attitude_controller-14] [INFO] [1786719428.345158013] [attitude_scout_3]: [scout_3] Landed — tilt correction stopped, yaw-hold pinned to current heading.
[landing_controller-15] [INFO] [1786719428.359982812] [landing_scout_3]: [scout_3] 🎯 Contact detected! accel=0.1386 m/s² → hands-off settle (no posture commands at contact)
[attitude_controller-14] [INFO] [1786719428.408161680] [attitude_scout_3]: [scout_3] Landed — tilt correction stopped, yaw-hold pinned to current heading.
[attitude_controller-14] [INFO] [1786719428.421819237] [attitude_scout_3]: [scout_3] Landed — tilt correction stopped, yaw-hold pinned to current heading.
[attitude_controller-14] [INFO] [1786719428.433454428] [attitude_scout_3]: [scout_3] Landed — tilt correction stopped, yaw-hold pinned to current heading.
[attitude_controller-14] [INFO] [1786719428.445355081] [attitude_scout_3]: [scout_3] Landed — tilt correction stopped, yaw-hold pinned to current heading.
[attitude_controller-14] [INFO] [1786719428.506901879] [attitude_scout_3]: [scout_3] Landed — tilt correction stopped, yaw-hold pinned to current heading.
[attitude_controller-14] [INFO] [1786719428.508479851] [attitude_scout_3]: [scout_3] Landed — tilt correction stopped, yaw-hold pinned to current heading.
[attitude_controller-14] [INFO] [1786719428.510030935] [attitude_scout_3]: [scout_3] Landed — tilt correction stopped, yaw-hold pinned to current heading.
[attitude_controller-14] [INFO] [1786719428.511562254] [attitude_scout_3]: [scout_3] Landed — tilt correction stopped, yaw-hold pinned to current heading.
[attitude_controller-14] [INFO] [1786719428.513056000] [attitude_scout_3]: [scout_3] Landed — tilt correction stopped, yaw-hold pinned to current heading.
[attitude_controller-14] [INFO] [1786719428.514598563] [attitude_scout_3]: [scout_3] Landed — tilt correction stopped, yaw-hold pinned to current heading.
[attitude_controller-14] [INFO] [1786719428.516263487] [attitude_scout_3]: [scout_3] Landed — tilt correction stopped, yaw-hold pinned to current heading.
[attitude_controller-14] [INFO] [1786719428.572545999] [attitude_scout_3]: [scout_3] Airborne (landed=False) — tilt correction armed.
[landing_controller-7] [INFO] [1786719428.716869799] [landing_scout_1]: [scout_1] Landing controller state: FLIGHT
[landing_controller-15] [INFO] [1786719428.780207093] [landing_scout_3]: [scout_3] ⚠️ Bounce detected (v=0.1096 m/s) → back to FLIGHT
[landing_controller-15] [INFO] [1786719428.789791980] [landing_scout_3]: [scout_3] Landing controller state: FLIGHT
[landing_controller-11] [INFO] [1786719428.821181301] [landing_scout_2]: [scout_2] Landing controller state: FLIGHT
[landing_controller-15] [INFO] [1786719428.945898613] [landing_scout_3]: [scout_3] 🎯 Contact detected! accel=0.3533 m/s² → hands-off settle (no posture commands at contact)
[landing_controller-15] [INFO] [1786719429.303849490] [landing_scout_3]: [scout_3] ⚠️ Bounce detected (v=0.0271 m/s) → back to FLIGHT
[landing_controller-15] [INFO] [1786719429.385806571] [landing_scout_3]: [scout_3] 🎯 Contact detected! accel=0.1164 m/s² → hands-off settle (no posture commands at contact)
[landing_controller-15] [WARN] [1786719430.743517827] [landing_scout_3]: [scout_3] Sustained contact accel but velocity still 0.0155 m/s — not actually landed, resetting settle counter (likely a false accel trigger, e.g. RW/leg motor reaction torque).
[landing_controller-15] [WARN] [1786719433.456856949] [landing_scout_3]: [scout_3] Sustained contact accel but velocity still 0.0153 m/s — not actually landed, resetting settle counter (likely a false accel trigger, e.g. RW/leg motor reaction torque).
[landing_controller-7] [INFO] [1786719433.715232655] [landing_scout_1]: [scout_1] Landing controller state: FLIGHT
[landing_controller-15] [INFO] [1786719433.789824735] [landing_scout_3]: [scout_3] Landing controller state: CONTACT
[landing_controller-11] [INFO] [1786719433.822209915] [landing_scout_2]: [scout_2] Landing controller state: FLIGHT
[landing_controller-15] [WARN] [1786719436.210812093] [landing_scout_3]: [scout_3] Sustained contact accel but velocity still 0.0152 m/s — not actually landed, resetting settle counter (likely a false accel trigger, e.g. RW/leg motor reaction torque).
[hopper_locomotion-13] [INFO] [1786719436.746430243] [loco_scout_3]: 2. IGNITION (stroke fraction=0.90, ramp=4.0s)
[landing_controller-15] [INFO] [1786719436.749214638] [landing_scout_3]: [scout_3] 🚀 Jump detected → FLIGHT mode (contact detection blanked 100 s for launch)
[attitude_controller-14] [INFO] [1786719436.749577389] [attitude_scout_3]: [scout_3] Jump initiated. Flight mode active (tilt-PD held for stroke).
[landing_controller-15] [INFO] [1786719436.837246037] [landing_scout_3]: [scout_3] 📏 CALIBSERIES t=0.1s v=0.01513 m/s (vx=0.00468 vy=-0.00513 vz=0.01345)
[landing_controller-7] [INFO] [1786719438.718904869] [landing_scout_1]: [scout_1] Landing controller state: FLIGHT
[landing_controller-7] [INFO] [1786719438.744729811] [landing_scout_1]: [scout_1] 🎯 Contact detected! accel=0.0814 m/s² → hands-off settle (no posture commands at contact)
[swarm_manager-3] [INFO] [1786719438.783537448] [swarm_manager_node]: 📍 scout_2 detected high-value spectral anomaly at [11.9, -8.3]!
[landing_controller-15] [INFO] [1786719438.789836141] [landing_scout_3]: [scout_3] Landing controller state: FLIGHT
[landing_controller-11] [INFO] [1786719438.821656808] [landing_scout_2]: [scout_2] Landing controller state: FLIGHT
[landing_controller-15] [INFO] [1786719438.902467558] [landing_scout_3]: [scout_3] 📏 CALIBSERIES t=2.2s v=0.01461 m/s (vx=0.00455 vy=-0.00543 vz=0.01277)
[attitude_controller-6] [INFO] [1786719438.926045945] [attitude_scout_1]: [scout_1] Contact — commanded-flight latch cleared (full attitude PD locked out until next ignition).
[landing_controller-7] [INFO] [1786719440.090323432] [landing_scout_1]: [scout_1] ✅ LANDED — stable contact confirmed
[attitude_controller-6] [INFO] [1786719440.122381838] [attitude_scout_1]: [scout_1] Landed — tilt correction stopped, yaw-hold pinned to current heading.
[attitude_controller-6] [INFO] [1786719440.129416509] [attitude_scout_1]: [scout_1] Landed — tilt correction stopped, yaw-hold pinned to current heading.
[attitude_controller-6] [INFO] [1786719440.238098602] [attitude_scout_1]: [scout_1] Landed — tilt correction stopped, yaw-hold pinned to current heading.
[attitude_controller-6] [INFO] [1786719440.239325418] [attitude_scout_1]: [scout_1] Landed — tilt correction stopped, yaw-hold pinned to current heading.
[attitude_controller-6] [INFO] [1786719440.241052012] [attitude_scout_1]: [scout_1] Landed — tilt correction stopped, yaw-hold pinned to current heading.
[attitude_controller-6] [INFO] [1786719440.242470400] [attitude_scout_1]: [scout_1] Landed — tilt correction stopped, yaw-hold pinned to current heading.
[attitude_controller-6] [INFO] [1786719440.280508399] [attitude_scout_1]: [scout_1] Landed — tilt correction stopped, yaw-hold pinned to current heading.
[attitude_controller-6] [INFO] [1786719440.281786757] [attitude_scout_1]: [scout_1] Landed — tilt correction stopped, yaw-hold pinned to current heading.
[attitude_controller-6] [INFO] [1786719440.282907137] [attitude_scout_1]: [scout_1] Landed — tilt correction stopped, yaw-hold pinned to current heading.
[attitude_controller-6] [INFO] [1786719440.284290744] [attitude_scout_1]: [scout_1] Landed — tilt correction stopped, yaw-hold pinned to current heading.
[attitude_controller-6] [INFO] [1786719440.327873301] [attitude_scout_1]: [scout_1] Landed — tilt correction stopped, yaw-hold pinned to current heading.
[attitude_controller-6] [INFO] [1786719440.391318319] [attitude_scout_1]: [scout_1] Landed — tilt correction stopped, yaw-hold pinned to current heading.
[attitude_controller-6] [INFO] [1786719440.487345755] [attitude_scout_1]: [scout_1] Landed — tilt correction stopped, yaw-hold pinned to current heading.
[attitude_controller-6] [INFO] [1786719440.489069276] [attitude_scout_1]: [scout_1] Landed — tilt correction stopped, yaw-hold pinned to current heading.
[attitude_controller-6] [INFO] [1786719440.490684055] [attitude_scout_1]: [scout_1] Landed — tilt correction stopped, yaw-hold pinned to current heading.
[attitude_controller-6] [INFO] [1786719440.491916459] [attitude_scout_1]: [scout_1] Landed — tilt correction stopped, yaw-hold pinned to current heading.
[attitude_controller-6] [INFO] [1786719440.600529270] [attitude_scout_1]: [scout_1] Landed — tilt correction stopped, yaw-hold pinned to current heading.
[attitude_controller-6] [INFO] [1786719440.602268924] [attitude_scout_1]: [scout_1] Landed — tilt correction stopped, yaw-hold pinned to current heading.
[attitude_controller-6] [INFO] [1786719440.605718898] [attitude_scout_1]: [scout_1] Landed — tilt correction stopped, yaw-hold pinned to current heading.
[attitude_controller-6] [INFO] [1786719440.716616398] [attitude_scout_1]: [scout_1] Landed — tilt correction stopped, yaw-hold pinned to current heading.
[attitude_controller-6] [INFO] [1786719440.718135496] [attitude_scout_1]: [scout_1] Landed — tilt correction stopped, yaw-hold pinned to current heading.
[attitude_controller-6] [INFO] [1786719440.784516254] [attitude_scout_1]: [scout_1] Landed — tilt correction stopped, yaw-hold pinned to current heading.
[attitude_controller-6] [INFO] [1786719440.786105960] [attitude_scout_1]: [scout_1] Landed — tilt correction stopped, yaw-hold pinned to current heading.
[attitude_controller-6] [INFO] [1786719440.788705349] [attitude_scout_1]: [scout_1] Landed — tilt correction stopped, yaw-hold pinned to current heading.
[attitude_controller-6] [INFO] [1786719440.790115217] [attitude_scout_1]: [scout_1] Landed — tilt correction stopped, yaw-hold pinned to current heading.
[attitude_controller-6] [INFO] [1786719440.791633546] [attitude_scout_1]: [scout_1] Landed — tilt correction stopped, yaw-hold pinned to current heading.
[attitude_controller-6] [INFO] [1786719440.793345683] [attitude_scout_1]: [scout_1] Landed — tilt correction stopped, yaw-hold pinned to current heading.
[attitude_controller-6] [INFO] [1786719440.856445829] [attitude_scout_1]: [scout_1] Landed — tilt correction stopped, yaw-hold pinned to current heading.
[attitude_controller-6] [INFO] [1786719440.857894319] [attitude_scout_1]: [scout_1] Landed — tilt correction stopped, yaw-hold pinned to current heading.
[attitude_controller-6] [INFO] [1786719440.859217095] [attitude_scout_1]: [scout_1] Landed — tilt correction stopped, yaw-hold pinned to current heading.
[attitude_controller-6] [INFO] [1786719440.860530723] [attitude_scout_1]: [scout_1] Landed — tilt correction stopped, yaw-hold pinned to current heading.
[attitude_controller-6] [INFO] [1786719440.862104575] [attitude_scout_1]: [scout_1] Landed — tilt correction stopped, yaw-hold pinned to current heading.
[attitude_controller-6] [INFO] [1786719440.886303077] [attitude_scout_1]: [scout_1] Landed — tilt correction stopped, yaw-hold pinned to current heading.
[attitude_controller-6] [INFO] [1786719440.904538118] [attitude_scout_1]: [scout_1] Landed — tilt correction stopped, yaw-hold pinned to current heading.
[attitude_controller-6] [INFO] [1786719440.919926676] [attitude_scout_1]: [scout_1] Landed — tilt correction stopped, yaw-hold pinned to current heading.
[attitude_controller-6] [INFO] [1786719440.930001847] [attitude_scout_1]: [scout_1] Landed — tilt correction stopped, yaw-hold pinned to current heading.
[attitude_controller-6] [INFO] [1786719440.942589876] [attitude_scout_1]: [scout_1] Landed — tilt correction stopped, yaw-hold pinned to current heading.
[attitude_controller-6] [INFO] [1786719440.955704710] [attitude_scout_1]: [scout_1] Landed — tilt correction stopped, yaw-hold pinned to current heading.
[landing_controller-15] [INFO] [1786719440.959183738] [landing_scout_3]: [scout_3] 📏 CALIBSERIES t=4.2s v=0.01493 m/s (vx=0.00478 vy=-0.00546 vz=0.01305)
[landing_controller-15] [INFO] [1786719440.960049899] [landing_scout_3]: [scout_3] 📏 CALIBSTABLE t=4.2s v=0.01493 m/s (vx=0.00478 vy=-0.00546 vz=0.01305) -- 3 consecutive samples steady
[attitude_controller-6] [INFO] [1786719440.967575408] [attitude_scout_1]: [scout_1] Landed — tilt correction stopped, yaw-hold pinned to current heading.
[attitude_controller-6] [INFO] [1786719440.981721017] [attitude_scout_1]: [scout_1] Landed — tilt correction stopped, yaw-hold pinned to current heading.
[attitude_controller-6] [INFO] [1786719440.991887400] [attitude_scout_1]: [scout_1] Landed — tilt correction stopped, yaw-hold pinned to current heading.
[attitude_controller-6] [INFO] [1786719441.004758701] [attitude_scout_1]: [scout_1] Landed — tilt correction stopped, yaw-hold pinned to current heading.
[attitude_controller-6] [INFO] [1786719441.013727253] [attitude_scout_1]: [scout_1] Landed — tilt correction stopped, yaw-hold pinned to current heading.
[attitude_controller-6] [INFO] [1786719441.025039647] [attitude_scout_1]: [scout_1] Landed — tilt correction stopped, yaw-hold pinned to current heading.
[attitude_controller-6] [INFO] [1786719441.036558420] [attitude_scout_1]: [scout_1] Landed — tilt correction stopped, yaw-hold pinned to current heading.
[attitude_controller-6] [INFO] [1786719441.047501149] [attitude_scout_1]: [scout_1] Landed — tilt correction stopped, yaw-hold pinned to current heading.
[attitude_controller-6] [INFO] [1786719441.057121381] [attitude_scout_1]: [scout_1] Landed — tilt correction stopped, yaw-hold pinned to current heading.
[attitude_controller-6] [INFO] [1786719441.068861129] [attitude_scout_1]: [scout_1] Landed — tilt correction stopped, yaw-hold pinned to current heading.
[attitude_controller-6] [INFO] [1786719441.079677657] [attitude_scout_1]: [scout_1] Landed — tilt correction stopped, yaw-hold pinned to current heading.
[attitude_controller-6] [INFO] [1786719441.093708099] [attitude_scout_1]: [scout_1] Landed — tilt correction stopped, yaw-hold pinned to current heading.
[attitude_controller-6] [INFO] [1786719441.104824033] [attitude_scout_1]: [scout_1] Landed — tilt correction stopped, yaw-hold pinned to current heading.
[attitude_controller-6] [INFO] [1786719441.115421541] [attitude_scout_1]: [scout_1] Landed — tilt correction stopped, yaw-hold pinned to current heading.
[attitude_controller-6] [INFO] [1786719441.127011551] [attitude_scout_1]: [scout_1] Landed — tilt correction stopped, yaw-hold pinned to current heading.
[attitude_controller-6] [INFO] [1786719441.137563873] [attitude_scout_1]: [scout_1] Landed — tilt correction stopped, yaw-hold pinned to current heading.
[attitude_controller-6] [INFO] [1786719441.153782414] [attitude_scout_1]: [scout_1] Landed — tilt correction stopped, yaw-hold pinned to current heading.
[attitude_controller-6] [INFO] [1786719441.167058510] [attitude_scout_1]: [scout_1] Landed — tilt correction stopped, yaw-hold pinned to current heading.
[attitude_controller-6] [INFO] [1786719441.181722055] [attitude_scout_1]: [scout_1] Landed — tilt correction stopped, yaw-hold pinned to current heading.
[attitude_controller-6] [INFO] [1786719441.191971060] [attitude_scout_1]: [scout_1] Landed — tilt correction stopped, yaw-hold pinned to current heading.
[attitude_controller-6] [INFO] [1786719441.204797385] [attitude_scout_1]: [scout_1] Landed — tilt correction stopped, yaw-hold pinned to current heading.
[attitude_controller-6] [INFO] [1786719441.216708171] [attitude_scout_1]: [scout_1] Landed — tilt correction stopped, yaw-hold pinned to current heading.
[attitude_controller-6] [INFO] [1786719441.228141180] [attitude_scout_1]: [scout_1] Landed — tilt correction stopped, yaw-hold pinned to current heading.
[attitude_controller-6] [INFO] [1786719441.237707007] [attitude_scout_1]: [scout_1] Landed — tilt correction stopped, yaw-hold pinned to current heading.
[attitude_controller-6] [INFO] [1786719441.249309937] [attitude_scout_1]: [scout_1] Landed — tilt correction stopped, yaw-hold pinned to current heading.
[attitude_controller-6] [INFO] [1786719441.259209601] [attitude_scout_1]: [scout_1] Landed — tilt correction stopped, yaw-hold pinned to current heading.
[attitude_controller-6] [INFO] [1786719441.271217885] [attitude_scout_1]: [scout_1] Landed — tilt correction stopped, yaw-hold pinned to current heading.
[attitude_controller-6] [INFO] [1786719441.282791133] [attitude_scout_1]: [scout_1] Landed — tilt correction stopped, yaw-hold pinned to current heading.
[attitude_controller-6] [INFO] [1786719441.294182307] [attitude_scout_1]: [scout_1] Landed — tilt correction stopped, yaw-hold pinned to current heading.
[attitude_controller-6] [INFO] [1786719441.304633081] [attitude_scout_1]: [scout_1] Landed — tilt correction stopped, yaw-hold pinned to current heading.
[attitude_controller-6] [INFO] [1786719441.315033081] [attitude_scout_1]: [scout_1] Landed — tilt correction stopped, yaw-hold pinned to current heading.
[attitude_controller-6] [INFO] [1786719441.324457201] [attitude_scout_1]: [scout_1] Landed — tilt correction stopped, yaw-hold pinned to current heading.
[attitude_controller-6] [INFO] [1786719441.335790688] [attitude_scout_1]: [scout_1] Landed — tilt correction stopped, yaw-hold pinned to current heading.
[attitude_controller-6] [INFO] [1786719441.337276402] [attitude_scout_1]: [scout_1] Landed — tilt correction stopped, yaw-hold pinned to current heading.
[attitude_controller-6] [INFO] [1786719441.338867226] [attitude_scout_1]: [scout_1] Landed — tilt correction stopped, yaw-hold pinned to current heading.
[attitude_controller-6] [INFO] [1786719441.340235050] [attitude_scout_1]: [scout_1] Landed — tilt correction stopped, yaw-hold pinned to current heading.
[attitude_controller-6] [INFO] [1786719441.341790884] [attitude_scout_1]: [scout_1] Landed — tilt correction stopped, yaw-hold pinned to current heading.
[attitude_controller-6] [INFO] [1786719441.343177355] [attitude_scout_1]: [scout_1] Landed — tilt correction stopped, yaw-hold pinned to current heading.
[attitude_controller-6] [INFO] [1786719441.381567281] [attitude_scout_1]: [scout_1] Landed — tilt correction stopped, yaw-hold pinned to current heading.
[hopper_locomotion-13] [INFO] [1786719441.410718653] [loco_scout_3]: 3. Separation confirmed (genuine ground clearance) — holding extension for clearance, then slow retract (FLIGHT)
[attitude_controller-14] [INFO] [1786719441.413358619] [attitude_scout_3]: [scout_3] Separation — tilt correction engaged.
[attitude_controller-6] [INFO] [1786719441.420471232] [attitude_scout_1]: [scout_1] Landed — tilt correction stopped, yaw-hold pinned to current heading.
[attitude_controller-6] [INFO] [1786719441.438061369] [attitude_scout_1]: [scout_1] Landed — tilt correction stopped, yaw-hold pinned to current heading.
[attitude_controller-6] [INFO] [1786719441.454884029] [attitude_scout_1]: [scout_1] Landed — tilt correction stopped, yaw-hold pinned to current heading.
[attitude_controller-6] [INFO] [1786719441.481151482] [attitude_scout_1]: [scout_1] Landed — tilt correction stopped, yaw-hold pinned to current heading.
[attitude_controller-6] [INFO] [1786719441.551209059] [attitude_scout_1]: [scout_1] Landed — tilt correction stopped, yaw-hold pinned to current heading.
[attitude_controller-6] [INFO] [1786719441.571874337] [attitude_scout_1]: [scout_1] Landed — tilt correction stopped, yaw-hold pinned to current heading.
[attitude_controller-6] [INFO] [1786719441.589144046] [attitude_scout_1]: [scout_1] Landed — tilt correction stopped, yaw-hold pinned to current heading.
[attitude_controller-6] [INFO] [1786719441.611938337] [attitude_scout_1]: [scout_1] Landed — tilt correction stopped, yaw-hold pinned to current heading.
[attitude_controller-6] [INFO] [1786719441.613395976] [attitude_scout_1]: [scout_1] Landed — tilt correction stopped, yaw-hold pinned to current heading.
[attitude_controller-6] [INFO] [1786719441.618002577] [attitude_scout_1]: [scout_1] Landed — tilt correction stopped, yaw-hold pinned to current heading.
[attitude_controller-6] [INFO] [1786719441.662165369] [attitude_scout_1]: [scout_1] Landed — tilt correction stopped, yaw-hold pinned to current heading.
[attitude_controller-6] [INFO] [1786719441.665151743] [attitude_scout_1]: [scout_1] Landed — tilt correction stopped, yaw-hold pinned to current heading.
[attitude_controller-6] [INFO] [1786719441.666746059] [attitude_scout_1]: [scout_1] Landed — tilt correction stopped, yaw-hold pinned to current heading.
[attitude_controller-6] [INFO] [1786719441.668492767] [attitude_scout_1]: [scout_1] Landed — tilt correction stopped, yaw-hold pinned to current heading.
[attitude_controller-6] [INFO] [1786719441.677549806] [attitude_scout_1]: [scout_1] Landed — tilt correction stopped, yaw-hold pinned to current heading.
[attitude_controller-6] [INFO] [1786719441.706765431] [attitude_scout_1]: [scout_1] Landed — tilt correction stopped, yaw-hold pinned to current heading.
[attitude_controller-6] [INFO] [1786719441.708538608] [attitude_scout_1]: [scout_1] Landed — tilt correction stopped, yaw-hold pinned to current heading.
[attitude_controller-6] [INFO] [1786719441.712226320] [attitude_scout_1]: [scout_1] Landed — tilt correction stopped, yaw-hold pinned to current heading.
[attitude_controller-6] [INFO] [1786719441.755384109] [attitude_scout_1]: [scout_1] Landed — tilt correction stopped, yaw-hold pinned to current heading.
[attitude_controller-6] [INFO] [1786719441.756827779] [attitude_scout_1]: [scout_1] Landed — tilt correction stopped, yaw-hold pinned to current heading.
[attitude_controller-6] [INFO] [1786719441.761250351] [attitude_scout_1]: [scout_1] Landed — tilt correction stopped, yaw-hold pinned to current heading.
[attitude_controller-6] [INFO] [1786719441.775218845] [attitude_scout_1]: [scout_1] Landed — tilt correction stopped, yaw-hold pinned to current heading.
[attitude_controller-6] [INFO] [1786719441.806261354] [attitude_scout_1]: [scout_1] Landed — tilt correction stopped, yaw-hold pinned to current heading.
[attitude_controller-6] [INFO] [1786719441.808341899] [attitude_scout_1]: [scout_1] Landed — tilt correction stopped, yaw-hold pinned to current heading.
[attitude_controller-6] [INFO] [1786719441.810067375] [attitude_scout_1]: [scout_1] Landed — tilt correction stopped, yaw-hold pinned to current heading.
[attitude_controller-6] [INFO] [1786719441.813539280] [attitude_scout_1]: [scout_1] Landed — tilt correction stopped, yaw-hold pinned to current heading.
[attitude_controller-6] [INFO] [1786719441.816843218] [attitude_scout_1]: [scout_1] Landed — tilt correction stopped, yaw-hold pinned to current heading.
[attitude_controller-6] [INFO] [1786719441.830420117] [attitude_scout_1]: [scout_1] Landed — tilt correction stopped, yaw-hold pinned to current heading.
[attitude_controller-6] [INFO] [1786719441.927241852] [attitude_scout_1]: [scout_1] Landed — tilt correction stopped, yaw-hold pinned to current heading.
[attitude_controller-6] [INFO] [1786719441.928758646] [attitude_scout_1]: [scout_1] Landed — tilt correction stopped, yaw-hold pinned to current heading.
[attitude_controller-6] [INFO] [1786719441.932333006] [attitude_scout_1]: [scout_1] Landed — tilt correction stopped, yaw-hold pinned to current heading.
[attitude_controller-6] [INFO] [1786719441.934103390] [attitude_scout_1]: [scout_1] Landed — tilt correction stopped, yaw-hold pinned to current heading.
[attitude_controller-6] [INFO] [1786719441.950392889] [attitude_scout_1]: [scout_1] Landed — tilt correction stopped, yaw-hold pinned to current heading.
[attitude_controller-6] [INFO] [1786719441.962488473] [attitude_scout_1]: [scout_1] Landed — tilt correction stopped, yaw-hold pinned to current heading.
[attitude_controller-6] [INFO] [1786719441.978738722] [attitude_scout_1]: [scout_1] Landed — tilt correction stopped, yaw-hold pinned to current heading.
[attitude_controller-6] [INFO] [1786719441.989743050] [attitude_scout_1]: [scout_1] Landed — tilt correction stopped, yaw-hold pinned to current heading.
[attitude_controller-6] [INFO] [1786719442.001141767] [attitude_scout_1]: [scout_1] Landed — tilt correction stopped, yaw-hold pinned to current heading.
[attitude_controller-6] [INFO] [1786719442.021734202] [attitude_scout_1]: [scout_1] Landed — tilt correction stopped, yaw-hold pinned to current heading.
[attitude_controller-6] [INFO] [1786719442.051513999] [attitude_scout_1]: [scout_1] Landed — tilt correction stopped, yaw-hold pinned to current heading.
[attitude_controller-6] [INFO] [1786719442.052986164] [attitude_scout_1]: [scout_1] Landed — tilt correction stopped, yaw-hold pinned to current heading.
[attitude_controller-6] [INFO] [1786719442.054401480] [attitude_scout_1]: [scout_1] Landed — tilt correction stopped, yaw-hold pinned to current heading.
[attitude_controller-6] [INFO] [1786719442.058852756] [attitude_scout_1]: [scout_1] Landed — tilt correction stopped, yaw-hold pinned to current heading.
[attitude_controller-6] [INFO] [1786719442.060157514] [attitude_scout_1]: [scout_1] Landed — tilt correction stopped, yaw-hold pinned to current heading.
[attitude_controller-6] [INFO] [1786719442.061605934] [attitude_scout_1]: [scout_1] Landed — tilt correction stopped, yaw-hold pinned to current heading.
[attitude_controller-6] [INFO] [1786719442.062931853] [attitude_scout_1]: [scout_1] Landed — tilt correction stopped, yaw-hold pinned to current heading.
[attitude_controller-6] [INFO] [1786719442.064445154] [attitude_scout_1]: [scout_1] Landed — tilt correction stopped, yaw-hold pinned to current heading.
[attitude_controller-6] [INFO] [1786719442.066012512] [attitude_scout_1]: [scout_1] Landed — tilt correction stopped, yaw-hold pinned to current heading.
[attitude_controller-6] [INFO] [1786719442.151948651] [attitude_scout_1]: [scout_1] Landed — tilt correction stopped, yaw-hold pinned to current heading.
[attitude_controller-6] [INFO] [1786719442.189444692] [attitude_scout_1]: [scout_1] Landed — tilt correction stopped, yaw-hold pinned to current heading.
[attitude_controller-6] [INFO] [1786719442.190944374] [attitude_scout_1]: [scout_1] Landed — tilt correction stopped, yaw-hold pinned to current heading.
[attitude_controller-6] [INFO] [1786719442.192553496] [attitude_scout_1]: [scout_1] Landed — tilt correction stopped, yaw-hold pinned to current heading.
[attitude_controller-6] [INFO] [1786719442.221172406] [attitude_scout_1]: [scout_1] Landed — tilt correction stopped, yaw-hold pinned to current heading.
[attitude_controller-6] [INFO] [1786719442.225383990] [attitude_scout_1]: [scout_1] Landed — tilt correction stopped, yaw-hold pinned to current heading.
[attitude_controller-6] [INFO] [1786719442.226865025] [attitude_scout_1]: [scout_1] Landed — tilt correction stopped, yaw-hold pinned to current heading.
[attitude_controller-6] [INFO] [1786719442.231235497] [attitude_scout_1]: [scout_1] Landed — tilt correction stopped, yaw-hold pinned to current heading.
[attitude_controller-6] [INFO] [1786719442.233181389] [attitude_scout_1]: [scout_1] Landed — tilt correction stopped, yaw-hold pinned to current heading.
[attitude_controller-6] [INFO] [1786719442.235200125] [attitude_scout_1]: [scout_1] Landed — tilt correction stopped, yaw-hold pinned to current heading.
[attitude_controller-6] [INFO] [1786719442.238609593] [attitude_scout_1]: [scout_1] Landed — tilt correction stopped, yaw-hold pinned to current heading.
[attitude_controller-6] [INFO] [1786719442.250036596] [attitude_scout_1]: [scout_1] Landed — tilt correction stopped, yaw-hold pinned to current heading.
[attitude_controller-6] [INFO] [1786719442.251280453] [attitude_scout_1]: [scout_1] Landed — tilt correction stopped, yaw-hold pinned to current heading.
[attitude_controller-6] [INFO] [1786719442.252597712] [attitude_scout_1]: [scout_1] Landed — tilt correction stopped, yaw-hold pinned to current heading.
[attitude_controller-6] [INFO] [1786719442.305479239] [attitude_scout_1]: [scout_1] Landed — tilt correction stopped, yaw-hold pinned to current heading.
[attitude_controller-6] [INFO] [1786719442.306872834] [attitude_scout_1]: [scout_1] Landed — tilt correction stopped, yaw-hold pinned to current heading.
[attitude_controller-6] [INFO] [1786719442.308120602] [attitude_scout_1]: [scout_1] Landed — tilt correction stopped, yaw-hold pinned to current heading.
[attitude_controller-6] [INFO] [1786719442.309509447] [attitude_scout_1]: [scout_1] Landed — tilt correction stopped, yaw-hold pinned to current heading.
[attitude_controller-6] [INFO] [1786719442.310688493] [attitude_scout_1]: [scout_1] Landed — tilt correction stopped, yaw-hold pinned to current heading.
[attitude_controller-6] [INFO] [1786719442.311955257] [attitude_scout_1]: [scout_1] Landed — tilt correction stopped, yaw-hold pinned to current heading.
[hopper_locomotion-5] [INFO] [1786719442.354023259] [loco_scout_1]: [scout_1] 🦵 Idle 300s with no jump command -- self-initiating recovery hop (legs).
[hopper_locomotion-5] [INFO] [1786719442.355066884] [loco_scout_1]: 1. Crouching (waking physics, planting feet under body)
[attitude_controller-6] [INFO] [1786719442.537004975] [attitude_scout_1]: [scout_1] Landed — tilt correction stopped, yaw-hold pinned to current heading.
[attitude_controller-6] [INFO] [1786719442.548440009] [attitude_scout_1]: [scout_1] Landed — tilt correction stopped, yaw-hold pinned to current heading.
[attitude_controller-6] [INFO] [1786719442.559172171] [attitude_scout_1]: [scout_1] Landed — tilt correction stopped, yaw-hold pinned to current heading.
[attitude_controller-6] [INFO] [1786719442.626325369] [attitude_scout_1]: [scout_1] Landed — tilt correction stopped, yaw-hold pinned to current heading.
[attitude_controller-6] [INFO] [1786719442.637172836] [attitude_scout_1]: [scout_1] Landed — tilt correction stopped, yaw-hold pinned to current heading.
[attitude_controller-6] [INFO] [1786719442.638498476] [attitude_scout_1]: [scout_1] Landed — tilt correction stopped, yaw-hold pinned to current heading.
[attitude_controller-6] [INFO] [1786719442.639633871] [attitude_scout_1]: [scout_1] Landed — tilt correction stopped, yaw-hold pinned to current heading.
[attitude_controller-6] [INFO] [1786719442.653189749] [attitude_scout_1]: [scout_1] Landed — tilt correction stopped, yaw-hold pinned to current heading.
[attitude_controller-6] [INFO] [1786719442.654558690] [attitude_scout_1]: [scout_1] Landed — tilt correction stopped, yaw-hold pinned to current heading.
[attitude_controller-6] [INFO] [1786719442.655770909] [attitude_scout_1]: [scout_1] Landed — tilt correction stopped, yaw-hold pinned to current heading.
[attitude_controller-6] [INFO] [1786719442.657104022] [attitude_scout_1]: [scout_1] Landed — tilt correction stopped, yaw-hold pinned to current heading.
[attitude_controller-6] [INFO] [1786719442.659093356] [attitude_scout_1]: [scout_1] Landed — tilt correction stopped, yaw-hold pinned to current heading.
[attitude_controller-6] [INFO] [1786719442.660595901] [attitude_scout_1]: [scout_1] Landed — tilt correction stopped, yaw-hold pinned to current heading.
[attitude_controller-6] [INFO] [1786719442.661980208] [attitude_scout_1]: [scout_1] Landed — tilt correction stopped, yaw-hold pinned to current heading.
[attitude_controller-6] [INFO] [1786719442.663341606] [attitude_scout_1]: [scout_1] Landed — tilt correction stopped, yaw-hold pinned to current heading.
[attitude_controller-6] [INFO] [1786719442.748805484] [attitude_scout_1]: [scout_1] Landed — tilt correction stopped, yaw-hold pinned to current heading.
[attitude_controller-6] [INFO] [1786719442.750079093] [attitude_scout_1]: [scout_1] Landed — tilt correction stopped, yaw-hold pinned to current heading.
[attitude_controller-6] [INFO] [1786719442.751587925] [attitude_scout_1]: [scout_1] Landed — tilt correction stopped, yaw-hold pinned to current heading.
[attitude_controller-6] [INFO] [1786719442.752977888] [attitude_scout_1]: [scout_1] Landed — tilt correction stopped, yaw-hold pinned to current heading.
[attitude_controller-6] [INFO] [1786719442.763115288] [attitude_scout_1]: [scout_1] Landed — tilt correction stopped, yaw-hold pinned to current heading.
[attitude_controller-6] [INFO] [1786719442.775117846] [attitude_scout_1]: [scout_1] Landed — tilt correction stopped, yaw-hold pinned to current heading.
[attitude_controller-6] [INFO] [1786719442.809919864] [attitude_scout_1]: [scout_1] Landed — tilt correction stopped, yaw-hold pinned to current heading.
[attitude_controller-6] [INFO] [1786719442.811797103] [attitude_scout_1]: [scout_1] Landed — tilt correction stopped, yaw-hold pinned to current heading.
[attitude_controller-6] [INFO] [1786719442.813575938] [attitude_scout_1]: [scout_1] Landed — tilt correction stopped, yaw-hold pinned to current heading.
[attitude_controller-6] [INFO] [1786719442.815323623] [attitude_scout_1]: [scout_1] Landed — tilt correction stopped, yaw-hold pinned to current heading.
[attitude_controller-6] [INFO] [1786719442.816952091] [attitude_scout_1]: [scout_1] Landed — tilt correction stopped, yaw-hold pinned to current heading.
[attitude_controller-6] [INFO] [1786719442.818679034] [attitude_scout_1]: [scout_1] Landed — tilt correction stopped, yaw-hold pinned to current heading.
[attitude_controller-6] [INFO] [1786719442.820387120] [attitude_scout_1]: [scout_1] Landed — tilt correction stopped, yaw-hold pinned to current heading.
[attitude_controller-6] [INFO] [1786719442.837985498] [attitude_scout_1]: [scout_1] Landed — tilt correction stopped, yaw-hold pinned to current heading.
[attitude_controller-6] [INFO] [1786719442.839259946] [attitude_scout_1]: [scout_1] Landed — tilt correction stopped, yaw-hold pinned to current heading.
[attitude_controller-6] [INFO] [1786719442.983111915] [attitude_scout_1]: [scout_1] Landed — tilt correction stopped, yaw-hold pinned to current heading.
[attitude_controller-6] [INFO] [1786719442.984511376] [attitude_scout_1]: [scout_1] Landed — tilt correction stopped, yaw-hold pinned to current heading.
[attitude_controller-6] [INFO] [1786719443.020107690] [attitude_scout_1]: [scout_1] Landed — tilt correction stopped, yaw-hold pinned to current heading.
[attitude_controller-6] [INFO] [1786719443.024594026] [attitude_scout_1]: [scout_1] Landed — tilt correction stopped, yaw-hold pinned to current heading.
[attitude_controller-6] [INFO] [1786719443.040168081] [attitude_scout_1]: [scout_1] Landed — tilt correction stopped, yaw-hold pinned to current heading.
[attitude_controller-6] [INFO] [1786719443.089709005] [attitude_scout_1]: [scout_1] Landed — tilt correction stopped, yaw-hold pinned to current heading.
[attitude_controller-6] [INFO] [1786719443.100262166] [attitude_scout_1]: [scout_1] Landed — tilt correction stopped, yaw-hold pinned to current heading.
[attitude_controller-6] [INFO] [1786719443.164772606] [attitude_scout_1]: [scout_1] Landed — tilt correction stopped, yaw-hold pinned to current heading.
[attitude_controller-6] [INFO] [1786719443.176215533] [attitude_scout_1]: [scout_1] Landed — tilt correction stopped, yaw-hold pinned to current heading.
[attitude_controller-6] [INFO] [1786719443.192593172] [attitude_scout_1]: [scout_1] Landed — tilt correction stopped, yaw-hold pinned to current heading.
[attitude_controller-6] [INFO] [1786719443.194184346] [attitude_scout_1]: [scout_1] Landed — tilt correction stopped, yaw-hold pinned to current heading.
[attitude_controller-6] [INFO] [1786719443.195698206] [attitude_scout_1]: [scout_1] Landed — tilt correction stopped, yaw-hold pinned to current heading.
[attitude_controller-6] [INFO] [1786719443.235668274] [attitude_scout_1]: [scout_1] Landed — tilt correction stopped, yaw-hold pinned to current heading.
[attitude_controller-6] [INFO] [1786719443.238437654] [attitude_scout_1]: [scout_1] Landed — tilt correction stopped, yaw-hold pinned to current heading.
[attitude_controller-6] [INFO] [1786719443.240206082] [attitude_scout_1]: [scout_1] Landed — tilt correction stopped, yaw-hold pinned to current heading.
[attitude_controller-6] [INFO] [1786719443.243279548] [attitude_scout_1]: [scout_1] Landed — tilt correction stopped, yaw-hold pinned to current heading.
[attitude_controller-6] [INFO] [1786719443.271148862] [attitude_scout_1]: [scout_1] Landed — tilt correction stopped, yaw-hold pinned to current heading.
[attitude_controller-6] [INFO] [1786719443.284100551] [attitude_scout_1]: [scout_1] Landed — tilt correction stopped, yaw-hold pinned to current heading.
[attitude_controller-6] [INFO] [1786719443.345663588] [attitude_scout_1]: [scout_1] Landed — tilt correction stopped, yaw-hold pinned to current heading.
[attitude_controller-6] [INFO] [1786719443.355862518] [attitude_scout_1]: [scout_1] Landed — tilt correction stopped, yaw-hold pinned to current heading.
[attitude_controller-6] [INFO] [1786719443.370860670] [attitude_scout_1]: [scout_1] Landed — tilt correction stopped, yaw-hold pinned to current heading.
[attitude_controller-6] [INFO] [1786719443.383664297] [attitude_scout_1]: [scout_1] Landed — tilt correction stopped, yaw-hold pinned to current heading.
[attitude_controller-6] [INFO] [1786719443.393975181] [attitude_scout_1]: [scout_1] Landed — tilt correction stopped, yaw-hold pinned to current heading.
[attitude_controller-6] [INFO] [1786719443.396506406] [attitude_scout_1]: [scout_1] Landed — tilt correction stopped, yaw-hold pinned to current heading.
[attitude_controller-6] [INFO] [1786719443.450096046] [attitude_scout_1]: [scout_1] Landed — tilt correction stopped, yaw-hold pinned to current heading.
[attitude_controller-6] [INFO] [1786719443.451471203] [attitude_scout_1]: [scout_1] Landed — tilt correction stopped, yaw-hold pinned to current heading.
[attitude_controller-6] [INFO] [1786719443.452818215] [attitude_scout_1]: [scout_1] Landed — tilt correction stopped, yaw-hold pinned to current heading.
[attitude_controller-6] [INFO] [1786719443.454547044] [attitude_scout_1]: [scout_1] Landed — tilt correction stopped, yaw-hold pinned to current heading.
[attitude_controller-6] [INFO] [1786719443.557660706] [attitude_scout_1]: [scout_1] Landed — tilt correction stopped, yaw-hold pinned to current heading.
[attitude_controller-6] [INFO] [1786719443.604540851] [attitude_scout_1]: [scout_1] Landed — tilt correction stopped, yaw-hold pinned to current heading.
[attitude_controller-6] [INFO] [1786719443.631444971] [attitude_scout_1]: [scout_1] Landed — tilt correction stopped, yaw-hold pinned to current heading.
[attitude_controller-6] [INFO] [1786719443.640793804] [attitude_scout_1]: [scout_1] Landed — tilt correction stopped, yaw-hold pinned to current heading.
[attitude_controller-6] [INFO] [1786719443.649715843] [attitude_scout_1]: [scout_1] Landed — tilt correction stopped, yaw-hold pinned to current heading.
[attitude_controller-6] [INFO] [1786719443.651243462] [attitude_scout_1]: [scout_1] Landed — tilt correction stopped, yaw-hold pinned to current heading.
[attitude_controller-6] [INFO] [1786719443.655830717] [attitude_scout_1]: [scout_1] Landed — tilt correction stopped, yaw-hold pinned to current heading.
[attitude_controller-6] [INFO] [1786719443.687611861] [attitude_scout_1]: [scout_1] Landed — tilt correction stopped, yaw-hold pinned to current heading.
[attitude_controller-6] [INFO] [1786719443.689626616] [attitude_scout_1]: [scout_1] Landed — tilt correction stopped, yaw-hold pinned to current heading.
[attitude_controller-6] [INFO] [1786719443.713017417] [attitude_scout_1]: [scout_1] Landed — tilt correction stopped, yaw-hold pinned to current heading.
[landing_controller-7] [INFO] [1786719443.715729249] [landing_scout_1]: [scout_1] Landing controller state: LANDED
[attitude_controller-6] [INFO] [1786719443.723123110] [attitude_scout_1]: [scout_1] Landed — tilt correction stopped, yaw-hold pinned to current heading.
[attitude_controller-6] [INFO] [1786719443.732266752] [attitude_scout_1]: [scout_1] Landed — tilt correction stopped, yaw-hold pinned to current heading.
[landing_controller-15] [INFO] [1786719443.789694540] [landing_scout_3]: [scout_3] Landing controller state: FLIGHT
[attitude_controller-6] [INFO] [1786719443.795497577] [attitude_scout_1]: [scout_1] Landed — tilt correction stopped, yaw-hold pinned to current heading.
[attitude_controller-6] [INFO] [1786719443.796862188] [attitude_scout_1]: [scout_1] Landed — tilt correction stopped, yaw-hold pinned to current heading.
[attitude_controller-6] [INFO] [1786719443.800018764] [attitude_scout_1]: [scout_1] Landed — tilt correction stopped, yaw-hold pinned to current heading.
[attitude_controller-6] [INFO] [1786719443.801651702] [attitude_scout_1]: [scout_1] Landed — tilt correction stopped, yaw-hold pinned to current heading.
[attitude_controller-6] [INFO] [1786719443.803268227] [attitude_scout_1]: [scout_1] Landed — tilt correction stopped, yaw-hold pinned to current heading.
[attitude_controller-6] [INFO] [1786719443.805488593] [attitude_scout_1]: [scout_1] Landed — tilt correction stopped, yaw-hold pinned to current heading.
[landing_controller-11] [INFO] [1786719443.822463436] [landing_scout_2]: [scout_2] Landing controller state: FLIGHT
[attitude_controller-6] [INFO] [1786719443.874283252] [attitude_scout_1]: [scout_1] Landed — tilt correction stopped, yaw-hold pinned to current heading.
[attitude_controller-6] [INFO] [1786719443.875576486] [attitude_scout_1]: [scout_1] Landed — tilt correction stopped, yaw-hold pinned to current heading.
[attitude_controller-6] [INFO] [1786719443.878182719] [attitude_scout_1]: [scout_1] Landed — tilt correction stopped, yaw-hold pinned to current heading.
[attitude_controller-6] [INFO] [1786719443.880591025] [attitude_scout_1]: [scout_1] Landed — tilt correction stopped, yaw-hold pinned to current heading.
[attitude_controller-6] [INFO] [1786719443.883235531] [attitude_scout_1]: [scout_1] Landed — tilt correction stopped, yaw-hold pinned to current heading.
[attitude_controller-6] [INFO] [1786719443.884844514] [attitude_scout_1]: [scout_1] Landed — tilt correction stopped, yaw-hold pinned to current heading.
[attitude_controller-6] [INFO] [1786719443.886399161] [attitude_scout_1]: [scout_1] Landed — tilt correction stopped, yaw-hold pinned to current heading.
[attitude_controller-6] [INFO] [1786719443.887863713] [attitude_scout_1]: [scout_1] Landed — tilt correction stopped, yaw-hold pinned to current heading.
[attitude_controller-6] [INFO] [1786719443.889419128] [attitude_scout_1]: [scout_1] Landed — tilt correction stopped, yaw-hold pinned to current heading.
[attitude_controller-6] [INFO] [1786719443.890930893] [attitude_scout_1]: [scout_1] Landed — tilt correction stopped, yaw-hold pinned to current heading.
[attitude_controller-6] [INFO] [1786719443.984685247] [attitude_scout_1]: [scout_1] Landed — tilt correction stopped, yaw-hold pinned to current heading.
[attitude_controller-6] [INFO] [1786719443.986150987] [attitude_scout_1]: [scout_1] Landed — tilt correction stopped, yaw-hold pinned to current heading.
[attitude_controller-6] [INFO] [1786719444.072357623] [attitude_scout_1]: [scout_1] Landed — tilt correction stopped, yaw-hold pinned to current heading.
[attitude_controller-6] [INFO] [1786719444.073790608] [attitude_scout_1]: [scout_1] Landed — tilt correction stopped, yaw-hold pinned to current heading.
[attitude_controller-6] [INFO] [1786719444.075267942] [attitude_scout_1]: [scout_1] Landed — tilt correction stopped, yaw-hold pinned to current heading.
[attitude_controller-6] [INFO] [1786719444.076700997] [attitude_scout_1]: [scout_1] Landed — tilt correction stopped, yaw-hold pinned to current heading.
[attitude_controller-6] [INFO] [1786719444.078061906] [attitude_scout_1]: [scout_1] Landed — tilt correction stopped, yaw-hold pinned to current heading.
[attitude_controller-6] [INFO] [1786719444.091252938] [attitude_scout_1]: [scout_1] Landed — tilt correction stopped, yaw-hold pinned to current heading.
[attitude_controller-6] [INFO] [1786719444.175083885] [attitude_scout_1]: [scout_1] Landed — tilt correction stopped, yaw-hold pinned to current heading.
[attitude_controller-6] [INFO] [1786719444.176511143] [attitude_scout_1]: [scout_1] Landed — tilt correction stopped, yaw-hold pinned to current heading.
[attitude_controller-6] [INFO] [1786719444.263355353] [attitude_scout_1]: [scout_1] Landed — tilt correction stopped, yaw-hold pinned to current heading.
[attitude_controller-6] [INFO] [1786719444.280861823] [attitude_scout_1]: [scout_1] Landed — tilt correction stopped, yaw-hold pinned to current heading.
[attitude_controller-6] [INFO] [1786719444.282776846] [attitude_scout_1]: [scout_1] Landed — tilt correction stopped, yaw-hold pinned to current heading.
[attitude_controller-6] [INFO] [1786719444.284477948] [attitude_scout_1]: [scout_1] Landed — tilt correction stopped, yaw-hold pinned to current heading.
[attitude_controller-6] [INFO] [1786719444.332568917] [attitude_scout_1]: [scout_1] Landed — tilt correction stopped, yaw-hold pinned to current heading.
[attitude_controller-6] [INFO] [1786719444.334025997] [attitude_scout_1]: [scout_1] Landed — tilt correction stopped, yaw-hold pinned to current heading.
[attitude_controller-6] [INFO] [1786719444.341120593] [attitude_scout_1]: [scout_1] Landed — tilt correction stopped, yaw-hold pinned to current heading.
[attitude_controller-6] [INFO] [1786719444.359421497] [attitude_scout_1]: [scout_1] Landed — tilt correction stopped, yaw-hold pinned to current heading.
[attitude_controller-6] [INFO] [1786719444.374284578] [attitude_scout_1]: [scout_1] Landed — tilt correction stopped, yaw-hold pinned to current heading.
[attitude_controller-6] [INFO] [1786719444.402831903] [attitude_scout_1]: [scout_1] Landed — tilt correction stopped, yaw-hold pinned to current heading.
[attitude_controller-6] [INFO] [1786719444.404544180] [attitude_scout_1]: [scout_1] Landed — tilt correction stopped, yaw-hold pinned to current heading.
[attitude_controller-6] [INFO] [1786719444.414815186] [attitude_scout_1]: [scout_1] Landed — tilt correction stopped, yaw-hold pinned to current heading.
[attitude_controller-6] [INFO] [1786719444.464013824] [attitude_scout_1]: [scout_1] Landed — tilt correction stopped, yaw-hold pinned to current heading.
[attitude_controller-6] [INFO] [1786719444.465724634] [attitude_scout_1]: [scout_1] Landed — tilt correction stopped, yaw-hold pinned to current heading.
[attitude_controller-6] [INFO] [1786719444.558711026] [attitude_scout_1]: [scout_1] Landed — tilt correction stopped, yaw-hold pinned to current heading.
[attitude_controller-6] [INFO] [1786719444.571544545] [attitude_scout_1]: [scout_1] Landed — tilt correction stopped, yaw-hold pinned to current heading.
[attitude_controller-6] [INFO] [1786719444.582305901] [attitude_scout_1]: [scout_1] Landed — tilt correction stopped, yaw-hold pinned to current heading.
[attitude_controller-6] [INFO] [1786719444.609633185] [attitude_scout_1]: [scout_1] Landed — tilt correction stopped, yaw-hold pinned to current heading.
[attitude_controller-6] [INFO] [1786719444.626062646] [attitude_scout_1]: [scout_1] Landed — tilt correction stopped, yaw-hold pinned to current heading.
[attitude_controller-6] [INFO] [1786719444.637095610] [attitude_scout_1]: [scout_1] Landed — tilt correction stopped, yaw-hold pinned to current heading.
[attitude_controller-6] [INFO] [1786719444.757912487] [attitude_scout_1]: [scout_1] Landed — tilt correction stopped, yaw-hold pinned to current heading.
[attitude_controller-6] [INFO] [1786719444.759537253] [attitude_scout_1]: [scout_1] Landed — tilt correction stopped, yaw-hold pinned to current heading.
[attitude_controller-6] [INFO] [1786719444.761041336] [attitude_scout_1]: [scout_1] Landed — tilt correction stopped, yaw-hold pinned to current heading.
[attitude_controller-6] [INFO] [1786719444.774335383] [attitude_scout_1]: [scout_1] Landed — tilt correction stopped, yaw-hold pinned to current heading.
[attitude_controller-6] [INFO] [1786719444.790452517] [attitude_scout_1]: [scout_1] Landed — tilt correction stopped, yaw-hold pinned to current heading.
[attitude_controller-6] [INFO] [1786719444.802054332] [attitude_scout_1]: [scout_1] Landed — tilt correction stopped, yaw-hold pinned to current heading.
[attitude_controller-6] [INFO] [1786719444.805244989] [attitude_scout_1]: [scout_1] Landed — tilt correction stopped, yaw-hold pinned to current heading.
[attitude_controller-6] [INFO] [1786719444.806780919] [attitude_scout_1]: [scout_1] Landed — tilt correction stopped, yaw-hold pinned to current heading.
[attitude_controller-6] [INFO] [1786719444.808582731] [attitude_scout_1]: [scout_1] Landed — tilt correction stopped, yaw-hold pinned to current heading.
[attitude_controller-6] [INFO] [1786719444.809834271] [attitude_scout_1]: [scout_1] Landed — tilt correction stopped, yaw-hold pinned to current heading.
[attitude_controller-6] [INFO] [1786719444.811247281] [attitude_scout_1]: [scout_1] Landed — tilt correction stopped, yaw-hold pinned to current heading.
[attitude_controller-6] [INFO] [1786719444.812586680] [attitude_scout_1]: [scout_1] Landed — tilt correction stopped, yaw-hold pinned to current heading.
[attitude_controller-6] [INFO] [1786719444.827448783] [attitude_scout_1]: [scout_1] Landed — tilt correction stopped, yaw-hold pinned to current heading.
[attitude_controller-6] [INFO] [1786719444.856206189] [attitude_scout_1]: [scout_1] Landed — tilt correction stopped, yaw-hold pinned to current heading.
[attitude_controller-6] [INFO] [1786719444.857926427] [attitude_scout_1]: [scout_1] Landed — tilt correction stopped, yaw-hold pinned to current heading.
[attitude_controller-6] [INFO] [1786719444.998537325] [attitude_scout_1]: [scout_1] Landed — tilt correction stopped, yaw-hold pinned to current heading.
[attitude_controller-6] [INFO] [1786719445.012047947] [attitude_scout_1]: [scout_1] Landed — tilt correction stopped, yaw-hold pinned to current heading.
[attitude_controller-6] [INFO] [1786719445.017239672] [attitude_scout_1]: [scout_1] Landed — tilt correction stopped, yaw-hold pinned to current heading.
[attitude_controller-6] [INFO] [1786719445.032292161] [attitude_scout_1]: [scout_1] Landed — tilt correction stopped, yaw-hold pinned to current heading.
[attitude_controller-6] [INFO] [1786719445.034127356] [attitude_scout_1]: [scout_1] Landed — tilt correction stopped, yaw-hold pinned to current heading.
[attitude_controller-6] [INFO] [1786719445.037409855] [attitude_scout_1]: [scout_1] Landed — tilt correction stopped, yaw-hold pinned to current heading.
[attitude_controller-6] [INFO] [1786719445.043015034] [attitude_scout_1]: [scout_1] Landed — tilt correction stopped, yaw-hold pinned to current heading.
[attitude_controller-6] [INFO] [1786719445.081010019] [attitude_scout_1]: [scout_1] Landed — tilt correction stopped, yaw-hold pinned to current heading.
[attitude_controller-6] [INFO] [1786719445.082642049] [attitude_scout_1]: [scout_1] Landed — tilt correction stopped, yaw-hold pinned to current heading.
[attitude_controller-6] [INFO] [1786719445.110145263] [attitude_scout_1]: [scout_1] Landed — tilt correction stopped, yaw-hold pinned to current heading.
[attitude_controller-6] [INFO] [1786719445.132418549] [attitude_scout_1]: [scout_1] Landed — tilt correction stopped, yaw-hold pinned to current heading.
[attitude_controller-6] [INFO] [1786719445.146316715] [attitude_scout_1]: [scout_1] Landed — tilt correction stopped, yaw-hold pinned to current heading.
[attitude_controller-6] [INFO] [1786719445.150188038] [attitude_scout_1]: [scout_1] Landed — tilt correction stopped, yaw-hold pinned to current heading.
[attitude_controller-6] [INFO] [1786719445.152706622] [attitude_scout_1]: [scout_1] Landed — tilt correction stopped, yaw-hold pinned to current heading.
[attitude_controller-6] [INFO] [1786719445.155248742] [attitude_scout_1]: [scout_1] Landed — tilt correction stopped, yaw-hold pinned to current heading.
[attitude_controller-6] [INFO] [1786719445.158577195] [attitude_scout_1]: [scout_1] Landed — tilt correction stopped, yaw-hold pinned to current heading.
[attitude_controller-6] [INFO] [1786719445.172503088] [attitude_scout_1]: [scout_1] Landed — tilt correction stopped, yaw-hold pinned to current heading.
[attitude_controller-6] [INFO] [1786719445.182821586] [attitude_scout_1]: [scout_1] Landed — tilt correction stopped, yaw-hold pinned to current heading.
[attitude_controller-6] [INFO] [1786719445.193345275] [attitude_scout_1]: [scout_1] Landed — tilt correction stopped, yaw-hold pinned to current heading.
[attitude_controller-6] [INFO] [1786719445.194954607] [attitude_scout_1]: [scout_1] Landed — tilt correction stopped, yaw-hold pinned to current heading.
[attitude_controller-6] [INFO] [1786719445.235879047] [attitude_scout_1]: [scout_1] Landed — tilt correction stopped, yaw-hold pinned to current heading.
[attitude_controller-6] [INFO] [1786719445.237469382] [attitude_scout_1]: [scout_1] Landed — tilt correction stopped, yaw-hold pinned to current heading.
[attitude_controller-6] [INFO] [1786719445.241164637] [attitude_scout_1]: [scout_1] Landed — tilt correction stopped, yaw-hold pinned to current heading.
[attitude_controller-6] [INFO] [1786719445.256114250] [attitude_scout_1]: [scout_1] Landed — tilt correction stopped, yaw-hold pinned to current heading.
[attitude_controller-6] [INFO] [1786719445.288428279] [attitude_scout_1]: [scout_1] Landed — tilt correction stopped, yaw-hold pinned to current heading.
[attitude_controller-6] [INFO] [1786719445.303326699] [attitude_scout_1]: [scout_1] Landed — tilt correction stopped, yaw-hold pinned to current heading.
[attitude_controller-6] [INFO] [1786719445.304827360] [attitude_scout_1]: [scout_1] Landed — tilt correction stopped, yaw-hold pinned to current heading.
[attitude_controller-6] [INFO] [1786719445.306476431] [attitude_scout_1]: [scout_1] Landed — tilt correction stopped, yaw-hold pinned to current heading.
[attitude_controller-6] [INFO] [1786719445.323147261] [attitude_scout_1]: [scout_1] Landed — tilt correction stopped, yaw-hold pinned to current heading.
[attitude_controller-6] [INFO] [1786719445.324720136] [attitude_scout_1]: [scout_1] Landed — tilt correction stopped, yaw-hold pinned to current heading.
[attitude_controller-6] [INFO] [1786719445.328482508] [attitude_scout_1]: [scout_1] Landed — tilt correction stopped, yaw-hold pinned to current heading.
[attitude_controller-6] [INFO] [1786719445.339680575] [attitude_scout_1]: [scout_1] Landed — tilt correction stopped, yaw-hold pinned to current heading.
[attitude_controller-6] [INFO] [1786719445.352567104] [attitude_scout_1]: [scout_1] Landed — tilt correction stopped, yaw-hold pinned to current heading.
[attitude_controller-6] [INFO] [1786719445.366119211] [attitude_scout_1]: [scout_1] Landed — tilt correction stopped, yaw-hold pinned to current heading.
[attitude_controller-6] [INFO] [1786719445.376158278] [attitude_scout_1]: [scout_1] Landed — tilt correction stopped, yaw-hold pinned to current heading.
[attitude_controller-6] [INFO] [1786719445.421738348] [attitude_scout_1]: [scout_1] Landed — tilt correction stopped, yaw-hold pinned to current heading.
[attitude_controller-6] [INFO] [1786719445.423114413] [attitude_scout_1]: [scout_1] Landed — tilt correction stopped, yaw-hold pinned to current heading.
[attitude_controller-6] [INFO] [1786719445.424423780] [attitude_scout_1]: [scout_1] Landed — tilt correction stopped, yaw-hold pinned to current heading.
[attitude_controller-6] [INFO] [1786719445.477580624] [attitude_scout_1]: [scout_1] Landed — tilt correction stopped, yaw-hold pinned to current heading.
[attitude_controller-6] [INFO] [1786719445.480635163] [attitude_scout_1]: [scout_1] Landed — tilt correction stopped, yaw-hold pinned to current heading.
[attitude_controller-6] [INFO] [1786719445.510306152] [attitude_scout_1]: [scout_1] Landed — tilt correction stopped, yaw-hold pinned to current heading.
[attitude_controller-6] [INFO] [1786719445.511841593] [attitude_scout_1]: [scout_1] Landed — tilt correction stopped, yaw-hold pinned to current heading.
[attitude_controller-6] [INFO] [1786719445.513528866] [attitude_scout_1]: [scout_1] Landed — tilt correction stopped, yaw-hold pinned to current heading.
[attitude_controller-6] [INFO] [1786719445.515992696] [attitude_scout_1]: [scout_1] Landed — tilt correction stopped, yaw-hold pinned to current heading.
[attitude_controller-6] [INFO] [1786719445.517641348] [attitude_scout_1]: [scout_1] Landed — tilt correction stopped, yaw-hold pinned to current heading.
[attitude_controller-6] [INFO] [1786719445.528775511] [attitude_scout_1]: [scout_1] Landed — tilt correction stopped, yaw-hold pinned to current heading.
[attitude_controller-6] [INFO] [1786719445.530999788] [attitude_scout_1]: [scout_1] Landed — tilt correction stopped, yaw-hold pinned to current heading.
[attitude_controller-6] [INFO] [1786719445.596235177] [attitude_scout_1]: [scout_1] Landed — tilt correction stopped, yaw-hold pinned to current heading.
[attitude_controller-6] [INFO] [1786719445.597488672] [attitude_scout_1]: [scout_1] Landed — tilt correction stopped, yaw-hold pinned to current heading.
[attitude_controller-6] [INFO] [1786719445.598552830] [attitude_scout_1]: [scout_1] Landed — tilt correction stopped, yaw-hold pinned to current heading.
[attitude_controller-6] [INFO] [1786719445.599768192] [attitude_scout_1]: [scout_1] Landed — tilt correction stopped, yaw-hold pinned to current heading.
[attitude_controller-6] [INFO] [1786719445.601191749] [attitude_scout_1]: [scout_1] Landed — tilt correction stopped, yaw-hold pinned to current heading.
[attitude_controller-6] [INFO] [1786719445.602358432] [attitude_scout_1]: [scout_1] Landed — tilt correction stopped, yaw-hold pinned to current heading.
[attitude_controller-6] [INFO] [1786719445.626593186] [attitude_scout_1]: [scout_1] Landed — tilt correction stopped, yaw-hold pinned to current heading.
[attitude_controller-6] [INFO] [1786719445.643897328] [attitude_scout_1]: [scout_1] Landed — tilt correction stopped, yaw-hold pinned to current heading.
[attitude_controller-6] [INFO] [1786719445.654514393] [attitude_scout_1]: [scout_1] Landed — tilt correction stopped, yaw-hold pinned to current heading.
[attitude_controller-6] [INFO] [1786719445.665879310] [attitude_scout_1]: [scout_1] Landed — tilt correction stopped, yaw-hold pinned to current heading.
[attitude_controller-6] [INFO] [1786719445.732445088] [attitude_scout_1]: [scout_1] Landed — tilt correction stopped, yaw-hold pinned to current heading.
[attitude_controller-6] [INFO] [1786719445.733896441] [attitude_scout_1]: [scout_1] Landed — tilt correction stopped, yaw-hold pinned to current heading.
[attitude_controller-6] [INFO] [1786719445.748025430] [attitude_scout_1]: [scout_1] Landed — tilt correction stopped, yaw-hold pinned to current heading.
[attitude_controller-6] [INFO] [1786719445.760265167] [attitude_scout_1]: [scout_1] Landed — tilt correction stopped, yaw-hold pinned to current heading.
[attitude_controller-6] [INFO] [1786719445.764126153] [attitude_scout_1]: [scout_1] Landed — tilt correction stopped, yaw-hold pinned to current heading.
[attitude_controller-6] [INFO] [1786719445.767724330] [attitude_scout_1]: [scout_1] Landed — tilt correction stopped, yaw-hold pinned to current heading.
[attitude_controller-6] [INFO] [1786719445.769909147] [attitude_scout_1]: [scout_1] Landed — tilt correction stopped, yaw-hold pinned to current heading.
[attitude_controller-6] [INFO] [1786719445.826417421] [attitude_scout_1]: [scout_1] Landed — tilt correction stopped, yaw-hold pinned to current heading.
[attitude_controller-6] [INFO] [1786719445.838482696] [attitude_scout_1]: [scout_1] Landed — tilt correction stopped, yaw-hold pinned to current heading.
[attitude_controller-6] [INFO] [1786719445.839858552] [attitude_scout_1]: [scout_1] Landed — tilt correction stopped, yaw-hold pinned to current heading.
[attitude_controller-6] [INFO] [1786719445.841209405] [attitude_scout_1]: [scout_1] Landed — tilt correction stopped, yaw-hold pinned to current heading.
[attitude_controller-6] [INFO] [1786719445.842893815] [attitude_scout_1]: [scout_1] Landed — tilt correction stopped, yaw-hold pinned to current heading.
[attitude_controller-6] [INFO] [1786719445.847519064] [attitude_scout_1]: [scout_1] Landed — tilt correction stopped, yaw-hold pinned to current heading.
[attitude_controller-6] [INFO] [1786719445.849007712] [attitude_scout_1]: [scout_1] Landed — tilt correction stopped, yaw-hold pinned to current heading.
[attitude_controller-6] [INFO] [1786719445.850442164] [attitude_scout_1]: [scout_1] Landed — tilt correction stopped, yaw-hold pinned to current heading.
[attitude_controller-6] [INFO] [1786719445.883653501] [attitude_scout_1]: [scout_1] Landed — tilt correction stopped, yaw-hold pinned to current heading.
[attitude_controller-6] [INFO] [1786719445.935834884] [attitude_scout_1]: [scout_1] Landed — tilt correction stopped, yaw-hold pinned to current heading.
[attitude_controller-6] [INFO] [1786719445.947091897] [attitude_scout_1]: [scout_1] Landed — tilt correction stopped, yaw-hold pinned to current heading.
[attitude_controller-6] [INFO] [1786719445.948469638] [attitude_scout_1]: [scout_1] Landed — tilt correction stopped, yaw-hold pinned to current heading.
[attitude_controller-6] [INFO] [1786719445.949700156] [attitude_scout_1]: [scout_1] Landed — tilt correction stopped, yaw-hold pinned to current heading.
[attitude_controller-6] [INFO] [1786719445.951196417] [attitude_scout_1]: [scout_1] Landed — tilt correction stopped, yaw-hold pinned to current heading.
[attitude_controller-6] [INFO] [1786719445.952804980] [attitude_scout_1]: [scout_1] Landed — tilt correction stopped, yaw-hold pinned to current heading.
[attitude_controller-6] [INFO] [1786719446.051545458] [attitude_scout_1]: [scout_1] Landed — tilt correction stopped, yaw-hold pinned to current heading.
[attitude_controller-6] [INFO] [1786719446.053171202] [attitude_scout_1]: [scout_1] Landed — tilt correction stopped, yaw-hold pinned to current heading.
[attitude_controller-6] [INFO] [1786719446.054595387] [attitude_scout_1]: [scout_1] Landed — tilt correction stopped, yaw-hold pinned to current heading.
[attitude_controller-6] [INFO] [1786719446.055956786] [attitude_scout_1]: [scout_1] Landed — tilt correction stopped, yaw-hold pinned to current heading.
[attitude_controller-6] [INFO] [1786719446.109730392] [attitude_scout_1]: [scout_1] Landed — tilt correction stopped, yaw-hold pinned to current heading.
[attitude_controller-6] [INFO] [1786719446.125828043] [attitude_scout_1]: [scout_1] Landed — tilt correction stopped, yaw-hold pinned to current heading.
[attitude_controller-6] [INFO] [1786719446.177315005] [attitude_scout_1]: [scout_1] Landed — tilt correction stopped, yaw-hold pinned to current heading.
[attitude_controller-6] [INFO] [1786719446.188425213] [attitude_scout_1]: [scout_1] Landed — tilt correction stopped, yaw-hold pinned to current heading.
[attitude_controller-6] [INFO] [1786719446.198651662] [attitude_scout_1]: [scout_1] Landed — tilt correction stopped, yaw-hold pinned to current heading.
[attitude_controller-6] [INFO] [1786719446.200034781] [attitude_scout_1]: [scout_1] Landed — tilt correction stopped, yaw-hold pinned to current heading.
[attitude_controller-6] [INFO] [1786719446.222839763] [attitude_scout_1]: [scout_1] Landed — tilt correction stopped, yaw-hold pinned to current heading.
[attitude_controller-6] [INFO] [1786719446.224283014] [attitude_scout_1]: [scout_1] Landed — tilt correction stopped, yaw-hold pinned to current heading.
[attitude_controller-6] [INFO] [1786719446.226883451] [attitude_scout_1]: [scout_1] Landed — tilt correction stopped, yaw-hold pinned to current heading.
[attitude_controller-6] [INFO] [1786719446.228529869] [attitude_scout_1]: [scout_1] Landed — tilt correction stopped, yaw-hold pinned to current heading.
[attitude_controller-6] [INFO] [1786719446.241477787] [attitude_scout_1]: [scout_1] Landed — tilt correction stopped, yaw-hold pinned to current heading.
[attitude_controller-6] [INFO] [1786719446.301976744] [attitude_scout_1]: [scout_1] Landed — tilt correction stopped, yaw-hold pinned to current heading.
[attitude_controller-6] [INFO] [1786719446.332336220] [attitude_scout_1]: [scout_1] Landed — tilt correction stopped, yaw-hold pinned to current heading.
[attitude_controller-6] [INFO] [1786719446.347735956] [attitude_scout_1]: [scout_1] Landed — tilt correction stopped, yaw-hold pinned to current heading.
[attitude_controller-6] [INFO] [1786719446.357639253] [attitude_scout_1]: [scout_1] Landed — tilt correction stopped, yaw-hold pinned to current heading.
[attitude_controller-6] [INFO] [1786719446.358865650] [attitude_scout_1]: [scout_1] Landed — tilt correction stopped, yaw-hold pinned to current heading.
[attitude_controller-6] [INFO] [1786719446.359989801] [attitude_scout_1]: [scout_1] Landed — tilt correction stopped, yaw-hold pinned to current heading.
[attitude_controller-6] [INFO] [1786719446.361440456] [attitude_scout_1]: [scout_1] Landed — tilt correction stopped, yaw-hold pinned to current heading.
[attitude_controller-6] [INFO] [1786719446.362825740] [attitude_scout_1]: [scout_1] Landed — tilt correction stopped, yaw-hold pinned to current heading.
[attitude_controller-6] [INFO] [1786719446.427556185] [attitude_scout_1]: [scout_1] Landed — tilt correction stopped, yaw-hold pinned to current heading.
[attitude_controller-6] [INFO] [1786719446.429032751] [attitude_scout_1]: [scout_1] Landed — tilt correction stopped, yaw-hold pinned to current heading.
[attitude_controller-6] [INFO] [1786719446.443471482] [attitude_scout_1]: [scout_1] Landed — tilt correction stopped, yaw-hold pinned to current heading.
[attitude_controller-6] [INFO] [1786719446.445026548] [attitude_scout_1]: [scout_1] Landed — tilt correction stopped, yaw-hold pinned to current heading.
[attitude_controller-6] [INFO] [1786719446.446429362] [attitude_scout_1]: [scout_1] Landed — tilt correction stopped, yaw-hold pinned to current heading.
[attitude_controller-6] [INFO] [1786719446.448133957] [attitude_scout_1]: [scout_1] Landed — tilt correction stopped, yaw-hold pinned to current heading.
[attitude_controller-6] [INFO] [1786719446.474361467] [attitude_scout_1]: [scout_1] Landed — tilt correction stopped, yaw-hold pinned to current heading.
[attitude_controller-6] [INFO] [1786719446.519143193] [attitude_scout_1]: [scout_1] Landed — tilt correction stopped, yaw-hold pinned to current heading.
[attitude_controller-6] [INFO] [1786719446.520656704] [attitude_scout_1]: [scout_1] Landed — tilt correction stopped, yaw-hold pinned to current heading.
[attitude_controller-6] [INFO] [1786719446.521938973] [attitude_scout_1]: [scout_1] Landed — tilt correction stopped, yaw-hold pinned to current heading.
[attitude_controller-6] [INFO] [1786719446.523332778] [attitude_scout_1]: [scout_1] Landed — tilt correction stopped, yaw-hold pinned to current heading.
[attitude_controller-6] [INFO] [1786719446.524785667] [attitude_scout_1]: [scout_1] Landed — tilt correction stopped, yaw-hold pinned to current heading.
[attitude_controller-6] [INFO] [1786719446.526200983] [attitude_scout_1]: [scout_1] Landed — tilt correction stopped, yaw-hold pinned to current heading.
[attitude_controller-6] [INFO] [1786719446.527612527] [attitude_scout_1]: [scout_1] Landed — tilt correction stopped, yaw-hold pinned to current heading.
[attitude_controller-6] [INFO] [1786719446.528964776] [attitude_scout_1]: [scout_1] Landed — tilt correction stopped, yaw-hold pinned to current heading.
[attitude_controller-6] [INFO] [1786719446.530304804] [attitude_scout_1]: [scout_1] Landed — tilt correction stopped, yaw-hold pinned to current heading.
[attitude_controller-6] [INFO] [1786719446.531827953] [attitude_scout_1]: [scout_1] Landed — tilt correction stopped, yaw-hold pinned to current heading.
[attitude_controller-6] [INFO] [1786719446.533292366] [attitude_scout_1]: [scout_1] Landed — tilt correction stopped, yaw-hold pinned to current heading.
[attitude_controller-6] [INFO] [1786719446.542471768] [attitude_scout_1]: [scout_1] Landed — tilt correction stopped, yaw-hold pinned to current heading.
[attitude_controller-6] [INFO] [1786719446.544242641] [attitude_scout_1]: [scout_1] Landed — tilt correction stopped, yaw-hold pinned to current heading.
[attitude_controller-6] [INFO] [1786719446.628681973] [attitude_scout_1]: [scout_1] Landed — tilt correction stopped, yaw-hold pinned to current heading.
[attitude_controller-6] [INFO] [1786719446.630291864] [attitude_scout_1]: [scout_1] Landed — tilt correction stopped, yaw-hold pinned to current heading.
[attitude_controller-6] [INFO] [1786719446.635423806] [attitude_scout_1]: [scout_1] Landed — tilt correction stopped, yaw-hold pinned to current heading.
[attitude_controller-6] [INFO] [1786719446.663720407] [attitude_scout_1]: [scout_1] Landed — tilt correction stopped, yaw-hold pinned to current heading.
[attitude_controller-6] [INFO] [1786719446.665316888] [attitude_scout_1]: [scout_1] Landed — tilt correction stopped, yaw-hold pinned to current heading.
[attitude_controller-6] [INFO] [1786719446.669804901] [attitude_scout_1]: [scout_1] Landed — tilt correction stopped, yaw-hold pinned to current heading.
[attitude_controller-6] [INFO] [1786719446.671657557] [attitude_scout_1]: [scout_1] Landed — tilt correction stopped, yaw-hold pinned to current heading.
[attitude_controller-6] [INFO] [1786719446.731340498] [attitude_scout_1]: [scout_1] Landed — tilt correction stopped, yaw-hold pinned to current heading.
[attitude_controller-6] [INFO] [1786719446.732914701] [attitude_scout_1]: [scout_1] Landed — tilt correction stopped, yaw-hold pinned to current heading.
[attitude_controller-6] [INFO] [1786719446.734714208] [attitude_scout_1]: [scout_1] Landed — tilt correction stopped, yaw-hold pinned to current heading.
[attitude_controller-6] [INFO] [1786719446.736210329] [attitude_scout_1]: [scout_1] Landed — tilt correction stopped, yaw-hold pinned to current heading.
[attitude_controller-6] [INFO] [1786719446.737813515] [attitude_scout_1]: [scout_1] Landed — tilt correction stopped, yaw-hold pinned to current heading.
[attitude_controller-6] [INFO] [1786719446.740128235] [attitude_scout_1]: [scout_1] Landed — tilt correction stopped, yaw-hold pinned to current heading.
[attitude_controller-6] [INFO] [1786719446.741792671] [attitude_scout_1]: [scout_1] Landed — tilt correction stopped, yaw-hold pinned to current heading.
[attitude_controller-6] [INFO] [1786719446.743308207] [attitude_scout_1]: [scout_1] Landed — tilt correction stopped, yaw-hold pinned to current heading.
[attitude_controller-6] [INFO] [1786719446.744492072] [attitude_scout_1]: [scout_1] Landed — tilt correction stopped, yaw-hold pinned to current heading.
[attitude_controller-6] [INFO] [1786719446.863669594] [attitude_scout_1]: [scout_1] Landed — tilt correction stopped, yaw-hold pinned to current heading.
[attitude_controller-6] [INFO] [1786719446.875683607] [attitude_scout_1]: [scout_1] Landed — tilt correction stopped, yaw-hold pinned to current heading.
[attitude_controller-6] [INFO] [1786719446.883712388] [attitude_scout_1]: [scout_1] Landed — tilt correction stopped, yaw-hold pinned to current heading.
[attitude_controller-6] [INFO] [1786719446.885296299] [attitude_scout_1]: [scout_1] Landed — tilt correction stopped, yaw-hold pinned to current heading.
[attitude_controller-6] [INFO] [1786719446.887502626] [attitude_scout_1]: [scout_1] Landed — tilt correction stopped, yaw-hold pinned to current heading.
[attitude_controller-6] [INFO] [1786719446.958835223] [attitude_scout_1]: [scout_1] Landed — tilt correction stopped, yaw-hold pinned to current heading.
[attitude_controller-6] [INFO] [1786719446.960048071] [attitude_scout_1]: [scout_1] Landed — tilt correction stopped, yaw-hold pinned to current heading.
[attitude_controller-6] [INFO] [1786719446.961690787] [attitude_scout_1]: [scout_1] Landed — tilt correction stopped, yaw-hold pinned to current heading.
[attitude_controller-6] [INFO] [1786719446.963296627] [attitude_scout_1]: [scout_1] Landed — tilt correction stopped, yaw-hold pinned to current heading.
[attitude_controller-6] [INFO] [1786719446.968413413] [attitude_scout_1]: [scout_1] Landed — tilt correction stopped, yaw-hold pinned to current heading.
[attitude_controller-6] [INFO] [1786719446.975206369] [attitude_scout_1]: [scout_1] Landed — tilt correction stopped, yaw-hold pinned to current heading.
[attitude_controller-6] [INFO] [1786719447.050690001] [attitude_scout_1]: [scout_1] Landed — tilt correction stopped, yaw-hold pinned to current heading.
[attitude_controller-6] [INFO] [1786719447.060028290] [attitude_scout_1]: [scout_1] Landed — tilt correction stopped, yaw-hold pinned to current heading.
[attitude_controller-6] [INFO] [1786719447.137134524] [attitude_scout_1]: [scout_1] Landed — tilt correction stopped, yaw-hold pinned to current heading.
[attitude_controller-6] [INFO] [1786719447.150029435] [attitude_scout_1]: [scout_1] Landed — tilt correction stopped, yaw-hold pinned to current heading.
[attitude_controller-6] [INFO] [1786719447.159937272] [attitude_scout_1]: [scout_1] Landed — tilt correction stopped, yaw-hold pinned to current heading.
[attitude_controller-6] [INFO] [1786719447.162462351] [attitude_scout_1]: [scout_1] Landed — tilt correction stopped, yaw-hold pinned to current heading.
[attitude_controller-6] [INFO] [1786719447.211713096] [attitude_scout_1]: [scout_1] Landed — tilt correction stopped, yaw-hold pinned to current heading.
[attitude_controller-6] [INFO] [1786719447.213935277] [attitude_scout_1]: [scout_1] Landed — tilt correction stopped, yaw-hold pinned to current heading.
[attitude_controller-6] [INFO] [1786719447.215784511] [attitude_scout_1]: [scout_1] Landed — tilt correction stopped, yaw-hold pinned to current heading.
[attitude_controller-6] [INFO] [1786719447.217325819] [attitude_scout_1]: [scout_1] Landed — tilt correction stopped, yaw-hold pinned to current heading.
[attitude_controller-6] [INFO] [1786719447.242827967] [attitude_scout_1]: [scout_1] Landed — tilt correction stopped, yaw-hold pinned to current heading.
[attitude_controller-6] [INFO] [1786719447.256073058] [attitude_scout_1]: [scout_1] Landed — tilt correction stopped, yaw-hold pinned to current heading.
[attitude_controller-6] [INFO] [1786719447.278493988] [attitude_scout_1]: [scout_1] Landed — tilt correction stopped, yaw-hold pinned to current heading.
[attitude_controller-6] [INFO] [1786719447.280459646] [attitude_scout_1]: [scout_1] Landed — tilt correction stopped, yaw-hold pinned to current heading.
[attitude_controller-6] [INFO] [1786719447.282008217] [attitude_scout_1]: [scout_1] Landed — tilt correction stopped, yaw-hold pinned to current heading.
[attitude_controller-6] [INFO] [1786719447.283516280] [attitude_scout_1]: [scout_1] Landed — tilt correction stopped, yaw-hold pinned to current heading.
[attitude_controller-6] [INFO] [1786719447.284867133] [attitude_scout_1]: [scout_1] Landed — tilt correction stopped, yaw-hold pinned to current heading.
[attitude_controller-6] [INFO] [1786719447.286917577] [attitude_scout_1]: [scout_1] Landed — tilt correction stopped, yaw-hold pinned to current heading.
[attitude_controller-6] [INFO] [1786719447.288740481] [attitude_scout_1]: [scout_1] Landed — tilt correction stopped, yaw-hold pinned to current heading.
[attitude_controller-6] [INFO] [1786719447.317577857] [attitude_scout_1]: [scout_1] Landed — tilt correction stopped, yaw-hold pinned to current heading.
[attitude_controller-6] [INFO] [1786719447.332858516] [attitude_scout_1]: [scout_1] Landed — tilt correction stopped, yaw-hold pinned to current heading.
[attitude_controller-6] [INFO] [1786719447.384769411] [attitude_scout_1]: [scout_1] Landed — tilt correction stopped, yaw-hold pinned to current heading.
[attitude_controller-6] [INFO] [1786719447.386466602] [attitude_scout_1]: [scout_1] Landed — tilt correction stopped, yaw-hold pinned to current heading.
[attitude_controller-6] [INFO] [1786719447.388531713] [attitude_scout_1]: [scout_1] Landed — tilt correction stopped, yaw-hold pinned to current heading.
[attitude_controller-6] [INFO] [1786719447.390722466] [attitude_scout_1]: [scout_1] Landed — tilt correction stopped, yaw-hold pinned to current heading.
[attitude_controller-6] [INFO] [1786719447.392384318] [attitude_scout_1]: [scout_1] Landed — tilt correction stopped, yaw-hold pinned to current heading.
[attitude_controller-6] [INFO] [1786719447.405134659] [attitude_scout_1]: [scout_1] Landed — tilt correction stopped, yaw-hold pinned to current heading.
[attitude_controller-6] [INFO] [1786719447.448581737] [attitude_scout_1]: [scout_1] Landed — tilt correction stopped, yaw-hold pinned to current heading.
[attitude_controller-6] [INFO] [1786719447.473168418] [attitude_scout_1]: [scout_1] Landed — tilt correction stopped, yaw-hold pinned to current heading.
[attitude_controller-6] [INFO] [1786719447.474776283] [attitude_scout_1]: [scout_1] Landed — tilt correction stopped, yaw-hold pinned to current heading.
[attitude_controller-6] [INFO] [1786719447.478270677] [attitude_scout_1]: [scout_1] Landed — tilt correction stopped, yaw-hold pinned to current heading.
[attitude_controller-6] [INFO] [1786719447.479842156] [attitude_scout_1]: [scout_1] Landed — tilt correction stopped, yaw-hold pinned to current heading.
[attitude_controller-6] [INFO] [1786719447.545674755] [attitude_scout_1]: [scout_1] Landed — tilt correction stopped, yaw-hold pinned to current heading.
[attitude_controller-6] [INFO] [1786719447.558475032] [attitude_scout_1]: [scout_1] Landed — tilt correction stopped, yaw-hold pinned to current heading.
[attitude_controller-6] [INFO] [1786719447.572487947] [attitude_scout_1]: [scout_1] Landed — tilt correction stopped, yaw-hold pinned to current heading.
[attitude_controller-6] [INFO] [1786719447.624575259] [attitude_scout_1]: [scout_1] Landed — tilt correction stopped, yaw-hold pinned to current heading.
[attitude_controller-6] [INFO] [1786719447.637326648] [attitude_scout_1]: [scout_1] Landed — tilt correction stopped, yaw-hold pinned to current heading.
[attitude_controller-6] [INFO] [1786719447.639133419] [attitude_scout_1]: [scout_1] Landed — tilt correction stopped, yaw-hold pinned to current heading.
[attitude_controller-6] [INFO] [1786719447.640811963] [attitude_scout_1]: [scout_1] Landed — tilt correction stopped, yaw-hold pinned to current heading.
[attitude_controller-6] [INFO] [1786719447.642702053] [attitude_scout_1]: [scout_1] Landed — tilt correction stopped, yaw-hold pinned to current heading.
[attitude_controller-6] [INFO] [1786719447.660866351] [attitude_scout_1]: [scout_1] Landed — tilt correction stopped, yaw-hold pinned to current heading.
[attitude_controller-6] [INFO] [1786719447.694814717] [attitude_scout_1]: [scout_1] Landed — tilt correction stopped, yaw-hold pinned to current heading.
[attitude_controller-6] [INFO] [1786719447.707906648] [attitude_scout_1]: [scout_1] Landed — tilt correction stopped, yaw-hold pinned to current heading.
[attitude_controller-6] [INFO] [1786719447.739385807] [attitude_scout_1]: [scout_1] Landed — tilt correction stopped, yaw-hold pinned to current heading.
[attitude_controller-6] [INFO] [1786719447.750303955] [attitude_scout_1]: [scout_1] Landed — tilt correction stopped, yaw-hold pinned to current heading.
[attitude_controller-6] [INFO] [1786719447.760781201] [attitude_scout_1]: [scout_1] Landed — tilt correction stopped, yaw-hold pinned to current heading.
[attitude_controller-6] [INFO] [1786719447.762825988] [attitude_scout_1]: [scout_1] Landed — tilt correction stopped, yaw-hold pinned to current heading.
[attitude_controller-6] [INFO] [1786719447.764331677] [attitude_scout_1]: [scout_1] Landed — tilt correction stopped, yaw-hold pinned to current heading.
[attitude_controller-6] [INFO] [1786719447.765867467] [attitude_scout_1]: [scout_1] Landed — tilt correction stopped, yaw-hold pinned to current heading.
[attitude_controller-6] [INFO] [1786719447.797204780] [attitude_scout_1]: [scout_1] Landed — tilt correction stopped, yaw-hold pinned to current heading.
[attitude_controller-6] [INFO] [1786719447.810129163] [attitude_scout_1]: [scout_1] Landed — tilt correction stopped, yaw-hold pinned to current heading.
[attitude_controller-6] [INFO] [1786719447.821787200] [attitude_scout_1]: [scout_1] Landed — tilt correction stopped, yaw-hold pinned to current heading.
[attitude_controller-6] [INFO] [1786719447.834250637] [attitude_scout_1]: [scout_1] Landed — tilt correction stopped, yaw-hold pinned to current heading.
[attitude_controller-6] [INFO] [1786719447.844993555] [attitude_scout_1]: [scout_1] Landed — tilt correction stopped, yaw-hold pinned to current heading.
[attitude_controller-6] [INFO] [1786719447.898360623] [attitude_scout_1]: [scout_1] Landed — tilt correction stopped, yaw-hold pinned to current heading.
[attitude_controller-6] [INFO] [1786719447.911577009] [attitude_scout_1]: [scout_1] Landed — tilt correction stopped, yaw-hold pinned to current heading.
[attitude_controller-6] [INFO] [1786719447.912824358] [attitude_scout_1]: [scout_1] Landed — tilt correction stopped, yaw-hold pinned to current heading.
[attitude_controller-6] [INFO] [1786719447.915264442] [attitude_scout_1]: [scout_1] Landed — tilt correction stopped, yaw-hold pinned to current heading.
[attitude_controller-6] [INFO] [1786719447.917581047] [attitude_scout_1]: [scout_1] Landed — tilt correction stopped, yaw-hold pinned to current heading.
[attitude_controller-6] [INFO] [1786719448.081289020] [attitude_scout_1]: [scout_1] Landed — tilt correction stopped, yaw-hold pinned to current heading.
[attitude_controller-6] [INFO] [1786719448.092595341] [attitude_scout_1]: [scout_1] Landed — tilt correction stopped, yaw-hold pinned to current heading.
[attitude_controller-6] [INFO] [1786719448.167927284] [attitude_scout_1]: [scout_1] Landed — tilt correction stopped, yaw-hold pinned to current heading.
[attitude_controller-6] [INFO] [1786719448.179730310] [attitude_scout_1]: [scout_1] Landed — tilt correction stopped, yaw-hold pinned to current heading.
[attitude_controller-6] [INFO] [1786719448.310163948] [attitude_scout_1]: [scout_1] Landed — tilt correction stopped, yaw-hold pinned to current heading.
[attitude_controller-6] [INFO] [1786719448.315336956] [attitude_scout_1]: [scout_1] Landed — tilt correction stopped, yaw-hold pinned to current heading.
[attitude_controller-6] [INFO] [1786719448.332990443] [attitude_scout_1]: [scout_1] Landed — tilt correction stopped, yaw-hold pinned to current heading.
[attitude_controller-6] [INFO] [1786719448.335556658] [attitude_scout_1]: [scout_1] Landed — tilt correction stopped, yaw-hold pinned to current heading.
[attitude_controller-6] [INFO] [1786719448.336991808] [attitude_scout_1]: [scout_1] Landed — tilt correction stopped, yaw-hold pinned to current heading.
[attitude_controller-6] [INFO] [1786719448.338446514] [attitude_scout_1]: [scout_1] Landed — tilt correction stopped, yaw-hold pinned to current heading.
[attitude_controller-6] [INFO] [1786719448.340661362] [attitude_scout_1]: [scout_1] Landed — tilt correction stopped, yaw-hold pinned to current heading.
[attitude_controller-6] [INFO] [1786719448.435179369] [attitude_scout_1]: [scout_1] Landed — tilt correction stopped, yaw-hold pinned to current heading.
[attitude_controller-6] [INFO] [1786719448.453171301] [attitude_scout_1]: [scout_1] Landed — tilt correction stopped, yaw-hold pinned to current heading.
[attitude_controller-6] [INFO] [1786719448.454825401] [attitude_scout_1]: [scout_1] Landed — tilt correction stopped, yaw-hold pinned to current heading.
[attitude_controller-6] [INFO] [1786719448.456417413] [attitude_scout_1]: [scout_1] Landed — tilt correction stopped, yaw-hold pinned to current heading.
[attitude_controller-6] [INFO] [1786719448.458020110] [attitude_scout_1]: [scout_1] Landed — tilt correction stopped, yaw-hold pinned to current heading.
[attitude_controller-6] [INFO] [1786719448.578277165] [attitude_scout_1]: [scout_1] Landed — tilt correction stopped, yaw-hold pinned to current heading.
[attitude_controller-6] [INFO] [1786719448.579783902] [attitude_scout_1]: [scout_1] Landed — tilt correction stopped, yaw-hold pinned to current heading.
[attitude_controller-6] [INFO] [1786719448.612184676] [attitude_scout_1]: [scout_1] Landed — tilt correction stopped, yaw-hold pinned to current heading.
[attitude_controller-6] [INFO] [1786719448.613387118] [attitude_scout_1]: [scout_1] Landed — tilt correction stopped, yaw-hold pinned to current heading.
[attitude_controller-6] [INFO] [1786719448.614827366] [attitude_scout_1]: [scout_1] Landed — tilt correction stopped, yaw-hold pinned to current heading.
[attitude_controller-6] [INFO] [1786719448.623347335] [attitude_scout_1]: [scout_1] Landed — tilt correction stopped, yaw-hold pinned to current heading.
[attitude_controller-6] [INFO] [1786719448.625023994] [attitude_scout_1]: [scout_1] Landed — tilt correction stopped, yaw-hold pinned to current heading.
[attitude_controller-6] [INFO] [1786719448.626907519] [attitude_scout_1]: [scout_1] Landed — tilt correction stopped, yaw-hold pinned to current heading.
[attitude_controller-6] [INFO] [1786719448.683536275] [attitude_scout_1]: [scout_1] Landed — tilt correction stopped, yaw-hold pinned to current heading.
[attitude_controller-6] [INFO] [1786719448.684762532] [attitude_scout_1]: [scout_1] Landed — tilt correction stopped, yaw-hold pinned to current heading.
[attitude_controller-6] [INFO] [1786719448.686273599] [attitude_scout_1]: [scout_1] Landed — tilt correction stopped, yaw-hold pinned to current heading.
[attitude_controller-6] [INFO] [1786719448.705967193] [attitude_scout_1]: [scout_1] Landed — tilt correction stopped, yaw-hold pinned to current heading.
[landing_controller-7] [INFO] [1786719448.715384681] [landing_scout_1]: [scout_1] Landing controller state: LANDED
[attitude_controller-6] [INFO] [1786719448.771278087] [attitude_scout_1]: [scout_1] Landed — tilt correction stopped, yaw-hold pinned to current heading.
[attitude_controller-6] [INFO] [1786719448.772959913] [attitude_scout_1]: [scout_1] Landed — tilt correction stopped, yaw-hold pinned to current heading.
[attitude_controller-6] [INFO] [1786719448.774681758] [attitude_scout_1]: [scout_1] Landed — tilt correction stopped, yaw-hold pinned to current heading.
[attitude_controller-6] [INFO] [1786719448.776199879] [attitude_scout_1]: [scout_1] Landed — tilt correction stopped, yaw-hold pinned to current heading.
[landing_controller-15] [INFO] [1786719448.791775334] [landing_scout_3]: [scout_3] Landing controller state: FLIGHT
[attitude_controller-6] [INFO] [1786719448.807438788] [attitude_scout_1]: [scout_1] Landed — tilt correction stopped, yaw-hold pinned to current heading.
[landing_controller-11] [INFO] [1786719448.823149315] [landing_scout_2]: [scout_2] Landing controller state: FLIGHT
[attitude_controller-6] [INFO] [1786719448.828251574] [attitude_scout_1]: [scout_1] Landed — tilt correction stopped, yaw-hold pinned to current heading.
[attitude_controller-6] [INFO] [1786719448.829780451] [attitude_scout_1]: [scout_1] Landed — tilt correction stopped, yaw-hold pinned to current heading.
[attitude_controller-6] [INFO] [1786719448.835046486] [attitude_scout_1]: [scout_1] Landed — tilt correction stopped, yaw-hold pinned to current heading.
[attitude_controller-6] [INFO] [1786719448.878684370] [attitude_scout_1]: [scout_1] Landed — tilt correction stopped, yaw-hold pinned to current heading.
[attitude_controller-6] [INFO] [1786719448.889076480] [attitude_scout_1]: [scout_1] Landed — tilt correction stopped, yaw-hold pinned to current heading.
[attitude_controller-6] [INFO] [1786719448.890719476] [attitude_scout_1]: [scout_1] Landed — tilt correction stopped, yaw-hold pinned to current heading.
[attitude_controller-6] [INFO] [1786719448.892773202] [attitude_scout_1]: [scout_1] Landed — tilt correction stopped, yaw-hold pinned to current heading.
[attitude_controller-6] [INFO] [1786719448.923638326] [attitude_scout_1]: [scout_1] Landed — tilt correction stopped, yaw-hold pinned to current heading.
[attitude_controller-6] [INFO] [1786719448.925182078] [attitude_scout_1]: [scout_1] Landed — tilt correction stopped, yaw-hold pinned to current heading.
[attitude_controller-6] [INFO] [1786719448.968546606] [attitude_scout_1]: [scout_1] Landed — tilt correction stopped, yaw-hold pinned to current heading.
[attitude_controller-6] [INFO] [1786719448.969885027] [attitude_scout_1]: [scout_1] Landed — tilt correction stopped, yaw-hold pinned to current heading.
[attitude_controller-6] [INFO] [1786719448.971607431] [attitude_scout_1]: [scout_1] Landed — tilt correction stopped, yaw-hold pinned to current heading.
[attitude_controller-6] [INFO] [1786719448.973041673] [attitude_scout_1]: [scout_1] Landed — tilt correction stopped, yaw-hold pinned to current heading.
[attitude_controller-6] [INFO] [1786719448.974477871] [attitude_scout_1]: [scout_1] Landed — tilt correction stopped, yaw-hold pinned to current heading.
[attitude_controller-6] [INFO] [1786719449.024854097] [attitude_scout_1]: [scout_1] Landed — tilt correction stopped, yaw-hold pinned to current heading.
[attitude_controller-6] [INFO] [1786719449.026690759] [attitude_scout_1]: [scout_1] Landed — tilt correction stopped, yaw-hold pinned to current heading.
[attitude_controller-6] [INFO] [1786719449.029805920] [attitude_scout_1]: [scout_1] Landed — tilt correction stopped, yaw-hold pinned to current heading.
[attitude_controller-6] [INFO] [1786719449.032383869] [attitude_scout_1]: [scout_1] Landed — tilt correction stopped, yaw-hold pinned to current heading.
[attitude_controller-6] [INFO] [1786719449.102738569] [attitude_scout_1]: [scout_1] Landed — tilt correction stopped, yaw-hold pinned to current heading.
[attitude_controller-6] [INFO] [1786719449.126039350] [attitude_scout_1]: [scout_1] Landed — tilt correction stopped, yaw-hold pinned to current heading.
[attitude_controller-6] [INFO] [1786719449.155190871] [attitude_scout_1]: [scout_1] Landed — tilt correction stopped, yaw-hold pinned to current heading.
[attitude_controller-6] [INFO] [1786719449.171782295] [attitude_scout_1]: [scout_1] Landed — tilt correction stopped, yaw-hold pinned to current heading.
[attitude_controller-6] [INFO] [1786719449.190396367] [attitude_scout_1]: [scout_1] Landed — tilt correction stopped, yaw-hold pinned to current heading.
[attitude_controller-6] [INFO] [1786719449.205248276] [attitude_scout_1]: [scout_1] Landed — tilt correction stopped, yaw-hold pinned to current heading.
[attitude_controller-6] [INFO] [1786719449.206650811] [attitude_scout_1]: [scout_1] Landed — tilt correction stopped, yaw-hold pinned to current heading.
[attitude_controller-6] [INFO] [1786719449.240390007] [attitude_scout_1]: [scout_1] Landed — tilt correction stopped, yaw-hold pinned to current heading.
[attitude_controller-6] [INFO] [1786719449.241779901] [attitude_scout_1]: [scout_1] Landed — tilt correction stopped, yaw-hold pinned to current heading.
[attitude_controller-6] [INFO] [1786719449.243157643] [attitude_scout_1]: [scout_1] Landed — tilt correction stopped, yaw-hold pinned to current heading.
[attitude_controller-6] [INFO] [1786719449.244787927] [attitude_scout_1]: [scout_1] Landed — tilt correction stopped, yaw-hold pinned to current heading.
[attitude_controller-6] [INFO] [1786719449.246334612] [attitude_scout_1]: [scout_1] Landed — tilt correction stopped, yaw-hold pinned to current heading.
[attitude_controller-6] [INFO] [1786719449.247841419] [attitude_scout_1]: [scout_1] Landed — tilt correction stopped, yaw-hold pinned to current heading.
[attitude_controller-6] [INFO] [1786719449.320173650] [attitude_scout_1]: [scout_1] Landed — tilt correction stopped, yaw-hold pinned to current heading.
[attitude_controller-6] [INFO] [1786719449.322162634] [attitude_scout_1]: [scout_1] Landed — tilt correction stopped, yaw-hold pinned to current heading.
[attitude_controller-6] [INFO] [1786719449.323849280] [attitude_scout_1]: [scout_1] Landed — tilt correction stopped, yaw-hold pinned to current heading.
[attitude_controller-6] [INFO] [1786719449.325611493] [attitude_scout_1]: [scout_1] Landed — tilt correction stopped, yaw-hold pinned to current heading.
[attitude_controller-6] [INFO] [1786719449.327474974] [attitude_scout_1]: [scout_1] Landed — tilt correction stopped, yaw-hold pinned to current heading.
[attitude_controller-6] [INFO] [1786719449.329316386] [attitude_scout_1]: [scout_1] Landed — tilt correction stopped, yaw-hold pinned to current heading.
[attitude_controller-6] [INFO] [1786719449.331223937] [attitude_scout_1]: [scout_1] Landed — tilt correction stopped, yaw-hold pinned to current heading.
[attitude_controller-6] [INFO] [1786719449.332724877] [attitude_scout_1]: [scout_1] Landed — tilt correction stopped, yaw-hold pinned to current heading.
[attitude_controller-6] [INFO] [1786719449.334261016] [attitude_scout_1]: [scout_1] Landed — tilt correction stopped, yaw-hold pinned to current heading.
[attitude_controller-6] [INFO] [1786719449.335910646] [attitude_scout_1]: [scout_1] Landed — tilt correction stopped, yaw-hold pinned to current heading.
[attitude_controller-6] [INFO] [1786719449.337317022] [attitude_scout_1]: [scout_1] Landed — tilt correction stopped, yaw-hold pinned to current heading.
[attitude_controller-6] [INFO] [1786719449.338743582] [attitude_scout_1]: [scout_1] Landed — tilt correction stopped, yaw-hold pinned to current heading.
[attitude_controller-6] [INFO] [1786719449.340025223] [attitude_scout_1]: [scout_1] Landed — tilt correction stopped, yaw-hold pinned to current heading.
[attitude_controller-6] [INFO] [1786719449.452668981] [attitude_scout_1]: [scout_1] Landed — tilt correction stopped, yaw-hold pinned to current heading.
[attitude_controller-6] [INFO] [1786719449.454146315] [attitude_scout_1]: [scout_1] Landed — tilt correction stopped, yaw-hold pinned to current heading.
[attitude_controller-6] [INFO] [1786719449.455899449] [attitude_scout_1]: [scout_1] Landed — tilt correction stopped, yaw-hold pinned to current heading.
[attitude_controller-6] [INFO] [1786719449.457314275] [attitude_scout_1]: [scout_1] Landed — tilt correction stopped, yaw-hold pinned to current heading.
[attitude_controller-6] [INFO] [1786719449.458674696] [attitude_scout_1]: [scout_1] Landed — tilt correction stopped, yaw-hold pinned to current heading.
[attitude_controller-6] [INFO] [1786719449.477144967] [attitude_scout_1]: [scout_1] Landed — tilt correction stopped, yaw-hold pinned to current heading.
[attitude_controller-6] [INFO] [1786719449.478914164] [attitude_scout_1]: [scout_1] Landed — tilt correction stopped, yaw-hold pinned to current heading.
[attitude_controller-6] [INFO] [1786719449.496551587] [attitude_scout_1]: [scout_1] Landed — tilt correction stopped, yaw-hold pinned to current heading.
[attitude_controller-6] [INFO] [1786719449.511325275] [attitude_scout_1]: [scout_1] Landed — tilt correction stopped, yaw-hold pinned to current heading.
[attitude_controller-6] [INFO] [1786719449.524242885] [attitude_scout_1]: [scout_1] Landed — tilt correction stopped, yaw-hold pinned to current heading.
[attitude_controller-6] [INFO] [1786719449.537911977] [attitude_scout_1]: [scout_1] Landed — tilt correction stopped, yaw-hold pinned to current heading.
[attitude_controller-6] [INFO] [1786719449.551129132] [attitude_scout_1]: [scout_1] Landed — tilt correction stopped, yaw-hold pinned to current heading.
[attitude_controller-6] [INFO] [1786719449.553228325] [attitude_scout_1]: [scout_1] Landed — tilt correction stopped, yaw-hold pinned to current heading.
[attitude_controller-6] [INFO] [1786719449.556986507] [attitude_scout_1]: [scout_1] Landed — tilt correction stopped, yaw-hold pinned to current heading.
[attitude_controller-6] [INFO] [1786719449.558896223] [attitude_scout_1]: [scout_1] Landed — tilt correction stopped, yaw-hold pinned to current heading.
[attitude_controller-6] [INFO] [1786719449.562876147] [attitude_scout_1]: [scout_1] Landed — tilt correction stopped, yaw-hold pinned to current heading.
[attitude_controller-6] [INFO] [1786719449.565676398] [attitude_scout_1]: [scout_1] Landed — tilt correction stopped, yaw-hold pinned to current heading.
[attitude_controller-6] [INFO] [1786719449.567075860] [attitude_scout_1]: [scout_1] Landed — tilt correction stopped, yaw-hold pinned to current heading.
[attitude_controller-6] [INFO] [1786719449.681258690] [attitude_scout_1]: [scout_1] Landed — tilt correction stopped, yaw-hold pinned to current heading.
[attitude_controller-6] [INFO] [1786719449.762434392] [attitude_scout_1]: [scout_1] Landed — tilt correction stopped, yaw-hold pinned to current heading.
[attitude_controller-6] [INFO] [1786719449.763865282] [attitude_scout_1]: [scout_1] Landed — tilt correction stopped, yaw-hold pinned to current heading.
[attitude_controller-6] [INFO] [1786719449.767224255] [attitude_scout_1]: [scout_1] Landed — tilt correction stopped, yaw-hold pinned to current heading.
[attitude_controller-6] [INFO] [1786719449.768614498] [attitude_scout_1]: [scout_1] Landed — tilt correction stopped, yaw-hold pinned to current heading.
[attitude_controller-6] [INFO] [1786719449.771272903] [attitude_scout_1]: [scout_1] Landed — tilt correction stopped, yaw-hold pinned to current heading.
[attitude_controller-6] [INFO] [1786719449.772753659] [attitude_scout_1]: [scout_1] Landed — tilt correction stopped, yaw-hold pinned to current heading.
[attitude_controller-6] [INFO] [1786719449.775388807] [attitude_scout_1]: [scout_1] Landed — tilt correction stopped, yaw-hold pinned to current heading.
[attitude_controller-6] [INFO] [1786719449.912787772] [attitude_scout_1]: [scout_1] Landed — tilt correction stopped, yaw-hold pinned to current heading.
[attitude_controller-6] [INFO] [1786719449.914359950] [attitude_scout_1]: [scout_1] Landed — tilt correction stopped, yaw-hold pinned to current heading.
[attitude_controller-6] [INFO] [1786719449.955864211] [attitude_scout_1]: [scout_1] Landed — tilt correction stopped, yaw-hold pinned to current heading.
[attitude_controller-6] [INFO] [1786719449.968176025] [attitude_scout_1]: [scout_1] Landed — tilt correction stopped, yaw-hold pinned to current heading.
[attitude_controller-6] [INFO] [1786719449.976609323] [attitude_scout_1]: [scout_1] Landed — tilt correction stopped, yaw-hold pinned to current heading.
[attitude_controller-6] [INFO] [1786719449.977921973] [attitude_scout_1]: [scout_1] Landed — tilt correction stopped, yaw-hold pinned to current heading.
[attitude_controller-6] [INFO] [1786719449.979510493] [attitude_scout_1]: [scout_1] Landed — tilt correction stopped, yaw-hold pinned to current heading.
[attitude_controller-6] [INFO] [1786719449.980907719] [attitude_scout_1]: [scout_1] Landed — tilt correction stopped, yaw-hold pinned to current heading.
[attitude_controller-6] [INFO] [1786719449.982641717] [attitude_scout_1]: [scout_1] Landed — tilt correction stopped, yaw-hold pinned to current heading.
[attitude_controller-6] [INFO] [1786719450.028728766] [attitude_scout_1]: [scout_1] Landed — tilt correction stopped, yaw-hold pinned to current heading.
[attitude_controller-6] [INFO] [1786719450.040208852] [attitude_scout_1]: [scout_1] Landed — tilt correction stopped, yaw-hold pinned to current heading.
[attitude_controller-6] [INFO] [1786719450.042429008] [attitude_scout_1]: [scout_1] Landed — tilt correction stopped, yaw-hold pinned to current heading.
[attitude_controller-6] [INFO] [1786719450.106834147] [attitude_scout_1]: [scout_1] Landed — tilt correction stopped, yaw-hold pinned to current heading.
[attitude_controller-6] [INFO] [1786719450.109129172] [attitude_scout_1]: [scout_1] Landed — tilt correction stopped, yaw-hold pinned to current heading.
[attitude_controller-6] [INFO] [1786719450.112276181] [attitude_scout_1]: [scout_1] Landed — tilt correction stopped, yaw-hold pinned to current heading.
[attitude_controller-6] [INFO] [1786719450.190934488] [attitude_scout_1]: [scout_1] Landed — tilt correction stopped, yaw-hold pinned to current heading.
[attitude_controller-6] [INFO] [1786719450.192711646] [attitude_scout_1]: [scout_1] Landed — tilt correction stopped, yaw-hold pinned to current heading.
[attitude_controller-6] [INFO] [1786719450.194352407] [attitude_scout_1]: [scout_1] Landed — tilt correction stopped, yaw-hold pinned to current heading.
[attitude_controller-6] [INFO] [1786719450.196057071] [attitude_scout_1]: [scout_1] Landed — tilt correction stopped, yaw-hold pinned to current heading.
[attitude_controller-6] [INFO] [1786719450.197712428] [attitude_scout_1]: [scout_1] Landed — tilt correction stopped, yaw-hold pinned to current heading.
[attitude_controller-6] [INFO] [1786719450.199316523] [attitude_scout_1]: [scout_1] Landed — tilt correction stopped, yaw-hold pinned to current heading.
[attitude_controller-6] [INFO] [1786719450.201265838] [attitude_scout_1]: [scout_1] Landed — tilt correction stopped, yaw-hold pinned to current heading.
[attitude_controller-6] [INFO] [1786719450.208324747] [attitude_scout_1]: [scout_1] Landed — tilt correction stopped, yaw-hold pinned to current heading.
[attitude_controller-6] [INFO] [1786719450.223487656] [attitude_scout_1]: [scout_1] Landed — tilt correction stopped, yaw-hold pinned to current heading.
[attitude_controller-6] [INFO] [1786719450.226485974] [attitude_scout_1]: [scout_1] Landed — tilt correction stopped, yaw-hold pinned to current heading.
[attitude_controller-6] [INFO] [1786719450.227841646] [attitude_scout_1]: [scout_1] Landed — tilt correction stopped, yaw-hold pinned to current heading.
[attitude_controller-6] [INFO] [1786719450.229497981] [attitude_scout_1]: [scout_1] Landed — tilt correction stopped, yaw-hold pinned to current heading.
[attitude_controller-6] [INFO] [1786719450.243052675] [attitude_scout_1]: [scout_1] Landed — tilt correction stopped, yaw-hold pinned to current heading.
[attitude_controller-6] [INFO] [1786719450.258970210] [attitude_scout_1]: [scout_1] Landed — tilt correction stopped, yaw-hold pinned to current heading.
[attitude_controller-6] [INFO] [1786719450.273595418] [attitude_scout_1]: [scout_1] Landed — tilt correction stopped, yaw-hold pinned to current heading.
[attitude_controller-6] [INFO] [1786719450.342569725] [attitude_scout_1]: [scout_1] Landed — tilt correction stopped, yaw-hold pinned to current heading.
[attitude_controller-6] [INFO] [1786719450.344190581] [attitude_scout_1]: [scout_1] Landed — tilt correction stopped, yaw-hold pinned to current heading.
[attitude_controller-6] [INFO] [1786719450.345825405] [attitude_scout_1]: [scout_1] Landed — tilt correction stopped, yaw-hold pinned to current heading.
[attitude_controller-6] [INFO] [1786719450.347342688] [attitude_scout_1]: [scout_1] Landed — tilt correction stopped, yaw-hold pinned to current heading.
[attitude_controller-6] [INFO] [1786719450.348857945] [attitude_scout_1]: [scout_1] Landed — tilt correction stopped, yaw-hold pinned to current heading.
[attitude_controller-6] [INFO] [1786719450.350513512] [attitude_scout_1]: [scout_1] Landed — tilt correction stopped, yaw-hold pinned to current heading.
[attitude_controller-6] [INFO] [1786719450.394732261] [attitude_scout_1]: [scout_1] Landed — tilt correction stopped, yaw-hold pinned to current heading.
[attitude_controller-6] [INFO] [1786719450.398505319] [attitude_scout_1]: [scout_1] Landed — tilt correction stopped, yaw-hold pinned to current heading.
[attitude_controller-6] [INFO] [1786719450.472687206] [attitude_scout_1]: [scout_1] Landed — tilt correction stopped, yaw-hold pinned to current heading.
[attitude_controller-6] [INFO] [1786719450.474470580] [attitude_scout_1]: [scout_1] Landed — tilt correction stopped, yaw-hold pinned to current heading.
[attitude_controller-6] [INFO] [1786719450.476053862] [attitude_scout_1]: [scout_1] Landed — tilt correction stopped, yaw-hold pinned to current heading.
[attitude_controller-6] [INFO] [1786719450.477647620] [attitude_scout_1]: [scout_1] Landed — tilt correction stopped, yaw-hold pinned to current heading.
[attitude_controller-6] [INFO] [1786719450.479215048] [attitude_scout_1]: [scout_1] Landed — tilt correction stopped, yaw-hold pinned to current heading.
[attitude_controller-6] [INFO] [1786719450.480894151] [attitude_scout_1]: [scout_1] Landed — tilt correction stopped, yaw-hold pinned to current heading.
[attitude_controller-6] [INFO] [1786719450.556248309] [attitude_scout_1]: [scout_1] Landed — tilt correction stopped, yaw-hold pinned to current heading.
[attitude_controller-6] [INFO] [1786719450.570516842] [attitude_scout_1]: [scout_1] Landed — tilt correction stopped, yaw-hold pinned to current heading.
[attitude_controller-6] [INFO] [1786719450.572053749] [attitude_scout_1]: [scout_1] Landed — tilt correction stopped, yaw-hold pinned to current heading.
[attitude_controller-6] [INFO] [1786719450.573305359] [attitude_scout_1]: [scout_1] Landed — tilt correction stopped, yaw-hold pinned to current heading.
[attitude_controller-6] [INFO] [1786719450.611255025] [attitude_scout_1]: [scout_1] Landed — tilt correction stopped, yaw-hold pinned to current heading.
[attitude_controller-6] [INFO] [1786719450.621626953] [attitude_scout_1]: [scout_1] Landed — tilt correction stopped, yaw-hold pinned to current heading.
[attitude_controller-6] [INFO] [1786719450.632517795] [attitude_scout_1]: [scout_1] Landed — tilt correction stopped, yaw-hold pinned to current heading.
[attitude_controller-6] [INFO] [1786719450.634168053] [attitude_scout_1]: [scout_1] Landed — tilt correction stopped, yaw-hold pinned to current heading.
[attitude_controller-6] [INFO] [1786719450.635678212] [attitude_scout_1]: [scout_1] Landed — tilt correction stopped, yaw-hold pinned to current heading.
[attitude_controller-6] [INFO] [1786719450.687056790] [attitude_scout_1]: [scout_1] Landed — tilt correction stopped, yaw-hold pinned to current heading.
[attitude_controller-6] [INFO] [1786719450.740627588] [attitude_scout_1]: [scout_1] Landed — tilt correction stopped, yaw-hold pinned to current heading.
[attitude_controller-6] [INFO] [1786719450.742161563] [attitude_scout_1]: [scout_1] Landed — tilt correction stopped, yaw-hold pinned to current heading.
[attitude_controller-6] [INFO] [1786719450.753286929] [attitude_scout_1]: [scout_1] Landed — tilt correction stopped, yaw-hold pinned to current heading.
[attitude_controller-6] [INFO] [1786719450.754688486] [attitude_scout_1]: [scout_1] Landed — tilt correction stopped, yaw-hold pinned to current heading.
[attitude_controller-6] [INFO] [1786719450.781875956] [attitude_scout_1]: [scout_1] Landed — tilt correction stopped, yaw-hold pinned to current heading.
[attitude_controller-6] [INFO] [1786719450.793139955] [attitude_scout_1]: [scout_1] Landed — tilt correction stopped, yaw-hold pinned to current heading.
[attitude_controller-6] [INFO] [1786719450.890594199] [attitude_scout_1]: [scout_1] Landed — tilt correction stopped, yaw-hold pinned to current heading.
[attitude_controller-6] [INFO] [1786719450.901165940] [attitude_scout_1]: [scout_1] Landed — tilt correction stopped, yaw-hold pinned to current heading.
[attitude_controller-6] [INFO] [1786719450.902980114] [attitude_scout_1]: [scout_1] Landed — tilt correction stopped, yaw-hold pinned to current heading.
[attitude_controller-6] [INFO] [1786719450.917216241] [attitude_scout_1]: [scout_1] Landed — tilt correction stopped, yaw-hold pinned to current heading.
[attitude_controller-6] [INFO] [1786719450.940493138] [attitude_scout_1]: [scout_1] Landed — tilt correction stopped, yaw-hold pinned to current heading.
[attitude_controller-6] [INFO] [1786719450.953210655] [attitude_scout_1]: [scout_1] Landed — tilt correction stopped, yaw-hold pinned to current heading.
[attitude_controller-6] [INFO] [1786719450.954891225] [attitude_scout_1]: [scout_1] Landed — tilt correction stopped, yaw-hold pinned to current heading.
[attitude_controller-6] [INFO] [1786719450.957431739] [attitude_scout_1]: [scout_1] Landed — tilt correction stopped, yaw-hold pinned to current heading.
[attitude_controller-6] [INFO] [1786719450.982396469] [attitude_scout_1]: [scout_1] Landed — tilt correction stopped, yaw-hold pinned to current heading.
[attitude_controller-6] [INFO] [1786719450.984096105] [attitude_scout_1]: [scout_1] Landed — tilt correction stopped, yaw-hold pinned to current heading.
[attitude_controller-6] [INFO] [1786719450.997839647] [attitude_scout_1]: [scout_1] Landed — tilt correction stopped, yaw-hold pinned to current heading.
[attitude_controller-6] [INFO] [1786719450.999198392] [attitude_scout_1]: [scout_1] Landed — tilt correction stopped, yaw-hold pinned to current heading.
[attitude_controller-6] [INFO] [1786719451.022875336] [attitude_scout_1]: [scout_1] Landed — tilt correction stopped, yaw-hold pinned to current heading.
[attitude_controller-6] [INFO] [1786719451.038952317] [attitude_scout_1]: [scout_1] Landed — tilt correction stopped, yaw-hold pinned to current heading.
[attitude_controller-6] [INFO] [1786719451.050177625] [attitude_scout_1]: [scout_1] Landed — tilt correction stopped, yaw-hold pinned to current heading.
[attitude_controller-6] [INFO] [1786719451.074454916] [attitude_scout_1]: [scout_1] Landed — tilt correction stopped, yaw-hold pinned to current heading.
[attitude_controller-6] [INFO] [1786719451.102898816] [attitude_scout_1]: [scout_1] Landed — tilt correction stopped, yaw-hold pinned to current heading.
[attitude_controller-6] [INFO] [1786719451.113812217] [attitude_scout_1]: [scout_1] Landed — tilt correction stopped, yaw-hold pinned to current heading.
[attitude_controller-6] [INFO] [1786719451.128759669] [attitude_scout_1]: [scout_1] Landed — tilt correction stopped, yaw-hold pinned to current heading.
[attitude_controller-6] [INFO] [1786719451.130417471] [attitude_scout_1]: [scout_1] Landed — tilt correction stopped, yaw-hold pinned to current heading.
[attitude_controller-6] [INFO] [1786719451.131905630] [attitude_scout_1]: [scout_1] Landed — tilt correction stopped, yaw-hold pinned to current heading.
[attitude_controller-6] [INFO] [1786719451.133505254] [attitude_scout_1]: [scout_1] Landed — tilt correction stopped, yaw-hold pinned to current heading.
[attitude_controller-6] [INFO] [1786719451.135690141] [attitude_scout_1]: [scout_1] Landed — tilt correction stopped, yaw-hold pinned to current heading.
[attitude_controller-6] [INFO] [1786719451.161952856] [attitude_scout_1]: [scout_1] Landed — tilt correction stopped, yaw-hold pinned to current heading.
[attitude_controller-6] [INFO] [1786719451.163582442] [attitude_scout_1]: [scout_1] Landed — tilt correction stopped, yaw-hold pinned to current heading.
[attitude_controller-6] [INFO] [1786719451.164775176] [attitude_scout_1]: [scout_1] Landed — tilt correction stopped, yaw-hold pinned to current heading.
[attitude_controller-6] [INFO] [1786719451.224723732] [attitude_scout_1]: [scout_1] Landed — tilt correction stopped, yaw-hold pinned to current heading.
[attitude_controller-6] [INFO] [1786719451.226174038] [attitude_scout_1]: [scout_1] Landed — tilt correction stopped, yaw-hold pinned to current heading.
[attitude_controller-6] [INFO] [1786719451.242011955] [attitude_scout_1]: [scout_1] Landed — tilt correction stopped, yaw-hold pinned to current heading.
[attitude_controller-6] [INFO] [1786719451.270457322] [attitude_scout_1]: [scout_1] Landed — tilt correction stopped, yaw-hold pinned to current heading.
[attitude_controller-6] [INFO] [1786719451.272016997] [attitude_scout_1]: [scout_1] Landed — tilt correction stopped, yaw-hold pinned to current heading.
[attitude_controller-6] [INFO] [1786719451.274446466] [attitude_scout_1]: [scout_1] Landed — tilt correction stopped, yaw-hold pinned to current heading.
[attitude_controller-6] [INFO] [1786719451.275926034] [attitude_scout_1]: [scout_1] Landed — tilt correction stopped, yaw-hold pinned to current heading.
[attitude_controller-6] [INFO] [1786719451.279144560] [attitude_scout_1]: [scout_1] Landed — tilt correction stopped, yaw-hold pinned to current heading.
[attitude_controller-6] [INFO] [1786719451.280683842] [attitude_scout_1]: [scout_1] Landed — tilt correction stopped, yaw-hold pinned to current heading.
[attitude_controller-6] [INFO] [1786719451.282260559] [attitude_scout_1]: [scout_1] Landed — tilt correction stopped, yaw-hold pinned to current heading.
[attitude_controller-6] [INFO] [1786719451.295575212] [attitude_scout_1]: [scout_1] Landed — tilt correction stopped, yaw-hold pinned to current heading.
[attitude_controller-6] [INFO] [1786719451.389689971] [attitude_scout_1]: [scout_1] Landed — tilt correction stopped, yaw-hold pinned to current heading.
[attitude_controller-6] [INFO] [1786719451.444999658] [attitude_scout_1]: [scout_1] Landed — tilt correction stopped, yaw-hold pinned to current heading.
[attitude_controller-6] [INFO] [1786719451.446932002] [attitude_scout_1]: [scout_1] Landed — tilt correction stopped, yaw-hold pinned to current heading.
[attitude_controller-6] [INFO] [1786719451.448641485] [attitude_scout_1]: [scout_1] Landed — tilt correction stopped, yaw-hold pinned to current heading.
[attitude_controller-6] [INFO] [1786719451.450262062] [attitude_scout_1]: [scout_1] Landed — tilt correction stopped, yaw-hold pinned to current heading.
[attitude_controller-6] [INFO] [1786719451.468562272] [attitude_scout_1]: [scout_1] Landed — tilt correction stopped, yaw-hold pinned to current heading.
[attitude_controller-6] [INFO] [1786719451.470195211] [attitude_scout_1]: [scout_1] Landed — tilt correction stopped, yaw-hold pinned to current heading.
[attitude_controller-6] [INFO] [1786719451.471960706] [attitude_scout_1]: [scout_1] Landed — tilt correction stopped, yaw-hold pinned to current heading.
[attitude_controller-6] [INFO] [1786719451.473703294] [attitude_scout_1]: [scout_1] Landed — tilt correction stopped, yaw-hold pinned to current heading.
[attitude_controller-6] [INFO] [1786719451.496871101] [attitude_scout_1]: [scout_1] Landed — tilt correction stopped, yaw-hold pinned to current heading.
[attitude_controller-6] [INFO] [1786719451.498402631] [attitude_scout_1]: [scout_1] Landed — tilt correction stopped, yaw-hold pinned to current heading.
[attitude_controller-6] [INFO] [1786719451.521922294] [attitude_scout_1]: [scout_1] Landed — tilt correction stopped, yaw-hold pinned to current heading.
[attitude_controller-6] [INFO] [1786719451.523871749] [attitude_scout_1]: [scout_1] Landed — tilt correction stopped, yaw-hold pinned to current heading.
[attitude_controller-6] [INFO] [1786719451.526939140] [attitude_scout_1]: [scout_1] Landed — tilt correction stopped, yaw-hold pinned to current heading.
[attitude_controller-6] [INFO] [1786719451.528911433] [attitude_scout_1]: [scout_1] Landed — tilt correction stopped, yaw-hold pinned to current heading.
[attitude_controller-6] [INFO] [1786719451.532010181] [attitude_scout_1]: [scout_1] Landed — tilt correction stopped, yaw-hold pinned to current heading.
[attitude_controller-6] [INFO] [1786719451.534933281] [attitude_scout_1]: [scout_1] Landed — tilt correction stopped, yaw-hold pinned to current heading.
[attitude_controller-6] [INFO] [1786719451.536357607] [attitude_scout_1]: [scout_1] Landed — tilt correction stopped, yaw-hold pinned to current heading.
[attitude_controller-6] [INFO] [1786719451.537498100] [attitude_scout_1]: [scout_1] Landed — tilt correction stopped, yaw-hold pinned to current heading.
[attitude_controller-6] [INFO] [1786719451.538569871] [attitude_scout_1]: [scout_1] Landed — tilt correction stopped, yaw-hold pinned to current heading.
[attitude_controller-6] [INFO] [1786719451.540095465] [attitude_scout_1]: [scout_1] Landed — tilt correction stopped, yaw-hold pinned to current heading.
[attitude_controller-6] [INFO] [1786719451.555334151] [attitude_scout_1]: [scout_1] Landed — tilt correction stopped, yaw-hold pinned to current heading.
[attitude_controller-6] [INFO] [1786719451.570427640] [attitude_scout_1]: [scout_1] Landed — tilt correction stopped, yaw-hold pinned to current heading.
[attitude_controller-6] [INFO] [1786719451.586696333] [attitude_scout_1]: [scout_1] Landed — tilt correction stopped, yaw-hold pinned to current heading.
[attitude_controller-6] [INFO] [1786719451.588114442] [attitude_scout_1]: [scout_1] Landed — tilt correction stopped, yaw-hold pinned to current heading.
[attitude_controller-6] [INFO] [1786719451.589596106] [attitude_scout_1]: [scout_1] Landed — tilt correction stopped, yaw-hold pinned to current heading.
[attitude_controller-6] [INFO] [1786719451.590853932] [attitude_scout_1]: [scout_1] Landed — tilt correction stopped, yaw-hold pinned to current heading.
[attitude_controller-6] [INFO] [1786719451.710142244] [attitude_scout_1]: [scout_1] Landed — tilt correction stopped, yaw-hold pinned to current heading.
[attitude_controller-6] [INFO] [1786719451.711670562] [attitude_scout_1]: [scout_1] Landed — tilt correction stopped, yaw-hold pinned to current heading.
[attitude_controller-6] [INFO] [1786719451.713817316] [attitude_scout_1]: [scout_1] Landed — tilt correction stopped, yaw-hold pinned to current heading.
[attitude_controller-6] [INFO] [1786719451.715178016] [attitude_scout_1]: [scout_1] Landed — tilt correction stopped, yaw-hold pinned to current heading.
[attitude_controller-6] [INFO] [1786719451.815949543] [attitude_scout_1]: [scout_1] Landed — tilt correction stopped, yaw-hold pinned to current heading.
[attitude_controller-6] [INFO] [1786719451.817612094] [attitude_scout_1]: [scout_1] Landed — tilt correction stopped, yaw-hold pinned to current heading.
[attitude_controller-6] [INFO] [1786719451.819405176] [attitude_scout_1]: [scout_1] Landed — tilt correction stopped, yaw-hold pinned to current heading.
[attitude_controller-6] [INFO] [1786719451.821103905] [attitude_scout_1]: [scout_1] Landed — tilt correction stopped, yaw-hold pinned to current heading.
[attitude_controller-6] [INFO] [1786719451.822993925] [attitude_scout_1]: [scout_1] Landed — tilt correction stopped, yaw-hold pinned to current heading.
[attitude_controller-6] [INFO] [1786719451.860818858] [attitude_scout_1]: [scout_1] Landed — tilt correction stopped, yaw-hold pinned to current heading.
[attitude_controller-6] [INFO] [1786719451.899675263] [attitude_scout_1]: [scout_1] Landed — tilt correction stopped, yaw-hold pinned to current heading.
[attitude_controller-6] [INFO] [1786719451.910523992] [attitude_scout_1]: [scout_1] Landed — tilt correction stopped, yaw-hold pinned to current heading.
[attitude_controller-6] [INFO] [1786719451.911858712] [attitude_scout_1]: [scout_1] Landed — tilt correction stopped, yaw-hold pinned to current heading.
[attitude_controller-6] [INFO] [1786719451.913059478] [attitude_scout_1]: [scout_1] Landed — tilt correction stopped, yaw-hold pinned to current heading.
[attitude_controller-6] [INFO] [1786719451.914414870] [attitude_scout_1]: [scout_1] Landed — tilt correction stopped, yaw-hold pinned to current heading.
[attitude_controller-6] [INFO] [1786719451.915801552] [attitude_scout_1]: [scout_1] Landed — tilt correction stopped, yaw-hold pinned to current heading.
[attitude_controller-6] [INFO] [1786719451.951261199] [attitude_scout_1]: [scout_1] Landed — tilt correction stopped, yaw-hold pinned to current heading.
[attitude_controller-6] [INFO] [1786719451.977388982] [attitude_scout_1]: [scout_1] Landed — tilt correction stopped, yaw-hold pinned to current heading.
[attitude_controller-6] [INFO] [1786719451.992510826] [attitude_scout_1]: [scout_1] Landed — tilt correction stopped, yaw-hold pinned to current heading.
[attitude_controller-6] [INFO] [1786719452.011396788] [attitude_scout_1]: [scout_1] Landed — tilt correction stopped, yaw-hold pinned to current heading.
[attitude_controller-6] [INFO] [1786719452.034074945] [attitude_scout_1]: [scout_1] Landed — tilt correction stopped, yaw-hold pinned to current heading.
[attitude_controller-6] [INFO] [1786719452.051436012] [attitude_scout_1]: [scout_1] Landed — tilt correction stopped, yaw-hold pinned to current heading.
[attitude_controller-6] [INFO] [1786719452.065341655] [attitude_scout_1]: [scout_1] Landed — tilt correction stopped, yaw-hold pinned to current heading.
[attitude_controller-6] [INFO] [1786719452.067006161] [attitude_scout_1]: [scout_1] Landed — tilt correction stopped, yaw-hold pinned to current heading.
[attitude_controller-6] [INFO] [1786719452.068845897] [attitude_scout_1]: [scout_1] Landed — tilt correction stopped, yaw-hold pinned to current heading.
[attitude_controller-6] [INFO] [1786719452.070641075] [attitude_scout_1]: [scout_1] Landed — tilt correction stopped, yaw-hold pinned to current heading.
[attitude_controller-6] [INFO] [1786719452.137497268] [attitude_scout_1]: [scout_1] Landed — tilt correction stopped, yaw-hold pinned to current heading.
[attitude_controller-6] [INFO] [1786719452.140334325] [attitude_scout_1]: [scout_1] Landed — tilt correction stopped, yaw-hold pinned to current heading.
[attitude_controller-6] [INFO] [1786719452.258323401] [attitude_scout_1]: [scout_1] Landed — tilt correction stopped, yaw-hold pinned to current heading.
[attitude_controller-6] [INFO] [1786719452.274349329] [attitude_scout_1]: [scout_1] Landed — tilt correction stopped, yaw-hold pinned to current heading.
[attitude_controller-6] [INFO] [1786719452.275502045] [attitude_scout_1]: [scout_1] Landed — tilt correction stopped, yaw-hold pinned to current heading.
[attitude_controller-6] [INFO] [1786719452.276859393] [attitude_scout_1]: [scout_1] Landed — tilt correction stopped, yaw-hold pinned to current heading.
[attitude_controller-6] [INFO] [1786719452.278454478] [attitude_scout_1]: [scout_1] Landed — tilt correction stopped, yaw-hold pinned to current heading.
[attitude_controller-6] [INFO] [1786719452.279718520] [attitude_scout_1]: [scout_1] Landed — tilt correction stopped, yaw-hold pinned to current heading.
[attitude_controller-6] [INFO] [1786719452.281229796] [attitude_scout_1]: [scout_1] Landed — tilt correction stopped, yaw-hold pinned to current heading.
[attitude_controller-6] [INFO] [1786719452.284984975] [attitude_scout_1]: [scout_1] Landed — tilt correction stopped, yaw-hold pinned to current heading.
[attitude_controller-6] [INFO] [1786719452.305101875] [attitude_scout_1]: [scout_1] Landed — tilt correction stopped, yaw-hold pinned to current heading.
[attitude_controller-6] [INFO] [1786719452.333530341] [attitude_scout_1]: [scout_1] Landed — tilt correction stopped, yaw-hold pinned to current heading.
[attitude_controller-6] [INFO] [1786719452.335025554] [attitude_scout_1]: [scout_1] Landed — tilt correction stopped, yaw-hold pinned to current heading.
[hopper_locomotion-5] [INFO] [1786719452.359245578] [loco_scout_1]: 2. IGNITION (stroke fraction=0.90, ramp=4.0s)
[landing_controller-7] [INFO] [1786719452.363453252] [landing_scout_1]: [scout_1] 🚀 Jump detected → FLIGHT mode (contact detection blanked 100 s for launch)
[attitude_controller-6] [INFO] [1786719452.375482633] [attitude_scout_1]: [scout_1] Landed — tilt correction stopped, yaw-hold pinned to current heading.
[attitude_controller-6] [INFO] [1786719452.404340967] [attitude_scout_1]: [scout_1] Landed — tilt correction stopped, yaw-hold pinned to current heading.
[attitude_controller-6] [INFO] [1786719452.406182170] [attitude_scout_1]: [scout_1] Landed — tilt correction stopped, yaw-hold pinned to current heading.
[attitude_controller-6] [INFO] [1786719452.407718589] [attitude_scout_1]: [scout_1] Landed — tilt correction stopped, yaw-hold pinned to current heading.
[attitude_controller-6] [INFO] [1786719452.409766170] [attitude_scout_1]: [scout_1] Landed — tilt correction stopped, yaw-hold pinned to current heading.
[attitude_controller-6] [INFO] [1786719452.411455958] [attitude_scout_1]: [scout_1] Landed — tilt correction stopped, yaw-hold pinned to current heading.
[attitude_controller-6] [INFO] [1786719452.441575959] [attitude_scout_1]: [scout_1] Landed — tilt correction stopped, yaw-hold pinned to current heading.
[landing_controller-7] [INFO] [1786719452.460913161] [landing_scout_1]: [scout_1] 📏 CALIBSERIES t=0.1s v=0.02444 m/s (vx=-0.02375 vy=-0.00544 vz=0.00186)
[attitude_controller-6] [INFO] [1786719452.492956776] [attitude_scout_1]: [scout_1] Landed — tilt correction stopped, yaw-hold pinned to current heading.
[attitude_controller-6] [INFO] [1786719452.495248589] [attitude_scout_1]: [scout_1] Landed — tilt correction stopped, yaw-hold pinned to current heading.
[attitude_controller-6] [INFO] [1786719452.497072890] [attitude_scout_1]: [scout_1] Landed — tilt correction stopped, yaw-hold pinned to current heading.
[attitude_controller-6] [INFO] [1786719452.499052167] [attitude_scout_1]: [scout_1] Landed — tilt correction stopped, yaw-hold pinned to current heading.
[attitude_controller-6] [INFO] [1786719452.500884570] [attitude_scout_1]: [scout_1] Landed — tilt correction stopped, yaw-hold pinned to current heading.
[attitude_controller-6] [INFO] [1786719452.558424542] [attitude_scout_1]: [scout_1] Airborne (landed=False) — tilt correction armed.
[swarm_manager-3] [INFO] [1786719452.783433630] [swarm_manager_node]: 📍 scout_2 detected high-value spectral anomaly at [16.1, -7.7]!
[landing_controller-7] [INFO] [1786719453.715328688] [landing_scout_1]: [scout_1] Landing controller state: FLIGHT
[landing_controller-15] [INFO] [1786719453.791943753] [landing_scout_3]: [scout_3] Landing controller state: FLIGHT
[landing_controller-11] [INFO] [1786719453.821555387] [landing_scout_2]: [scout_2] Landing controller state: FLIGHT
[landing_controller-7] [INFO] [1786719454.534519099] [landing_scout_1]: [scout_1] 📏 CALIBSERIES t=2.2s v=0.01385 m/s (vx=-0.00329 vy=0.01344 vz=0.00055)
[attitude_controller-6] [INFO] [1786719455.423661131] [attitude_scout_1]: [scout_1] Jump initiated. Flight mode active (tilt-PD held for stroke).
[landing_controller-7] [INFO] [1786719456.570647927] [landing_scout_1]: [scout_1] 📏 CALIBSERIES t=4.2s v=0.00502 m/s (vx=-0.00362 vy=-0.00325 vz=0.00124)
[hopper_locomotion-5] [INFO] [1786719456.869157661] [loco_scout_1]: 3. Separation confirmed (genuine ground clearance) — holding extension for clearance, then slow retract (FLIGHT)
[attitude_controller-6] [INFO] [1786719456.870407176] [attitude_scout_1]: [scout_1] Separation — tilt correction engaged.
[landing_controller-7] [INFO] [1786719458.617657214] [landing_scout_1]: [scout_1] 📏 CALIBSERIES t=6.3s v=0.01136 m/s (vx=0.01130 vy=-0.00011 vz=0.00114)
[landing_controller-7] [INFO] [1786719458.715281549] [landing_scout_1]: [scout_1] Landing controller state: FLIGHT
[landing_controller-15] [INFO] [1786719458.791309201] [landing_scout_3]: [scout_3] Landing controller state: FLIGHT
[landing_controller-11] [INFO] [1786719458.821082242] [landing_scout_2]: [scout_2] Landing controller state: FLIGHT
[landing_controller-7] [INFO] [1786719460.667310121] [landing_scout_1]: [scout_1] 📏 CALIBSERIES t=8.3s v=0.00702 m/s (vx=0.00624 vy=0.00306 vz=0.00100)
[landing_controller-7] [INFO] [1786719462.734339835] [landing_scout_1]: [scout_1] 📏 CALIBSERIES t=10.4s v=0.00562 m/s (vx=0.00261 vy=0.00490 vz=0.00087)
[landing_controller-7] [INFO] [1786719463.718133882] [landing_scout_1]: [scout_1] Landing controller state: FLIGHT
[landing_controller-15] [INFO] [1786719463.790183717] [landing_scout_3]: [scout_3] Landing controller state: FLIGHT
[landing_controller-11] [INFO] [1786719463.821269554] [landing_scout_2]: [scout_2] Landing controller state: FLIGHT
[landing_controller-7] [INFO] [1786719464.761125417] [landing_scout_1]: [scout_1] 📏 CALIBSERIES t=12.4s v=0.00508 m/s (vx=0.00169 vy=0.00473 vz=0.00074)
[swarm_manager-3] [INFO] [1786719466.783957765] [swarm_manager_node]: 📍 scout_2 detected high-value spectral anomaly at [11.0, -1.7]!
[landing_controller-7] [INFO] [1786719466.818794247] [landing_scout_1]: [scout_1] 📏 CALIBSERIES t=14.5s v=0.00452 m/s (vx=0.00186 vy=0.00398 vz=0.00102)
[landing_controller-7] [INFO] [1786719468.717691528] [landing_scout_1]: [scout_1] Landing controller state: FLIGHT
[landing_controller-15] [INFO] [1786719468.789878403] [landing_scout_3]: [scout_3] Landing controller state: FLIGHT
[landing_controller-11] [INFO] [1786719468.821171044] [landing_scout_2]: [scout_2] Landing controller state: FLIGHT
[landing_controller-7] [INFO] [1786719468.838219586] [landing_scout_1]: [scout_1] 📏 CALIBSERIES t=16.5s v=0.00436 m/s (vx=0.00398 vy=0.00140 vz=0.00111)
[landing_controller-7] [INFO] [1786719470.874311104] [landing_scout_1]: [scout_1] 📏 CALIBSERIES t=18.5s v=0.00730 m/s (vx=0.00710 vy=0.00169 vz=0.00031)
[landing_controller-7] [INFO] [1786719472.875910041] [landing_scout_1]: [scout_1] 📏 CALIBSERIES t=20.5s v=0.01311 m/s (vx=0.00112 vy=0.01306 vz=0.00018)
[landing_controller-7] [INFO] [1786719473.721023519] [landing_scout_1]: [scout_1] Landing controller state: FLIGHT
[landing_controller-15] [INFO] [1786719473.789771045] [landing_scout_3]: [scout_3] Landing controller state: FLIGHT
[landing_controller-11] [INFO] [1786719473.822144752] [landing_scout_2]: [scout_2] Landing controller state: FLIGHT
[landing_controller-7] [INFO] [1786719474.927545069] [landing_scout_1]: [scout_1] 📏 CALIBSERIES t=22.6s v=0.01103 m/s (vx=-0.00642 vy=0.00897 vz=0.00004)
[landing_controller-7] [INFO] [1786719476.975649537] [landing_scout_1]: [scout_1] 📏 CALIBSERIES t=24.6s v=0.00872 m/s (vx=-0.00842 vy=0.00228 vz=-0.00003)
[landing_controller-7] [INFO] [1786719478.715348274] [landing_scout_1]: [scout_1] Landing controller state: FLIGHT
[landing_controller-15] [INFO] [1786719478.789526677] [landing_scout_3]: [scout_3] Landing controller state: FLIGHT
[landing_controller-11] [INFO] [1786719478.821165458] [landing_scout_2]: [scout_2] Landing controller state: FLIGHT
[landing_controller-7] [INFO] [1786719479.063616170] [landing_scout_1]: [scout_1] 📏 CALIBSERIES t=26.7s v=0.00713 m/s (vx=-0.00713 vy=-0.00030 vz=-0.00009)
[landing_controller-7] [INFO] [1786719481.126795948] [landing_scout_1]: [scout_1] 📏 CALIBSERIES t=28.8s v=0.00593 m/s (vx=-0.00200 vy=-0.00558 vz=-0.00014)
[landing_controller-7] [INFO] [1786719483.216652502] [landing_scout_1]: [scout_1] 📏 CALIBSERIES t=30.9s v=0.00587 m/s (vx=0.00141 vy=-0.00569 vz=-0.00019)
[landing_controller-7] [INFO] [1786719483.715251683] [landing_scout_1]: [scout_1] Landing controller state: FLIGHT
[landing_controller-15] [INFO] [1786719483.793237803] [landing_scout_3]: [scout_3] Landing controller state: FLIGHT
[landing_controller-11] [INFO] [1786719483.821298942] [landing_scout_2]: [scout_2] Landing controller state: FLIGHT
[landing_controller-7] [INFO] [1786719485.286940888] [landing_scout_1]: [scout_1] 📏 CALIBSERIES t=32.9s v=0.00632 m/s (vx=0.00460 vy=-0.00433 vz=-0.00026)
[landing_controller-7] [INFO] [1786719487.348751001] [landing_scout_1]: [scout_1] 📏 CALIBSERIES t=35.0s v=0.00833 m/s (vx=0.00830 vy=0.00066 vz=-0.00038)
[landing_controller-7] [INFO] [1786719488.715842882] [landing_scout_1]: [scout_1] Landing controller state: FLIGHT
[landing_controller-15] [INFO] [1786719488.789880304] [landing_scout_3]: [scout_3] Landing controller state: FLIGHT
[landing_controller-11] [INFO] [1786719488.821857055] [landing_scout_2]: [scout_2] Landing controller state: FLIGHT
[landing_controller-7] [INFO] [1786719489.389072254] [landing_scout_1]: [scout_1] 📏 CALIBSERIES t=37.0s v=0.00829 m/s (vx=0.00793 vy=0.00235 vz=-0.00053)
[swarm_manager-3] [INFO] [1786719490.782763619] [swarm_manager_node]: 📍 scout_2 detected high-value spectral anomaly at [0.7, -1.2]!
[landing_controller-7] [INFO] [1786719491.468343427] [landing_scout_1]: [scout_1] 📏 CALIBSERIES t=39.1s v=0.00863 m/s (vx=0.00696 vy=0.00505 vz=-0.00068)
[landing_controller-7] [INFO] [1786719493.536601045] [landing_scout_1]: [scout_1] 📏 CALIBSERIES t=41.2s v=0.00865 m/s (vx=0.00281 vy=0.00814 vz=-0.00084)
[landing_controller-7] [INFO] [1786719493.715555618] [landing_scout_1]: [scout_1] Landing controller state: FLIGHT
[landing_controller-15] [INFO] [1786719493.790087943] [landing_scout_3]: [scout_3] Landing controller state: FLIGHT
[landing_controller-11] [INFO] [1786719493.823968902] [landing_scout_2]: [scout_2] Landing controller state: FLIGHT
[landing_controller-7] [INFO] [1786719495.641491632] [landing_scout_1]: [scout_1] 📏 CALIBSERIES t=43.3s v=0.00799 m/s (vx=0.00132 vy=0.00781 vz=-0.00100)
[landing_controller-7] [INFO] [1786719497.648898699] [landing_scout_1]: [scout_1] 📏 CALIBSERIES t=45.3s v=0.00654 m/s (vx=0.00365 vy=0.00530 vz=-0.00117)
[landing_controller-7] [INFO] [1786719498.717799845] [landing_scout_1]: [scout_1] Landing controller state: FLIGHT
[landing_controller-15] [INFO] [1786719498.790041415] [landing_scout_3]: [scout_3] Landing controller state: FLIGHT
[landing_controller-11] [INFO] [1786719498.821039153] [landing_scout_2]: [scout_2] Landing controller state: FLIGHT
[landing_controller-7] [INFO] [1786719499.654103907] [landing_scout_1]: [scout_1] 📏 CALIBSERIES t=47.3s v=0.00680 m/s (vx=0.00599 vy=0.00293 vz=-0.00133)
[landing_controller-7] [INFO] [1786719501.675050473] [landing_scout_1]: [scout_1] 📏 CALIBSERIES t=49.3s v=0.00865 m/s (vx=0.00343 vy=0.00781 vz=-0.00145)
[landing_controller-7] [INFO] [1786719503.717123526] [landing_scout_1]: [scout_1] Landing controller state: FLIGHT
[landing_controller-7] [INFO] [1786719503.722165104] [landing_scout_1]: [scout_1] 📏 CALIBSERIES t=51.4s v=0.01399 m/s (vx=-0.00947 vy=0.01017 vz=-0.00155)
[landing_controller-15] [INFO] [1786719503.791886770] [landing_scout_3]: [scout_3] Landing controller state: FLIGHT
[landing_controller-11] [INFO] [1786719503.821174258] [landing_scout_2]: [scout_2] Landing controller state: FLIGHT
[landing_controller-7] [INFO] [1786719505.744954422] [landing_scout_1]: [scout_1] 📏 CALIBSERIES t=53.4s v=0.01171 m/s (vx=-0.01140 vy=0.00215 vz=-0.00161)
[landing_controller-7] [INFO] [1786719507.803908502] [landing_scout_1]: [scout_1] 📏 CALIBSERIES t=55.4s v=0.00971 m/s (vx=-0.00898 vy=-0.00332 vz=-0.00165)
[landing_controller-7] [INFO] [1786719508.716168297] [landing_scout_1]: [scout_1] Landing controller state: FLIGHT
[landing_controller-15] [INFO] [1786719508.791174530] [landing_scout_3]: [scout_3] Landing controller state: FLIGHT
[landing_controller-11] [INFO] [1786719508.822147276] [landing_scout_2]: [scout_2] Landing controller state: FLIGHT
[landing_controller-7] [INFO] [1786719509.870268063] [landing_scout_1]: [scout_1] 📏 CALIBSERIES t=57.5s v=0.00906 m/s (vx=-0.00084 vy=-0.00886 vz=-0.00169)
[landing_controller-7] [INFO] [1786719511.889661604] [landing_scout_1]: [scout_1] 📏 CALIBSERIES t=59.5s v=0.00843 m/s (vx=0.00160 vy=-0.00810 vz=-0.00171)
[landing_controller-7] [INFO] [1786719513.715687312] [landing_scout_1]: [scout_1] Landing controller state: FLIGHT
[landing_controller-15] [INFO] [1786719513.789783675] [landing_scout_3]: [scout_3] Landing controller state: FLIGHT
[landing_controller-11] [INFO] [1786719513.821429550] [landing_scout_2]: [scout_2] Landing controller state: FLIGHT
[landing_controller-7] [INFO] [1786719513.989968785] [landing_scout_1]: [scout_1] 📏 CALIBSERIES t=61.6s v=0.00987 m/s (vx=0.00859 vy=-0.00452 vz=-0.00179)
[landing_controller-7] [INFO] [1786719516.005847188] [landing_scout_1]: [scout_1] 📏 CALIBSERIES t=63.6s v=0.01138 m/s (vx=0.01096 vy=0.00237 vz=-0.00194)
[landing_controller-7] [INFO] [1786719518.080620256] [landing_scout_1]: [scout_1] 📏 CALIBSERIES t=65.7s v=0.01072 m/s (vx=0.00978 vy=0.00386 vz=-0.00210)
[landing_controller-7] [INFO] [1786719518.715658354] [landing_scout_1]: [scout_1] Landing controller state: FLIGHT
[landing_controller-15] [INFO] [1786719518.792040890] [landing_scout_3]: [scout_3] Landing controller state: FLIGHT
[landing_controller-11] [INFO] [1786719518.822838487] [landing_scout_2]: [scout_2] Landing controller state: FLIGHT
[landing_controller-7] [INFO] [1786719520.136923014] [landing_scout_1]: [scout_1] 📏 CALIBSERIES t=67.8s v=0.01116 m/s (vx=0.00558 vy=0.00940 vz=-0.00227)
[swarm_manager-3] [INFO] [1786719520.783285733] [swarm_manager_node]: 📍 scout_2 detected high-value spectral anomaly at [2.1, -4.0]!
[landing_controller-7] [INFO] [1786719522.236435303] [landing_scout_1]: [scout_1] 📏 CALIBSERIES t=69.9s v=0.01041 m/s (vx=0.00123 vy=0.01004 vz=-0.00244)
[landing_controller-7] [INFO] [1786719523.715406124] [landing_scout_1]: [scout_1] Landing controller state: FLIGHT
[landing_controller-15] [INFO] [1786719523.789672504] [landing_scout_3]: [scout_3] Landing controller state: FLIGHT
[landing_controller-11] [INFO] [1786719523.822545069] [landing_scout_2]: [scout_2] Landing controller state: FLIGHT
[landing_controller-7] [INFO] [1786719524.239834105] [landing_scout_1]: [scout_1] 📏 CALIBSERIES t=71.9s v=0.00944 m/s (vx=-0.00037 vy=0.00907 vz=-0.00261)
[landing_controller-7] [INFO] [1786719526.248880143] [landing_scout_1]: [scout_1] 📏 CALIBSERIES t=73.9s v=0.00749 m/s (vx=-0.00374 vy=0.00589 vz=-0.00272)
[swarm_manager-3] [INFO] [1786719526.783303893] [swarm_manager_node]: 📍 scout_2 detected high-value spectral anomaly at [7.9, 2.6]!
[landing_controller-7] [INFO] [1786719528.265332142] [landing_scout_1]: [scout_1] 📏 CALIBSERIES t=75.9s v=0.00444 m/s (vx=-0.00125 vy=0.00318 vz=-0.00285)
[landing_controller-7] [INFO] [1786719528.715947844] [landing_scout_1]: [scout_1] Landing controller state: FLIGHT
[landing_controller-15] [INFO] [1786719528.790218706] [landing_scout_3]: [scout_3] Landing controller state: FLIGHT
[landing_controller-11] [INFO] [1786719528.824412940] [landing_scout_2]: [scout_2] Landing controller state: FLIGHT
[landing_controller-7] [INFO] [1786719530.332076282] [landing_scout_1]: [scout_1] 📏 CALIBSERIES t=78.0s v=0.00332 m/s (vx=0.00142 vy=0.00045 vz=-0.00297)
[landing_controller-7] [INFO] [1786719532.385813729] [landing_scout_1]: [scout_1] 📏 CALIBSERIES t=80.0s v=0.00535 m/s (vx=0.00392 vy=-0.00195 vz=-0.00307)
[swarm_manager-3] [INFO] [1786719532.783941344] [swarm_manager_node]: 📍 scout_2 detected high-value spectral anomaly at [13.1, 2.7]!
[landing_controller-7] [INFO] [1786719533.716550877] [landing_scout_1]: [scout_1] Landing controller state: FLIGHT
[landing_controller-15] [INFO] [1786719533.790208202] [landing_scout_3]: [scout_3] Landing controller state: FLIGHT
[landing_controller-11] [INFO] [1786719533.821083337] [landing_scout_2]: [scout_2] Landing controller state: FLIGHT
[landing_controller-7] [INFO] [1786719534.413746398] [landing_scout_1]: [scout_1] 📏 CALIBSERIES t=82.1s v=0.00686 m/s (vx=0.00530 vy=-0.00299 vz=-0.00316)
[landing_controller-7] [INFO] [1786719536.532188235] [landing_scout_1]: [scout_1] 📏 CALIBSERIES t=84.2s v=0.00744 m/s (vx=0.00626 vy=-0.00234 vz=-0.00327)
[landing_controller-15] [INFO] [1786719538.159963709] [landing_scout_3]: [scout_3] 🎯 Contact detected! accel=0.0889 m/s² → hands-off settle (no posture commands at contact)
[attitude_controller-14] [INFO] [1786719538.318140414] [attitude_scout_3]: [scout_3] Contact — commanded-flight latch cleared (full attitude PD locked out until next ignition).
[landing_controller-15] [INFO] [1786719538.531167984] [landing_scout_3]: [scout_3] ⚠️ Bounce detected (v=0.0502 m/s) → back to FLIGHT
[landing_controller-7] [INFO] [1786719538.618204269] [landing_scout_1]: [scout_1] 📏 CALIBSERIES t=86.3s v=0.00740 m/s (vx=0.00656 vy=0.00039 vz=-0.00339)
[landing_controller-7] [INFO] [1786719538.716923981] [landing_scout_1]: [scout_1] Landing controller state: FLIGHT
[landing_controller-15] [INFO] [1786719538.789635745] [landing_scout_3]: [scout_3] Landing controller state: FLIGHT
[landing_controller-11] [INFO] [1786719538.822546809] [landing_scout_2]: [scout_2] Landing controller state: FLIGHT
[landing_controller-7] [INFO] [1786719540.727748212] [landing_scout_1]: [scout_1] 📏 CALIBSERIES t=88.4s v=0.01602 m/s (vx=-0.00013 vy=0.01563 vz=-0.00353)
[landing_controller-7] [WARN] [1786719542.445899636] [landing_scout_1]: [scout_1] 📏 CALIBTIMEOUT t=90.1s -- never stabilized within 90s (last v=0.01419 m/s) -- likely tumbling/terrain-snagged launch, discard from calibration
[landing_controller-7] [INFO] [1786719543.715129208] [landing_scout_1]: [scout_1] Landing controller state: FLIGHT
[landing_controller-15] [INFO] [1786719543.792243318] [landing_scout_3]: [scout_3] Landing controller state: FLIGHT
[landing_controller-11] [INFO] [1786719543.821342835] [landing_scout_2]: [scout_2] Landing controller state: FLIGHT
[landing_controller-7] [INFO] [1786719548.715671761] [landing_scout_1]: [scout_1] Landing controller state: FLIGHT
[landing_controller-15] [INFO] [1786719548.789422149] [landing_scout_3]: [scout_3] Landing controller state: FLIGHT
[landing_controller-11] [INFO] [1786719548.822212539] [landing_scout_2]: [scout_2] Landing controller state: FLIGHT
[landing_controller-7] [INFO] [1786719553.715347273] [landing_scout_1]: [scout_1] Landing controller state: FLIGHT
[landing_controller-15] [INFO] [1786719553.789678328] [landing_scout_3]: [scout_3] Landing controller state: FLIGHT
[landing_controller-11] [INFO] [1786719553.820977835] [landing_scout_2]: [scout_2] Landing controller state: FLIGHT
[swarm_manager-3] [INFO] [1786719554.783766566] [swarm_manager_node]: 📍 scout_2 detected high-value spectral anomaly at [5.2, -2.2]!
[landing_controller-7] [INFO] [1786719558.717144708] [landing_scout_1]: [scout_1] Landing controller state: FLIGHT
[landing_controller-15] [INFO] [1786719558.790211868] [landing_scout_3]: [scout_3] Landing controller state: FLIGHT
[landing_controller-11] [INFO] [1786719558.821256601] [landing_scout_2]: [scout_2] Landing controller state: FLIGHT
[landing_controller-7] [INFO] [1786719563.715915124] [landing_scout_1]: [scout_1] Landing controller state: FLIGHT
[landing_controller-15] [INFO] [1786719563.789647877] [landing_scout_3]: [scout_3] Landing controller state: FLIGHT
[landing_controller-11] [INFO] [1786719563.823233070] [landing_scout_2]: [scout_2] Landing controller state: FLIGHT
[swarm_manager-3] [INFO] [1786719564.782589504] [swarm_manager_node]: 📍 scout_2 detected high-value spectral anomaly at [1.2, 0.9]!
[landing_controller-7] [INFO] [1786719568.715201741] [landing_scout_1]: [scout_1] Landing controller state: FLIGHT
[swarm_manager-3] [INFO] [1786719568.783237811] [swarm_manager_node]: 📍 scout_2 detected high-value spectral anomaly at [4.0, -3.7]!
[landing_controller-15] [INFO] [1786719568.790284666] [landing_scout_3]: [scout_3] Landing controller state: FLIGHT
[landing_controller-11] [INFO] [1786719568.822206049] [landing_scout_2]: [scout_2] Landing controller state: FLIGHT
[swarm_manager-3] [INFO] [1786719572.785487568] [swarm_manager_node]: 📍 scout_2 detected high-value spectral anomaly at [15.3, -4.2]!
[landing_controller-7] [INFO] [1786719573.716353454] [landing_scout_1]: [scout_1] Landing controller state: FLIGHT
[landing_controller-15] [INFO] [1786719573.791302156] [landing_scout_3]: [scout_3] Landing controller state: FLIGHT
[landing_controller-11] [INFO] [1786719573.821149345] [landing_scout_2]: [scout_2] Landing controller state: FLIGHT
[landing_controller-7] [INFO] [1786719578.715469164] [landing_scout_1]: [scout_1] Landing controller state: FLIGHT
[landing_controller-15] [INFO] [1786719578.791744293] [landing_scout_3]: [scout_3] Landing controller state: FLIGHT
[landing_controller-11] [INFO] [1786719578.821119852] [landing_scout_2]: [scout_2] Landing controller state: FLIGHT
[swarm_manager-3] [INFO] [1786719582.782847011] [swarm_manager_node]: 📍 scout_2 detected high-value spectral anomaly at [3.6, -4.9]!
[landing_controller-7] [INFO] [1786719583.715411145] [landing_scout_1]: [scout_1] Landing controller state: FLIGHT
[landing_controller-15] [INFO] [1786719583.789548950] [landing_scout_3]: [scout_3] Landing controller state: FLIGHT
[landing_controller-11] [INFO] [1786719583.821289320] [landing_scout_2]: [scout_2] Landing controller state: FLIGHT
[landing_controller-7] [INFO] [1786719588.715195962] [landing_scout_1]: [scout_1] Landing controller state: FLIGHT
[landing_controller-15] [INFO] [1786719588.789559922] [landing_scout_3]: [scout_3] Landing controller state: FLIGHT
[landing_controller-11] [INFO] [1786719588.821916013] [landing_scout_2]: [scout_2] Landing controller state: FLIGHT
[landing_controller-7] [INFO] [1786719593.715802846] [landing_scout_1]: [scout_1] Landing controller state: FLIGHT
[landing_controller-15] [INFO] [1786719593.790348194] [landing_scout_3]: [scout_3] Landing controller state: FLIGHT
[landing_controller-11] [INFO] [1786719593.821600596] [landing_scout_2]: [scout_2] Landing controller state: FLIGHT
[landing_controller-7] [INFO] [1786719598.715388972] [landing_scout_1]: [scout_1] Landing controller state: FLIGHT
[landing_controller-15] [INFO] [1786719598.789509279] [landing_scout_3]: [scout_3] Landing controller state: FLIGHT
[landing_controller-11] [INFO] [1786719598.821871455] [landing_scout_2]: [scout_2] Landing controller state: FLIGHT
[landing_controller-7] [INFO] [1786719603.715917764] [landing_scout_1]: [scout_1] Landing controller state: FLIGHT
[landing_controller-15] [INFO] [1786719603.789549057] [landing_scout_3]: [scout_3] Landing controller state: FLIGHT
[landing_controller-11] [INFO] [1786719603.822052526] [landing_scout_2]: [scout_2] Landing controller state: FLIGHT
[landing_controller-7] [INFO] [1786719608.715290293] [landing_scout_1]: [scout_1] Landing controller state: FLIGHT
[landing_controller-15] [INFO] [1786719608.789843285] [landing_scout_3]: [scout_3] Landing controller state: FLIGHT
[landing_controller-11] [INFO] [1786719608.821337280] [landing_scout_2]: [scout_2] Landing controller state: FLIGHT
[swarm_manager-3] [INFO] [1786719612.782893933] [swarm_manager_node]: 📍 scout_2 detected high-value spectral anomaly at [3.9, -11.0]!
[landing_controller-7] [INFO] [1786719613.716506840] [landing_scout_1]: [scout_1] Landing controller state: FLIGHT
[landing_controller-15] [INFO] [1786719613.789594304] [landing_scout_3]: [scout_3] Landing controller state: FLIGHT
[landing_controller-11] [INFO] [1786719613.821139077] [landing_scout_2]: [scout_2] Landing controller state: FLIGHT
[landing_controller-7] [INFO] [1786719618.715279594] [landing_scout_1]: [scout_1] Landing controller state: FLIGHT
[landing_controller-15] [INFO] [1786719618.790407676] [landing_scout_3]: [scout_3] Landing controller state: FLIGHT
[landing_controller-11] [INFO] [1786719618.821081609] [landing_scout_2]: [scout_2] Landing controller state: FLIGHT
[landing_controller-7] [INFO] [1786719620.634873903] [landing_scout_1]: [scout_1] 🎯 Altitude static (±2 cm for 60 s) — grounded without an impact spike, settling in place
[attitude_controller-6] [INFO] [1786719620.787879428] [attitude_scout_1]: [scout_1] Contact — commanded-flight latch cleared (full attitude PD locked out until next ignition).
[landing_controller-7] [INFO] [1786719621.946347277] [landing_scout_1]: [scout_1] ✅ LANDED — stable contact confirmed
[attitude_controller-6] [INFO] [1786719622.071680840] [attitude_scout_1]: [scout_1] Landed — tilt correction stopped, yaw-hold pinned to current heading.
[attitude_controller-6] [INFO] [1786719622.072852628] [attitude_scout_1]: [scout_1] Landed — tilt correction stopped, yaw-hold pinned to current heading.
[attitude_controller-6] [INFO] [1786719622.091660265] [attitude_scout_1]: [scout_1] Landed — tilt correction stopped, yaw-hold pinned to current heading.
[attitude_controller-6] [INFO] [1786719622.094788295] [attitude_scout_1]: [scout_1] Landed — tilt correction stopped, yaw-hold pinned to current heading.
[attitude_controller-6] [INFO] [1786719622.096282119] [attitude_scout_1]: [scout_1] Landed — tilt correction stopped, yaw-hold pinned to current heading.
[attitude_controller-6] [INFO] [1786719622.097837474] [attitude_scout_1]: [scout_1] Landed — tilt correction stopped, yaw-hold pinned to current heading.
[attitude_controller-6] [INFO] [1786719622.123724453] [attitude_scout_1]: [scout_1] Landed — tilt correction stopped, yaw-hold pinned to current heading.
[attitude_controller-6] [INFO] [1786719622.125419698] [attitude_scout_1]: [scout_1] Landed — tilt correction stopped, yaw-hold pinned to current heading.
[attitude_controller-6] [INFO] [1786719622.128817872] [attitude_scout_1]: [scout_1] Landed — tilt correction stopped, yaw-hold pinned to current heading.
[attitude_controller-6] [INFO] [1786719622.130441042] [attitude_scout_1]: [scout_1] Landed — tilt correction stopped, yaw-hold pinned to current heading.
[attitude_controller-6] [INFO] [1786719622.284728294] [attitude_scout_1]: [scout_1] Landed — tilt correction stopped, yaw-hold pinned to current heading.
[attitude_controller-6] [INFO] [1786719622.287199191] [attitude_scout_1]: [scout_1] Landed — tilt correction stopped, yaw-hold pinned to current heading.
[attitude_controller-6] [INFO] [1786719622.288588465] [attitude_scout_1]: [scout_1] Landed — tilt correction stopped, yaw-hold pinned to current heading.
[attitude_controller-6] [INFO] [1786719622.290091159] [attitude_scout_1]: [scout_1] Landed — tilt correction stopped, yaw-hold pinned to current heading.
[attitude_controller-6] [INFO] [1786719622.303820462] [attitude_scout_1]: [scout_1] Landed — tilt correction stopped, yaw-hold pinned to current heading.
[attitude_controller-6] [INFO] [1786719622.305457810] [attitude_scout_1]: [scout_1] Landed — tilt correction stopped, yaw-hold pinned to current heading.
[attitude_controller-6] [INFO] [1786719622.391169714] [attitude_scout_1]: [scout_1] Landed — tilt correction stopped, yaw-hold pinned to current heading.
[attitude_controller-6] [INFO] [1786719622.404647241] [attitude_scout_1]: [scout_1] Landed — tilt correction stopped, yaw-hold pinned to current heading.
[attitude_controller-6] [INFO] [1786719622.406217960] [attitude_scout_1]: [scout_1] Landed — tilt correction stopped, yaw-hold pinned to current heading.
[attitude_controller-6] [INFO] [1786719622.407609189] [attitude_scout_1]: [scout_1] Landed — tilt correction stopped, yaw-hold pinned to current heading.
[attitude_controller-6] [INFO] [1786719622.540587806] [attitude_scout_1]: [scout_1] Landed — tilt correction stopped, yaw-hold pinned to current heading.
[attitude_controller-6] [INFO] [1786719622.542091827] [attitude_scout_1]: [scout_1] Landed — tilt correction stopped, yaw-hold pinned to current heading.
[attitude_controller-6] [INFO] [1786719622.544766101] [attitude_scout_1]: [scout_1] Landed — tilt correction stopped, yaw-hold pinned to current heading.
[attitude_controller-6] [INFO] [1786719622.695140523] [attitude_scout_1]: [scout_1] Landed — tilt correction stopped, yaw-hold pinned to current heading.
[attitude_controller-6] [INFO] [1786719622.707736310] [attitude_scout_1]: [scout_1] Landed — tilt correction stopped, yaw-hold pinned to current heading.
[attitude_controller-6] [INFO] [1786719622.723143957] [attitude_scout_1]: [scout_1] Landed — tilt correction stopped, yaw-hold pinned to current heading.
[attitude_controller-6] [INFO] [1786719622.739966020] [attitude_scout_1]: [scout_1] Landed — tilt correction stopped, yaw-hold pinned to current heading.
[attitude_controller-6] [INFO] [1786719622.759945934] [attitude_scout_1]: [scout_1] Landed — tilt correction stopped, yaw-hold pinned to current heading.
[attitude_controller-6] [INFO] [1786719622.773610914] [attitude_scout_1]: [scout_1] Landed — tilt correction stopped, yaw-hold pinned to current heading.
[swarm_manager-3] [INFO] [1786719622.782940247] [swarm_manager_node]: 📍 scout_2 detected high-value spectral anomaly at [14.0, -11.7]!
[attitude_controller-6] [INFO] [1786719622.784885314] [attitude_scout_1]: [scout_1] Landed — tilt correction stopped, yaw-hold pinned to current heading.
[attitude_controller-6] [INFO] [1786719622.797834146] [attitude_scout_1]: [scout_1] Landed — tilt correction stopped, yaw-hold pinned to current heading.
[attitude_controller-6] [INFO] [1786719622.810313019] [attitude_scout_1]: [scout_1] Landed — tilt correction stopped, yaw-hold pinned to current heading.
[attitude_controller-6] [INFO] [1786719622.822556530] [attitude_scout_1]: [scout_1] Landed — tilt correction stopped, yaw-hold pinned to current heading.
[attitude_controller-6] [INFO] [1786719622.837052056] [attitude_scout_1]: [scout_1] Landed — tilt correction stopped, yaw-hold pinned to current heading.
[attitude_controller-6] [INFO] [1786719622.851424593] [attitude_scout_1]: [scout_1] Landed — tilt correction stopped, yaw-hold pinned to current heading.
[attitude_controller-6] [INFO] [1786719622.865230861] [attitude_scout_1]: [scout_1] Landed — tilt correction stopped, yaw-hold pinned to current heading.
[attitude_controller-6] [INFO] [1786719622.879115210] [attitude_scout_1]: [scout_1] Landed — tilt correction stopped, yaw-hold pinned to current heading.
[attitude_controller-6] [INFO] [1786719622.894021750] [attitude_scout_1]: [scout_1] Landed — tilt correction stopped, yaw-hold pinned to current heading.
[attitude_controller-6] [INFO] [1786719622.906996423] [attitude_scout_1]: [scout_1] Landed — tilt correction stopped, yaw-hold pinned to current heading.
[attitude_controller-6] [INFO] [1786719622.919143693] [attitude_scout_1]: [scout_1] Landed — tilt correction stopped, yaw-hold pinned to current heading.
[attitude_controller-6] [INFO] [1786719622.932218797] [attitude_scout_1]: [scout_1] Landed — tilt correction stopped, yaw-hold pinned to current heading.
[attitude_controller-6] [INFO] [1786719622.944530542] [attitude_scout_1]: [scout_1] Landed — tilt correction stopped, yaw-hold pinned to current heading.
[attitude_controller-6] [INFO] [1786719622.956837956] [attitude_scout_1]: [scout_1] Landed — tilt correction stopped, yaw-hold pinned to current heading.
[attitude_controller-6] [INFO] [1786719622.969223103] [attitude_scout_1]: [scout_1] Landed — tilt correction stopped, yaw-hold pinned to current heading.
[attitude_controller-6] [INFO] [1786719622.982478956] [attitude_scout_1]: [scout_1] Landed — tilt correction stopped, yaw-hold pinned to current heading.
[attitude_controller-6] [INFO] [1786719622.994992540] [attitude_scout_1]: [scout_1] Landed — tilt correction stopped, yaw-hold pinned to current heading.
[attitude_controller-6] [INFO] [1786719623.009115955] [attitude_scout_1]: [scout_1] Landed — tilt correction stopped, yaw-hold pinned to current heading.
[attitude_controller-6] [INFO] [1786719623.026067713] [attitude_scout_1]: [scout_1] Landed — tilt correction stopped, yaw-hold pinned to current heading.
[attitude_controller-6] [INFO] [1786719623.038900121] [attitude_scout_1]: [scout_1] Landed — tilt correction stopped, yaw-hold pinned to current heading.
[attitude_controller-6] [INFO] [1786719623.049906123] [attitude_scout_1]: [scout_1] Landed — tilt correction stopped, yaw-hold pinned to current heading.
[attitude_controller-6] [INFO] [1786719623.062242102] [attitude_scout_1]: [scout_1] Landed — tilt correction stopped, yaw-hold pinned to current heading.
[attitude_controller-6] [INFO] [1786719623.074484984] [attitude_scout_1]: [scout_1] Landed — tilt correction stopped, yaw-hold pinned to current heading.
[attitude_controller-6] [INFO] [1786719623.086125838] [attitude_scout_1]: [scout_1] Landed — tilt correction stopped, yaw-hold pinned to current heading.
[attitude_controller-6] [INFO] [1786719623.098586274] [attitude_scout_1]: [scout_1] Landed — tilt correction stopped, yaw-hold pinned to current heading.
[attitude_controller-6] [INFO] [1786719623.112321305] [attitude_scout_1]: [scout_1] Landed — tilt correction stopped, yaw-hold pinned to current heading.
[attitude_controller-6] [INFO] [1786719623.127477316] [attitude_scout_1]: [scout_1] Landed — tilt correction stopped, yaw-hold pinned to current heading.
[attitude_controller-6] [INFO] [1786719623.138555952] [attitude_scout_1]: [scout_1] Landed — tilt correction stopped, yaw-hold pinned to current heading.
[attitude_controller-6] [INFO] [1786719623.150722428] [attitude_scout_1]: [scout_1] Landed — tilt correction stopped, yaw-hold pinned to current heading.
[attitude_controller-6] [INFO] [1786719623.162532786] [attitude_scout_1]: [scout_1] Landed — tilt correction stopped, yaw-hold pinned to current heading.
[attitude_controller-6] [INFO] [1786719623.177915850] [attitude_scout_1]: [scout_1] Landed — tilt correction stopped, yaw-hold pinned to current heading.
[attitude_controller-6] [INFO] [1786719623.190060116] [attitude_scout_1]: [scout_1] Landed — tilt correction stopped, yaw-hold pinned to current heading.
[attitude_controller-6] [INFO] [1786719623.201400585] [attitude_scout_1]: [scout_1] Landed — tilt correction stopped, yaw-hold pinned to current heading.
[attitude_controller-6] [INFO] [1786719623.213905789] [attitude_scout_1]: [scout_1] Landed — tilt correction stopped, yaw-hold pinned to current heading.
[attitude_controller-6] [INFO] [1786719623.215388719] [attitude_scout_1]: [scout_1] Landed — tilt correction stopped, yaw-hold pinned to current heading.
[attitude_controller-6] [INFO] [1786719623.216635098] [attitude_scout_1]: [scout_1] Landed — tilt correction stopped, yaw-hold pinned to current heading.
[attitude_controller-6] [INFO] [1786719623.218096167] [attitude_scout_1]: [scout_1] Landed — tilt correction stopped, yaw-hold pinned to current heading.
[attitude_controller-6] [INFO] [1786719623.219587408] [attitude_scout_1]: [scout_1] Landed — tilt correction stopped, yaw-hold pinned to current heading.
[attitude_controller-6] [INFO] [1786719623.374443098] [attitude_scout_1]: [scout_1] Landed — tilt correction stopped, yaw-hold pinned to current heading.
[attitude_controller-6] [INFO] [1786719623.387272433] [attitude_scout_1]: [scout_1] Landed — tilt correction stopped, yaw-hold pinned to current heading.
[attitude_controller-6] [INFO] [1786719623.399499042] [attitude_scout_1]: [scout_1] Landed — tilt correction stopped, yaw-hold pinned to current heading.
[attitude_controller-6] [INFO] [1786719623.482158278] [attitude_scout_1]: [scout_1] Landed — tilt correction stopped, yaw-hold pinned to current heading.
[attitude_controller-6] [INFO] [1786719623.483663906] [attitude_scout_1]: [scout_1] Landed — tilt correction stopped, yaw-hold pinned to current heading.
[attitude_controller-6] [INFO] [1786719623.485014696] [attitude_scout_1]: [scout_1] Landed — tilt correction stopped, yaw-hold pinned to current heading.
[attitude_controller-6] [INFO] [1786719623.486255837] [attitude_scout_1]: [scout_1] Landed — tilt correction stopped, yaw-hold pinned to current heading.
[hopper_locomotion-5] [INFO] [1786719623.503161640] [loco_scout_1]: [scout_1] Landing controller reported LANDED. Settling to IDLE.
[attitude_controller-6] [INFO] [1786719623.563247911] [attitude_scout_1]: [scout_1] Landed — tilt correction stopped, yaw-hold pinned to current heading.
[attitude_controller-6] [INFO] [1786719623.564838814] [attitude_scout_1]: [scout_1] Landed — tilt correction stopped, yaw-hold pinned to current heading.
[attitude_controller-6] [INFO] [1786719623.566357852] [attitude_scout_1]: [scout_1] Landed — tilt correction stopped, yaw-hold pinned to current heading.
[attitude_controller-6] [INFO] [1786719623.630466813] [attitude_scout_1]: [scout_1] Landed — tilt correction stopped, yaw-hold pinned to current heading.
[attitude_controller-6] [INFO] [1786719623.697105687] [attitude_scout_1]: [scout_1] Landed — tilt correction stopped, yaw-hold pinned to current heading.
[landing_controller-7] [INFO] [1786719623.715433378] [landing_scout_1]: [scout_1] Landing controller state: LANDED
[attitude_controller-6] [INFO] [1786719623.753657106] [attitude_scout_1]: [scout_1] Landed — tilt correction stopped, yaw-hold pinned to current heading.
[attitude_controller-6] [INFO] [1786719623.754664909] [attitude_scout_1]: [scout_1] Landed — tilt correction stopped, yaw-hold pinned to current heading.
[attitude_controller-6] [INFO] [1786719623.755603150] [attitude_scout_1]: [scout_1] Landed — tilt correction stopped, yaw-hold pinned to current heading.
[attitude_controller-6] [INFO] [1786719623.756564229] [attitude_scout_1]: [scout_1] Landed — tilt correction stopped, yaw-hold pinned to current heading.
[attitude_controller-6] [INFO] [1786719623.757522934] [attitude_scout_1]: [scout_1] Landed — tilt correction stopped, yaw-hold pinned to current heading.
[landing_controller-15] [INFO] [1786719623.789706201] [landing_scout_3]: [scout_3] Landing controller state: FLIGHT
[landing_controller-11] [INFO] [1786719623.821774370] [landing_scout_2]: [scout_2] Landing controller state: FLIGHT
[attitude_controller-6] [INFO] [1786719623.833097309] [attitude_scout_1]: [scout_1] Landed — tilt correction stopped, yaw-hold pinned to current heading.
[attitude_controller-6] [INFO] [1786719623.836189440] [attitude_scout_1]: [scout_1] Landed — tilt correction stopped, yaw-hold pinned to current heading.
[attitude_controller-6] [INFO] [1786719623.837588491] [attitude_scout_1]: [scout_1] Landed — tilt correction stopped, yaw-hold pinned to current heading.
[attitude_controller-6] [INFO] [1786719623.839906018] [attitude_scout_1]: [scout_1] Landed — tilt correction stopped, yaw-hold pinned to current heading.
[attitude_controller-6] [INFO] [1786719624.091742081] [attitude_scout_1]: [scout_1] Landed — tilt correction stopped, yaw-hold pinned to current heading.
[attitude_controller-6] [INFO] [1786719624.105409087] [attitude_scout_1]: [scout_1] Landed — tilt correction stopped, yaw-hold pinned to current heading.
[attitude_controller-6] [INFO] [1786719624.106698697] [attitude_scout_1]: [scout_1] Landed — tilt correction stopped, yaw-hold pinned to current heading.
[attitude_controller-6] [INFO] [1786719624.138516349] [attitude_scout_1]: [scout_1] Landed — tilt correction stopped, yaw-hold pinned to current heading.
[attitude_controller-6] [INFO] [1786719624.218636384] [attitude_scout_1]: [scout_1] Landed — tilt correction stopped, yaw-hold pinned to current heading.
[attitude_controller-6] [INFO] [1786719624.307179429] [attitude_scout_1]: [scout_1] Landed — tilt correction stopped, yaw-hold pinned to current heading.
[attitude_controller-6] [INFO] [1786719624.308596988] [attitude_scout_1]: [scout_1] Landed — tilt correction stopped, yaw-hold pinned to current heading.
[attitude_controller-6] [INFO] [1786719624.334945267] [attitude_scout_1]: [scout_1] Landed — tilt correction stopped, yaw-hold pinned to current heading.
[hopper_locomotion-5] [INFO] [1786719624.343573748] [loco_scout_1]: [scout_1] 🦵 Idle 300s with no jump command -- self-initiating recovery hop (legs).
[hopper_locomotion-5] [INFO] [1786719624.344465476] [loco_scout_1]: 1. Crouching (waking physics, planting feet under body)
[attitude_controller-6] [INFO] [1786719624.350249760] [attitude_scout_1]: [scout_1] Landed — tilt correction stopped, yaw-hold pinned to current heading.
[attitude_controller-6] [INFO] [1786719624.440313240] [attitude_scout_1]: [scout_1] Landed — tilt correction stopped, yaw-hold pinned to current heading.
[attitude_controller-6] [INFO] [1786719624.441806296] [attitude_scout_1]: [scout_1] Landed — tilt correction stopped, yaw-hold pinned to current heading.
[attitude_controller-6] [INFO] [1786719624.443213379] [attitude_scout_1]: [scout_1] Landed — tilt correction stopped, yaw-hold pinned to current heading.
[attitude_controller-6] [INFO] [1786719624.444685413] [attitude_scout_1]: [scout_1] Landed — tilt correction stopped, yaw-hold pinned to current heading.
[attitude_controller-6] [INFO] [1786719624.447140527] [attitude_scout_1]: [scout_1] Landed — tilt correction stopped, yaw-hold pinned to current heading.
[attitude_controller-6] [INFO] [1786719624.480851841] [attitude_scout_1]: [scout_1] Landed — tilt correction stopped, yaw-hold pinned to current heading.
[attitude_controller-6] [INFO] [1786719624.482502878] [attitude_scout_1]: [scout_1] Landed — tilt correction stopped, yaw-hold pinned to current heading.
[attitude_controller-6] [INFO] [1786719624.484414141] [attitude_scout_1]: [scout_1] Landed — tilt correction stopped, yaw-hold pinned to current heading.
[attitude_controller-6] [INFO] [1786719624.617093427] [attitude_scout_1]: [scout_1] Landed — tilt correction stopped, yaw-hold pinned to current heading.
[attitude_controller-6] [INFO] [1786719624.618249153] [attitude_scout_1]: [scout_1] Landed — tilt correction stopped, yaw-hold pinned to current heading.
[attitude_controller-6] [INFO] [1786719624.619603715] [attitude_scout_1]: [scout_1] Landed — tilt correction stopped, yaw-hold pinned to current heading.
[attitude_controller-6] [INFO] [1786719624.620998715] [attitude_scout_1]: [scout_1] Landed — tilt correction stopped, yaw-hold pinned to current heading.
[attitude_controller-6] [INFO] [1786719624.622381563] [attitude_scout_1]: [scout_1] Landed — tilt correction stopped, yaw-hold pinned to current heading.
[attitude_controller-6] [INFO] [1786719624.623892918] [attitude_scout_1]: [scout_1] Landed — tilt correction stopped, yaw-hold pinned to current heading.
[attitude_controller-6] [INFO] [1786719624.625400152] [attitude_scout_1]: [scout_1] Landed — tilt correction stopped, yaw-hold pinned to current heading.
[attitude_controller-6] [INFO] [1786719624.627212591] [attitude_scout_1]: [scout_1] Landed — tilt correction stopped, yaw-hold pinned to current heading.
[attitude_controller-6] [INFO] [1786719624.629132514] [attitude_scout_1]: [scout_1] Landed — tilt correction stopped, yaw-hold pinned to current heading.
[attitude_controller-6] [INFO] [1786719624.675056121] [attitude_scout_1]: [scout_1] Landed — tilt correction stopped, yaw-hold pinned to current heading.
[attitude_controller-6] [INFO] [1786719624.676812757] [attitude_scout_1]: [scout_1] Landed — tilt correction stopped, yaw-hold pinned to current heading.
[attitude_controller-6] [INFO] [1786719624.678550745] [attitude_scout_1]: [scout_1] Landed — tilt correction stopped, yaw-hold pinned to current heading.
[attitude_controller-6] [INFO] [1786719624.681418338] [attitude_scout_1]: [scout_1] Landed — tilt correction stopped, yaw-hold pinned to current heading.
[attitude_controller-6] [INFO] [1786719624.735167955] [attitude_scout_1]: [scout_1] Landed — tilt correction stopped, yaw-hold pinned to current heading.
[attitude_controller-6] [INFO] [1786719624.747806067] [attitude_scout_1]: [scout_1] Landed — tilt correction stopped, yaw-hold pinned to current heading.
[attitude_controller-6] [INFO] [1786719624.761152992] [attitude_scout_1]: [scout_1] Landed — tilt correction stopped, yaw-hold pinned to current heading.
[attitude_controller-6] [INFO] [1786719624.771191908] [attitude_scout_1]: [scout_1] Landed — tilt correction stopped, yaw-hold pinned to current heading.
[attitude_controller-6] [INFO] [1786719624.845874559] [attitude_scout_1]: [scout_1] Landed — tilt correction stopped, yaw-hold pinned to current heading.
[attitude_controller-6] [INFO] [1786719624.847226327] [attitude_scout_1]: [scout_1] Landed — tilt correction stopped, yaw-hold pinned to current heading.
[attitude_controller-6] [INFO] [1786719624.848908583] [attitude_scout_1]: [scout_1] Landed — tilt correction stopped, yaw-hold pinned to current heading.
[attitude_controller-6] [INFO] [1786719624.850311894] [attitude_scout_1]: [scout_1] Landed — tilt correction stopped, yaw-hold pinned to current heading.
[attitude_controller-6] [INFO] [1786719624.851746354] [attitude_scout_1]: [scout_1] Landed — tilt correction stopped, yaw-hold pinned to current heading.
[attitude_controller-6] [INFO] [1786719624.852982466] [attitude_scout_1]: [scout_1] Landed — tilt correction stopped, yaw-hold pinned to current heading.
[attitude_controller-6] [INFO] [1786719624.854581960] [attitude_scout_1]: [scout_1] Landed — tilt correction stopped, yaw-hold pinned to current heading.
[attitude_controller-6] [INFO] [1786719624.857805392] [attitude_scout_1]: [scout_1] Landed — tilt correction stopped, yaw-hold pinned to current heading.
[attitude_controller-6] [INFO] [1786719624.859275541] [attitude_scout_1]: [scout_1] Landed — tilt correction stopped, yaw-hold pinned to current heading.
[attitude_controller-6] [INFO] [1786719624.860714331] [attitude_scout_1]: [scout_1] Landed — tilt correction stopped, yaw-hold pinned to current heading.
[attitude_controller-6] [INFO] [1786719624.982019415] [attitude_scout_1]: [scout_1] Landed — tilt correction stopped, yaw-hold pinned to current heading.
[attitude_controller-6] [INFO] [1786719624.998467621] [attitude_scout_1]: [scout_1] Landed — tilt correction stopped, yaw-hold pinned to current heading.
[attitude_controller-6] [INFO] [1786719624.999881199] [attitude_scout_1]: [scout_1] Landed — tilt correction stopped, yaw-hold pinned to current heading.
[attitude_controller-6] [INFO] [1786719625.074467122] [attitude_scout_1]: [scout_1] Landed — tilt correction stopped, yaw-hold pinned to current heading.
[attitude_controller-6] [INFO] [1786719625.095681195] [attitude_scout_1]: [scout_1] Landed — tilt correction stopped, yaw-hold pinned to current heading.
[attitude_controller-6] [INFO] [1786719625.155442779] [attitude_scout_1]: [scout_1] Landed — tilt correction stopped, yaw-hold pinned to current heading.
[attitude_controller-6] [INFO] [1786719625.156840363] [attitude_scout_1]: [scout_1] Landed — tilt correction stopped, yaw-hold pinned to current heading.
[attitude_controller-6] [INFO] [1786719625.158240252] [attitude_scout_1]: [scout_1] Landed — tilt correction stopped, yaw-hold pinned to current heading.
[attitude_controller-6] [INFO] [1786719625.175424790] [attitude_scout_1]: [scout_1] Landed — tilt correction stopped, yaw-hold pinned to current heading.
[attitude_controller-6] [INFO] [1786719625.237047004] [attitude_scout_1]: [scout_1] Landed — tilt correction stopped, yaw-hold pinned to current heading.
[attitude_controller-6] [INFO] [1786719625.253255796] [attitude_scout_1]: [scout_1] Landed — tilt correction stopped, yaw-hold pinned to current heading.
[attitude_controller-6] [INFO] [1786719625.329862632] [attitude_scout_1]: [scout_1] Landed — tilt correction stopped, yaw-hold pinned to current heading.
[attitude_controller-6] [INFO] [1786719625.330904308] [attitude_scout_1]: [scout_1] Landed — tilt correction stopped, yaw-hold pinned to current heading.
[attitude_controller-6] [INFO] [1786719625.353598447] [attitude_scout_1]: [scout_1] Landed — tilt correction stopped, yaw-hold pinned to current heading.
[attitude_controller-6] [INFO] [1786719625.382100617] [attitude_scout_1]: [scout_1] Landed — tilt correction stopped, yaw-hold pinned to current heading.
[attitude_controller-6] [INFO] [1786719625.469047313] [attitude_scout_1]: [scout_1] Landed — tilt correction stopped, yaw-hold pinned to current heading.
[attitude_controller-6] [INFO] [1786719625.470274137] [attitude_scout_1]: [scout_1] Landed — tilt correction stopped, yaw-hold pinned to current heading.
[attitude_controller-6] [INFO] [1786719625.471469881] [attitude_scout_1]: [scout_1] Landed — tilt correction stopped, yaw-hold pinned to current heading.
[attitude_controller-6] [INFO] [1786719625.472638457] [attitude_scout_1]: [scout_1] Landed — tilt correction stopped, yaw-hold pinned to current heading.
[attitude_controller-6] [INFO] [1786719625.473893007] [attitude_scout_1]: [scout_1] Landed — tilt correction stopped, yaw-hold pinned to current heading.
[attitude_controller-6] [INFO] [1786719625.475892340] [attitude_scout_1]: [scout_1] Landed — tilt correction stopped, yaw-hold pinned to current heading.
[attitude_controller-6] [INFO] [1786719625.480994420] [attitude_scout_1]: [scout_1] Landed — tilt correction stopped, yaw-hold pinned to current heading.
[attitude_controller-6] [INFO] [1786719625.482549984] [attitude_scout_1]: [scout_1] Landed — tilt correction stopped, yaw-hold pinned to current heading.
[attitude_controller-6] [INFO] [1786719625.605219621] [attitude_scout_1]: [scout_1] Landed — tilt correction stopped, yaw-hold pinned to current heading.
[attitude_controller-6] [INFO] [1786719625.606644513] [attitude_scout_1]: [scout_1] Landed — tilt correction stopped, yaw-hold pinned to current heading.
[attitude_controller-6] [INFO] [1786719625.608156915] [attitude_scout_1]: [scout_1] Landed — tilt correction stopped, yaw-hold pinned to current heading.
[attitude_controller-6] [INFO] [1786719625.609709616] [attitude_scout_1]: [scout_1] Landed — tilt correction stopped, yaw-hold pinned to current heading.
[attitude_controller-6] [INFO] [1786719625.704356330] [attitude_scout_1]: [scout_1] Landed — tilt correction stopped, yaw-hold pinned to current heading.
[attitude_controller-6] [INFO] [1786719625.706815565] [attitude_scout_1]: [scout_1] Landed — tilt correction stopped, yaw-hold pinned to current heading.
[attitude_controller-6] [INFO] [1786719625.708173619] [attitude_scout_1]: [scout_1] Landed — tilt correction stopped, yaw-hold pinned to current heading.
[attitude_controller-6] [INFO] [1786719625.709696847] [attitude_scout_1]: [scout_1] Landed — tilt correction stopped, yaw-hold pinned to current heading.
[attitude_controller-6] [INFO] [1786719625.750615942] [attitude_scout_1]: [scout_1] Landed — tilt correction stopped, yaw-hold pinned to current heading.
[attitude_controller-6] [INFO] [1786719625.752219417] [attitude_scout_1]: [scout_1] Landed — tilt correction stopped, yaw-hold pinned to current heading.
[attitude_controller-6] [INFO] [1786719625.753733915] [attitude_scout_1]: [scout_1] Landed — tilt correction stopped, yaw-hold pinned to current heading.
[attitude_controller-6] [INFO] [1786719625.799688043] [attitude_scout_1]: [scout_1] Landed — tilt correction stopped, yaw-hold pinned to current heading.
[attitude_controller-6] [INFO] [1786719625.800777420] [attitude_scout_1]: [scout_1] Landed — tilt correction stopped, yaw-hold pinned to current heading.
[attitude_controller-6] [INFO] [1786719625.803896231] [attitude_scout_1]: [scout_1] Landed — tilt correction stopped, yaw-hold pinned to current heading.
[attitude_controller-6] [INFO] [1786719625.805879430] [attitude_scout_1]: [scout_1] Landed — tilt correction stopped, yaw-hold pinned to current heading.
[attitude_controller-6] [INFO] [1786719625.808162316] [attitude_scout_1]: [scout_1] Landed — tilt correction stopped, yaw-hold pinned to current heading.
[attitude_controller-6] [INFO] [1786719625.810544097] [attitude_scout_1]: [scout_1] Landed — tilt correction stopped, yaw-hold pinned to current heading.
[attitude_controller-6] [INFO] [1786719625.899107958] [attitude_scout_1]: [scout_1] Landed — tilt correction stopped, yaw-hold pinned to current heading.
[attitude_controller-6] [INFO] [1786719625.900557783] [attitude_scout_1]: [scout_1] Landed — tilt correction stopped, yaw-hold pinned to current heading.
[attitude_controller-6] [INFO] [1786719625.901993919] [attitude_scout_1]: [scout_1] Landed — tilt correction stopped, yaw-hold pinned to current heading.
[attitude_controller-6] [INFO] [1786719625.938525965] [attitude_scout_1]: [scout_1] Landed — tilt correction stopped, yaw-hold pinned to current heading.
[attitude_controller-6] [INFO] [1786719625.993991712] [attitude_scout_1]: [scout_1] Landed — tilt correction stopped, yaw-hold pinned to current heading.
[attitude_controller-6] [INFO] [1786719626.023265204] [attitude_scout_1]: [scout_1] Landed — tilt correction stopped, yaw-hold pinned to current heading.
[attitude_controller-6] [INFO] [1786719626.025093077] [attitude_scout_1]: [scout_1] Landed — tilt correction stopped, yaw-hold pinned to current heading.
[attitude_controller-6] [INFO] [1786719626.027634165] [attitude_scout_1]: [scout_1] Landed — tilt correction stopped, yaw-hold pinned to current heading.
[attitude_controller-6] [INFO] [1786719626.115656971] [attitude_scout_1]: [scout_1] Landed — tilt correction stopped, yaw-hold pinned to current heading.
[attitude_controller-6] [INFO] [1786719626.187696361] [attitude_scout_1]: [scout_1] Landed — tilt correction stopped, yaw-hold pinned to current heading.
[attitude_controller-6] [INFO] [1786719626.189250737] [attitude_scout_1]: [scout_1] Landed — tilt correction stopped, yaw-hold pinned to current heading.
[attitude_controller-6] [INFO] [1786719626.190492507] [attitude_scout_1]: [scout_1] Landed — tilt correction stopped, yaw-hold pinned to current heading.
[attitude_controller-6] [INFO] [1786719626.191972364] [attitude_scout_1]: [scout_1] Landed — tilt correction stopped, yaw-hold pinned to current heading.
[attitude_controller-6] [INFO] [1786719626.229346062] [attitude_scout_1]: [scout_1] Landed — tilt correction stopped, yaw-hold pinned to current heading.
[attitude_controller-6] [INFO] [1786719626.230963924] [attitude_scout_1]: [scout_1] Landed — tilt correction stopped, yaw-hold pinned to current heading.
[attitude_controller-6] [INFO] [1786719626.232133967] [attitude_scout_1]: [scout_1] Landed — tilt correction stopped, yaw-hold pinned to current heading.
[attitude_controller-6] [INFO] [1786719626.234140074] [attitude_scout_1]: [scout_1] Landed — tilt correction stopped, yaw-hold pinned to current heading.
[attitude_controller-6] [INFO] [1786719626.235700946] [attitude_scout_1]: [scout_1] Landed — tilt correction stopped, yaw-hold pinned to current heading.
[attitude_controller-6] [INFO] [1786719626.239098981] [attitude_scout_1]: [scout_1] Landed — tilt correction stopped, yaw-hold pinned to current heading.
[attitude_controller-6] [INFO] [1786719626.240598044] [attitude_scout_1]: [scout_1] Landed — tilt correction stopped, yaw-hold pinned to current heading.
[attitude_controller-6] [INFO] [1786719626.307361659] [attitude_scout_1]: [scout_1] Landed — tilt correction stopped, yaw-hold pinned to current heading.
[attitude_controller-6] [INFO] [1786719626.308700996] [attitude_scout_1]: [scout_1] Landed — tilt correction stopped, yaw-hold pinned to current heading.
[attitude_controller-6] [INFO] [1786719626.310414610] [attitude_scout_1]: [scout_1] Landed — tilt correction stopped, yaw-hold pinned to current heading.
[attitude_controller-6] [INFO] [1786719626.351490779] [attitude_scout_1]: [scout_1] Landed — tilt correction stopped, yaw-hold pinned to current heading.
[attitude_controller-6] [INFO] [1786719626.353961327] [attitude_scout_1]: [scout_1] Landed — tilt correction stopped, yaw-hold pinned to current heading.
[attitude_controller-6] [INFO] [1786719626.355621233] [attitude_scout_1]: [scout_1] Landed — tilt correction stopped, yaw-hold pinned to current heading.
[attitude_controller-6] [INFO] [1786719626.357194607] [attitude_scout_1]: [scout_1] Landed — tilt correction stopped, yaw-hold pinned to current heading.
[attitude_controller-6] [INFO] [1786719626.358703797] [attitude_scout_1]: [scout_1] Landed — tilt correction stopped, yaw-hold pinned to current heading.
[attitude_controller-6] [INFO] [1786719626.360353576] [attitude_scout_1]: [scout_1] Landed — tilt correction stopped, yaw-hold pinned to current heading.
[attitude_controller-6] [INFO] [1786719626.361987711] [attitude_scout_1]: [scout_1] Landed — tilt correction stopped, yaw-hold pinned to current heading.
[attitude_controller-6] [INFO] [1786719626.363684843] [attitude_scout_1]: [scout_1] Landed — tilt correction stopped, yaw-hold pinned to current heading.
[attitude_controller-6] [INFO] [1786719626.365870092] [attitude_scout_1]: [scout_1] Landed — tilt correction stopped, yaw-hold pinned to current heading.
[attitude_controller-6] [INFO] [1786719626.367469236] [attitude_scout_1]: [scout_1] Landed — tilt correction stopped, yaw-hold pinned to current heading.
[attitude_controller-6] [INFO] [1786719626.401442037] [attitude_scout_1]: [scout_1] Landed — tilt correction stopped, yaw-hold pinned to current heading.
[attitude_controller-6] [INFO] [1786719626.402637572] [attitude_scout_1]: [scout_1] Landed — tilt correction stopped, yaw-hold pinned to current heading.
[attitude_controller-6] [INFO] [1786719626.411600242] [attitude_scout_1]: [scout_1] Landed — tilt correction stopped, yaw-hold pinned to current heading.
[attitude_controller-6] [INFO] [1786719626.413013820] [attitude_scout_1]: [scout_1] Landed — tilt correction stopped, yaw-hold pinned to current heading.
[attitude_controller-6] [INFO] [1786719626.417762575] [attitude_scout_1]: [scout_1] Landed — tilt correction stopped, yaw-hold pinned to current heading.
[attitude_controller-6] [INFO] [1786719626.538008390] [attitude_scout_1]: [scout_1] Landed — tilt correction stopped, yaw-hold pinned to current heading.
[attitude_controller-6] [INFO] [1786719626.539848486] [attitude_scout_1]: [scout_1] Landed — tilt correction stopped, yaw-hold pinned to current heading.
[attitude_controller-6] [INFO] [1786719626.541417809] [attitude_scout_1]: [scout_1] Landed — tilt correction stopped, yaw-hold pinned to current heading.
[attitude_controller-6] [INFO] [1786719626.543120318] [attitude_scout_1]: [scout_1] Landed — tilt correction stopped, yaw-hold pinned to current heading.
[attitude_controller-6] [INFO] [1786719626.544633489] [attitude_scout_1]: [scout_1] Landed — tilt correction stopped, yaw-hold pinned to current heading.
[attitude_controller-6] [INFO] [1786719626.593606207] [attitude_scout_1]: [scout_1] Landed — tilt correction stopped, yaw-hold pinned to current heading.
[attitude_controller-6] [INFO] [1786719626.596906884] [attitude_scout_1]: [scout_1] Landed — tilt correction stopped, yaw-hold pinned to current heading.
[attitude_controller-6] [INFO] [1786719626.618738769] [attitude_scout_1]: [scout_1] Landed — tilt correction stopped, yaw-hold pinned to current heading.
[attitude_controller-6] [INFO] [1786719626.680782124] [attitude_scout_1]: [scout_1] Landed — tilt correction stopped, yaw-hold pinned to current heading.
[attitude_controller-6] [INFO] [1786719626.682125512] [attitude_scout_1]: [scout_1] Landed — tilt correction stopped, yaw-hold pinned to current heading.
[attitude_controller-6] [INFO] [1786719626.683426366] [attitude_scout_1]: [scout_1] Landed — tilt correction stopped, yaw-hold pinned to current heading.
[attitude_controller-6] [INFO] [1786719626.684728967] [attitude_scout_1]: [scout_1] Landed — tilt correction stopped, yaw-hold pinned to current heading.
[attitude_controller-6] [INFO] [1786719626.686016552] [attitude_scout_1]: [scout_1] Landed — tilt correction stopped, yaw-hold pinned to current heading.
[attitude_controller-6] [INFO] [1786719626.687338778] [attitude_scout_1]: [scout_1] Landed — tilt correction stopped, yaw-hold pinned to current heading.
[attitude_controller-6] [INFO] [1786719626.897296359] [attitude_scout_1]: [scout_1] Landed — tilt correction stopped, yaw-hold pinned to current heading.
[attitude_controller-6] [INFO] [1786719626.912021664] [attitude_scout_1]: [scout_1] Landed — tilt correction stopped, yaw-hold pinned to current heading.
[attitude_controller-6] [INFO] [1786719626.926723432] [attitude_scout_1]: [scout_1] Landed — tilt correction stopped, yaw-hold pinned to current heading.
[attitude_controller-6] [INFO] [1786719627.047960219] [attitude_scout_1]: [scout_1] Landed — tilt correction stopped, yaw-hold pinned to current heading.
[attitude_controller-6] [INFO] [1786719627.049733547] [attitude_scout_1]: [scout_1] Landed — tilt correction stopped, yaw-hold pinned to current heading.
[attitude_controller-6] [INFO] [1786719627.124750601] [attitude_scout_1]: [scout_1] Landed — tilt correction stopped, yaw-hold pinned to current heading.
[attitude_controller-6] [INFO] [1786719627.126433555] [attitude_scout_1]: [scout_1] Landed — tilt correction stopped, yaw-hold pinned to current heading.
[attitude_controller-6] [INFO] [1786719627.136839276] [attitude_scout_1]: [scout_1] Landed — tilt correction stopped, yaw-hold pinned to current heading.
[attitude_controller-6] [INFO] [1786719627.144978174] [attitude_scout_1]: [scout_1] Landed — tilt correction stopped, yaw-hold pinned to current heading.
[attitude_controller-6] [INFO] [1786719627.146637103] [attitude_scout_1]: [scout_1] Landed — tilt correction stopped, yaw-hold pinned to current heading.
[attitude_controller-6] [INFO] [1786719627.148860694] [attitude_scout_1]: [scout_1] Landed — tilt correction stopped, yaw-hold pinned to current heading.
[attitude_controller-6] [INFO] [1786719627.150878325] [attitude_scout_1]: [scout_1] Landed — tilt correction stopped, yaw-hold pinned to current heading.
[attitude_controller-6] [INFO] [1786719627.167261371] [attitude_scout_1]: [scout_1] Landed — tilt correction stopped, yaw-hold pinned to current heading.
[attitude_controller-6] [INFO] [1786719627.183360794] [attitude_scout_1]: [scout_1] Landed — tilt correction stopped, yaw-hold pinned to current heading.
[attitude_controller-6] [INFO] [1786719627.199911248] [attitude_scout_1]: [scout_1] Landed — tilt correction stopped, yaw-hold pinned to current heading.
[attitude_controller-6] [INFO] [1786719627.211559088] [attitude_scout_1]: [scout_1] Landed — tilt correction stopped, yaw-hold pinned to current heading.
[attitude_controller-6] [INFO] [1786719627.224181975] [attitude_scout_1]: [scout_1] Landed — tilt correction stopped, yaw-hold pinned to current heading.
[attitude_controller-6] [INFO] [1786719627.238561428] [attitude_scout_1]: [scout_1] Landed — tilt correction stopped, yaw-hold pinned to current heading.
[attitude_controller-6] [INFO] [1786719627.239797680] [attitude_scout_1]: [scout_1] Landed — tilt correction stopped, yaw-hold pinned to current heading.
[attitude_controller-6] [INFO] [1786719627.241020173] [attitude_scout_1]: [scout_1] Landed — tilt correction stopped, yaw-hold pinned to current heading.
[attitude_controller-6] [INFO] [1786719627.242907481] [attitude_scout_1]: [scout_1] Landed — tilt correction stopped, yaw-hold pinned to current heading.
[attitude_controller-6] [INFO] [1786719627.244277828] [attitude_scout_1]: [scout_1] Landed — tilt correction stopped, yaw-hold pinned to current heading.
[attitude_controller-6] [INFO] [1786719627.245785132] [attitude_scout_1]: [scout_1] Landed — tilt correction stopped, yaw-hold pinned to current heading.
[attitude_controller-6] [INFO] [1786719627.458147827] [attitude_scout_1]: [scout_1] Landed — tilt correction stopped, yaw-hold pinned to current heading.
[attitude_controller-6] [INFO] [1786719627.459979821] [attitude_scout_1]: [scout_1] Landed — tilt correction stopped, yaw-hold pinned to current heading.
[attitude_controller-6] [INFO] [1786719627.461523233] [attitude_scout_1]: [scout_1] Landed — tilt correction stopped, yaw-hold pinned to current heading.
[attitude_controller-6] [INFO] [1786719627.463095000] [attitude_scout_1]: [scout_1] Landed — tilt correction stopped, yaw-hold pinned to current heading.
[attitude_controller-6] [INFO] [1786719627.464583377] [attitude_scout_1]: [scout_1] Landed — tilt correction stopped, yaw-hold pinned to current heading.
[attitude_controller-6] [INFO] [1786719627.466350629] [attitude_scout_1]: [scout_1] Landed — tilt correction stopped, yaw-hold pinned to current heading.
[attitude_controller-6] [INFO] [1786719627.484707376] [attitude_scout_1]: [scout_1] Landed — tilt correction stopped, yaw-hold pinned to current heading.
[attitude_controller-6] [INFO] [1786719627.487643763] [attitude_scout_1]: [scout_1] Landed — tilt correction stopped, yaw-hold pinned to current heading.
[attitude_controller-6] [INFO] [1786719627.489531490] [attitude_scout_1]: [scout_1] Landed — tilt correction stopped, yaw-hold pinned to current heading.
[attitude_controller-6] [INFO] [1786719627.497132334] [attitude_scout_1]: [scout_1] Landed — tilt correction stopped, yaw-hold pinned to current heading.
[attitude_controller-6] [INFO] [1786719627.498264314] [attitude_scout_1]: [scout_1] Landed — tilt correction stopped, yaw-hold pinned to current heading.
[attitude_controller-6] [INFO] [1786719627.579787179] [attitude_scout_1]: [scout_1] Landed — tilt correction stopped, yaw-hold pinned to current heading.
[attitude_controller-6] [INFO] [1786719627.647442872] [attitude_scout_1]: [scout_1] Landed — tilt correction stopped, yaw-hold pinned to current heading.
[attitude_controller-6] [INFO] [1786719627.663780731] [attitude_scout_1]: [scout_1] Landed — tilt correction stopped, yaw-hold pinned to current heading.
[attitude_controller-6] [INFO] [1786719627.675548976] [attitude_scout_1]: [scout_1] Landed — tilt correction stopped, yaw-hold pinned to current heading.
[attitude_controller-6] [INFO] [1786719627.712607833] [attitude_scout_1]: [scout_1] Landed — tilt correction stopped, yaw-hold pinned to current heading.
[attitude_controller-6] [INFO] [1786719627.714027418] [attitude_scout_1]: [scout_1] Landed — tilt correction stopped, yaw-hold pinned to current heading.
[attitude_controller-6] [INFO] [1786719627.715492957] [attitude_scout_1]: [scout_1] Landed — tilt correction stopped, yaw-hold pinned to current heading.
[attitude_controller-6] [INFO] [1786719627.743811936] [attitude_scout_1]: [scout_1] Landed — tilt correction stopped, yaw-hold pinned to current heading.
[attitude_controller-6] [INFO] [1786719627.745493772] [attitude_scout_1]: [scout_1] Landed — tilt correction stopped, yaw-hold pinned to current heading.
[attitude_controller-6] [INFO] [1786719627.830923392] [attitude_scout_1]: [scout_1] Landed — tilt correction stopped, yaw-hold pinned to current heading.
[attitude_controller-6] [INFO] [1786719627.832846039] [attitude_scout_1]: [scout_1] Landed — tilt correction stopped, yaw-hold pinned to current heading.
[attitude_controller-6] [INFO] [1786719627.835853733] [attitude_scout_1]: [scout_1] Landed — tilt correction stopped, yaw-hold pinned to current heading.
[attitude_controller-6] [INFO] [1786719627.837413279] [attitude_scout_1]: [scout_1] Landed — tilt correction stopped, yaw-hold pinned to current heading.
[attitude_controller-6] [INFO] [1786719628.004081580] [attitude_scout_1]: [scout_1] Landed — tilt correction stopped, yaw-hold pinned to current heading.
[attitude_controller-6] [INFO] [1786719628.005594332] [attitude_scout_1]: [scout_1] Landed — tilt correction stopped, yaw-hold pinned to current heading.
[attitude_controller-6] [INFO] [1786719628.007003790] [attitude_scout_1]: [scout_1] Landed — tilt correction stopped, yaw-hold pinned to current heading.
[attitude_controller-6] [INFO] [1786719628.008458783] [attitude_scout_1]: [scout_1] Landed — tilt correction stopped, yaw-hold pinned to current heading.
[attitude_controller-6] [INFO] [1786719628.009739524] [attitude_scout_1]: [scout_1] Landed — tilt correction stopped, yaw-hold pinned to current heading.
[attitude_controller-6] [INFO] [1786719628.011108962] [attitude_scout_1]: [scout_1] Landed — tilt correction stopped, yaw-hold pinned to current heading.
[attitude_controller-6] [INFO] [1786719628.012621784] [attitude_scout_1]: [scout_1] Landed — tilt correction stopped, yaw-hold pinned to current heading.
[attitude_controller-6] [INFO] [1786719628.041976154] [attitude_scout_1]: [scout_1] Landed — tilt correction stopped, yaw-hold pinned to current heading.
[attitude_controller-6] [INFO] [1786719628.056679668] [attitude_scout_1]: [scout_1] Landed — tilt correction stopped, yaw-hold pinned to current heading.
[attitude_controller-6] [INFO] [1786719628.115784335] [attitude_scout_1]: [scout_1] Landed — tilt correction stopped, yaw-hold pinned to current heading.
[attitude_controller-6] [INFO] [1786719628.127287814] [attitude_scout_1]: [scout_1] Landed — tilt correction stopped, yaw-hold pinned to current heading.
[attitude_controller-6] [INFO] [1786719628.177756875] [attitude_scout_1]: [scout_1] Landed — tilt correction stopped, yaw-hold pinned to current heading.
[attitude_controller-6] [INFO] [1786719628.192411641] [attitude_scout_1]: [scout_1] Landed — tilt correction stopped, yaw-hold pinned to current heading.
[attitude_controller-6] [INFO] [1786719628.207976153] [attitude_scout_1]: [scout_1] Landed — tilt correction stopped, yaw-hold pinned to current heading.
[attitude_controller-6] [INFO] [1786719628.209069371] [attitude_scout_1]: [scout_1] Landed — tilt correction stopped, yaw-hold pinned to current heading.
[attitude_controller-6] [INFO] [1786719628.220273443] [attitude_scout_1]: [scout_1] Landed — tilt correction stopped, yaw-hold pinned to current heading.
[attitude_controller-6] [INFO] [1786719628.221772296] [attitude_scout_1]: [scout_1] Landed — tilt correction stopped, yaw-hold pinned to current heading.
[attitude_controller-6] [INFO] [1786719628.223327791] [attitude_scout_1]: [scout_1] Landed — tilt correction stopped, yaw-hold pinned to current heading.
[attitude_controller-6] [INFO] [1786719628.300141432] [attitude_scout_1]: [scout_1] Landed — tilt correction stopped, yaw-hold pinned to current heading.
[attitude_controller-6] [INFO] [1786719628.305325994] [attitude_scout_1]: [scout_1] Landed — tilt correction stopped, yaw-hold pinned to current heading.
[attitude_controller-6] [INFO] [1786719628.340181864] [attitude_scout_1]: [scout_1] Landed — tilt correction stopped, yaw-hold pinned to current heading.
[attitude_controller-6] [INFO] [1786719628.341771720] [attitude_scout_1]: [scout_1] Landed — tilt correction stopped, yaw-hold pinned to current heading.
[attitude_controller-6] [INFO] [1786719628.343329309] [attitude_scout_1]: [scout_1] Landed — tilt correction stopped, yaw-hold pinned to current heading.
[attitude_controller-6] [INFO] [1786719628.442781149] [attitude_scout_1]: [scout_1] Landed — tilt correction stopped, yaw-hold pinned to current heading.
[attitude_controller-6] [INFO] [1786719628.444017960] [attitude_scout_1]: [scout_1] Landed — tilt correction stopped, yaw-hold pinned to current heading.
[attitude_controller-6] [INFO] [1786719628.445077794] [attitude_scout_1]: [scout_1] Landed — tilt correction stopped, yaw-hold pinned to current heading.
[attitude_controller-6] [INFO] [1786719628.446796157] [attitude_scout_1]: [scout_1] Landed — tilt correction stopped, yaw-hold pinned to current heading.
[attitude_controller-6] [INFO] [1786719628.447975209] [attitude_scout_1]: [scout_1] Landed — tilt correction stopped, yaw-hold pinned to current heading.
[attitude_controller-6] [INFO] [1786719628.606925688] [attitude_scout_1]: [scout_1] Landed — tilt correction stopped, yaw-hold pinned to current heading.
[attitude_controller-6] [INFO] [1786719628.623117440] [attitude_scout_1]: [scout_1] Landed — tilt correction stopped, yaw-hold pinned to current heading.
[attitude_controller-6] [INFO] [1786719628.624711487] [attitude_scout_1]: [scout_1] Landed — tilt correction stopped, yaw-hold pinned to current heading.
[attitude_controller-6] [INFO] [1786719628.626203775] [attitude_scout_1]: [scout_1] Landed — tilt correction stopped, yaw-hold pinned to current heading.
[attitude_controller-6] [INFO] [1786719628.627604712] [attitude_scout_1]: [scout_1] Landed — tilt correction stopped, yaw-hold pinned to current heading.
[landing_controller-7] [INFO] [1786719628.715048333] [landing_scout_1]: [scout_1] Landing controller state: LANDED
[attitude_controller-6] [INFO] [1786719628.751441189] [attitude_scout_1]: [scout_1] Landed — tilt correction stopped, yaw-hold pinned to current heading.
[attitude_controller-6] [INFO] [1786719628.752837726] [attitude_scout_1]: [scout_1] Landed — tilt correction stopped, yaw-hold pinned to current heading.
[attitude_controller-6] [INFO] [1786719628.754290065] [attitude_scout_1]: [scout_1] Landed — tilt correction stopped, yaw-hold pinned to current heading.
[landing_controller-15] [INFO] [1786719628.789733087] [landing_scout_3]: [scout_3] Landing controller state: FLIGHT
[attitude_controller-6] [INFO] [1786719628.797023908] [attitude_scout_1]: [scout_1] Landed — tilt correction stopped, yaw-hold pinned to current heading.
[attitude_controller-6] [INFO] [1786719628.798641281] [attitude_scout_1]: [scout_1] Landed — tilt correction stopped, yaw-hold pinned to current heading.
[attitude_controller-6] [INFO] [1786719628.800471739] [attitude_scout_1]: [scout_1] Landed — tilt correction stopped, yaw-hold pinned to current heading.
[landing_controller-11] [INFO] [1786719628.821044186] [landing_scout_2]: [scout_2] Landing controller state: FLIGHT
[attitude_controller-6] [INFO] [1786719628.872466015] [attitude_scout_1]: [scout_1] Landed — tilt correction stopped, yaw-hold pinned to current heading.
[attitude_controller-6] [INFO] [1786719628.873770572] [attitude_scout_1]: [scout_1] Landed — tilt correction stopped, yaw-hold pinned to current heading.
[attitude_controller-6] [INFO] [1786719628.874947878] [attitude_scout_1]: [scout_1] Landed — tilt correction stopped, yaw-hold pinned to current heading.
[attitude_controller-6] [INFO] [1786719628.876161362] [attitude_scout_1]: [scout_1] Landed — tilt correction stopped, yaw-hold pinned to current heading.
[attitude_controller-6] [INFO] [1786719628.877552102] [attitude_scout_1]: [scout_1] Landed — tilt correction stopped, yaw-hold pinned to current heading.
[attitude_controller-6] [INFO] [1786719628.878995432] [attitude_scout_1]: [scout_1] Landed — tilt correction stopped, yaw-hold pinned to current heading.
[attitude_controller-6] [INFO] [1786719628.934756261] [attitude_scout_1]: [scout_1] Landed — tilt correction stopped, yaw-hold pinned to current heading.
[attitude_controller-6] [INFO] [1786719628.938285666] [attitude_scout_1]: [scout_1] Landed — tilt correction stopped, yaw-hold pinned to current heading.
[attitude_controller-6] [INFO] [1786719628.941066238] [attitude_scout_1]: [scout_1] Landed — tilt correction stopped, yaw-hold pinned to current heading.
[attitude_controller-6] [INFO] [1786719629.028871495] [attitude_scout_1]: [scout_1] Landed — tilt correction stopped, yaw-hold pinned to current heading.
[attitude_controller-6] [INFO] [1786719629.044077236] [attitude_scout_1]: [scout_1] Landed — tilt correction stopped, yaw-hold pinned to current heading.
[attitude_controller-6] [INFO] [1786719629.045688743] [attitude_scout_1]: [scout_1] Landed — tilt correction stopped, yaw-hold pinned to current heading.
[attitude_controller-6] [INFO] [1786719629.047396769] [attitude_scout_1]: [scout_1] Landed — tilt correction stopped, yaw-hold pinned to current heading.
[attitude_controller-6] [INFO] [1786719629.049059679] [attitude_scout_1]: [scout_1] Landed — tilt correction stopped, yaw-hold pinned to current heading.
[attitude_controller-6] [INFO] [1786719629.064121547] [attitude_scout_1]: [scout_1] Landed — tilt correction stopped, yaw-hold pinned to current heading.
[attitude_controller-6] [INFO] [1786719629.128763544] [attitude_scout_1]: [scout_1] Landed — tilt correction stopped, yaw-hold pinned to current heading.
[attitude_controller-6] [INFO] [1786719629.130398587] [attitude_scout_1]: [scout_1] Landed — tilt correction stopped, yaw-hold pinned to current heading.
[attitude_controller-6] [INFO] [1786719629.131962463] [attitude_scout_1]: [scout_1] Landed — tilt correction stopped, yaw-hold pinned to current heading.
[attitude_controller-6] [INFO] [1786719629.133724895] [attitude_scout_1]: [scout_1] Landed — tilt correction stopped, yaw-hold pinned to current heading.
[attitude_controller-6] [INFO] [1786719629.155334968] [attitude_scout_1]: [scout_1] Landed — tilt correction stopped, yaw-hold pinned to current heading.
[attitude_controller-6] [INFO] [1786719629.156838431] [attitude_scout_1]: [scout_1] Landed — tilt correction stopped, yaw-hold pinned to current heading.
[attitude_controller-6] [INFO] [1786719629.158715193] [attitude_scout_1]: [scout_1] Landed — tilt correction stopped, yaw-hold pinned to current heading.
[attitude_controller-6] [INFO] [1786719629.245100170] [attitude_scout_1]: [scout_1] Landed — tilt correction stopped, yaw-hold pinned to current heading.
[attitude_controller-6] [INFO] [1786719629.246756235] [attitude_scout_1]: [scout_1] Landed — tilt correction stopped, yaw-hold pinned to current heading.
[attitude_controller-6] [INFO] [1786719629.248611556] [attitude_scout_1]: [scout_1] Landed — tilt correction stopped, yaw-hold pinned to current heading.
[attitude_controller-6] [INFO] [1786719629.250280891] [attitude_scout_1]: [scout_1] Landed — tilt correction stopped, yaw-hold pinned to current heading.
[attitude_controller-6] [INFO] [1786719629.252534444] [attitude_scout_1]: [scout_1] Landed — tilt correction stopped, yaw-hold pinned to current heading.
[attitude_controller-6] [INFO] [1786719629.254676462] [attitude_scout_1]: [scout_1] Landed — tilt correction stopped, yaw-hold pinned to current heading.
[attitude_controller-6] [INFO] [1786719629.347533376] [attitude_scout_1]: [scout_1] Landed — tilt correction stopped, yaw-hold pinned to current heading.
[attitude_controller-6] [INFO] [1786719629.349142159] [attitude_scout_1]: [scout_1] Landed — tilt correction stopped, yaw-hold pinned to current heading.
[attitude_controller-6] [INFO] [1786719629.351224672] [attitude_scout_1]: [scout_1] Landed — tilt correction stopped, yaw-hold pinned to current heading.
[attitude_controller-6] [INFO] [1786719629.353578098] [attitude_scout_1]: [scout_1] Landed — tilt correction stopped, yaw-hold pinned to current heading.
[attitude_controller-6] [INFO] [1786719629.372117829] [attitude_scout_1]: [scout_1] Landed — tilt correction stopped, yaw-hold pinned to current heading.
[attitude_controller-6] [INFO] [1786719629.387253519] [attitude_scout_1]: [scout_1] Landed — tilt correction stopped, yaw-hold pinned to current heading.
[attitude_controller-6] [INFO] [1786719629.399982635] [attitude_scout_1]: [scout_1] Landed — tilt correction stopped, yaw-hold pinned to current heading.
[attitude_controller-6] [INFO] [1786719629.401555031] [attitude_scout_1]: [scout_1] Landed — tilt correction stopped, yaw-hold pinned to current heading.
[attitude_controller-6] [INFO] [1786719629.434336490] [attitude_scout_1]: [scout_1] Landed — tilt correction stopped, yaw-hold pinned to current heading.
[attitude_controller-6] [INFO] [1786719629.436237277] [attitude_scout_1]: [scout_1] Landed — tilt correction stopped, yaw-hold pinned to current heading.
[attitude_controller-6] [INFO] [1786719629.437757362] [attitude_scout_1]: [scout_1] Landed — tilt correction stopped, yaw-hold pinned to current heading.
[attitude_controller-6] [INFO] [1786719629.526445619] [attitude_scout_1]: [scout_1] Landed — tilt correction stopped, yaw-hold pinned to current heading.
[attitude_controller-6] [INFO] [1786719629.527713788] [attitude_scout_1]: [scout_1] Landed — tilt correction stopped, yaw-hold pinned to current heading.
[attitude_controller-6] [INFO] [1786719629.529068350] [attitude_scout_1]: [scout_1] Landed — tilt correction stopped, yaw-hold pinned to current heading.
[attitude_controller-6] [INFO] [1786719629.530188667] [attitude_scout_1]: [scout_1] Landed — tilt correction stopped, yaw-hold pinned to current heading.
[attitude_controller-6] [INFO] [1786719629.544415519] [attitude_scout_1]: [scout_1] Landed — tilt correction stopped, yaw-hold pinned to current heading.
[attitude_controller-6] [INFO] [1786719629.557600974] [attitude_scout_1]: [scout_1] Landed — tilt correction stopped, yaw-hold pinned to current heading.
[attitude_controller-6] [INFO] [1786719629.571729141] [attitude_scout_1]: [scout_1] Landed — tilt correction stopped, yaw-hold pinned to current heading.
[attitude_controller-6] [INFO] [1786719629.585409348] [attitude_scout_1]: [scout_1] Landed — tilt correction stopped, yaw-hold pinned to current heading.
[attitude_controller-6] [INFO] [1786719629.598833450] [attitude_scout_1]: [scout_1] Landed — tilt correction stopped, yaw-hold pinned to current heading.
[attitude_controller-6] [INFO] [1786719629.615028625] [attitude_scout_1]: [scout_1] Landed — tilt correction stopped, yaw-hold pinned to current heading.
[attitude_controller-6] [INFO] [1786719629.616343658] [attitude_scout_1]: [scout_1] Landed — tilt correction stopped, yaw-hold pinned to current heading.
[attitude_controller-6] [INFO] [1786719629.617820721] [attitude_scout_1]: [scout_1] Landed — tilt correction stopped, yaw-hold pinned to current heading.
[attitude_controller-6] [INFO] [1786719629.619206502] [attitude_scout_1]: [scout_1] Landed — tilt correction stopped, yaw-hold pinned to current heading.
[attitude_controller-6] [INFO] [1786719629.620785253] [attitude_scout_1]: [scout_1] Landed — tilt correction stopped, yaw-hold pinned to current heading.
[attitude_controller-6] [INFO] [1786719629.622254285] [attitude_scout_1]: [scout_1] Landed — tilt correction stopped, yaw-hold pinned to current heading.
[attitude_controller-6] [INFO] [1786719629.623762358] [attitude_scout_1]: [scout_1] Landed — tilt correction stopped, yaw-hold pinned to current heading.
[attitude_controller-6] [INFO] [1786719629.625291033] [attitude_scout_1]: [scout_1] Landed — tilt correction stopped, yaw-hold pinned to current heading.
[attitude_controller-6] [INFO] [1786719629.626852185] [attitude_scout_1]: [scout_1] Landed — tilt correction stopped, yaw-hold pinned to current heading.
[attitude_controller-6] [INFO] [1786719629.783849360] [attitude_scout_1]: [scout_1] Landed — tilt correction stopped, yaw-hold pinned to current heading.
[attitude_controller-6] [INFO] [1786719629.785110475] [attitude_scout_1]: [scout_1] Landed — tilt correction stopped, yaw-hold pinned to current heading.
[attitude_controller-6] [INFO] [1786719629.786205509] [attitude_scout_1]: [scout_1] Landed — tilt correction stopped, yaw-hold pinned to current heading.
[attitude_controller-6] [INFO] [1786719629.787444066] [attitude_scout_1]: [scout_1] Landed — tilt correction stopped, yaw-hold pinned to current heading.
[attitude_controller-6] [INFO] [1786719629.788797651] [attitude_scout_1]: [scout_1] Landed — tilt correction stopped, yaw-hold pinned to current heading.
[attitude_controller-6] [INFO] [1786719629.790547722] [attitude_scout_1]: [scout_1] Landed — tilt correction stopped, yaw-hold pinned to current heading.
[attitude_controller-6] [INFO] [1786719629.815919769] [attitude_scout_1]: [scout_1] Landed — tilt correction stopped, yaw-hold pinned to current heading.
[attitude_controller-6] [INFO] [1786719629.921255280] [attitude_scout_1]: [scout_1] Landed — tilt correction stopped, yaw-hold pinned to current heading.
[attitude_controller-6] [INFO] [1786719629.935409218] [attitude_scout_1]: [scout_1] Landed — tilt correction stopped, yaw-hold pinned to current heading.
[attitude_controller-6] [INFO] [1786719629.951105032] [attitude_scout_1]: [scout_1] Landed — tilt correction stopped, yaw-hold pinned to current heading.
[attitude_controller-6] [INFO] [1786719629.965022279] [attitude_scout_1]: [scout_1] Landed — tilt correction stopped, yaw-hold pinned to current heading.
[attitude_controller-6] [INFO] [1786719629.997124117] [attitude_scout_1]: [scout_1] Landed — tilt correction stopped, yaw-hold pinned to current heading.
[attitude_controller-6] [INFO] [1786719630.033133270] [attitude_scout_1]: [scout_1] Landed — tilt correction stopped, yaw-hold pinned to current heading.
[attitude_controller-6] [INFO] [1786719630.045952131] [attitude_scout_1]: [scout_1] Landed — tilt correction stopped, yaw-hold pinned to current heading.
[attitude_controller-6] [INFO] [1786719630.047297754] [attitude_scout_1]: [scout_1] Landed — tilt correction stopped, yaw-hold pinned to current heading.
[attitude_controller-6] [INFO] [1786719630.051903057] [attitude_scout_1]: [scout_1] Landed — tilt correction stopped, yaw-hold pinned to current heading.
[attitude_controller-6] [INFO] [1786719630.067480281] [attitude_scout_1]: [scout_1] Landed — tilt correction stopped, yaw-hold pinned to current heading.
[attitude_controller-6] [INFO] [1786719630.071134701] [attitude_scout_1]: [scout_1] Landed — tilt correction stopped, yaw-hold pinned to current heading.
[attitude_controller-6] [INFO] [1786719630.072659675] [attitude_scout_1]: [scout_1] Landed — tilt correction stopped, yaw-hold pinned to current heading.
[attitude_controller-6] [INFO] [1786719630.073921070] [attitude_scout_1]: [scout_1] Landed — tilt correction stopped, yaw-hold pinned to current heading.
[attitude_controller-6] [INFO] [1786719630.075001368] [attitude_scout_1]: [scout_1] Landed — tilt correction stopped, yaw-hold pinned to current heading.
[attitude_controller-6] [INFO] [1786719630.076027259] [attitude_scout_1]: [scout_1] Landed — tilt correction stopped, yaw-hold pinned to current heading.
[landing_controller-7] [WARN] [1786719630.150048390] [landing_scout_1]: [scout_1] ⚠️ Liftoff detected while LANDED (v=0.070 m/s sustained) → back to FLIGHT
[attitude_controller-6] [INFO] [1786719630.161029390] [attitude_scout_1]: [scout_1] Landed — tilt correction stopped, yaw-hold pinned to current heading.
[attitude_controller-6] [INFO] [1786719630.162156691] [attitude_scout_1]: [scout_1] Landed — tilt correction stopped, yaw-hold pinned to current heading.
[attitude_controller-6] [INFO] [1786719630.163230773] [attitude_scout_1]: [scout_1] Landed — tilt correction stopped, yaw-hold pinned to current heading.
[attitude_controller-6] [INFO] [1786719630.164252893] [attitude_scout_1]: [scout_1] Landed — tilt correction stopped, yaw-hold pinned to current heading.
[attitude_controller-6] [INFO] [1786719630.165441094] [attitude_scout_1]: [scout_1] Landed — tilt correction stopped, yaw-hold pinned to current heading.
[landing_controller-7] [INFO] [1786719630.187329763] [landing_scout_1]: [scout_1] 🎯 Contact detected! accel=0.1362 m/s² → hands-off settle (no posture commands at contact)
[attitude_controller-6] [INFO] [1786719630.194673035] [attitude_scout_1]: [scout_1] Landed — tilt correction stopped, yaw-hold pinned to current heading.
[attitude_controller-6] [INFO] [1786719630.196048131] [attitude_scout_1]: [scout_1] Landed — tilt correction stopped, yaw-hold pinned to current heading.
[attitude_controller-6] [INFO] [1786719630.197424134] [attitude_scout_1]: [scout_1] Landed — tilt correction stopped, yaw-hold pinned to current heading.
[attitude_controller-6] [INFO] [1786719630.285638034] [attitude_scout_1]: [scout_1] Airborne (landed=False) — tilt correction armed.
[landing_controller-7] [WARN] [1786719631.565216998] [landing_scout_1]: [scout_1] Sustained contact accel but velocity still 0.0950 m/s — not actually landed, resetting settle counter (likely a false accel trigger, e.g. RW/leg motor reaction torque).
[landing_controller-7] [INFO] [1786719633.715527064] [landing_scout_1]: [scout_1] Landing controller state: CONTACT
[landing_controller-15] [INFO] [1786719633.789517261] [landing_scout_3]: [scout_3] Landing controller state: FLIGHT
[landing_controller-11] [INFO] [1786719633.821167023] [landing_scout_2]: [scout_2] Landing controller state: FLIGHT
[landing_controller-7] [WARN] [1786719634.158765860] [landing_scout_1]: [scout_1] Sustained contact accel but velocity still 0.0260 m/s — not actually landed, resetting settle counter (likely a false accel trigger, e.g. RW/leg motor reaction torque).
[hopper_locomotion-5] [INFO] [1786719634.457064507] [loco_scout_1]: 2. IGNITION (stroke fraction=0.90, ramp=4.0s)
[attitude_controller-6] [INFO] [1786719634.458444911] [attitude_scout_1]: [scout_1] Jump initiated. Flight mode active (tilt-PD held for stroke).
[landing_controller-7] [INFO] [1786719634.458661208] [landing_scout_1]: [scout_1] 🚀 Jump detected → FLIGHT mode (contact detection blanked 100 s for launch)
[landing_controller-7] [INFO] [1786719634.468024627] [landing_scout_1]: [scout_1] 📏 CALIBSERIES t=0.0s v=0.03411 m/s (vx=0.03114 vy=0.00461 vz=0.01314)
[landing_controller-7] [INFO] [1786719636.550350621] [landing_scout_1]: [scout_1] 📏 CALIBSERIES t=2.1s v=0.01522 m/s (vx=0.00795 vy=0.00272 vz=0.01269)
[landing_controller-7] [INFO] [1786719638.638496637] [landing_scout_1]: [scout_1] 📏 CALIBSERIES t=4.2s v=0.01541 m/s (vx=0.00833 vy=0.00238 vz=0.01274)
[landing_controller-7] [INFO] [1786719638.718491129] [landing_scout_1]: [scout_1] Landing controller state: FLIGHT
[landing_controller-15] [INFO] [1786719638.790157662] [landing_scout_3]: [scout_3] Landing controller state: FLIGHT
[landing_controller-11] [INFO] [1786719638.822123737] [landing_scout_2]: [scout_2] Landing controller state: FLIGHT
[hopper_locomotion-5] [INFO] [1786719638.965906857] [loco_scout_1]: 3. Separation confirmed (genuine ground clearance) — holding extension for clearance, then slow retract (FLIGHT)
[attitude_controller-6] [INFO] [1786719638.967575913] [attitude_scout_1]: [scout_1] Separation — tilt correction engaged.
[landing_controller-7] [INFO] [1786719640.699704464] [landing_scout_1]: [scout_1] 📏 CALIBSERIES t=6.2s v=0.12780 m/s (vx=0.12512 vy=-0.02420 vz=0.00964)
[landing_controller-7] [INFO] [1786719642.704599673] [landing_scout_1]: [scout_1] 📏 CALIBSERIES t=8.2s v=0.19113 m/s (vx=0.18649 vy=0.04184 vz=0.00016)
[landing_controller-7] [INFO] [1786719643.716829749] [landing_scout_1]: [scout_1] Landing controller state: FLIGHT
[landing_controller-15] [INFO] [1786719643.789671084] [landing_scout_3]: [scout_3] Landing controller state: FLIGHT
[landing_controller-11] [INFO] [1786719643.822696229] [landing_scout_2]: [scout_2] Landing controller state: FLIGHT
[landing_controller-7] [INFO] [1786719644.782617156] [landing_scout_1]: [scout_1] 📏 CALIBSERIES t=10.3s v=0.14147 m/s (vx=0.11983 vy=0.07514 vz=-0.00302)
[landing_controller-7] [INFO] [1786719646.853147466] [landing_scout_1]: [scout_1] 📏 CALIBSERIES t=12.4s v=0.18022 m/s (vx=0.11771 vy=0.13149 vz=-0.03649)
[landing_controller-7] [INFO] [1786719648.715708203] [landing_scout_1]: [scout_1] Landing controller state: FLIGHT
[landing_controller-15] [INFO] [1786719648.789940707] [landing_scout_3]: [scout_3] Landing controller state: FLIGHT
[landing_controller-11] [INFO] [1786719648.821196929] [landing_scout_2]: [scout_2] Landing controller state: FLIGHT
[landing_controller-7] [INFO] [1786719648.858434529] [landing_scout_1]: [scout_1] 📏 CALIBSERIES t=14.4s v=0.19264 m/s (vx=0.12743 vy=0.13843 vz=-0.04134)
[landing_controller-7] [INFO] [1786719650.908146972] [landing_scout_1]: [scout_1] 📏 CALIBSERIES t=16.4s v=0.15311 m/s (vx=0.12570 vy=0.08660 vz=-0.01198)
[landing_controller-7] [INFO] [1786719652.974794603] [landing_scout_1]: [scout_1] 📏 CALIBSERIES t=18.5s v=0.26271 m/s (vx=-0.18997 vy=0.17799 vz=0.03535)
[landing_controller-7] [INFO] [1786719653.715245704] [landing_scout_1]: [scout_1] Landing controller state: FLIGHT
[landing_controller-15] [INFO] [1786719653.789777137] [landing_scout_3]: [scout_3] Landing controller state: FLIGHT
[landing_controller-11] [INFO] [1786719653.821165431] [landing_scout_2]: [scout_2] Landing controller state: FLIGHT
[landing_controller-7] [INFO] [1786719655.042611273] [landing_scout_1]: [scout_1] 📏 CALIBSERIES t=20.6s v=0.23067 m/s (vx=0.02508 vy=0.22850 vz=0.01923)
[landing_controller-7] [INFO] [1786719657.078432072] [landing_scout_1]: [scout_1] 📏 CALIBSERIES t=22.6s v=0.27059 m/s (vx=0.11086 vy=0.24288 vz=-0.04405)
[landing_controller-7] [INFO] [1786719658.715881265] [landing_scout_1]: [scout_1] Landing controller state: FLIGHT
[swarm_manager-3] [INFO] [1786719658.784011304] [swarm_manager_node]: 📍 scout_2 detected high-value spectral anomaly at [11.4, -17.1]!
[landing_controller-15] [INFO] [1786719658.789704172] [landing_scout_3]: [scout_3] Landing controller state: FLIGHT
[landing_controller-11] [INFO] [1786719658.822276902] [landing_scout_2]: [scout_2] Landing controller state: FLIGHT
[landing_controller-7] [INFO] [1786719659.110095002] [landing_scout_1]: [scout_1] 📏 CALIBSERIES t=24.7s v=0.14517 m/s (vx=0.13690 vy=0.03999 vz=-0.02704)
[landing_controller-7] [INFO] [1786719661.174160639] [landing_scout_1]: [scout_1] 📏 CALIBSERIES t=26.7s v=0.17991 m/s (vx=-0.17532 vy=0.03971 vz=0.00733)
[landing_controller-7] [INFO] [1786719663.186181318] [landing_scout_1]: [scout_1] 📏 CALIBSERIES t=28.7s v=0.20212 m/s (vx=-0.03689 vy=0.19601 vz=0.03277)
[landing_controller-7] [INFO] [1786719663.715520563] [landing_scout_1]: [scout_1] Landing controller state: FLIGHT
[landing_controller-15] [INFO] [1786719663.789754703] [landing_scout_3]: [scout_3] Landing controller state: FLIGHT
[landing_controller-11] [INFO] [1786719663.821200484] [landing_scout_2]: [scout_2] Landing controller state: FLIGHT
[landing_controller-7] [INFO] [1786719665.279149139] [landing_scout_1]: [scout_1] 📏 CALIBSERIES t=30.8s v=0.24618 m/s (vx=0.05208 vy=0.24061 vz=-0.00093)
[landing_controller-7] [INFO] [1786719667.330058127] [landing_scout_1]: [scout_1] 📏 CALIBSERIES t=32.9s v=0.27346 m/s (vx=0.12665 vy=0.23677 vz=-0.05177)
[landing_controller-7] [INFO] [1786719668.715298086] [landing_scout_1]: [scout_1] Landing controller state: FLIGHT
[landing_controller-15] [INFO] [1786719668.790052270] [landing_scout_3]: [scout_3] Landing controller state: FLIGHT
[landing_controller-11] [INFO] [1786719668.821167499] [landing_scout_2]: [scout_2] Landing controller state: FLIGHT
[landing_controller-7] [INFO] [1786719669.357720964] [landing_scout_1]: [scout_1] 📏 CALIBSERIES t=34.9s v=0.25854 m/s (vx=0.24682 vy=0.06774 vz=-0.03650)
[landing_controller-7] [INFO] [1786719671.369102599] [landing_scout_1]: [scout_1] 📏 CALIBSERIES t=36.9s v=0.18998 m/s (vx=-0.15814 vy=0.10411 vz=0.01564)
[landing_controller-7] [INFO] [1786719673.402937272] [landing_scout_1]: [scout_1] 📏 CALIBSERIES t=38.9s v=0.21287 m/s (vx=-0.00327 vy=0.21201 vz=0.01880)
[landing_controller-7] [INFO] [1786719673.716194045] [landing_scout_1]: [scout_1] Landing controller state: FLIGHT
[landing_controller-15] [INFO] [1786719673.792014918] [landing_scout_3]: [scout_3] Landing controller state: FLIGHT
[landing_controller-11] [INFO] [1786719673.821283209] [landing_scout_2]: [scout_2] Landing controller state: FLIGHT
[landing_controller-7] [INFO] [1786719675.461531832] [landing_scout_1]: [scout_1] 📏 CALIBSERIES t=41.0s v=0.24810 m/s (vx=0.07239 vy=0.23554 vz=-0.02888)
[landing_controller-7] [INFO] [1786719677.470029694] [landing_scout_1]: [scout_1] 📏 CALIBSERIES t=43.0s v=0.17359 m/s (vx=0.13363 vy=0.10340 vz=-0.03980)
[landing_controller-7] [INFO] [1786719678.715280912] [landing_scout_1]: [scout_1] Landing controller state: FLIGHT
[landing_controller-15] [INFO] [1786719678.789904303] [landing_scout_3]: [scout_3] Landing controller state: FLIGHT
[landing_controller-11] [INFO] [1786719678.821576032] [landing_scout_2]: [scout_2] Landing controller state: FLIGHT
[landing_controller-7] [INFO] [1786719679.527508545] [landing_scout_1]: [scout_1] 📏 CALIBSERIES t=45.1s v=0.25468 m/s (vx=0.25075 vy=0.03368 vz=-0.02917)
[swarm_manager-3] [INFO] [1786719680.782695322] [swarm_manager_node]: 📍 scout_2 detected high-value spectral anomaly at [9.3, -4.3]!
[landing_controller-7] [INFO] [1786719681.613243033] [landing_scout_1]: [scout_1] 📏 CALIBSERIES t=47.2s v=0.21231 m/s (vx=-0.17184 vy=0.12215 vz=0.02499)
[landing_controller-7] [INFO] [1786719683.677273730] [landing_scout_1]: [scout_1] 📏 CALIBSERIES t=49.2s v=0.21519 m/s (vx=-0.00046 vy=0.21389 vz=0.02362)
[landing_controller-7] [INFO] [1786719683.715461340] [landing_scout_1]: [scout_1] Landing controller state: FLIGHT
[landing_controller-15] [INFO] [1786719683.790343501] [landing_scout_3]: [scout_3] Landing controller state: FLIGHT
[landing_controller-11] [INFO] [1786719683.822556081] [landing_scout_2]: [scout_2] Landing controller state: FLIGHT
[swarm_manager-3] [INFO] [1786719684.784299438] [swarm_manager_node]: 📍 scout_2 detected high-value spectral anomaly at [-0.7, -9.2]!
[landing_controller-7] [INFO] [1786719685.691061471] [landing_scout_1]: [scout_1] 📏 CALIBSERIES t=51.2s v=0.25807 m/s (vx=0.09013 vy=0.24009 vz=-0.02891)
[landing_controller-7] [INFO] [1786719687.768565454] [landing_scout_1]: [scout_1] 📏 CALIBSERIES t=53.3s v=0.14582 m/s (vx=0.11841 vy=0.07596 vz=-0.03835)
[landing_controller-7] [INFO] [1786719688.715286542] [landing_scout_1]: [scout_1] Landing controller state: FLIGHT
[landing_controller-15] [INFO] [1786719688.791180846] [landing_scout_3]: [scout_3] Landing controller state: FLIGHT
[landing_controller-11] [INFO] [1786719688.823450142] [landing_scout_2]: [scout_2] Landing controller state: FLIGHT
[landing_controller-7] [INFO] [1786719689.808466844] [landing_scout_1]: [scout_1] 📏 CALIBSERIES t=55.3s v=0.09680 m/s (vx=-0.08917 vy=0.03153 vz=-0.02060)
[swarm_manager-3] [INFO] [1786719690.782801960] [swarm_manager_node]: 📍 scout_2 detected high-value spectral anomaly at [-2.5, -7.8]!
[landing_controller-7] [INFO] [1786719691.893881566] [landing_scout_1]: [scout_1] 📏 CALIBSERIES t=57.4s v=0.21635 m/s (vx=-0.07946 vy=0.19935 vz=0.02744)
[landing_controller-7] [INFO] [1786719693.715338776] [landing_scout_1]: [scout_1] Landing controller state: FLIGHT
[landing_controller-15] [INFO] [1786719693.789847027] [landing_scout_3]: [scout_3] Landing controller state: FLIGHT
[landing_controller-11] [INFO] [1786719693.822631822] [landing_scout_2]: [scout_2] Landing controller state: FLIGHT
[landing_controller-7] [INFO] [1786719693.953954056] [landing_scout_1]: [scout_1] 📏 CALIBSERIES t=59.5s v=0.23233 m/s (vx=0.04099 vy=0.22867 vz=0.00237)
[landing_controller-7] [INFO] [1786719696.026087059] [landing_scout_1]: [scout_1] 📏 CALIBSERIES t=61.6s v=0.27713 m/s (vx=0.10476 vy=0.25096 vz=-0.05335)
[swarm_manager-3] [INFO] [1786719696.782734159] [swarm_manager_node]: 📍 scout_2 detected high-value spectral anomaly at [10.2, -13.5]!
[landing_controller-7] [INFO] [1786719698.076483085] [landing_scout_1]: [scout_1] 📏 CALIBSERIES t=63.6s v=0.17947 m/s (vx=0.16858 vy=0.05827 vz=-0.01990)
[landing_controller-7] [INFO] [1786719698.715381207] [landing_scout_1]: [scout_1] Landing controller state: FLIGHT
[landing_controller-15] [INFO] [1786719698.793921523] [landing_scout_3]: [scout_3] Landing controller state: FLIGHT
[landing_controller-11] [INFO] [1786719698.821221993] [landing_scout_2]: [scout_2] Landing controller state: FLIGHT
[landing_controller-7] [INFO] [1786719700.104663089] [landing_scout_1]: [scout_1] 📏 CALIBSERIES t=65.6s v=0.19179 m/s (vx=-0.17570 vy=0.07482 vz=0.01773)
[swarm_manager-3] [INFO] [1786719700.783864419] [swarm_manager_node]: 📍 scout_2 detected high-value spectral anomaly at [3.7, -17.3]!
[landing_controller-7] [INFO] [1786719702.181486007] [landing_scout_1]: [scout_1] 📏 CALIBSERIES t=67.7s v=0.20067 m/s (vx=-0.02291 vy=0.19661 vz=0.03296)
[landing_controller-7] [INFO] [1786719703.715180349] [landing_scout_1]: [scout_1] Landing controller state: FLIGHT
[landing_controller-15] [INFO] [1786719703.789428320] [landing_scout_3]: [scout_3] Landing controller state: FLIGHT
[landing_controller-11] [INFO] [1786719703.821179128] [landing_scout_2]: [scout_2] Landing controller state: FLIGHT
[landing_controller-7] [INFO] [1786719704.187108563] [landing_scout_1]: [scout_1] 📏 CALIBSERIES t=69.7s v=0.25289 m/s (vx=0.06980 vy=0.24291 vz=-0.00866)
[landing_controller-7] [INFO] [1786719706.232831858] [landing_scout_1]: [scout_1] 📏 CALIBSERIES t=71.8s v=0.23516 m/s (vx=0.12469 vy=0.19357 vz=-0.04778)
[landing_controller-7] [INFO] [1786719708.291125364] [landing_scout_1]: [scout_1] 📏 CALIBSERIES t=73.8s v=0.23051 m/s (vx=0.22340 vy=0.05378 vz=-0.01829)
[landing_controller-7] [INFO] [1786719708.717454755] [landing_scout_1]: [scout_1] Landing controller state: FLIGHT
[landing_controller-15] [INFO] [1786719708.789513361] [landing_scout_3]: [scout_3] Landing controller state: FLIGHT
[landing_controller-11] [INFO] [1786719708.822066506] [landing_scout_2]: [scout_2] Landing controller state: FLIGHT
[landing_controller-7] [INFO] [1786719710.329178853] [landing_scout_1]: [scout_1] 📏 CALIBSERIES t=75.9s v=0.22450 m/s (vx=-0.16941 vy=0.14432 vz=0.02957)
[landing_controller-7] [INFO] [1786719712.421016259] [landing_scout_1]: [scout_1] 📏 CALIBSERIES t=78.0s v=0.22281 m/s (vx=0.00955 vy=0.22138 vz=0.02331)
[landing_controller-7] [INFO] [1786719713.716921442] [landing_scout_1]: [scout_1] Landing controller state: FLIGHT
[landing_controller-15] [INFO] [1786719713.790484920] [landing_scout_3]: [scout_3] Landing controller state: FLIGHT
[landing_controller-11] [INFO] [1786719713.821188679] [landing_scout_2]: [scout_2] Landing controller state: FLIGHT
[landing_controller-7] [INFO] [1786719714.434537190] [landing_scout_1]: [scout_1] 📏 CALIBSERIES t=80.0s v=0.26051 m/s (vx=0.08785 vy=0.24305 vz=-0.03283)
[landing_controller-7] [INFO] [1786719716.459487409] [landing_scout_1]: [scout_1] 📏 CALIBSERIES t=82.0s v=0.15416 m/s (vx=0.13479 vy=0.06726 vz=-0.03277)
[swarm_manager-3] [INFO] [1786719716.782714372] [swarm_manager_node]: 📍 scout_2 detected high-value spectral anomaly at [3.3, -12.2]!
[landing_controller-7] [INFO] [1786719718.507989562] [landing_scout_1]: [scout_1] 📏 CALIBSERIES t=84.0s v=0.07924 m/s (vx=-0.07778 vy=0.00664 vz=-0.01362)
[landing_controller-7] [INFO] [1786719718.715263221] [landing_scout_1]: [scout_1] Landing controller state: FLIGHT
[landing_controller-15] [INFO] [1786719718.789460444] [landing_scout_3]: [scout_3] Landing controller state: FLIGHT
[landing_controller-11] [INFO] [1786719718.821058870] [landing_scout_2]: [scout_2] Landing controller state: FLIGHT
[landing_controller-7] [INFO] [1786719720.535651406] [landing_scout_1]: [scout_1] 📏 CALIBSERIES t=86.1s v=0.20901 m/s (vx=-0.07113 vy=0.19417 vz=0.03042)
[swarm_manager-3] [INFO] [1786719720.783538295] [swarm_manager_node]: 📍 scout_2 detected high-value spectral anomaly at [13.9, -15.2]!
[landing_controller-7] [INFO] [1786719722.624599143] [landing_scout_1]: [scout_1] 📏 CALIBSERIES t=88.2s v=0.23168 m/s (vx=0.03748 vy=0.22848 vz=0.00824)
[landing_controller-7] [INFO] [1786719723.715306061] [landing_scout_1]: [scout_1] Landing controller state: FLIGHT
[landing_controller-15] [INFO] [1786719723.789458245] [landing_scout_3]: [scout_3] Landing controller state: FLIGHT
[landing_controller-11] [INFO] [1786719723.821912017] [landing_scout_2]: [scout_2] Landing controller state: FLIGHT
[landing_controller-7] [WARN] [1786719724.514638565] [landing_scout_1]: [scout_1] 📏 CALIBTIMEOUT t=90.1s -- never stabilized within 90s (last v=0.26697 m/s) -- likely tumbling/terrain-snagged launch, discard from calibration
[landing_controller-7] [INFO] [1786719728.715319716] [landing_scout_1]: [scout_1] Landing controller state: FLIGHT
[landing_controller-15] [INFO] [1786719728.790570787] [landing_scout_3]: [scout_3] Landing controller state: FLIGHT
[landing_controller-11] [INFO] [1786719728.822309251] [landing_scout_2]: [scout_2] Landing controller state: FLIGHT
[landing_controller-7] [INFO] [1786719733.715154233] [landing_scout_1]: [scout_1] Landing controller state: FLIGHT
[landing_controller-15] [INFO] [1786719733.790327928] [landing_scout_3]: [scout_3] Landing controller state: FLIGHT
[landing_controller-11] [INFO] [1786719733.821141492] [landing_scout_2]: [scout_2] Landing controller state: FLIGHT
[landing_controller-7] [INFO] [1786719735.067865350] [landing_scout_1]: [scout_1] 🎯 Contact detected! accel=0.7594 m/s² → hands-off settle (no posture commands at contact)
[attitude_controller-6] [INFO] [1786719735.366563598] [attitude_scout_1]: [scout_1] Contact — commanded-flight latch cleared (full attitude PD locked out until next ignition).
[landing_controller-7] [INFO] [1786719736.147243178] [landing_scout_1]: [scout_1] ⚠️ Bounce detected (v=0.1264 m/s) → back to FLIGHT
[landing_controller-7] [INFO] [1786719738.715319515] [landing_scout_1]: [scout_1] Landing controller state: FLIGHT
[landing_controller-15] [INFO] [1786719738.790920296] [landing_scout_3]: [scout_3] Landing controller state: FLIGHT
[landing_controller-11] [INFO] [1786719738.820981117] [landing_scout_2]: [scout_2] Landing controller state: FLIGHT
[swarm_manager-3] [INFO] [1786719742.783016140] [swarm_manager_node]: 📍 scout_2 detected high-value spectral anomaly at [1.8, -10.3]!
[landing_controller-7] [INFO] [1786719743.715588573] [landing_scout_1]: [scout_1] Landing controller state: FLIGHT
[landing_controller-15] [INFO] [1786719743.789534969] [landing_scout_3]: [scout_3] Landing controller state: FLIGHT
[landing_controller-11] [INFO] [1786719743.821190473] [landing_scout_2]: [scout_2] Landing controller state: FLIGHT
[landing_controller-7] [INFO] [1786719748.715280174] [landing_scout_1]: [scout_1] Landing controller state: FLIGHT
[landing_controller-15] [INFO] [1786719748.789937279] [landing_scout_3]: [scout_3] Landing controller state: FLIGHT
[landing_controller-11] [INFO] [1786719748.821325924] [landing_scout_2]: [scout_2] Landing controller state: FLIGHT
[landing_controller-7] [INFO] [1786719753.715111647] [landing_scout_1]: [scout_1] Landing controller state: FLIGHT
[landing_controller-15] [INFO] [1786719753.790173699] [landing_scout_3]: [scout_3] Landing controller state: FLIGHT
[landing_controller-11] [INFO] [1786719753.821199872] [landing_scout_2]: [scout_2] Landing controller state: FLIGHT
[landing_controller-7] [INFO] [1786719758.716117265] [landing_scout_1]: [scout_1] Landing controller state: FLIGHT
[landing_controller-15] [INFO] [1786719758.789634721] [landing_scout_3]: [scout_3] Landing controller state: FLIGHT
[landing_controller-11] [INFO] [1786719758.821237924] [landing_scout_2]: [scout_2] Landing controller state: FLIGHT
[landing_controller-7] [INFO] [1786719763.715241197] [landing_scout_1]: [scout_1] Landing controller state: FLIGHT
[landing_controller-15] [INFO] [1786719763.789883101] [landing_scout_3]: [scout_3] Landing controller state: FLIGHT
[landing_controller-11] [INFO] [1786719763.821517666] [landing_scout_2]: [scout_2] Landing controller state: FLIGHT
[landing_controller-7] [INFO] [1786719768.716004265] [landing_scout_1]: [scout_1] Landing controller state: FLIGHT
[landing_controller-15] [INFO] [1786719768.792525529] [landing_scout_3]: [scout_3] Landing controller state: FLIGHT
[landing_controller-11] [INFO] [1786719768.821025283] [landing_scout_2]: [scout_2] Landing controller state: FLIGHT
[landing_controller-7] [INFO] [1786719773.715460009] [landing_scout_1]: [scout_1] Landing controller state: FLIGHT
[landing_controller-15] [INFO] [1786719773.790065402] [landing_scout_3]: [scout_3] Landing controller state: FLIGHT
[landing_controller-11] [INFO] [1786719773.821958176] [landing_scout_2]: [scout_2] Landing controller state: FLIGHT
[landing_controller-7] [INFO] [1786719778.715333848] [landing_scout_1]: [scout_1] Landing controller state: FLIGHT
[landing_controller-15] [INFO] [1786719778.790428904] [landing_scout_3]: [scout_3] Landing controller state: FLIGHT
[landing_controller-11] [INFO] [1786719778.821522839] [landing_scout_2]: [scout_2] Landing controller state: FLIGHT
[landing_controller-7] [INFO] [1786719783.715488120] [landing_scout_1]: [scout_1] Landing controller state: FLIGHT
[landing_controller-15] [INFO] [1786719783.790192074] [landing_scout_3]: [scout_3] Landing controller state: FLIGHT
[landing_controller-11] [INFO] [1786719783.820991981] [landing_scout_2]: [scout_2] Landing controller state: FLIGHT
[landing_controller-7] [INFO] [1786719788.716999978] [landing_scout_1]: [scout_1] Landing controller state: FLIGHT
[landing_controller-15] [INFO] [1786719788.789506530] [landing_scout_3]: [scout_3] Landing controller state: FLIGHT
[landing_controller-11] [INFO] [1786719788.821246991] [landing_scout_2]: [scout_2] Landing controller state: FLIGHT
[swarm_manager-3] [INFO] [1786719790.782663928] [swarm_manager_node]: 📍 scout_2 detected high-value spectral anomaly at [11.6, -10.7]!
[swarm_manager-3] [INFO] [1786719792.782900637] [swarm_manager_node]: 📍 scout_2 detected high-value spectral anomaly at [2.8, 0.4]!
[landing_controller-7] [INFO] [1786719793.715818707] [landing_scout_1]: [scout_1] Landing controller state: FLIGHT
[landing_controller-15] [INFO] [1786719793.792677971] [landing_scout_3]: [scout_3] Landing controller state: FLIGHT
[landing_controller-11] [INFO] [1786719793.821743382] [landing_scout_2]: [scout_2] Landing controller state: FLIGHT
[landing_controller-7] [INFO] [1786719798.715267338] [landing_scout_1]: [scout_1] Landing controller state: FLIGHT
[landing_controller-15] [INFO] [1786719798.789548566] [landing_scout_3]: [scout_3] Landing controller state: FLIGHT
[landing_controller-11] [INFO] [1786719798.821237001] [landing_scout_2]: [scout_2] Landing controller state: FLIGHT
[landing_controller-7] [INFO] [1786719803.715187957] [landing_scout_1]: [scout_1] Landing controller state: FLIGHT
[landing_controller-15] [INFO] [1786719803.789360380] [landing_scout_3]: [scout_3] Landing controller state: FLIGHT
[landing_controller-11] [INFO] [1786719803.821704835] [landing_scout_2]: [scout_2] Landing controller state: FLIGHT
[landing_controller-7] [INFO] [1786719808.715392406] [landing_scout_1]: [scout_1] Landing controller state: FLIGHT
[landing_controller-15] [INFO] [1786719808.789702214] [landing_scout_3]: [scout_3] Landing controller state: FLIGHT
[landing_controller-11] [INFO] [1786719808.820923069] [landing_scout_2]: [scout_2] Landing controller state: FLIGHT
[landing_controller-7] [INFO] [1786719813.715232068] [landing_scout_1]: [scout_1] Landing controller state: FLIGHT
[landing_controller-15] [INFO] [1786719813.790682038] [landing_scout_3]: [scout_3] Landing controller state: FLIGHT
[landing_controller-11] [INFO] [1786719813.821149520] [landing_scout_2]: [scout_2] Landing controller state: FLIGHT
[landing_controller-7] [INFO] [1786719818.715061100] [landing_scout_1]: [scout_1] Landing controller state: FLIGHT
[landing_controller-15] [INFO] [1786719818.789393620] [landing_scout_3]: [scout_3] Landing controller state: FLIGHT
[landing_controller-11] [INFO] [1786719818.821014880] [landing_scout_2]: [scout_2] Landing controller state: FLIGHT
[swarm_manager-3] [INFO] [1786719820.782783980] [swarm_manager_node]: 📍 scout_2 detected high-value spectral anomaly at [-1.5, -9.8]!
[landing_controller-7] [INFO] [1786719823.715472102] [landing_scout_1]: [scout_1] Landing controller state: FLIGHT
[landing_controller-15] [INFO] [1786719823.789506896] [landing_scout_3]: [scout_3] Landing controller state: FLIGHT
[landing_controller-11] [INFO] [1786719823.821138775] [landing_scout_2]: [scout_2] Landing controller state: FLIGHT
[swarm_manager-3] [INFO] [1786719824.782752742] [swarm_manager_node]: 📍 scout_2 detected high-value spectral anomaly at [9.0, -7.1]!
[landing_controller-7] [INFO] [1786719828.715144302] [landing_scout_1]: [scout_1] Landing controller state: FLIGHT
[landing_controller-15] [INFO] [1786719828.791188432] [landing_scout_3]: [scout_3] Landing controller state: FLIGHT
[landing_controller-11] [INFO] [1786719828.820971410] [landing_scout_2]: [scout_2] Landing controller state: FLIGHT
[landing_controller-7] [INFO] [1786719833.715747877] [landing_scout_1]: [scout_1] Landing controller state: FLIGHT
[landing_controller-15] [INFO] [1786719833.789586781] [landing_scout_3]: [scout_3] Landing controller state: FLIGHT
[landing_controller-11] [INFO] [1786719833.821473236] [landing_scout_2]: [scout_2] Landing controller state: FLIGHT
[landing_controller-7] [INFO] [1786719838.715631848] [landing_scout_1]: [scout_1] Landing controller state: FLIGHT
[swarm_manager-3] [INFO] [1786719838.782867140] [swarm_manager_node]: 📍 scout_2 detected high-value spectral anomaly at [12.2, -13.7]!
[landing_controller-15] [INFO] [1786719838.789452041] [landing_scout_3]: [scout_3] Landing controller state: FLIGHT
[landing_controller-11] [INFO] [1786719838.821482582] [landing_scout_2]: [scout_2] Landing controller state: FLIGHT
[landing_controller-7] [INFO] [1786719843.715479606] [landing_scout_1]: [scout_1] Landing controller state: FLIGHT
[landing_controller-15] [INFO] [1786719843.789774306] [landing_scout_3]: [scout_3] Landing controller state: FLIGHT
[landing_controller-11] [INFO] [1786719843.821106089] [landing_scout_2]: [scout_2] Landing controller state: FLIGHT
[landing_controller-7] [INFO] [1786719848.715424403] [landing_scout_1]: [scout_1] Landing controller state: FLIGHT
[landing_controller-15] [INFO] [1786719848.789580475] [landing_scout_3]: [scout_3] Landing controller state: FLIGHT
[landing_controller-11] [INFO] [1786719848.822342119] [landing_scout_2]: [scout_2] Landing controller state: FLIGHT
[landing_controller-7] [INFO] [1786719853.716136501] [landing_scout_1]: [scout_1] Landing controller state: FLIGHT
[landing_controller-15] [INFO] [1786719853.791620470] [landing_scout_3]: [scout_3] Landing controller state: FLIGHT
[landing_controller-11] [INFO] [1786719853.821127519] [landing_scout_2]: [scout_2] Landing controller state: FLIGHT
[landing_controller-7] [INFO] [1786719858.716465961] [landing_scout_1]: [scout_1] Landing controller state: FLIGHT
[landing_controller-15] [INFO] [1786719858.789796104] [landing_scout_3]: [scout_3] Landing controller state: FLIGHT
[landing_controller-11] [INFO] [1786719858.822844173] [landing_scout_2]: [scout_2] Landing controller state: FLIGHT
[landing_controller-7] [INFO] [1786719863.716827844] [landing_scout_1]: [scout_1] Landing controller state: FLIGHT
[landing_controller-15] [INFO] [1786719863.789845734] [landing_scout_3]: [scout_3] Landing controller state: FLIGHT
[landing_controller-11] [INFO] [1786719863.820921700] [landing_scout_2]: [scout_2] Landing controller state: FLIGHT
[landing_controller-7] [INFO] [1786719868.715239564] [landing_scout_1]: [scout_1] Landing controller state: FLIGHT
[landing_controller-15] [INFO] [1786719868.789537720] [landing_scout_3]: [scout_3] Landing controller state: FLIGHT
[landing_controller-11] [INFO] [1786719868.822442759] [landing_scout_2]: [scout_2] Landing controller state: FLIGHT
[swarm_manager-3] [INFO] [1786719870.782619493] [swarm_manager_node]: 📍 scout_2 detected high-value spectral anomaly at [9.6, -22.0]!
[landing_controller-7] [INFO] [1786719873.715552859] [landing_scout_1]: [scout_1] Landing controller state: FLIGHT
[landing_controller-15] [INFO] [1786719873.789560481] [landing_scout_3]: [scout_3] Landing controller state: FLIGHT
[landing_controller-11] [INFO] [1786719873.821069259] [landing_scout_2]: [scout_2] Landing controller state: FLIGHT
[swarm_manager-3] [INFO] [1786719874.783131693] [swarm_manager_node]: 📍 scout_2 detected high-value spectral anomaly at [10.0, -9.0]!
[swarm_manager-3] [INFO] [1786719876.783983220] [swarm_manager_node]: 📍 scout_2 detected high-value spectral anomaly at [16.0, -11.7]!
[landing_controller-7] [INFO] [1786719878.715512902] [landing_scout_1]: [scout_1] Landing controller state: FLIGHT
[landing_controller-15] [INFO] [1786719878.789720206] [landing_scout_3]: [scout_3] Landing controller state: FLIGHT
[landing_controller-11] [INFO] [1786719878.821283392] [landing_scout_2]: [scout_2] Landing controller state: FLIGHT
[swarm_manager-3] [INFO] [1786719880.782726748] [swarm_manager_node]: 📍 scout_2 detected high-value spectral anomaly at [5.1, -20.3]!
[landing_controller-7] [INFO] [1786719883.715422240] [landing_scout_1]: [scout_1] Landing controller state: FLIGHT
[landing_controller-15] [INFO] [1786719883.789639398] [landing_scout_3]: [scout_3] Landing controller state: FLIGHT
[landing_controller-11] [INFO] [1786719883.822318998] [landing_scout_2]: [scout_2] Landing controller state: FLIGHT
[landing_controller-7] [INFO] [1786719888.715454146] [landing_scout_1]: [scout_1] Landing controller state: FLIGHT
[landing_controller-15] [INFO] [1786719888.789687374] [landing_scout_3]: [scout_3] Landing controller state: FLIGHT
[landing_controller-11] [INFO] [1786719888.821206355] [landing_scout_2]: [scout_2] Landing controller state: FLIGHT
[swarm_manager-3] [INFO] [1786719892.784484482] [swarm_manager_node]: 📍 scout_2 detected high-value spectral anomaly at [3.0, -9.1]!
[landing_controller-7] [INFO] [1786719893.715327015] [landing_scout_1]: [scout_1] Landing controller state: FLIGHT
[landing_controller-15] [INFO] [1786719893.789729265] [landing_scout_3]: [scout_3] Landing controller state: FLIGHT
[landing_controller-11] [INFO] [1786719893.821452535] [landing_scout_2]: [scout_2] Landing controller state: FLIGHT
[landing_controller-7] [INFO] [1786719898.717946728] [landing_scout_1]: [scout_1] Landing controller state: FLIGHT
[swarm_manager-3] [INFO] [1786719898.782731640] [swarm_manager_node]: 📍 scout_2 detected high-value spectral anomaly at [-0.2, -7.1]!
[landing_controller-15] [INFO] [1786719898.791772235] [landing_scout_3]: [scout_3] Landing controller state: FLIGHT
[landing_controller-11] [INFO] [1786719898.821489039] [landing_scout_2]: [scout_2] Landing controller state: FLIGHT
[swarm_manager-3] [INFO] [1786719902.782671804] [swarm_manager_node]: 📍 scout_2 detected high-value spectral anomaly at [-2.7, -5.3]!
[landing_controller-7] [INFO] [1786719903.715572219] [landing_scout_1]: [scout_1] Landing controller state: FLIGHT
[landing_controller-15] [INFO] [1786719903.790124500] [landing_scout_3]: [scout_3] Landing controller state: FLIGHT
[landing_controller-11] [INFO] [1786719903.822337990] [landing_scout_2]: [scout_2] Landing controller state: FLIGHT
[landing_controller-7] [INFO] [1786719908.715195848] [landing_scout_1]: [scout_1] Landing controller state: FLIGHT
[landing_controller-15] [INFO] [1786719908.791086572] [landing_scout_3]: [scout_3] Landing controller state: FLIGHT
[landing_controller-11] [INFO] [1786719908.822286110] [landing_scout_2]: [scout_2] Landing controller state: FLIGHT
[landing_controller-7] [INFO] [1786719913.715521986] [landing_scout_1]: [scout_1] Landing controller state: FLIGHT
[landing_controller-15] [INFO] [1786719913.789601523] [landing_scout_3]: [scout_3] Landing controller state: FLIGHT
[landing_controller-11] [INFO] [1786719913.821188334] [landing_scout_2]: [scout_2] Landing controller state: FLIGHT
[landing_controller-7] [INFO] [1786719918.715566777] [landing_scout_1]: [scout_1] Landing controller state: FLIGHT
[landing_controller-15] [INFO] [1786719918.790733468] [landing_scout_3]: [scout_3] Landing controller state: FLIGHT
[landing_controller-11] [INFO] [1786719918.825635225] [landing_scout_2]: [scout_2] Landing controller state: FLIGHT
[swarm_manager-3] [INFO] [1786719920.782857173] [swarm_manager_node]: 📍 scout_2 detected high-value spectral anomaly at [13.9, -8.6]!
[swarm_manager-3] [INFO] [1786719922.782980206] [swarm_manager_node]: 📍 scout_2 detected high-value spectral anomaly at [14.2, -10.5]!
[landing_controller-7] [INFO] [1786719923.715126488] [landing_scout_1]: [scout_1] Landing controller state: FLIGHT
[landing_controller-15] [INFO] [1786719923.789455440] [landing_scout_3]: [scout_3] Landing controller state: FLIGHT
[landing_controller-11] [INFO] [1786719923.821107766] [landing_scout_2]: [scout_2] Landing controller state: FLIGHT
[landing_controller-7] [INFO] [1786719928.715355314] [landing_scout_1]: [scout_1] Landing controller state: FLIGHT
[swarm_manager-3] [INFO] [1786719928.782645392] [swarm_manager_node]: 📍 scout_2 detected high-value spectral anomaly at [7.6, -8.0]!
[landing_controller-15] [INFO] [1786719928.789537325] [landing_scout_3]: [scout_3] Landing controller state: FLIGHT
[landing_controller-11] [INFO] [1786719928.821249228] [landing_scout_2]: [scout_2] Landing controller state: FLIGHT
[landing_controller-7] [INFO] [1786719933.715220368] [landing_scout_1]: [scout_1] Landing controller state: FLIGHT
[landing_controller-15] [INFO] [1786719933.789511476] [landing_scout_3]: [scout_3] Landing controller state: FLIGHT
[landing_controller-11] [INFO] [1786719933.821073642] [landing_scout_2]: [scout_2] Landing controller state: FLIGHT
[landing_controller-7] [INFO] [1786719938.715100395] [landing_scout_1]: [scout_1] Landing controller state: FLIGHT
[landing_controller-15] [INFO] [1786719938.789734220] [landing_scout_3]: [scout_3] Landing controller state: FLIGHT
[landing_controller-11] [INFO] [1786719938.820978681] [landing_scout_2]: [scout_2] Landing controller state: FLIGHT
[landing_controller-7] [INFO] [1786719943.716071366] [landing_scout_1]: [scout_1] Landing controller state: FLIGHT
[landing_controller-15] [INFO] [1786719943.793462180] [landing_scout_3]: [scout_3] Landing controller state: FLIGHT
[landing_controller-11] [INFO] [1786719943.821161292] [landing_scout_2]: [scout_2] Landing controller state: FLIGHT
[landing_controller-7] [INFO] [1786719948.717955881] [landing_scout_1]: [scout_1] Landing controller state: FLIGHT
[landing_controller-15] [INFO] [1786719948.789595553] [landing_scout_3]: [scout_3] Landing controller state: FLIGHT
[landing_controller-11] [INFO] [1786719948.821209478] [landing_scout_2]: [scout_2] Landing controller state: FLIGHT
[landing_controller-7] [INFO] [1786719953.715407727] [landing_scout_1]: [scout_1] Landing controller state: FLIGHT
[landing_controller-15] [INFO] [1786719953.789519017] [landing_scout_3]: [scout_3] Landing controller state: FLIGHT
[landing_controller-11] [INFO] [1786719953.821179529] [landing_scout_2]: [scout_2] Landing controller state: FLIGHT
[swarm_manager-3] [INFO] [1786719954.782843886] [swarm_manager_node]: 📍 scout_2 detected high-value spectral anomaly at [-2.0, -20.9]!
[landing_controller-15] [INFO] [1786719954.923109172] [landing_scout_3]: [scout_3] 🎯 Altitude static (±2 cm for 60 s) — grounded without an impact spike, settling in place
[landing_controller-15] [INFO] [1786719956.127209554] [landing_scout_3]: [scout_3] ✅ LANDED — stable contact confirmed
[attitude_controller-14] [INFO] [1786719956.129725237] [attitude_scout_3]: [scout_3] Landed — tilt correction stopped, yaw-hold pinned to current heading.
[swarm_manager-3] [INFO] [1786719956.129720907] [swarm_manager_node]: 🧭 scout_3 heading calibration: measured offset 177°, bias now -106°
[attitude_controller-14] [INFO] [1786719956.131836259] [attitude_scout_3]: [scout_3] Landed — tilt correction stopped, yaw-hold pinned to current heading.
[attitude_controller-14] [INFO] [1786719956.133120989] [attitude_scout_3]: [scout_3] Landed — tilt correction stopped, yaw-hold pinned to current heading.
[attitude_controller-14] [INFO] [1786719956.190520454] [attitude_scout_3]: [scout_3] Landed — tilt correction stopped, yaw-hold pinned to current heading.
[attitude_controller-14] [INFO] [1786719956.212035405] [attitude_scout_3]: [scout_3] Landed — tilt correction stopped, yaw-hold pinned to current heading.
[attitude_controller-14] [INFO] [1786719956.234104827] [attitude_scout_3]: [scout_3] Landed — tilt correction stopped, yaw-hold pinned to current heading.
[attitude_controller-14] [INFO] [1786719956.255070966] [attitude_scout_3]: [scout_3] Landed — tilt correction stopped, yaw-hold pinned to current heading.
[attitude_controller-14] [INFO] [1786719956.277117689] [attitude_scout_3]: [scout_3] Landed — tilt correction stopped, yaw-hold pinned to current heading.
[attitude_controller-14] [INFO] [1786719956.304153453] [attitude_scout_3]: [scout_3] Landed — tilt correction stopped, yaw-hold pinned to current heading.
[attitude_controller-14] [INFO] [1786719956.327420233] [attitude_scout_3]: [scout_3] Landed — tilt correction stopped, yaw-hold pinned to current heading.
[attitude_controller-14] [INFO] [1786719956.349473731] [attitude_scout_3]: [scout_3] Landed — tilt correction stopped, yaw-hold pinned to current heading.
[attitude_controller-14] [INFO] [1786719956.352199147] [attitude_scout_3]: [scout_3] Landed — tilt correction stopped, yaw-hold pinned to current heading.
[attitude_controller-14] [INFO] [1786719956.354985813] [attitude_scout_3]: [scout_3] Landed — tilt correction stopped, yaw-hold pinned to current heading.
[attitude_controller-14] [INFO] [1786719956.356620588] [attitude_scout_3]: [scout_3] Landed — tilt correction stopped, yaw-hold pinned to current heading.
[attitude_controller-14] [INFO] [1786719956.359296347] [attitude_scout_3]: [scout_3] Landed — tilt correction stopped, yaw-hold pinned to current heading.
[attitude_controller-14] [INFO] [1786719956.548906099] [attitude_scout_3]: [scout_3] Landed — tilt correction stopped, yaw-hold pinned to current heading.
[attitude_controller-14] [INFO] [1786719956.551482055] [attitude_scout_3]: [scout_3] Landed — tilt correction stopped, yaw-hold pinned to current heading.
[attitude_controller-14] [INFO] [1786719956.553101394] [attitude_scout_3]: [scout_3] Landed — tilt correction stopped, yaw-hold pinned to current heading.
[hopper_locomotion-13] [INFO] [1786719956.600517329] [loco_scout_3]: [scout_3] Landing controller reported LANDED. Settling to IDLE.
[attitude_controller-14] [INFO] [1786719956.605640046] [attitude_scout_3]: [scout_3] Landed — tilt correction stopped, yaw-hold pinned to current heading.
[attitude_controller-14] [INFO] [1786719956.627981360] [attitude_scout_3]: [scout_3] Landed — tilt correction stopped, yaw-hold pinned to current heading.
[attitude_controller-14] [INFO] [1786719956.650824273] [attitude_scout_3]: [scout_3] Landed — tilt correction stopped, yaw-hold pinned to current heading.
[swarm_manager-3] [INFO] [1786719956.782943558] [swarm_manager_node]: 🔁 scout_3 corrective re-hop 1/5 (5.6m short of target).
[attitude_controller-14] [INFO] [1786719956.799479386] [attitude_scout_3]: [scout_3] Landed — tilt correction stopped, yaw-hold pinned to current heading.
[attitude_controller-14] [INFO] [1786719956.823702503] [attitude_scout_3]: [scout_3] Landed — tilt correction stopped, yaw-hold pinned to current heading.
[attitude_controller-14] [INFO] [1786719956.850300292] [attitude_scout_3]: [scout_3] Landed — tilt correction stopped, yaw-hold pinned to current heading.
[attitude_controller-14] [INFO] [1786719956.851871022] [attitude_scout_3]: [scout_3] Landed — tilt correction stopped, yaw-hold pinned to current heading.
[attitude_controller-14] [INFO] [1786719956.853268546] [attitude_scout_3]: [scout_3] Landed — tilt correction stopped, yaw-hold pinned to current heading.
[attitude_controller-14] [INFO] [1786719956.898789967] [attitude_scout_3]: [scout_3] Landed — tilt correction stopped, yaw-hold pinned to current heading.
[attitude_controller-14] [INFO] [1786719956.926123953] [attitude_scout_3]: [scout_3] Landed — tilt correction stopped, yaw-hold pinned to current heading.
[attitude_controller-14] [INFO] [1786719956.928143064] [attitude_scout_3]: [scout_3] New target yaw received: 1.85 rad
[attitude_controller-14] [INFO] [1786719956.956612181] [attitude_scout_3]: [scout_3] Landed — tilt correction stopped, yaw-hold pinned to current heading.
[attitude_controller-14] [INFO] [1786719956.980307717] [attitude_scout_3]: [scout_3] Landed — tilt correction stopped, yaw-hold pinned to current heading.
[attitude_controller-14] [INFO] [1786719957.010159970] [attitude_scout_3]: [scout_3] Landed — tilt correction stopped, yaw-hold pinned to current heading.
[attitude_controller-14] [INFO] [1786719957.042265372] [attitude_scout_3]: [scout_3] Landed — tilt correction stopped, yaw-hold pinned to current heading.
[attitude_controller-14] [INFO] [1786719957.047905963] [attitude_scout_3]: [scout_3] Landed — tilt correction stopped, yaw-hold pinned to current heading.
[attitude_controller-14] [INFO] [1786719957.050248020] [attitude_scout_3]: [scout_3] Landed — tilt correction stopped, yaw-hold pinned to current heading.
[attitude_controller-14] [INFO] [1786719957.051602591] [attitude_scout_3]: [scout_3] Landed — tilt correction stopped, yaw-hold pinned to current heading.
[attitude_controller-14] [INFO] [1786719957.053075823] [attitude_scout_3]: [scout_3] Landed — tilt correction stopped, yaw-hold pinned to current heading.
[attitude_controller-14] [INFO] [1786719957.054352451] [attitude_scout_3]: [scout_3] Landed — tilt correction stopped, yaw-hold pinned to current heading.
[attitude_controller-14] [INFO] [1786719957.056715461] [attitude_scout_3]: [scout_3] Landed — tilt correction stopped, yaw-hold pinned to current heading.
[attitude_controller-14] [INFO] [1786719957.128123479] [attitude_scout_3]: [scout_3] Landed — tilt correction stopped, yaw-hold pinned to current heading.
[attitude_controller-14] [INFO] [1786719957.153778831] [attitude_scout_3]: [scout_3] Landed — tilt correction stopped, yaw-hold pinned to current heading.
[attitude_controller-14] [INFO] [1786719957.232177121] [attitude_scout_3]: [scout_3] Landed — tilt correction stopped, yaw-hold pinned to current heading.
[attitude_controller-14] [INFO] [1786719957.262083083] [attitude_scout_3]: [scout_3] Landed — tilt correction stopped, yaw-hold pinned to current heading.
[hopper_locomotion-13] [INFO] [1786719957.389978998] [loco_scout_3]: [scout_3] 🦵 Idle 300s with no jump command -- self-initiating recovery hop (legs).
[hopper_locomotion-13] [INFO] [1786719957.390889867] [loco_scout_3]: 1. Crouching (waking physics, planting feet under body)
[attitude_controller-14] [INFO] [1786719957.415199867] [attitude_scout_3]: [scout_3] Landed — tilt correction stopped, yaw-hold pinned to current heading.
[attitude_controller-14] [INFO] [1786719957.416982426] [attitude_scout_3]: [scout_3] Landed — tilt correction stopped, yaw-hold pinned to current heading.
[attitude_controller-14] [INFO] [1786719957.418585911] [attitude_scout_3]: [scout_3] Landed — tilt correction stopped, yaw-hold pinned to current heading.
[attitude_controller-14] [INFO] [1786719957.420253511] [attitude_scout_3]: [scout_3] Landed — tilt correction stopped, yaw-hold pinned to current heading.
[attitude_controller-14] [INFO] [1786719957.422311454] [attitude_scout_3]: [scout_3] Landed — tilt correction stopped, yaw-hold pinned to current heading.
[attitude_controller-14] [INFO] [1786719957.428332679] [attitude_scout_3]: [scout_3] Landed — tilt correction stopped, yaw-hold pinned to current heading.
[attitude_controller-14] [INFO] [1786719957.445707860] [attitude_scout_3]: [scout_3] Landed — tilt correction stopped, yaw-hold pinned to current heading.
[attitude_controller-14] [INFO] [1786719957.586486067] [attitude_scout_3]: [scout_3] Landed — tilt correction stopped, yaw-hold pinned to current heading.
[attitude_controller-14] [INFO] [1786719957.587895394] [attitude_scout_3]: [scout_3] Landed — tilt correction stopped, yaw-hold pinned to current heading.
[attitude_controller-14] [INFO] [1786719957.589283908] [attitude_scout_3]: [scout_3] Landed — tilt correction stopped, yaw-hold pinned to current heading.
[attitude_controller-14] [INFO] [1786719957.590905762] [attitude_scout_3]: [scout_3] Landed — tilt correction stopped, yaw-hold pinned to current heading.
[attitude_controller-14] [INFO] [1786719957.592396524] [attitude_scout_3]: [scout_3] Landed — tilt correction stopped, yaw-hold pinned to current heading.
[attitude_controller-14] [INFO] [1786719957.602914200] [attitude_scout_3]: [scout_3] Landed — tilt correction stopped, yaw-hold pinned to current heading.
[attitude_controller-14] [INFO] [1786719957.603977813] [attitude_scout_3]: [scout_3] Landed — tilt correction stopped, yaw-hold pinned to current heading.
[attitude_controller-14] [INFO] [1786719957.697212274] [attitude_scout_3]: [scout_3] Landed — tilt correction stopped, yaw-hold pinned to current heading.
[attitude_controller-14] [INFO] [1786719957.698685436] [attitude_scout_3]: [scout_3] Landed — tilt correction stopped, yaw-hold pinned to current heading.
[attitude_controller-14] [INFO] [1786719957.760183397] [attitude_scout_3]: [scout_3] Landed — tilt correction stopped, yaw-hold pinned to current heading.
[attitude_controller-14] [INFO] [1786719957.838494665] [attitude_scout_3]: [scout_3] Landed — tilt correction stopped, yaw-hold pinned to current heading.
[attitude_controller-14] [INFO] [1786719957.839923618] [attitude_scout_3]: [scout_3] Landed — tilt correction stopped, yaw-hold pinned to current heading.
[attitude_controller-14] [INFO] [1786719957.841387561] [attitude_scout_3]: [scout_3] Landed — tilt correction stopped, yaw-hold pinned to current heading.
[attitude_controller-14] [INFO] [1786719957.842612437] [attitude_scout_3]: [scout_3] Landed — tilt correction stopped, yaw-hold pinned to current heading.
[attitude_controller-14] [INFO] [1786719957.854799040] [attitude_scout_3]: [scout_3] Landed — tilt correction stopped, yaw-hold pinned to current heading.
[attitude_controller-14] [INFO] [1786719957.857060081] [attitude_scout_3]: [scout_3] Landed — tilt correction stopped, yaw-hold pinned to current heading.
[attitude_controller-14] [INFO] [1786719957.858633465] [attitude_scout_3]: [scout_3] Landed — tilt correction stopped, yaw-hold pinned to current heading.
[attitude_controller-14] [INFO] [1786719957.860014297] [attitude_scout_3]: [scout_3] Landed — tilt correction stopped, yaw-hold pinned to current heading.
[attitude_controller-14] [INFO] [1786719957.910066182] [attitude_scout_3]: [scout_3] Landed — tilt correction stopped, yaw-hold pinned to current heading.
[attitude_controller-14] [INFO] [1786719957.911866270] [attitude_scout_3]: [scout_3] Landed — tilt correction stopped, yaw-hold pinned to current heading.
[attitude_controller-14] [INFO] [1786719958.088980097] [attitude_scout_3]: [scout_3] Landed — tilt correction stopped, yaw-hold pinned to current heading.
[attitude_controller-14] [INFO] [1786719958.091250148] [attitude_scout_3]: [scout_3] Landed — tilt correction stopped, yaw-hold pinned to current heading.
[attitude_controller-14] [INFO] [1786719958.092319627] [attitude_scout_3]: [scout_3] Landed — tilt correction stopped, yaw-hold pinned to current heading.
[attitude_controller-14] [INFO] [1786719958.093418929] [attitude_scout_3]: [scout_3] Landed — tilt correction stopped, yaw-hold pinned to current heading.
[attitude_controller-14] [INFO] [1786719958.160894255] [attitude_scout_3]: [scout_3] Landed — tilt correction stopped, yaw-hold pinned to current heading.
[attitude_controller-14] [INFO] [1786719958.191617430] [attitude_scout_3]: [scout_3] Landed — tilt correction stopped, yaw-hold pinned to current heading.
[attitude_controller-14] [INFO] [1786719958.224942401] [attitude_scout_3]: [scout_3] Landed — tilt correction stopped, yaw-hold pinned to current heading.
[attitude_controller-14] [INFO] [1786719958.250733804] [attitude_scout_3]: [scout_3] Landed — tilt correction stopped, yaw-hold pinned to current heading.
[attitude_controller-14] [INFO] [1786719958.283471760] [attitude_scout_3]: [scout_3] Landed — tilt correction stopped, yaw-hold pinned to current heading.
[attitude_controller-14] [INFO] [1786719958.377347575] [attitude_scout_3]: [scout_3] Landed — tilt correction stopped, yaw-hold pinned to current heading.
[attitude_controller-14] [INFO] [1786719958.379178045] [attitude_scout_3]: [scout_3] Landed — tilt correction stopped, yaw-hold pinned to current heading.
[landing_controller-15] [WARN] [1786719958.379610782] [landing_scout_3]: [scout_3] ⚠️ Liftoff detected while LANDED (v=0.132 m/s sustained) → back to FLIGHT
[attitude_controller-14] [INFO] [1786719958.380985467] [attitude_scout_3]: [scout_3] Landed — tilt correction stopped, yaw-hold pinned to current heading.
[landing_controller-15] [INFO] [1786719958.392627169] [landing_scout_3]: [scout_3] 🎯 Contact detected! accel=0.1118 m/s² → hands-off settle (no posture commands at contact)
[attitude_controller-14] [INFO] [1786719958.410463232] [attitude_scout_3]: [scout_3] Landed — tilt correction stopped, yaw-hold pinned to current heading.
[attitude_controller-14] [INFO] [1786719958.444201803] [attitude_scout_3]: [scout_3] Landed — tilt correction stopped, yaw-hold pinned to current heading.
[attitude_controller-14] [INFO] [1786719958.468132076] [attitude_scout_3]: [scout_3] Landed — tilt correction stopped, yaw-hold pinned to current heading.
[attitude_controller-14] [INFO] [1786719958.492454857] [attitude_scout_3]: [scout_3] Landed — tilt correction stopped, yaw-hold pinned to current heading.
[attitude_controller-14] [INFO] [1786719958.513678781] [attitude_scout_3]: [scout_3] Landed — tilt correction stopped, yaw-hold pinned to current heading.
[attitude_controller-14] [INFO] [1786719958.515013378] [attitude_scout_3]: [scout_3] Landed — tilt correction stopped, yaw-hold pinned to current heading.
[attitude_controller-14] [INFO] [1786719958.516592000] [attitude_scout_3]: [scout_3] Landed — tilt correction stopped, yaw-hold pinned to current heading.
[attitude_controller-14] [INFO] [1786719958.518085137] [attitude_scout_3]: [scout_3] Landed — tilt correction stopped, yaw-hold pinned to current heading.
[attitude_controller-14] [INFO] [1786719958.521090337] [attitude_scout_3]: [scout_3] Landed — tilt correction stopped, yaw-hold pinned to current heading.
[attitude_controller-14] [INFO] [1786719958.522467606] [attitude_scout_3]: [scout_3] Landed — tilt correction stopped, yaw-hold pinned to current heading.
[attitude_controller-14] [INFO] [1786719958.669492418] [attitude_scout_3]: [scout_3] Airborne (landed=False) — tilt correction armed.
[landing_controller-7] [INFO] [1786719958.718999472] [landing_scout_1]: [scout_1] Landing controller state: FLIGHT
[swarm_manager-3] [INFO] [1786719958.783203993] [swarm_manager_node]: 📍 scout_2 detected high-value spectral anomaly at [17.2, -16.4]!
[landing_controller-15] [INFO] [1786719958.792826443] [landing_scout_3]: [scout_3] Landing controller state: CONTACT
[landing_controller-11] [INFO] [1786719958.821383211] [landing_scout_2]: [scout_2] Landing controller state: FLIGHT
[landing_controller-15] [INFO] [1786719959.710471802] [landing_scout_3]: [scout_3] ✅ LANDED — stable contact confirmed
[attitude_controller-14] [INFO] [1786719959.713197008] [attitude_scout_3]: [scout_3] Landed — tilt correction stopped, yaw-hold pinned to current heading.
[attitude_controller-14] [INFO] [1786719959.775828285] [attitude_scout_3]: [scout_3] Landed — tilt correction stopped, yaw-hold pinned to current heading.
[attitude_controller-14] [INFO] [1786719959.798057644] [attitude_scout_3]: [scout_3] Landed — tilt correction stopped, yaw-hold pinned to current heading.
[attitude_controller-14] [INFO] [1786719959.819916914] [attitude_scout_3]: [scout_3] Landed — tilt correction stopped, yaw-hold pinned to current heading.
[attitude_controller-14] [INFO] [1786719959.840768375] [attitude_scout_3]: [scout_3] Landed — tilt correction stopped, yaw-hold pinned to current heading.
[attitude_controller-14] [INFO] [1786719959.869014420] [attitude_scout_3]: [scout_3] Landed — tilt correction stopped, yaw-hold pinned to current heading.
[attitude_controller-14] [INFO] [1786719959.899551188] [attitude_scout_3]: [scout_3] Landed — tilt correction stopped, yaw-hold pinned to current heading.
[attitude_controller-14] [INFO] [1786719959.928470293] [attitude_scout_3]: [scout_3] Landed — tilt correction stopped, yaw-hold pinned to current heading.
[attitude_controller-14] [INFO] [1786719959.952547093] [attitude_scout_3]: [scout_3] Landed — tilt correction stopped, yaw-hold pinned to current heading.
[attitude_controller-14] [INFO] [1786719959.977038611] [attitude_scout_3]: [scout_3] Landed — tilt correction stopped, yaw-hold pinned to current heading.
[attitude_controller-14] [INFO] [1786719960.002613088] [attitude_scout_3]: [scout_3] Landed — tilt correction stopped, yaw-hold pinned to current heading.
[attitude_controller-14] [INFO] [1786719960.031479393] [attitude_scout_3]: [scout_3] Landed — tilt correction stopped, yaw-hold pinned to current heading.
[attitude_controller-14] [INFO] [1786719960.054957165] [attitude_scout_3]: [scout_3] Landed — tilt correction stopped, yaw-hold pinned to current heading.
[attitude_controller-14] [INFO] [1786719960.081566480] [attitude_scout_3]: [scout_3] Landed — tilt correction stopped, yaw-hold pinned to current heading.
[attitude_controller-14] [INFO] [1786719960.108814144] [attitude_scout_3]: [scout_3] Landed — tilt correction stopped, yaw-hold pinned to current heading.
[attitude_controller-14] [INFO] [1786719960.110409808] [attitude_scout_3]: [scout_3] Landed — tilt correction stopped, yaw-hold pinned to current heading.
[attitude_controller-14] [INFO] [1786719960.112214297] [attitude_scout_3]: [scout_3] Landed — tilt correction stopped, yaw-hold pinned to current heading.
[attitude_controller-14] [INFO] [1786719960.113881966] [attitude_scout_3]: [scout_3] Landed — tilt correction stopped, yaw-hold pinned to current heading.
[attitude_controller-14] [INFO] [1786719960.115209649] [attitude_scout_3]: [scout_3] Landed — tilt correction stopped, yaw-hold pinned to current heading.
[attitude_controller-14] [INFO] [1786719960.214957163] [attitude_scout_3]: [scout_3] Landed — tilt correction stopped, yaw-hold pinned to current heading.
[attitude_controller-14] [INFO] [1786719960.347386829] [attitude_scout_3]: [scout_3] Landed — tilt correction stopped, yaw-hold pinned to current heading.
[attitude_controller-14] [INFO] [1786719960.348888626] [attitude_scout_3]: [scout_3] Landed — tilt correction stopped, yaw-hold pinned to current heading.
[attitude_controller-14] [INFO] [1786719960.517742122] [attitude_scout_3]: [scout_3] Landed — tilt correction stopped, yaw-hold pinned to current heading.
[attitude_controller-14] [INFO] [1786719960.522885792] [attitude_scout_3]: [scout_3] Landed — tilt correction stopped, yaw-hold pinned to current heading.
[attitude_controller-14] [INFO] [1786719960.566321476] [attitude_scout_3]: [scout_3] Landed — tilt correction stopped, yaw-hold pinned to current heading.
[attitude_controller-14] [INFO] [1786719960.567771660] [attitude_scout_3]: [scout_3] Landed — tilt correction stopped, yaw-hold pinned to current heading.
[attitude_controller-14] [INFO] [1786719960.570723921] [attitude_scout_3]: [scout_3] Landed — tilt correction stopped, yaw-hold pinned to current heading.
[attitude_controller-14] [INFO] [1786719960.577580797] [attitude_scout_3]: [scout_3] Landed — tilt correction stopped, yaw-hold pinned to current heading.
[attitude_controller-14] [INFO] [1786719960.760080370] [attitude_scout_3]: [scout_3] Landed — tilt correction stopped, yaw-hold pinned to current heading.
[attitude_controller-14] [INFO] [1786719960.761524547] [attitude_scout_3]: [scout_3] Landed — tilt correction stopped, yaw-hold pinned to current heading.
[attitude_controller-14] [INFO] [1786719960.762942674] [attitude_scout_3]: [scout_3] Landed — tilt correction stopped, yaw-hold pinned to current heading.
[swarm_manager-3] [INFO] [1786719960.783046624] [swarm_manager_node]: 📍 scout_2 detected high-value spectral anomaly at [4.7, -18.8]!
[attitude_controller-14] [INFO] [1786719960.854389623] [attitude_scout_3]: [scout_3] Landed — tilt correction stopped, yaw-hold pinned to current heading.
[attitude_controller-14] [INFO] [1786719960.880169573] [attitude_scout_3]: [scout_3] Landed — tilt correction stopped, yaw-hold pinned to current heading.
[attitude_controller-14] [INFO] [1786719960.901987846] [attitude_scout_3]: [scout_3] Landed — tilt correction stopped, yaw-hold pinned to current heading.
[attitude_controller-14] [INFO] [1786719960.903191281] [attitude_scout_3]: [scout_3] Landed — tilt correction stopped, yaw-hold pinned to current heading.
[attitude_controller-14] [INFO] [1786719961.070254816] [attitude_scout_3]: [scout_3] Landed — tilt correction stopped, yaw-hold pinned to current heading.
[attitude_controller-14] [INFO] [1786719961.072243267] [attitude_scout_3]: [scout_3] Landed — tilt correction stopped, yaw-hold pinned to current heading.
[attitude_controller-14] [INFO] [1786719961.075655642] [attitude_scout_3]: [scout_3] Landed — tilt correction stopped, yaw-hold pinned to current heading.
[attitude_controller-14] [INFO] [1786719961.077550925] [attitude_scout_3]: [scout_3] Landed — tilt correction stopped, yaw-hold pinned to current heading.
[attitude_controller-14] [INFO] [1786719961.079015706] [attitude_scout_3]: [scout_3] Landed — tilt correction stopped, yaw-hold pinned to current heading.
[attitude_controller-14] [INFO] [1786719961.129194634] [attitude_scout_3]: [scout_3] Landed — tilt correction stopped, yaw-hold pinned to current heading.
[attitude_controller-14] [INFO] [1786719961.157586997] [attitude_scout_3]: [scout_3] Landed — tilt correction stopped, yaw-hold pinned to current heading.
[attitude_controller-14] [INFO] [1786719961.184810427] [attitude_scout_3]: [scout_3] Landed — tilt correction stopped, yaw-hold pinned to current heading.
[attitude_controller-14] [INFO] [1786719961.208620853] [attitude_scout_3]: [scout_3] Landed — tilt correction stopped, yaw-hold pinned to current heading.
[attitude_controller-14] [INFO] [1786719961.231280156] [attitude_scout_3]: [scout_3] Landed — tilt correction stopped, yaw-hold pinned to current heading.
[attitude_controller-14] [INFO] [1786719961.232662315] [attitude_scout_3]: [scout_3] Landed — tilt correction stopped, yaw-hold pinned to current heading.
[attitude_controller-14] [INFO] [1786719961.234066543] [attitude_scout_3]: [scout_3] Landed — tilt correction stopped, yaw-hold pinned to current heading.
[attitude_controller-14] [INFO] [1786719961.407719814] [attitude_scout_3]: [scout_3] Landed — tilt correction stopped, yaw-hold pinned to current heading.
[attitude_controller-14] [INFO] [1786719961.409212810] [attitude_scout_3]: [scout_3] Landed — tilt correction stopped, yaw-hold pinned to current heading.
[attitude_controller-14] [INFO] [1786719961.410739122] [attitude_scout_3]: [scout_3] Landed — tilt correction stopped, yaw-hold pinned to current heading.
[attitude_controller-14] [INFO] [1786719961.412306290] [attitude_scout_3]: [scout_3] Landed — tilt correction stopped, yaw-hold pinned to current heading.
[attitude_controller-14] [INFO] [1786719961.499635188] [attitude_scout_3]: [scout_3] Landed — tilt correction stopped, yaw-hold pinned to current heading.
[attitude_controller-14] [INFO] [1786719961.545612746] [attitude_scout_3]: [scout_3] Landed — tilt correction stopped, yaw-hold pinned to current heading.
[attitude_controller-14] [INFO] [1786719961.547323647] [attitude_scout_3]: [scout_3] Landed — tilt correction stopped, yaw-hold pinned to current heading.
[attitude_controller-14] [INFO] [1786719961.548985521] [attitude_scout_3]: [scout_3] Landed — tilt correction stopped, yaw-hold pinned to current heading.
[attitude_controller-14] [INFO] [1786719961.550951971] [attitude_scout_3]: [scout_3] Landed — tilt correction stopped, yaw-hold pinned to current heading.
[attitude_controller-14] [INFO] [1786719961.731646569] [attitude_scout_3]: [scout_3] Landed — tilt correction stopped, yaw-hold pinned to current heading.
[attitude_controller-14] [INFO] [1786719961.733401052] [attitude_scout_3]: [scout_3] Landed — tilt correction stopped, yaw-hold pinned to current heading.
[attitude_controller-14] [INFO] [1786719961.735096029] [attitude_scout_3]: [scout_3] Landed — tilt correction stopped, yaw-hold pinned to current heading.
[attitude_controller-14] [INFO] [1786719961.736668436] [attitude_scout_3]: [scout_3] Landed — tilt correction stopped, yaw-hold pinned to current heading.
[attitude_controller-14] [INFO] [1786719961.738250690] [attitude_scout_3]: [scout_3] Landed — tilt correction stopped, yaw-hold pinned to current heading.
[attitude_controller-14] [INFO] [1786719961.766913827] [attitude_scout_3]: [scout_3] Landed — tilt correction stopped, yaw-hold pinned to current heading.
[attitude_controller-14] [INFO] [1786719961.768490774] [attitude_scout_3]: [scout_3] Landed — tilt correction stopped, yaw-hold pinned to current heading.
[attitude_controller-14] [INFO] [1786719961.769828723] [attitude_scout_3]: [scout_3] Landed — tilt correction stopped, yaw-hold pinned to current heading.
[attitude_controller-14] [INFO] [1786719961.771181688] [attitude_scout_3]: [scout_3] Landed — tilt correction stopped, yaw-hold pinned to current heading.
[attitude_controller-14] [INFO] [1786719961.772564336] [attitude_scout_3]: [scout_3] Landed — tilt correction stopped, yaw-hold pinned to current heading.
[attitude_controller-14] [INFO] [1786719961.822981004] [attitude_scout_3]: [scout_3] Landed — tilt correction stopped, yaw-hold pinned to current heading.
[attitude_controller-14] [INFO] [1786719961.968415467] [attitude_scout_3]: [scout_3] Landed — tilt correction stopped, yaw-hold pinned to current heading.
[attitude_controller-14] [INFO] [1786719961.995517512] [attitude_scout_3]: [scout_3] Landed — tilt correction stopped, yaw-hold pinned to current heading.
[attitude_controller-14] [INFO] [1786719962.019432910] [attitude_scout_3]: [scout_3] Landed — tilt correction stopped, yaw-hold pinned to current heading.
[attitude_controller-14] [INFO] [1786719962.184783313] [attitude_scout_3]: [scout_3] Landed — tilt correction stopped, yaw-hold pinned to current heading.
[attitude_controller-14] [INFO] [1786719962.220911296] [attitude_scout_3]: [scout_3] Landed — tilt correction stopped, yaw-hold pinned to current heading.
[attitude_controller-14] [INFO] [1786719962.244580294] [attitude_scout_3]: [scout_3] Landed — tilt correction stopped, yaw-hold pinned to current heading.
[attitude_controller-14] [INFO] [1786719962.247017754] [attitude_scout_3]: [scout_3] Landed — tilt correction stopped, yaw-hold pinned to current heading.
[attitude_controller-14] [INFO] [1786719962.253640732] [attitude_scout_3]: [scout_3] Landed — tilt correction stopped, yaw-hold pinned to current heading.
[attitude_controller-14] [INFO] [1786719962.255380828] [attitude_scout_3]: [scout_3] Landed — tilt correction stopped, yaw-hold pinned to current heading.
[attitude_controller-14] [INFO] [1786719962.296264163] [attitude_scout_3]: [scout_3] Landed — tilt correction stopped, yaw-hold pinned to current heading.
[attitude_controller-14] [INFO] [1786719962.297639268] [attitude_scout_3]: [scout_3] Landed — tilt correction stopped, yaw-hold pinned to current heading.
[attitude_controller-14] [INFO] [1786719962.298859046] [attitude_scout_3]: [scout_3] Landed — tilt correction stopped, yaw-hold pinned to current heading.
[attitude_controller-14] [INFO] [1786719962.468477449] [attitude_scout_3]: [scout_3] Landed — tilt correction stopped, yaw-hold pinned to current heading.
[attitude_controller-14] [INFO] [1786719962.491077247] [attitude_scout_3]: [scout_3] Landed — tilt correction stopped, yaw-hold pinned to current heading.
[attitude_controller-14] [INFO] [1786719962.636317273] [attitude_scout_3]: [scout_3] Landed — tilt correction stopped, yaw-hold pinned to current heading.
[attitude_controller-14] [INFO] [1786719962.660947287] [attitude_scout_3]: [scout_3] Landed — tilt correction stopped, yaw-hold pinned to current heading.
[attitude_controller-14] [INFO] [1786719962.696592248] [attitude_scout_3]: [scout_3] Landed — tilt correction stopped, yaw-hold pinned to current heading.
[attitude_controller-14] [INFO] [1786719962.723910383] [attitude_scout_3]: [scout_3] Landed — tilt correction stopped, yaw-hold pinned to current heading.
[attitude_controller-14] [INFO] [1786719962.747953590] [attitude_scout_3]: [scout_3] Landed — tilt correction stopped, yaw-hold pinned to current heading.
[attitude_controller-14] [INFO] [1786719962.773800519] [attitude_scout_3]: [scout_3] Landed — tilt correction stopped, yaw-hold pinned to current heading.
[attitude_controller-14] [INFO] [1786719962.775443465] [attitude_scout_3]: [scout_3] Landed — tilt correction stopped, yaw-hold pinned to current heading.
[attitude_controller-14] [INFO] [1786719962.776813751] [attitude_scout_3]: [scout_3] Landed — tilt correction stopped, yaw-hold pinned to current heading.
[attitude_controller-14] [INFO] [1786719962.778197236] [attitude_scout_3]: [scout_3] Landed — tilt correction stopped, yaw-hold pinned to current heading.
[attitude_controller-14] [INFO] [1786719962.779564449] [attitude_scout_3]: [scout_3] Landed — tilt correction stopped, yaw-hold pinned to current heading.
[attitude_controller-14] [INFO] [1786719963.072867977] [attitude_scout_3]: [scout_3] Landed — tilt correction stopped, yaw-hold pinned to current heading.
[attitude_controller-14] [INFO] [1786719963.097881420] [attitude_scout_3]: [scout_3] Landed — tilt correction stopped, yaw-hold pinned to current heading.
[attitude_controller-14] [INFO] [1786719963.306854335] [attitude_scout_3]: [scout_3] Landed — tilt correction stopped, yaw-hold pinned to current heading.
[attitude_controller-14] [INFO] [1786719963.308327847] [attitude_scout_3]: [scout_3] Landed — tilt correction stopped, yaw-hold pinned to current heading.
[attitude_controller-14] [INFO] [1786719963.309938875] [attitude_scout_3]: [scout_3] Landed — tilt correction stopped, yaw-hold pinned to current heading.
[attitude_controller-14] [INFO] [1786719963.311507720] [attitude_scout_3]: [scout_3] Landed — tilt correction stopped, yaw-hold pinned to current heading.
[attitude_controller-14] [INFO] [1786719963.313030190] [attitude_scout_3]: [scout_3] Landed — tilt correction stopped, yaw-hold pinned to current heading.
[attitude_controller-14] [INFO] [1786719963.331759036] [attitude_scout_3]: [scout_3] Landed — tilt correction stopped, yaw-hold pinned to current heading.
[attitude_controller-14] [INFO] [1786719963.333305042] [attitude_scout_3]: [scout_3] Landed — tilt correction stopped, yaw-hold pinned to current heading.
[attitude_controller-14] [INFO] [1786719963.334904896] [attitude_scout_3]: [scout_3] Landed — tilt correction stopped, yaw-hold pinned to current heading.
[attitude_controller-14] [INFO] [1786719963.336426179] [attitude_scout_3]: [scout_3] Landed — tilt correction stopped, yaw-hold pinned to current heading.
[attitude_controller-14] [INFO] [1786719963.337925461] [attitude_scout_3]: [scout_3] Landed — tilt correction stopped, yaw-hold pinned to current heading.
[attitude_controller-14] [INFO] [1786719963.364042047] [attitude_scout_3]: [scout_3] Landed — tilt correction stopped, yaw-hold pinned to current heading.
[attitude_controller-14] [INFO] [1786719963.417274298] [attitude_scout_3]: [scout_3] Landed — tilt correction stopped, yaw-hold pinned to current heading.
[attitude_controller-14] [INFO] [1786719963.422492769] [attitude_scout_3]: [scout_3] Landed — tilt correction stopped, yaw-hold pinned to current heading.
[attitude_controller-14] [INFO] [1786719963.591593231] [attitude_scout_3]: [scout_3] Landed — tilt correction stopped, yaw-hold pinned to current heading.
[attitude_controller-14] [INFO] [1786719963.684432678] [attitude_scout_3]: [scout_3] Landed — tilt correction stopped, yaw-hold pinned to current heading.
[attitude_controller-14] [INFO] [1786719963.712835937] [attitude_scout_3]: [scout_3] Landed — tilt correction stopped, yaw-hold pinned to current heading.
[attitude_controller-14] [INFO] [1786719963.714528191] [attitude_scout_3]: [scout_3] Landed — tilt correction stopped, yaw-hold pinned to current heading.
[landing_controller-7] [INFO] [1786719963.716127557] [landing_scout_1]: [scout_1] Landing controller state: FLIGHT
[attitude_controller-14] [INFO] [1786719963.716402312] [attitude_scout_3]: [scout_3] Landed — tilt correction stopped, yaw-hold pinned to current heading.
[attitude_controller-14] [INFO] [1786719963.718165595] [attitude_scout_3]: [scout_3] Landed — tilt correction stopped, yaw-hold pinned to current heading.
[attitude_controller-14] [INFO] [1786719963.751530657] [attitude_scout_3]: [scout_3] Landed — tilt correction stopped, yaw-hold pinned to current heading.
[attitude_controller-14] [INFO] [1786719963.752768873] [attitude_scout_3]: [scout_3] Landed — tilt correction stopped, yaw-hold pinned to current heading.
[attitude_controller-14] [INFO] [1786719963.753911756] [attitude_scout_3]: [scout_3] Landed — tilt correction stopped, yaw-hold pinned to current heading.
[landing_controller-15] [INFO] [1786719963.789545263] [landing_scout_3]: [scout_3] Landing controller state: LANDED
[attitude_controller-14] [INFO] [1786719963.804739931] [attitude_scout_3]: [scout_3] Landed — tilt correction stopped, yaw-hold pinned to current heading.
[landing_controller-11] [INFO] [1786719963.821164992] [landing_scout_2]: [scout_2] Landing controller state: FLIGHT
[attitude_controller-14] [INFO] [1786719963.825660116] [attitude_scout_3]: [scout_3] Landed — tilt correction stopped, yaw-hold pinned to current heading.
[attitude_controller-14] [INFO] [1786719963.916222738] [attitude_scout_3]: [scout_3] Landed — tilt correction stopped, yaw-hold pinned to current heading.
[attitude_controller-14] [INFO] [1786719963.917601824] [attitude_scout_3]: [scout_3] Landed — tilt correction stopped, yaw-hold pinned to current heading.
[attitude_controller-14] [INFO] [1786719963.919158167] [attitude_scout_3]: [scout_3] Landed — tilt correction stopped, yaw-hold pinned to current heading.
[attitude_controller-14] [INFO] [1786719963.947326690] [attitude_scout_3]: [scout_3] Landed — tilt correction stopped, yaw-hold pinned to current heading.
[attitude_controller-14] [INFO] [1786719963.977420108] [attitude_scout_3]: [scout_3] Landed — tilt correction stopped, yaw-hold pinned to current heading.
[attitude_controller-14] [INFO] [1786719964.061489378] [attitude_scout_3]: [scout_3] Landed — tilt correction stopped, yaw-hold pinned to current heading.
[attitude_controller-14] [INFO] [1786719964.062724660] [attitude_scout_3]: [scout_3] Landed — tilt correction stopped, yaw-hold pinned to current heading.
[attitude_controller-14] [INFO] [1786719964.063946743] [attitude_scout_3]: [scout_3] Landed — tilt correction stopped, yaw-hold pinned to current heading.
[attitude_controller-14] [INFO] [1786719964.084824535] [attitude_scout_3]: [scout_3] Landed — tilt correction stopped, yaw-hold pinned to current heading.
[attitude_controller-14] [INFO] [1786719964.111148131] [attitude_scout_3]: [scout_3] Landed — tilt correction stopped, yaw-hold pinned to current heading.
[attitude_controller-14] [INFO] [1786719964.137957333] [attitude_scout_3]: [scout_3] Landed — tilt correction stopped, yaw-hold pinned to current heading.
[attitude_controller-14] [INFO] [1786719964.160145348] [attitude_scout_3]: [scout_3] Landed — tilt correction stopped, yaw-hold pinned to current heading.
[attitude_controller-14] [INFO] [1786719964.192344480] [attitude_scout_3]: [scout_3] Landed — tilt correction stopped, yaw-hold pinned to current heading.
[attitude_controller-14] [INFO] [1786719964.219294273] [attitude_scout_3]: [scout_3] Landed — tilt correction stopped, yaw-hold pinned to current heading.
[attitude_controller-14] [INFO] [1786719964.244238923] [attitude_scout_3]: [scout_3] Landed — tilt correction stopped, yaw-hold pinned to current heading.
[attitude_controller-14] [INFO] [1786719964.245926986] [attitude_scout_3]: [scout_3] Landed — tilt correction stopped, yaw-hold pinned to current heading.
[attitude_controller-14] [INFO] [1786719964.247220656] [attitude_scout_3]: [scout_3] Landed — tilt correction stopped, yaw-hold pinned to current heading.
[attitude_controller-14] [INFO] [1786719964.248436732] [attitude_scout_3]: [scout_3] Landed — tilt correction stopped, yaw-hold pinned to current heading.
[attitude_controller-14] [INFO] [1786719964.249539037] [attitude_scout_3]: [scout_3] Landed — tilt correction stopped, yaw-hold pinned to current heading.
[attitude_controller-14] [INFO] [1786719964.480678110] [attitude_scout_3]: [scout_3] Landed — tilt correction stopped, yaw-hold pinned to current heading.
[attitude_controller-14] [INFO] [1786719964.501208651] [attitude_scout_3]: [scout_3] Landed — tilt correction stopped, yaw-hold pinned to current heading.
[attitude_controller-14] [INFO] [1786719964.532132133] [attitude_scout_3]: [scout_3] Landed — tilt correction stopped, yaw-hold pinned to current heading.
[attitude_controller-14] [INFO] [1786719964.560103564] [attitude_scout_3]: [scout_3] Landed — tilt correction stopped, yaw-hold pinned to current heading.
[attitude_controller-14] [INFO] [1786719964.591069370] [attitude_scout_3]: [scout_3] Landed — tilt correction stopped, yaw-hold pinned to current heading.
[attitude_controller-14] [INFO] [1786719964.617150197] [attitude_scout_3]: [scout_3] Landed — tilt correction stopped, yaw-hold pinned to current heading.
[attitude_controller-14] [INFO] [1786719964.642239628] [attitude_scout_3]: [scout_3] Landed — tilt correction stopped, yaw-hold pinned to current heading.
[attitude_controller-14] [INFO] [1786719964.643798276] [attitude_scout_3]: [scout_3] Landed — tilt correction stopped, yaw-hold pinned to current heading.
[attitude_controller-14] [INFO] [1786719964.645359857] [attitude_scout_3]: [scout_3] Landed — tilt correction stopped, yaw-hold pinned to current heading.
[attitude_controller-14] [INFO] [1786719964.646949374] [attitude_scout_3]: [scout_3] Landed — tilt correction stopped, yaw-hold pinned to current heading.
[attitude_controller-14] [INFO] [1786719964.729719248] [attitude_scout_3]: [scout_3] Landed — tilt correction stopped, yaw-hold pinned to current heading.
[attitude_controller-14] [INFO] [1786719964.774582909] [attitude_scout_3]: [scout_3] Landed — tilt correction stopped, yaw-hold pinned to current heading.
[attitude_controller-14] [INFO] [1786719964.775941880] [attitude_scout_3]: [scout_3] Landed — tilt correction stopped, yaw-hold pinned to current heading.
[attitude_controller-14] [INFO] [1786719964.777303645] [attitude_scout_3]: [scout_3] Landed — tilt correction stopped, yaw-hold pinned to current heading.
[attitude_controller-14] [INFO] [1786719964.805969927] [attitude_scout_3]: [scout_3] Landed — tilt correction stopped, yaw-hold pinned to current heading.
[attitude_controller-14] [INFO] [1786719964.880572213] [attitude_scout_3]: [scout_3] Landed — tilt correction stopped, yaw-hold pinned to current heading.
[attitude_controller-14] [INFO] [1786719964.903783541] [attitude_scout_3]: [scout_3] Landed — tilt correction stopped, yaw-hold pinned to current heading.
[attitude_controller-14] [INFO] [1786719964.928456439] [attitude_scout_3]: [scout_3] Landed — tilt correction stopped, yaw-hold pinned to current heading.
[attitude_controller-14] [INFO] [1786719964.967704512] [attitude_scout_3]: [scout_3] Landed — tilt correction stopped, yaw-hold pinned to current heading.
[attitude_controller-14] [INFO] [1786719964.969324690] [attitude_scout_3]: [scout_3] Landed — tilt correction stopped, yaw-hold pinned to current heading.
[attitude_controller-14] [INFO] [1786719964.971054658] [attitude_scout_3]: [scout_3] Landed — tilt correction stopped, yaw-hold pinned to current heading.
[attitude_controller-14] [INFO] [1786719965.010704877] [attitude_scout_3]: [scout_3] Landed — tilt correction stopped, yaw-hold pinned to current heading.
[attitude_controller-14] [INFO] [1786719965.012177131] [attitude_scout_3]: [scout_3] Landed — tilt correction stopped, yaw-hold pinned to current heading.
[attitude_controller-14] [INFO] [1786719965.068489594] [attitude_scout_3]: [scout_3] Landed — tilt correction stopped, yaw-hold pinned to current heading.
[attitude_controller-14] [INFO] [1786719965.190687034] [attitude_scout_3]: [scout_3] Landed — tilt correction stopped, yaw-hold pinned to current heading.
[attitude_controller-14] [INFO] [1786719965.192139733] [attitude_scout_3]: [scout_3] Landed — tilt correction stopped, yaw-hold pinned to current heading.
[attitude_controller-14] [INFO] [1786719965.193772901] [attitude_scout_3]: [scout_3] Landed — tilt correction stopped, yaw-hold pinned to current heading.
[attitude_controller-14] [INFO] [1786719965.195289365] [attitude_scout_3]: [scout_3] Landed — tilt correction stopped, yaw-hold pinned to current heading.
[attitude_controller-14] [INFO] [1786719965.201120064] [attitude_scout_3]: [scout_3] Landed — tilt correction stopped, yaw-hold pinned to current heading.
[attitude_controller-14] [INFO] [1786719965.205337010] [attitude_scout_3]: [scout_3] Landed — tilt correction stopped, yaw-hold pinned to current heading.
[attitude_controller-14] [INFO] [1786719965.207465423] [attitude_scout_3]: [scout_3] Landed — tilt correction stopped, yaw-hold pinned to current heading.
[attitude_controller-14] [INFO] [1786719965.209798401] [attitude_scout_3]: [scout_3] Landed — tilt correction stopped, yaw-hold pinned to current heading.
[attitude_controller-14] [INFO] [1786719965.213187379] [attitude_scout_3]: [scout_3] Landed — tilt correction stopped, yaw-hold pinned to current heading.
[attitude_controller-14] [INFO] [1786719965.297956949] [attitude_scout_3]: [scout_3] Landed — tilt correction stopped, yaw-hold pinned to current heading.
[attitude_controller-14] [INFO] [1786719965.299627273] [attitude_scout_3]: [scout_3] Landed — tilt correction stopped, yaw-hold pinned to current heading.
[attitude_controller-14] [INFO] [1786719965.342229823] [attitude_scout_3]: [scout_3] Landed — tilt correction stopped, yaw-hold pinned to current heading.
[attitude_controller-14] [INFO] [1786719965.412906960] [attitude_scout_3]: [scout_3] Landed — tilt correction stopped, yaw-hold pinned to current heading.
[attitude_controller-14] [INFO] [1786719965.415535786] [attitude_scout_3]: [scout_3] Landed — tilt correction stopped, yaw-hold pinned to current heading.
[attitude_controller-14] [INFO] [1786719965.417321138] [attitude_scout_3]: [scout_3] Landed — tilt correction stopped, yaw-hold pinned to current heading.
[attitude_controller-14] [INFO] [1786719965.445770214] [attitude_scout_3]: [scout_3] Landed — tilt correction stopped, yaw-hold pinned to current heading.
[attitude_controller-14] [INFO] [1786719965.447195116] [attitude_scout_3]: [scout_3] Landed — tilt correction stopped, yaw-hold pinned to current heading.
[attitude_controller-14] [INFO] [1786719965.562457317] [attitude_scout_3]: [scout_3] Landed — tilt correction stopped, yaw-hold pinned to current heading.
[attitude_controller-14] [INFO] [1786719965.563637286] [attitude_scout_3]: [scout_3] Landed — tilt correction stopped, yaw-hold pinned to current heading.
[attitude_controller-14] [INFO] [1786719965.566678384] [attitude_scout_3]: [scout_3] Landed — tilt correction stopped, yaw-hold pinned to current heading.
[attitude_controller-14] [INFO] [1786719965.568080518] [attitude_scout_3]: [scout_3] Landed — tilt correction stopped, yaw-hold pinned to current heading.
[attitude_controller-14] [INFO] [1786719965.651415548] [attitude_scout_3]: [scout_3] Landed — tilt correction stopped, yaw-hold pinned to current heading.
[attitude_controller-14] [INFO] [1786719965.652745326] [attitude_scout_3]: [scout_3] Landed — tilt correction stopped, yaw-hold pinned to current heading.
[attitude_controller-14] [INFO] [1786719965.654107440] [attitude_scout_3]: [scout_3] Landed — tilt correction stopped, yaw-hold pinned to current heading.
[attitude_controller-14] [INFO] [1786719965.655560837] [attitude_scout_3]: [scout_3] Landed — tilt correction stopped, yaw-hold pinned to current heading.
[attitude_controller-14] [INFO] [1786719965.670896934] [attitude_scout_3]: [scout_3] Landed — tilt correction stopped, yaw-hold pinned to current heading.
[attitude_controller-14] [INFO] [1786719965.672240610] [attitude_scout_3]: [scout_3] Landed — tilt correction stopped, yaw-hold pinned to current heading.
[attitude_controller-14] [INFO] [1786719965.673565779] [attitude_scout_3]: [scout_3] Landed — tilt correction stopped, yaw-hold pinned to current heading.
[attitude_controller-14] [INFO] [1786719965.886295323] [attitude_scout_3]: [scout_3] Landed — tilt correction stopped, yaw-hold pinned to current heading.
[attitude_controller-14] [INFO] [1786719965.888243825] [attitude_scout_3]: [scout_3] Landed — tilt correction stopped, yaw-hold pinned to current heading.
[attitude_controller-14] [INFO] [1786719965.889987622] [attitude_scout_3]: [scout_3] Landed — tilt correction stopped, yaw-hold pinned to current heading.
[attitude_controller-14] [INFO] [1786719965.912577154] [attitude_scout_3]: [scout_3] Landed — tilt correction stopped, yaw-hold pinned to current heading.
[attitude_controller-14] [INFO] [1786719965.915253611] [attitude_scout_3]: [scout_3] Landed — tilt correction stopped, yaw-hold pinned to current heading.
[attitude_controller-14] [INFO] [1786719965.942244262] [attitude_scout_3]: [scout_3] Landed — tilt correction stopped, yaw-hold pinned to current heading.
[attitude_controller-14] [INFO] [1786719966.158623364] [attitude_scout_3]: [scout_3] Landed — tilt correction stopped, yaw-hold pinned to current heading.
[attitude_controller-14] [INFO] [1786719966.160229504] [attitude_scout_3]: [scout_3] Landed — tilt correction stopped, yaw-hold pinned to current heading.
[attitude_controller-14] [INFO] [1786719966.161811339] [attitude_scout_3]: [scout_3] Landed — tilt correction stopped, yaw-hold pinned to current heading.
[attitude_controller-14] [INFO] [1786719966.163218221] [attitude_scout_3]: [scout_3] Landed — tilt correction stopped, yaw-hold pinned to current heading.
[attitude_controller-14] [INFO] [1786719966.164627688] [attitude_scout_3]: [scout_3] Landed — tilt correction stopped, yaw-hold pinned to current heading.
[attitude_controller-14] [INFO] [1786719966.175136705] [attitude_scout_3]: [scout_3] Landed — tilt correction stopped, yaw-hold pinned to current heading.
[attitude_controller-14] [INFO] [1786719966.176911372] [attitude_scout_3]: [scout_3] Landed — tilt correction stopped, yaw-hold pinned to current heading.
[attitude_controller-14] [INFO] [1786719966.289294858] [attitude_scout_3]: [scout_3] Landed — tilt correction stopped, yaw-hold pinned to current heading.
[attitude_controller-14] [INFO] [1786719966.290885842] [attitude_scout_3]: [scout_3] Landed — tilt correction stopped, yaw-hold pinned to current heading.
[attitude_controller-14] [INFO] [1786719966.342689352] [attitude_scout_3]: [scout_3] Landed — tilt correction stopped, yaw-hold pinned to current heading.
[attitude_controller-14] [INFO] [1786719966.346675054] [attitude_scout_3]: [scout_3] Landed — tilt correction stopped, yaw-hold pinned to current heading.
[attitude_controller-14] [INFO] [1786719966.521168877] [attitude_scout_3]: [scout_3] Landed — tilt correction stopped, yaw-hold pinned to current heading.
[attitude_controller-14] [INFO] [1786719966.522767753] [attitude_scout_3]: [scout_3] Landed — tilt correction stopped, yaw-hold pinned to current heading.
[attitude_controller-14] [INFO] [1786719966.571674736] [attitude_scout_3]: [scout_3] Landed — tilt correction stopped, yaw-hold pinned to current heading.
[attitude_controller-14] [INFO] [1786719966.573163892] [attitude_scout_3]: [scout_3] Landed — tilt correction stopped, yaw-hold pinned to current heading.
[attitude_controller-14] [INFO] [1786719966.575775327] [attitude_scout_3]: [scout_3] Landed — tilt correction stopped, yaw-hold pinned to current heading.
[attitude_controller-14] [INFO] [1786719966.578415467] [attitude_scout_3]: [scout_3] Landed — tilt correction stopped, yaw-hold pinned to current heading.
[attitude_controller-14] [INFO] [1786719966.580939810] [attitude_scout_3]: [scout_3] Landed — tilt correction stopped, yaw-hold pinned to current heading.
[attitude_controller-14] [INFO] [1786719966.742203110] [attitude_scout_3]: [scout_3] Landed — tilt correction stopped, yaw-hold pinned to current heading.
[attitude_controller-14] [INFO] [1786719966.744358901] [attitude_scout_3]: [scout_3] Landed — tilt correction stopped, yaw-hold pinned to current heading.
[attitude_controller-14] [INFO] [1786719966.802491009] [attitude_scout_3]: [scout_3] Landed — tilt correction stopped, yaw-hold pinned to current heading.
[attitude_controller-14] [INFO] [1786719966.804157632] [attitude_scout_3]: [scout_3] Landed — tilt correction stopped, yaw-hold pinned to current heading.
[attitude_controller-14] [INFO] [1786719966.805796876] [attitude_scout_3]: [scout_3] Landed — tilt correction stopped, yaw-hold pinned to current heading.
[attitude_controller-14] [INFO] [1786719966.920248711] [attitude_scout_3]: [scout_3] Landed — tilt correction stopped, yaw-hold pinned to current heading.
[attitude_controller-14] [INFO] [1786719966.922027429] [attitude_scout_3]: [scout_3] Landed — tilt correction stopped, yaw-hold pinned to current heading.
[attitude_controller-14] [INFO] [1786719966.923659410] [attitude_scout_3]: [scout_3] Landed — tilt correction stopped, yaw-hold pinned to current heading.
[attitude_controller-14] [INFO] [1786719966.960482176] [attitude_scout_3]: [scout_3] Landed — tilt correction stopped, yaw-hold pinned to current heading.
[attitude_controller-14] [INFO] [1786719967.154139958] [attitude_scout_3]: [scout_3] Landed — tilt correction stopped, yaw-hold pinned to current heading.
[attitude_controller-14] [INFO] [1786719967.188350660] [attitude_scout_3]: [scout_3] Landed — tilt correction stopped, yaw-hold pinned to current heading.
[attitude_controller-14] [INFO] [1786719967.214889788] [attitude_scout_3]: [scout_3] Landed — tilt correction stopped, yaw-hold pinned to current heading.
[attitude_controller-14] [INFO] [1786719967.216255743] [attitude_scout_3]: [scout_3] Landed — tilt correction stopped, yaw-hold pinned to current heading.
[attitude_controller-14] [INFO] [1786719967.217635947] [attitude_scout_3]: [scout_3] Landed — tilt correction stopped, yaw-hold pinned to current heading.
[attitude_controller-14] [INFO] [1786719967.307093475] [attitude_scout_3]: [scout_3] Landed — tilt correction stopped, yaw-hold pinned to current heading.
[attitude_controller-14] [INFO] [1786719967.335150742] [attitude_scout_3]: [scout_3] Landed — tilt correction stopped, yaw-hold pinned to current heading.
[attitude_controller-14] [INFO] [1786719967.362852587] [attitude_scout_3]: [scout_3] Landed — tilt correction stopped, yaw-hold pinned to current heading.
[attitude_controller-14] [INFO] [1786719967.390195936] [attitude_scout_3]: [scout_3] Landed — tilt correction stopped, yaw-hold pinned to current heading.
[attitude_controller-14] [INFO] [1786719967.391849708] [attitude_scout_3]: [scout_3] Landed — tilt correction stopped, yaw-hold pinned to current heading.
[attitude_controller-14] [INFO] [1786719967.515082828] [attitude_scout_3]: [scout_3] Landed — tilt correction stopped, yaw-hold pinned to current heading.
[attitude_controller-14] [INFO] [1786719967.537034850] [attitude_scout_3]: [scout_3] Landed — tilt correction stopped, yaw-hold pinned to current heading.
[attitude_controller-14] [INFO] [1786719967.560026389] [attitude_scout_3]: [scout_3] Landed — tilt correction stopped, yaw-hold pinned to current heading.
[attitude_controller-14] [INFO] [1786719967.584146144] [attitude_scout_3]: [scout_3] Landed — tilt correction stopped, yaw-hold pinned to current heading.
[attitude_controller-14] [INFO] [1786719967.630441204] [attitude_scout_3]: [scout_3] Landed — tilt correction stopped, yaw-hold pinned to current heading.
[attitude_controller-14] [INFO] [1786719967.632119700] [attitude_scout_3]: [scout_3] Landed — tilt correction stopped, yaw-hold pinned to current heading.
[attitude_controller-14] [INFO] [1786719967.634753624] [attitude_scout_3]: [scout_3] Landed — tilt correction stopped, yaw-hold pinned to current heading.
[attitude_controller-14] [INFO] [1786719967.636024525] [attitude_scout_3]: [scout_3] Landed — tilt correction stopped, yaw-hold pinned to current heading.
[attitude_controller-14] [INFO] [1786719967.637745484] [attitude_scout_3]: [scout_3] Landed — tilt correction stopped, yaw-hold pinned to current heading.
[attitude_controller-14] [INFO] [1786719967.639337935] [attitude_scout_3]: [scout_3] Landed — tilt correction stopped, yaw-hold pinned to current heading.
[attitude_controller-14] [INFO] [1786719967.788626601] [attitude_scout_3]: [scout_3] Landed — tilt correction stopped, yaw-hold pinned to current heading.
[attitude_controller-14] [INFO] [1786719967.790775408] [attitude_scout_3]: [scout_3] Landed — tilt correction stopped, yaw-hold pinned to current heading.
[attitude_controller-14] [INFO] [1786719967.792295434] [attitude_scout_3]: [scout_3] Landed — tilt correction stopped, yaw-hold pinned to current heading.
[attitude_controller-14] [INFO] [1786719967.794198678] [attitude_scout_3]: [scout_3] Landed — tilt correction stopped, yaw-hold pinned to current heading.
[attitude_controller-14] [INFO] [1786719967.846199561] [attitude_scout_3]: [scout_3] Landed — tilt correction stopped, yaw-hold pinned to current heading.
[attitude_controller-14] [INFO] [1786719967.873497444] [attitude_scout_3]: [scout_3] Landed — tilt correction stopped, yaw-hold pinned to current heading.
[attitude_controller-14] [INFO] [1786719967.900077428] [attitude_scout_3]: [scout_3] Landed — tilt correction stopped, yaw-hold pinned to current heading.
[attitude_controller-14] [INFO] [1786719968.025684244] [attitude_scout_3]: [scout_3] Landed — tilt correction stopped, yaw-hold pinned to current heading.
[hopper_locomotion-13] [INFO] [1786719968.034431026] [loco_scout_3]: 2. IGNITION (stroke fraction=0.90, ramp=4.0s)
[landing_controller-15] [INFO] [1786719968.045887580] [landing_scout_3]: [scout_3] 🚀 Jump detected → FLIGHT mode (contact detection blanked 100 s for launch)
[attitude_controller-14] [INFO] [1786719968.058162883] [attitude_scout_3]: [scout_3] Landed — tilt correction stopped, yaw-hold pinned to current heading.
[attitude_controller-14] [INFO] [1786719968.084930462] [attitude_scout_3]: [scout_3] Landed — tilt correction stopped, yaw-hold pinned to current heading.
[attitude_controller-14] [INFO] [1786719968.086576062] [attitude_scout_3]: [scout_3] Landed — tilt correction stopped, yaw-hold pinned to current heading.
[landing_controller-15] [INFO] [1786719968.091630894] [landing_scout_3]: [scout_3] 📏 CALIBSERIES t=0.0s v=0.00950 m/s (vx=0.00210 vy=0.00923 vz=-0.00080)
[attitude_controller-14] [INFO] [1786719968.192442381] [attitude_scout_3]: [scout_3] Landed — tilt correction stopped, yaw-hold pinned to current heading.
[attitude_controller-14] [INFO] [1786719968.279154311] [attitude_scout_3]: [scout_3] Airborne (landed=False) — tilt correction armed.
[landing_controller-7] [INFO] [1786719968.716924828] [landing_scout_1]: [scout_1] Landing controller state: FLIGHT
[landing_controller-15] [INFO] [1786719968.791802711] [landing_scout_3]: [scout_3] Landing controller state: FLIGHT
[landing_controller-11] [INFO] [1786719968.821272728] [landing_scout_2]: [scout_2] Landing controller state: FLIGHT
[landing_controller-15] [INFO] [1786719970.097577569] [landing_scout_3]: [scout_3] 📏 CALIBSERIES t=2.1s v=0.00176 m/s (vx=-0.00019 vy=-0.00018 vz=-0.00174)
[attitude_controller-14] [INFO] [1786719971.095752028] [attitude_scout_3]: [scout_3] Jump initiated. Flight mode active (tilt-PD held for stroke).
[landing_controller-15] [INFO] [1786719972.132462756] [landing_scout_3]: [scout_3] 📏 CALIBSERIES t=4.1s v=0.00167 m/s (vx=0.00069 vy=-0.00012 vz=-0.00151)
[landing_controller-7] [INFO] [1786719973.715507645] [landing_scout_1]: [scout_1] Landing controller state: FLIGHT
[landing_controller-15] [INFO] [1786719973.790060213] [landing_scout_3]: [scout_3] Landing controller state: FLIGHT
[landing_controller-11] [INFO] [1786719973.821893940] [landing_scout_2]: [scout_2] Landing controller state: FLIGHT
[landing_controller-15] [INFO] [1786719974.203054149] [landing_scout_3]: [scout_3] 📏 CALIBSERIES t=6.2s v=0.00113 m/s (vx=0.00009 vy=-0.00012 vz=-0.00112)
[landing_controller-15] [INFO] [1786719976.255549444] [landing_scout_3]: [scout_3] 📏 CALIBSERIES t=8.2s v=0.00124 m/s (vx=0.00001 vy=-0.00011 vz=-0.00124)
[landing_controller-15] [INFO] [1786719978.283844442] [landing_scout_3]: [scout_3] 📏 CALIBSERIES t=10.2s v=0.00135 m/s (vx=-0.00003 vy=-0.00009 vz=-0.00135)
[landing_controller-7] [INFO] [1786719978.715605457] [landing_scout_1]: [scout_1] Landing controller state: FLIGHT
[landing_controller-15] [INFO] [1786719978.789570875] [landing_scout_3]: [scout_3] Landing controller state: FLIGHT
[landing_controller-11] [INFO] [1786719978.821307664] [landing_scout_2]: [scout_2] Landing controller state: FLIGHT
[landing_controller-15] [INFO] [1786719980.329377236] [landing_scout_3]: [scout_3] 📏 CALIBSERIES t=12.3s v=0.00147 m/s (vx=-0.00006 vy=-0.00006 vz=-0.00147)
[landing_controller-15] [INFO] [1786719982.409845679] [landing_scout_3]: [scout_3] 📏 CALIBSERIES t=14.4s v=0.00159 m/s (vx=-0.00007 vy=-0.00004 vz=-0.00159)
[landing_controller-7] [INFO] [1786719983.716677761] [landing_scout_1]: [scout_1] Landing controller state: FLIGHT
[landing_controller-15] [INFO] [1786719983.790031933] [landing_scout_3]: [scout_3] Landing controller state: FLIGHT
[landing_controller-11] [INFO] [1786719983.821929150] [landing_scout_2]: [scout_2] Landing controller state: FLIGHT
[landing_controller-15] [INFO] [1786719984.445496184] [landing_scout_3]: [scout_3] 📏 CALIBSERIES t=16.4s v=0.00171 m/s (vx=-0.00009 vy=-0.00002 vz=-0.00171)
[landing_controller-15] [INFO] [1786719986.505174038] [landing_scout_3]: [scout_3] 📏 CALIBSERIES t=18.5s v=0.00183 m/s (vx=-0.00010 vy=0.00001 vz=-0.00182)
[landing_controller-15] [INFO] [1786719988.512577973] [landing_scout_3]: [scout_3] 📏 CALIBSERIES t=20.5s v=0.00194 m/s (vx=-0.00012 vy=0.00003 vz=-0.00194)
[landing_controller-7] [INFO] [1786719988.715183529] [landing_scout_1]: [scout_1] Landing controller state: FLIGHT
[landing_controller-15] [INFO] [1786719988.790795396] [landing_scout_3]: [scout_3] Landing controller state: FLIGHT
[landing_controller-11] [INFO] [1786719988.821334062] [landing_scout_2]: [scout_2] Landing controller state: FLIGHT
[landing_controller-15] [INFO] [1786719990.589899179] [landing_scout_3]: [scout_3] 📏 CALIBSERIES t=22.5s v=0.00206 m/s (vx=-0.00013 vy=0.00005 vz=-0.00206)
[landing_controller-15] [INFO] [1786719992.677286392] [landing_scout_3]: [scout_3] 📏 CALIBSERIES t=24.6s v=0.00218 m/s (vx=-0.00014 vy=0.00008 vz=-0.00217)
[landing_controller-7] [INFO] [1786719993.716929015] [landing_scout_1]: [scout_1] Landing controller state: FLIGHT
[landing_controller-15] [INFO] [1786719993.789591139] [landing_scout_3]: [scout_3] Landing controller state: FLIGHT
[landing_controller-11] [INFO] [1786719993.824277753] [landing_scout_2]: [scout_2] Landing controller state: FLIGHT
[landing_controller-15] [INFO] [1786719994.689736667] [landing_scout_3]: [scout_3] 📏 CALIBSERIES t=26.6s v=0.00229 m/s (vx=-0.00015 vy=0.00010 vz=-0.00228)
[landing_controller-15] [INFO] [1786719996.766123709] [landing_scout_3]: [scout_3] 📏 CALIBSERIES t=28.7s v=0.00241 m/s (vx=-0.00017 vy=0.00012 vz=-0.00240)
[landing_controller-7] [INFO] [1786719998.715360447] [landing_scout_1]: [scout_1] Landing controller state: FLIGHT
[landing_controller-15] [INFO] [1786719998.790911631] [landing_scout_3]: [scout_3] Landing controller state: FLIGHT
[landing_controller-11] [INFO] [1786719998.821519515] [landing_scout_2]: [scout_2] Landing controller state: FLIGHT
[landing_controller-15] [INFO] [1786719998.854644758] [landing_scout_3]: [scout_3] 📏 CALIBSERIES t=30.8s v=0.00253 m/s (vx=-0.00018 vy=0.00015 vz=-0.00252)
[swarm_manager-3] [INFO] [1786720000.784293297] [swarm_manager_node]: 📍 scout_2 detected high-value spectral anomaly at [-0.4, -13.5]!
[landing_controller-15] [INFO] [1786720000.876236379] [landing_scout_3]: [scout_3] 📏 CALIBSERIES t=32.8s v=0.00264 m/s (vx=-0.00019 vy=0.00017 vz=-0.00263)
[swarm_manager-3] [INFO] [1786720002.782753038] [swarm_manager_node]: 📍 scout_2 detected high-value spectral anomaly at [11.6, -14.8]!
[landing_controller-15] [INFO] [1786720002.877153838] [landing_scout_3]: [scout_3] 📏 CALIBSERIES t=34.8s v=0.00409 m/s (vx=-0.00188 vy=0.00239 vz=-0.00273)
[landing_controller-7] [INFO] [1786720003.716296301] [landing_scout_1]: [scout_1] Landing controller state: FLIGHT
[landing_controller-15] [INFO] [1786720003.789815596] [landing_scout_3]: [scout_3] Landing controller state: FLIGHT
[landing_controller-11] [INFO] [1786720003.824086379] [landing_scout_2]: [scout_2] Landing controller state: FLIGHT
[landing_controller-15] [INFO] [1786720004.961423954] [landing_scout_3]: [scout_3] 📏 CALIBSERIES t=36.9s v=0.00689 m/s (vx=-0.00318 vy=0.00542 vz=-0.00284)
[hopper_locomotion-13] [INFO] [1786720006.939139188] [loco_scout_3]: 3. Separation confirmed (genuine ground clearance) — holding extension for clearance, then slow retract (FLIGHT)
[landing_controller-15] [INFO] [1786720007.019270574] [landing_scout_3]: [scout_3] 📏 CALIBSERIES t=39.0s v=0.03402 m/s (vx=0.01910 vy=0.02798 vz=-0.00311)
[landing_controller-7] [INFO] [1786720008.715852279] [landing_scout_1]: [scout_1] Landing controller state: FLIGHT
[swarm_manager-3] [INFO] [1786720008.784061125] [swarm_manager_node]: 📍 scout_2 detected high-value spectral anomaly at [8.3, -8.1]!
[landing_controller-15] [INFO] [1786720008.789786088] [landing_scout_3]: [scout_3] Landing controller state: FLIGHT
[landing_controller-11] [INFO] [1786720008.821500890] [landing_scout_2]: [scout_2] Landing controller state: FLIGHT
[landing_controller-15] [INFO] [1786720009.023032831] [landing_scout_3]: [scout_3] 📏 CALIBSERIES t=41.0s v=0.03410 m/s (vx=-0.00200 vy=0.03390 vz=-0.00303)
[landing_controller-15] [INFO] [1786720011.094906700] [landing_scout_3]: [scout_3] 📏 CALIBSERIES t=43.0s v=0.03557 m/s (vx=-0.02985 vy=0.01914 vz=-0.00289)
[landing_controller-15] [INFO] [1786720013.189848305] [landing_scout_3]: [scout_3] 📏 CALIBSERIES t=45.1s v=0.03367 m/s (vx=-0.03337 vy=-0.00345 vz=-0.00296)
[landing_controller-7] [INFO] [1786720013.716528208] [landing_scout_1]: [scout_1] Landing controller state: FLIGHT
[landing_controller-15] [INFO] [1786720013.789777437] [landing_scout_3]: [scout_3] Landing controller state: FLIGHT
[landing_controller-11] [INFO] [1786720013.821273429] [landing_scout_2]: [scout_2] Landing controller state: FLIGHT
[landing_controller-15] [INFO] [1786720015.256460440] [landing_scout_3]: [scout_3] 📏 CALIBSERIES t=47.2s v=0.03327 m/s (vx=-0.01733 vy=-0.02825 vz=-0.00287)
[landing_controller-15] [INFO] [1786720017.320529219] [landing_scout_3]: [scout_3] 📏 CALIBSERIES t=49.3s v=0.03063 m/s (vx=0.00465 vy=-0.03006 vz=-0.00354)
[landing_controller-7] [INFO] [1786720018.715322236] [landing_scout_1]: [scout_1] Landing controller state: FLIGHT
[landing_controller-15] [INFO] [1786720018.789644303] [landing_scout_3]: [scout_3] Landing controller state: FLIGHT
[landing_controller-11] [INFO] [1786720018.821105446] [landing_scout_2]: [scout_2] Landing controller state: FLIGHT
[landing_controller-15] [INFO] [1786720019.413221752] [landing_scout_3]: [scout_3] 📏 CALIBSERIES t=51.4s v=0.01453 m/s (vx=0.01219 vy=0.00766 vz=-0.00196)
[landing_controller-15] [INFO] [1786720021.465827932] [landing_scout_3]: [scout_3] 📏 CALIBSERIES t=53.4s v=0.01163 m/s (vx=0.00557 vy=0.00637 vz=0.00799)
[landing_controller-15] [INFO] [1786720023.473156938] [landing_scout_3]: [scout_3] 📏 CALIBSERIES t=55.4s v=0.01237 m/s (vx=0.00729 vy=-0.00001 vz=0.00999)
[landing_controller-7] [INFO] [1786720023.715137454] [landing_scout_1]: [scout_1] Landing controller state: FLIGHT
[landing_controller-15] [INFO] [1786720023.789992414] [landing_scout_3]: [scout_3] Landing controller state: FLIGHT
[landing_controller-11] [INFO] [1786720023.821163648] [landing_scout_2]: [scout_2] Landing controller state: FLIGHT
[landing_controller-15] [INFO] [1786720025.549904439] [landing_scout_3]: [scout_3] 📏 CALIBSERIES t=57.5s v=0.01481 m/s (vx=0.00286 vy=0.01029 vz=0.01026)
[landing_controller-15] [INFO] [1786720027.593289626] [landing_scout_3]: [scout_3] 📏 CALIBSERIES t=59.5s v=0.01804 m/s (vx=-0.00624 vy=0.01343 vz=0.01030)
[landing_controller-7] [INFO] [1786720028.715352968] [landing_scout_1]: [scout_1] Landing controller state: FLIGHT
[landing_controller-15] [INFO] [1786720028.790568105] [landing_scout_3]: [scout_3] Landing controller state: FLIGHT
[landing_controller-11] [INFO] [1786720028.821066350] [landing_scout_2]: [scout_2] Landing controller state: FLIGHT
[landing_controller-15] [INFO] [1786720029.599526679] [landing_scout_3]: [scout_3] 📏 CALIBSERIES t=61.6s v=0.01948 m/s (vx=-0.01218 vy=0.01131 vz=0.01016)
[landing_controller-15] [INFO] [1786720031.672517643] [landing_scout_3]: [scout_3] 📏 CALIBSERIES t=63.6s v=0.02075 m/s (vx=-0.01810 vy=0.00265 vz=0.00979)
[landing_controller-7] [INFO] [1786720033.715315691] [landing_scout_1]: [scout_1] Landing controller state: FLIGHT
[landing_controller-15] [INFO] [1786720033.732054984] [landing_scout_3]: [scout_3] 📏 CALIBSERIES t=65.7s v=0.01994 m/s (vx=-0.01761 vy=-0.00086 vz=0.00933)
[landing_controller-15] [INFO] [1786720033.789650343] [landing_scout_3]: [scout_3] Landing controller state: FLIGHT
[landing_controller-11] [INFO] [1786720033.821149136] [landing_scout_2]: [scout_2] Landing controller state: FLIGHT
[swarm_manager-3] [INFO] [1786720034.783278689] [swarm_manager_node]: 📍 scout_2 detected high-value spectral anomaly at [9.6, -20.1]!
[landing_controller-15] [INFO] [1786720035.783308775] [landing_scout_3]: [scout_3] 📏 CALIBSERIES t=67.7s v=0.01741 m/s (vx=-0.01223 vy=-0.00858 vz=0.00893)
[landing_controller-15] [INFO] [1786720037.844325390] [landing_scout_3]: [scout_3] 📏 CALIBSERIES t=69.8s v=0.01465 m/s (vx=-0.00713 vy=-0.00934 vz=0.00875)
[landing_controller-7] [INFO] [1786720038.715301352] [landing_scout_1]: [scout_1] Landing controller state: FLIGHT
[landing_controller-15] [INFO] [1786720038.789966777] [landing_scout_3]: [scout_3] Landing controller state: FLIGHT
[landing_controller-11] [INFO] [1786720038.821557134] [landing_scout_2]: [scout_2] Landing controller state: FLIGHT
[landing_controller-15] [INFO] [1786720039.906223385] [landing_scout_3]: [scout_3] 📏 CALIBSERIES t=71.9s v=0.01146 m/s (vx=-0.00208 vy=-0.00721 vz=0.00866)
[swarm_manager-3] [INFO] [1786720040.782820829] [swarm_manager_node]: 📍 scout_2 detected high-value spectral anomaly at [7.7, -7.3]!
[landing_controller-15] [INFO] [1786720041.955202460] [landing_scout_3]: [scout_3] 📏 CALIBSERIES t=73.9s v=0.00884 m/s (vx=0.00093 vy=-0.00093 vz=0.00874)
[landing_controller-7] [INFO] [1786720043.715399973] [landing_scout_1]: [scout_1] Landing controller state: FLIGHT
[landing_controller-15] [INFO] [1786720043.789437320] [landing_scout_3]: [scout_3] Landing controller state: FLIGHT
[landing_controller-11] [INFO] [1786720043.821207869] [landing_scout_2]: [scout_2] Landing controller state: FLIGHT
[landing_controller-15] [INFO] [1786720043.993759091] [landing_scout_3]: [scout_3] 📏 CALIBSERIES t=75.9s v=0.00888 m/s (vx=0.00065 vy=-0.00030 vz=0.00885)
[landing_controller-15] [INFO] [1786720046.071813502] [landing_scout_3]: [scout_3] 📏 CALIBSERIES t=78.0s v=0.01023 m/s (vx=-0.00180 vy=0.00465 vz=0.00893)
[landing_controller-15] [INFO] [1786720048.145909217] [landing_scout_3]: [scout_3] 📏 CALIBSERIES t=80.1s v=0.01281 m/s (vx=-0.00661 vy=0.00642 vz=0.00890)
[landing_controller-7] [INFO] [1786720048.715414460] [landing_scout_1]: [scout_1] Landing controller state: FLIGHT
[swarm_manager-3] [INFO] [1786720048.782852572] [swarm_manager_node]: 📍 scout_2 detected high-value spectral anomaly at [-0.7, -20.2]!
[landing_controller-15] [INFO] [1786720048.793638730] [landing_scout_3]: [scout_3] Landing controller state: FLIGHT
[landing_controller-11] [INFO] [1786720048.821150566] [landing_scout_2]: [scout_2] Landing controller state: FLIGHT
[landing_controller-15] [INFO] [1786720050.163985862] [landing_scout_3]: [scout_3] 📏 CALIBSERIES t=82.1s v=0.01227 m/s (vx=-0.00640 vy=0.00571 vz=0.00878)
[landing_controller-15] [INFO] [1786720052.193549644] [landing_scout_3]: [scout_3] 📏 CALIBSERIES t=84.1s v=0.01395 m/s (vx=-0.01016 vy=0.00412 vz=0.00862)
[landing_controller-7] [INFO] [1786720053.715534709] [landing_scout_1]: [scout_1] Landing controller state: FLIGHT
[landing_controller-15] [INFO] [1786720053.789540566] [landing_scout_3]: [scout_3] Landing controller state: FLIGHT
[landing_controller-11] [INFO] [1786720053.823144734] [landing_scout_2]: [scout_2] Landing controller state: FLIGHT
[landing_controller-15] [INFO] [1786720054.262462374] [landing_scout_3]: [scout_3] 📏 CALIBSERIES t=86.2s v=0.01430 m/s (vx=-0.01158 vy=0.00039 vz=0.00837)
[swarm_manager-3] [INFO] [1786720054.782959280] [swarm_manager_node]: 📍 scout_2 detected high-value spectral anomaly at [9.0, -17.4]!
[landing_controller-15] [INFO] [1786720056.325841206] [landing_scout_3]: [scout_3] 📏 CALIBSERIES t=88.3s v=0.01386 m/s (vx=-0.01123 vy=0.00042 vz=0.00811)
[landing_controller-15] [WARN] [1786720058.119110791] [landing_scout_3]: [scout_3] 📏 CALIBTIMEOUT t=90.1s -- never stabilized within 90s (last v=0.01342 m/s) -- likely tumbling/terrain-snagged launch, discard from calibration
[landing_controller-7] [INFO] [1786720058.716050697] [landing_scout_1]: [scout_1] Landing controller state: FLIGHT
[swarm_manager-3] [INFO] [1786720058.782928758] [swarm_manager_node]: 📍 scout_2 detected high-value spectral anomaly at [7.8, -7.2]!
[landing_controller-15] [INFO] [1786720058.790014094] [landing_scout_3]: [scout_3] Landing controller state: FLIGHT
[landing_controller-11] [INFO] [1786720058.821473996] [landing_scout_2]: [scout_2] Landing controller state: FLIGHT
[landing_controller-7] [INFO] [1786720063.715180489] [landing_scout_1]: [scout_1] Landing controller state: FLIGHT
[landing_controller-15] [INFO] [1786720063.789735866] [landing_scout_3]: [scout_3] Landing controller state: FLIGHT
[landing_controller-11] [INFO] [1786720063.821329097] [landing_scout_2]: [scout_2] Landing controller state: FLIGHT
[landing_controller-7] [INFO] [1786720068.717229593] [landing_scout_1]: [scout_1] Landing controller state: FLIGHT
[swarm_manager-3] [INFO] [1786720068.783110747] [swarm_manager_node]: 📍 scout_2 detected high-value spectral anomaly at [3.1, -20.4]!
[landing_controller-15] [INFO] [1786720068.792557071] [landing_scout_3]: [scout_3] Landing controller state: FLIGHT
[landing_controller-11] [INFO] [1786720068.821052280] [landing_scout_2]: [scout_2] Landing controller state: FLIGHT
[landing_controller-7] [INFO] [1786720073.715901947] [landing_scout_1]: [scout_1] Landing controller state: FLIGHT
[landing_controller-15] [INFO] [1786720073.790424019] [landing_scout_3]: [scout_3] Landing controller state: FLIGHT
[landing_controller-11] [INFO] [1786720073.822251710] [landing_scout_2]: [scout_2] Landing controller state: FLIGHT
[landing_controller-7] [INFO] [1786720078.715343960] [landing_scout_1]: [scout_1] Landing controller state: FLIGHT
[landing_controller-15] [INFO] [1786720078.789536035] [landing_scout_3]: [scout_3] Landing controller state: FLIGHT
[landing_controller-11] [INFO] [1786720078.821125011] [landing_scout_2]: [scout_2] Landing controller state: FLIGHT
[swarm_manager-3] [INFO] [1786720080.783114024] [swarm_manager_node]: 📍 scout_2 detected high-value spectral anomaly at [6.0, -4.9]!
[landing_controller-7] [INFO] [1786720083.715402117] [landing_scout_1]: [scout_1] Landing controller state: FLIGHT
[landing_controller-15] [INFO] [1786720083.791649908] [landing_scout_3]: [scout_3] Landing controller state: FLIGHT
[landing_controller-11] [INFO] [1786720083.821179962] [landing_scout_2]: [scout_2] Landing controller state: FLIGHT
[landing_controller-7] [INFO] [1786720088.717502718] [landing_scout_1]: [scout_1] Landing controller state: FLIGHT
[landing_controller-15] [INFO] [1786720088.790592984] [landing_scout_3]: [scout_3] Landing controller state: FLIGHT
[landing_controller-11] [INFO] [1786720088.821172825] [landing_scout_2]: [scout_2] Landing controller state: FLIGHT
[landing_controller-7] [INFO] [1786720093.715549095] [landing_scout_1]: [scout_1] Landing controller state: FLIGHT
[landing_controller-15] [INFO] [1786720093.789716459] [landing_scout_3]: [scout_3] Landing controller state: FLIGHT
[landing_controller-11] [INFO] [1786720093.821731333] [landing_scout_2]: [scout_2] Landing controller state: FLIGHT
[landing_controller-7] [INFO] [1786720098.716486133] [landing_scout_1]: [scout_1] Landing controller state: FLIGHT
[landing_controller-15] [INFO] [1786720098.791398430] [landing_scout_3]: [scout_3] Landing controller state: FLIGHT
[landing_controller-11] [INFO] [1786720098.821277974] [landing_scout_2]: [scout_2] Landing controller state: FLIGHT
[landing_controller-7] [INFO] [1786720103.715356418] [landing_scout_1]: [scout_1] Landing controller state: FLIGHT
[landing_controller-15] [INFO] [1786720103.790874244] [landing_scout_3]: [scout_3] Landing controller state: FLIGHT
[landing_controller-11] [INFO] [1786720103.821839824] [landing_scout_2]: [scout_2] Landing controller state: FLIGHT
[swarm_manager-3] [INFO] [1786720106.782665228] [swarm_manager_node]: 📍 scout_2 detected high-value spectral anomaly at [13.8, -13.1]!
[landing_controller-7] [INFO] [1786720108.715202099] [landing_scout_1]: [scout_1] Landing controller state: FLIGHT
[landing_controller-15] [INFO] [1786720108.790187947] [landing_scout_3]: [scout_3] Landing controller state: FLIGHT
[landing_controller-11] [INFO] [1786720108.821159185] [landing_scout_2]: [scout_2] Landing controller state: FLIGHT
[landing_controller-7] [INFO] [1786720113.716945010] [landing_scout_1]: [scout_1] Landing controller state: FLIGHT
[landing_controller-15] [INFO] [1786720113.790528236] [landing_scout_3]: [scout_3] Landing controller state: FLIGHT
[landing_controller-11] [INFO] [1786720113.821461134] [landing_scout_2]: [scout_2] Landing controller state: FLIGHT
[landing_controller-7] [INFO] [1786720118.716890258] [landing_scout_1]: [scout_1] Landing controller state: FLIGHT
[swarm_manager-3] [INFO] [1786720118.782807696] [swarm_manager_node]: 📍 scout_2 detected high-value spectral anomaly at [1.6, -15.5]!
[landing_controller-15] [INFO] [1786720118.792143327] [landing_scout_3]: [scout_3] Landing controller state: FLIGHT
[landing_controller-11] [INFO] [1786720118.821746655] [landing_scout_2]: [scout_2] Landing controller state: FLIGHT
[swarm_manager-3] [INFO] [1786720120.783002560] [swarm_manager_node]: 📍 scout_2 detected high-value spectral anomaly at [-1.5, -12.5]!
[landing_controller-7] [INFO] [1786720123.715442293] [landing_scout_1]: [scout_1] Landing controller state: FLIGHT
[landing_controller-15] [INFO] [1786720123.790846153] [landing_scout_3]: [scout_3] Landing controller state: FLIGHT
[landing_controller-11] [INFO] [1786720123.821748393] [landing_scout_2]: [scout_2] Landing controller state: FLIGHT
[swarm_manager-3] [INFO] [1786720124.783522668] [swarm_manager_node]: 📍 scout_2 detected high-value spectral anomaly at [7.4, -23.8]!
[landing_controller-7] [INFO] [1786720128.715300063] [landing_scout_1]: [scout_1] Landing controller state: FLIGHT
[landing_controller-15] [INFO] [1786720128.791093991] [landing_scout_3]: [scout_3] Landing controller state: FLIGHT
[landing_controller-11] [INFO] [1786720128.822927568] [landing_scout_2]: [scout_2] Landing controller state: FLIGHT
[swarm_manager-3] [INFO] [1786720132.782693376] [swarm_manager_node]: 📍 scout_2 detected high-value spectral anomaly at [2.1, -6.9]!
[landing_controller-7] [INFO] [1786720133.715639786] [landing_scout_1]: [scout_1] Landing controller state: FLIGHT
[landing_controller-15] [INFO] [1786720133.789566299] [landing_scout_3]: [scout_3] Landing controller state: FLIGHT
[landing_controller-11] [INFO] [1786720133.821706621] [landing_scout_2]: [scout_2] Landing controller state: FLIGHT
[swarm_manager-3] [INFO] [1786720134.783280969] [swarm_manager_node]: 📍 scout_2 detected high-value spectral anomaly at [14.5, -12.0]!
[landing_controller-7] [INFO] [1786720138.715669040] [landing_scout_1]: [scout_1] Landing controller state: FLIGHT
[landing_controller-15] [INFO] [1786720138.790513133] [landing_scout_3]: [scout_3] Landing controller state: FLIGHT
[landing_controller-11] [INFO] [1786720138.821288336] [landing_scout_2]: [scout_2] Landing controller state: FLIGHT
[landing_controller-7] [INFO] [1786720143.715392152] [landing_scout_1]: [scout_1] Landing controller state: FLIGHT
[landing_controller-15] [INFO] [1786720143.789830190] [landing_scout_3]: [scout_3] Landing controller state: FLIGHT
[landing_controller-11] [INFO] [1786720143.821357867] [landing_scout_2]: [scout_2] Landing controller state: FLIGHT
[landing_controller-7] [INFO] [1786720148.715919248] [landing_scout_1]: [scout_1] Landing controller state: FLIGHT
[landing_controller-15] [INFO] [1786720148.789398647] [landing_scout_3]: [scout_3] Landing controller state: FLIGHT
[landing_controller-11] [INFO] [1786720148.821671044] [landing_scout_2]: [scout_2] Landing controller state: FLIGHT
[swarm_manager-3] [INFO] [1786720152.782999931] [swarm_manager_node]: 📍 scout_2 detected high-value spectral anomaly at [4.0, -20.8]!
[landing_controller-7] [INFO] [1786720153.715622883] [landing_scout_1]: [scout_1] Landing controller state: FLIGHT
[landing_controller-15] [INFO] [1786720153.789487670] [landing_scout_3]: [scout_3] Landing controller state: FLIGHT
[landing_controller-11] [INFO] [1786720153.821401852] [landing_scout_2]: [scout_2] Landing controller state: FLIGHT
[landing_controller-7] [INFO] [1786720158.715144057] [landing_scout_1]: [scout_1] Landing controller state: FLIGHT
[landing_controller-15] [INFO] [1786720158.789602570] [landing_scout_3]: [scout_3] Landing controller state: FLIGHT
[landing_controller-11] [INFO] [1786720158.821170130] [landing_scout_2]: [scout_2] Landing controller state: FLIGHT
[landing_controller-7] [INFO] [1786720163.715426605] [landing_scout_1]: [scout_1] Landing controller state: FLIGHT
[landing_controller-15] [INFO] [1786720163.789673572] [landing_scout_3]: [scout_3] Landing controller state: FLIGHT
[landing_controller-11] [INFO] [1786720163.821689866] [landing_scout_2]: [scout_2] Landing controller state: FLIGHT
[landing_controller-15] [INFO] [1786720165.290658718] [landing_scout_3]: [scout_3] 🎯 Contact detected! accel=0.0824 m/s² → hands-off settle (no posture commands at contact)
[attitude_controller-14] [INFO] [1786720165.694438903] [attitude_scout_3]: [scout_3] Contact — commanded-flight latch cleared (full attitude PD locked out until next ignition).
[landing_controller-15] [INFO] [1786720166.606822690] [landing_scout_3]: [scout_3] ✅ LANDED — stable contact confirmed
[attitude_controller-14] [INFO] [1786720166.714990319] [attitude_scout_3]: [scout_3] Landed — tilt correction stopped, yaw-hold pinned to current heading.
[attitude_controller-14] [INFO] [1786720166.739634500] [attitude_scout_3]: [scout_3] Landed — tilt correction stopped, yaw-hold pinned to current heading.
[attitude_controller-14] [INFO] [1786720166.771589544] [attitude_scout_3]: [scout_3] Landed — tilt correction stopped, yaw-hold pinned to current heading.
[swarm_manager-3] [INFO] [1786720166.783036905] [swarm_manager_node]: 🔁 scout_3 corrective re-hop 2/5 (5.7m short of target).
[attitude_controller-14] [INFO] [1786720166.800728860] [attitude_scout_3]: [scout_3] Landed — tilt correction stopped, yaw-hold pinned to current heading.
[attitude_controller-14] [INFO] [1786720166.835897517] [attitude_scout_3]: [scout_3] Landed — tilt correction stopped, yaw-hold pinned to current heading.
[attitude_controller-14] [INFO] [1786720166.837154733] [attitude_scout_3]: [scout_3] Landed — tilt correction stopped, yaw-hold pinned to current heading.
[attitude_controller-14] [INFO] [1786720166.838434019] [attitude_scout_3]: [scout_3] Landed — tilt correction stopped, yaw-hold pinned to current heading.
[attitude_controller-14] [INFO] [1786720166.840685916] [attitude_scout_3]: [scout_3] Landed — tilt correction stopped, yaw-hold pinned to current heading.
[attitude_controller-14] [INFO] [1786720166.841981335] [attitude_scout_3]: [scout_3] Landed — tilt correction stopped, yaw-hold pinned to current heading.
[attitude_controller-14] [INFO] [1786720166.843098379] [attitude_scout_3]: [scout_3] Landed — tilt correction stopped, yaw-hold pinned to current heading.
[attitude_controller-14] [INFO] [1786720166.941729510] [attitude_scout_3]: [scout_3] Landed — tilt correction stopped, yaw-hold pinned to current heading.
[attitude_controller-14] [INFO] [1786720166.966885628] [attitude_scout_3]: [scout_3] Landed — tilt correction stopped, yaw-hold pinned to current heading.
[attitude_controller-14] [INFO] [1786720166.995715896] [attitude_scout_3]: [scout_3] Landed — tilt correction stopped, yaw-hold pinned to current heading.
[attitude_controller-14] [INFO] [1786720167.080948785] [attitude_scout_3]: [scout_3] Landed — tilt correction stopped, yaw-hold pinned to current heading.
[attitude_controller-14] [INFO] [1786720167.111178046] [attitude_scout_3]: [scout_3] Landed — tilt correction stopped, yaw-hold pinned to current heading.
[attitude_controller-14] [INFO] [1786720167.137136085] [attitude_scout_3]: [scout_3] Landed — tilt correction stopped, yaw-hold pinned to current heading.
[attitude_controller-14] [INFO] [1786720167.139653310] [attitude_scout_3]: [scout_3] Landed — tilt correction stopped, yaw-hold pinned to current heading.
[attitude_controller-14] [INFO] [1786720167.165280719] [attitude_scout_3]: [scout_3] Landed — tilt correction stopped, yaw-hold pinned to current heading.
[attitude_controller-14] [INFO] [1786720167.166578862] [attitude_scout_3]: [scout_3] Landed — tilt correction stopped, yaw-hold pinned to current heading.
[attitude_controller-14] [INFO] [1786720167.168025697] [attitude_scout_3]: [scout_3] Landed — tilt correction stopped, yaw-hold pinned to current heading.
[attitude_controller-14] [INFO] [1786720167.225931725] [attitude_scout_3]: [scout_3] Landed — tilt correction stopped, yaw-hold pinned to current heading.
[attitude_controller-14] [INFO] [1786720167.252260622] [attitude_scout_3]: [scout_3] Landed — tilt correction stopped, yaw-hold pinned to current heading.
[attitude_controller-14] [INFO] [1786720167.539405607] [attitude_scout_3]: [scout_3] Landed — tilt correction stopped, yaw-hold pinned to current heading.
[attitude_controller-14] [INFO] [1786720167.540804531] [attitude_scout_3]: [scout_3] Landed — tilt correction stopped, yaw-hold pinned to current heading.
[attitude_controller-14] [INFO] [1786720167.543260086] [attitude_scout_3]: [scout_3] Landed — tilt correction stopped, yaw-hold pinned to current heading.
[attitude_controller-14] [INFO] [1786720167.545751470] [attitude_scout_3]: [scout_3] Landed — tilt correction stopped, yaw-hold pinned to current heading.
[attitude_controller-14] [INFO] [1786720167.548460480] [attitude_scout_3]: [scout_3] Landed — tilt correction stopped, yaw-hold pinned to current heading.
[attitude_controller-14] [INFO] [1786720167.549740673] [attitude_scout_3]: [scout_3] Landed — tilt correction stopped, yaw-hold pinned to current heading.
[attitude_controller-14] [INFO] [1786720167.551535459] [attitude_scout_3]: [scout_3] Landed — tilt correction stopped, yaw-hold pinned to current heading.
[attitude_controller-14] [INFO] [1786720167.553416079] [attitude_scout_3]: [scout_3] Landed — tilt correction stopped, yaw-hold pinned to current heading.
[attitude_controller-14] [INFO] [1786720167.585781441] [attitude_scout_3]: [scout_3] Landed — tilt correction stopped, yaw-hold pinned to current heading.
[attitude_controller-14] [INFO] [1786720167.597632556] [attitude_scout_3]: [scout_3] Landed — tilt correction stopped, yaw-hold pinned to current heading.
[attitude_controller-14] [INFO] [1786720167.922764581] [attitude_scout_3]: [scout_3] Landed — tilt correction stopped, yaw-hold pinned to current heading.
[attitude_controller-14] [INFO] [1786720167.923856133] [attitude_scout_3]: [scout_3] Landed — tilt correction stopped, yaw-hold pinned to current heading.
[attitude_controller-14] [INFO] [1786720167.924947266] [attitude_scout_3]: [scout_3] Landed — tilt correction stopped, yaw-hold pinned to current heading.
[attitude_controller-14] [INFO] [1786720167.926186392] [attitude_scout_3]: [scout_3] Landed — tilt correction stopped, yaw-hold pinned to current heading.
[attitude_controller-14] [INFO] [1786720167.927342199] [attitude_scout_3]: [scout_3] Landed — tilt correction stopped, yaw-hold pinned to current heading.
[attitude_controller-14] [INFO] [1786720168.146488300] [attitude_scout_3]: [scout_3] Landed — tilt correction stopped, yaw-hold pinned to current heading.
[attitude_controller-14] [INFO] [1786720168.171676477] [attitude_scout_3]: [scout_3] Landed — tilt correction stopped, yaw-hold pinned to current heading.
[attitude_controller-14] [INFO] [1786720168.205860022] [attitude_scout_3]: [scout_3] Landed — tilt correction stopped, yaw-hold pinned to current heading.
[attitude_controller-14] [INFO] [1786720168.232499224] [attitude_scout_3]: [scout_3] Landed — tilt correction stopped, yaw-hold pinned to current heading.
[attitude_controller-14] [INFO] [1786720168.262099773] [attitude_scout_3]: [scout_3] Landed — tilt correction stopped, yaw-hold pinned to current heading.
[attitude_controller-14] [INFO] [1786720168.290151798] [attitude_scout_3]: [scout_3] Landed — tilt correction stopped, yaw-hold pinned to current heading.
[attitude_controller-14] [INFO] [1786720168.319398600] [attitude_scout_3]: [scout_3] Landed — tilt correction stopped, yaw-hold pinned to current heading.
[attitude_controller-14] [INFO] [1786720168.349077791] [attitude_scout_3]: [scout_3] Landed — tilt correction stopped, yaw-hold pinned to current heading.
[attitude_controller-14] [INFO] [1786720168.378831293] [attitude_scout_3]: [scout_3] Landed — tilt correction stopped, yaw-hold pinned to current heading.
[attitude_controller-14] [INFO] [1786720168.405569041] [attitude_scout_3]: [scout_3] Landed — tilt correction stopped, yaw-hold pinned to current heading.
[attitude_controller-14] [INFO] [1786720168.435652824] [attitude_scout_3]: [scout_3] Landed — tilt correction stopped, yaw-hold pinned to current heading.
[attitude_controller-14] [INFO] [1786720168.464934197] [attitude_scout_3]: [scout_3] Landed — tilt correction stopped, yaw-hold pinned to current heading.
[attitude_controller-14] [INFO] [1786720168.495057440] [attitude_scout_3]: [scout_3] Landed — tilt correction stopped, yaw-hold pinned to current heading.
[attitude_controller-14] [INFO] [1786720168.524996092] [attitude_scout_3]: [scout_3] Landed — tilt correction stopped, yaw-hold pinned to current heading.
[attitude_controller-14] [INFO] [1786720168.551555954] [attitude_scout_3]: [scout_3] Landed — tilt correction stopped, yaw-hold pinned to current heading.
[attitude_controller-14] [INFO] [1786720168.583238407] [attitude_scout_3]: [scout_3] Landed — tilt correction stopped, yaw-hold pinned to current heading.
[attitude_controller-14] [INFO] [1786720168.615889700] [attitude_scout_3]: [scout_3] Landed — tilt correction stopped, yaw-hold pinned to current heading.
[attitude_controller-14] [INFO] [1786720168.647614547] [attitude_scout_3]: [scout_3] Landed — tilt correction stopped, yaw-hold pinned to current heading.
[attitude_controller-14] [INFO] [1786720168.676999426] [attitude_scout_3]: [scout_3] Landed — tilt correction stopped, yaw-hold pinned to current heading.
[attitude_controller-14] [INFO] [1786720168.706947715] [attitude_scout_3]: [scout_3] Landed — tilt correction stopped, yaw-hold pinned to current heading.
[attitude_controller-14] [INFO] [1786720168.710304924] [attitude_scout_3]: [scout_3] Landed — tilt correction stopped, yaw-hold pinned to current heading.
[attitude_controller-14] [INFO] [1786720168.712985229] [attitude_scout_3]: [scout_3] Landed — tilt correction stopped, yaw-hold pinned to current heading.
[landing_controller-7] [INFO] [1786720168.715332320] [landing_scout_1]: [scout_1] Landing controller state: FLIGHT
[attitude_controller-14] [INFO] [1786720168.715622581] [attitude_scout_3]: [scout_3] Landed — tilt correction stopped, yaw-hold pinned to current heading.
[attitude_controller-14] [INFO] [1786720168.716989169] [attitude_scout_3]: [scout_3] Landed — tilt correction stopped, yaw-hold pinned to current heading.
[attitude_controller-14] [INFO] [1786720168.718723960] [attitude_scout_3]: [scout_3] Landed — tilt correction stopped, yaw-hold pinned to current heading.
[swarm_manager-3] [INFO] [1786720168.783423675] [swarm_manager_node]: 📍 scout_2 detected high-value spectral anomaly at [1.4, -13.3]!
[landing_controller-15] [INFO] [1786720168.789702561] [landing_scout_3]: [scout_3] Landing controller state: LANDED
[landing_controller-11] [INFO] [1786720168.821321109] [landing_scout_2]: [scout_2] Landing controller state: FLIGHT
[attitude_controller-14] [INFO] [1786720168.922183326] [attitude_scout_3]: [scout_3] Landed — tilt correction stopped, yaw-hold pinned to current heading.
[attitude_controller-14] [INFO] [1786720169.086409262] [attitude_scout_3]: [scout_3] Landed — tilt correction stopped, yaw-hold pinned to current heading.
[hopper_locomotion-13] [INFO] [1786720169.454250034] [loco_scout_3]: [scout_3] Landing controller reported LANDED. Settling to IDLE.
[attitude_controller-14] [INFO] [1786720169.481961372] [attitude_scout_3]: [scout_3] Landed — tilt correction stopped, yaw-hold pinned to current heading.
[attitude_controller-14] [INFO] [1786720169.517556552] [attitude_scout_3]: [scout_3] Landed — tilt correction stopped, yaw-hold pinned to current heading.
[attitude_controller-14] [INFO] [1786720169.550983086] [attitude_scout_3]: [scout_3] Landed — tilt correction stopped, yaw-hold pinned to current heading.
[attitude_controller-14] [INFO] [1786720169.579811049] [attitude_scout_3]: [scout_3] Landed — tilt correction stopped, yaw-hold pinned to current heading.
[attitude_controller-14] [INFO] [1786720169.604938464] [attitude_scout_3]: [scout_3] Landed — tilt correction stopped, yaw-hold pinned to current heading.
[attitude_controller-14] [INFO] [1786720169.606101953] [attitude_scout_3]: [scout_3] Landed — tilt correction stopped, yaw-hold pinned to current heading.
[attitude_controller-14] [INFO] [1786720169.607325714] [attitude_scout_3]: [scout_3] Landed — tilt correction stopped, yaw-hold pinned to current heading.
[attitude_controller-14] [INFO] [1786720169.608503101] [attitude_scout_3]: [scout_3] Landed — tilt correction stopped, yaw-hold pinned to current heading.
[attitude_controller-14] [INFO] [1786720169.609848108] [attitude_scout_3]: [scout_3] Landed — tilt correction stopped, yaw-hold pinned to current heading.
[attitude_controller-14] [INFO] [1786720169.626871541] [attitude_scout_3]: [scout_3] Landed — tilt correction stopped, yaw-hold pinned to current heading.
[attitude_controller-14] [INFO] [1786720169.659667546] [attitude_scout_3]: [scout_3] Landed — tilt correction stopped, yaw-hold pinned to current heading.
[attitude_controller-14] [INFO] [1786720169.688548728] [attitude_scout_3]: [scout_3] Landed — tilt correction stopped, yaw-hold pinned to current heading.
[attitude_controller-14] [INFO] [1786720169.716927611] [attitude_scout_3]: [scout_3] Landed — tilt correction stopped, yaw-hold pinned to current heading.
[attitude_controller-14] [INFO] [1786720169.747071248] [attitude_scout_3]: [scout_3] Landed — tilt correction stopped, yaw-hold pinned to current heading.
[attitude_controller-14] [INFO] [1786720169.780048003] [attitude_scout_3]: [scout_3] Landed — tilt correction stopped, yaw-hold pinned to current heading.
[attitude_controller-14] [INFO] [1786720169.781849632] [attitude_scout_3]: [scout_3] Landed — tilt correction stopped, yaw-hold pinned to current heading.
[attitude_controller-14] [INFO] [1786720169.783478614] [attitude_scout_3]: [scout_3] Landed — tilt correction stopped, yaw-hold pinned to current heading.
[attitude_controller-14] [INFO] [1786720169.785112625] [attitude_scout_3]: [scout_3] Landed — tilt correction stopped, yaw-hold pinned to current heading.
[attitude_controller-14] [INFO] [1786720169.786752292] [attitude_scout_3]: [scout_3] Landed — tilt correction stopped, yaw-hold pinned to current heading.
[attitude_controller-14] [INFO] [1786720169.788426531] [attitude_scout_3]: [scout_3] Landed — tilt correction stopped, yaw-hold pinned to current heading.
[attitude_controller-14] [INFO] [1786720170.096295365] [attitude_scout_3]: [scout_3] Landed — tilt correction stopped, yaw-hold pinned to current heading.
[attitude_controller-14] [INFO] [1786720170.214486852] [attitude_scout_3]: [scout_3] Landed — tilt correction stopped, yaw-hold pinned to current heading.
[hopper_locomotion-13] [INFO] [1786720170.259094163] [loco_scout_3]: [scout_3] 🦵 Idle 300s with no jump command -- self-initiating recovery hop (legs).
[hopper_locomotion-13] [INFO] [1786720170.259994769] [loco_scout_3]: 1. Crouching (waking physics, planting feet under body)
[attitude_controller-14] [INFO] [1786720170.281402428] [attitude_scout_3]: [scout_3] Landed — tilt correction stopped, yaw-hold pinned to current heading.
[attitude_controller-14] [INFO] [1786720170.283083023] [attitude_scout_3]: [scout_3] Landed — tilt correction stopped, yaw-hold pinned to current heading.
[attitude_controller-14] [INFO] [1786720170.287518513] [attitude_scout_3]: [scout_3] Landed — tilt correction stopped, yaw-hold pinned to current heading.
[attitude_controller-14] [INFO] [1786720170.289048949] [attitude_scout_3]: [scout_3] Landed — tilt correction stopped, yaw-hold pinned to current heading.
[attitude_controller-14] [INFO] [1786720170.290934109] [attitude_scout_3]: [scout_3] Landed — tilt correction stopped, yaw-hold pinned to current heading.
[attitude_controller-14] [INFO] [1786720170.293740897] [attitude_scout_3]: [scout_3] Landed — tilt correction stopped, yaw-hold pinned to current heading.
[attitude_controller-14] [INFO] [1786720170.480109227] [attitude_scout_3]: [scout_3] Landed — tilt correction stopped, yaw-hold pinned to current heading.
[attitude_controller-14] [INFO] [1786720170.481548519] [attitude_scout_3]: [scout_3] Landed — tilt correction stopped, yaw-hold pinned to current heading.
[attitude_controller-14] [INFO] [1786720170.542352829] [attitude_scout_3]: [scout_3] Landed — tilt correction stopped, yaw-hold pinned to current heading.
[attitude_controller-14] [INFO] [1786720170.543877957] [attitude_scout_3]: [scout_3] Landed — tilt correction stopped, yaw-hold pinned to current heading.
[attitude_controller-14] [INFO] [1786720170.575553356] [attitude_scout_3]: [scout_3] Landed — tilt correction stopped, yaw-hold pinned to current heading.
[attitude_controller-14] [INFO] [1786720170.583310785] [attitude_scout_3]: [scout_3] Landed — tilt correction stopped, yaw-hold pinned to current heading.
[attitude_controller-14] [INFO] [1786720170.585493680] [attitude_scout_3]: [scout_3] Landed — tilt correction stopped, yaw-hold pinned to current heading.
[attitude_controller-14] [INFO] [1786720170.587094236] [attitude_scout_3]: [scout_3] Landed — tilt correction stopped, yaw-hold pinned to current heading.
[attitude_controller-14] [INFO] [1786720170.806556934] [attitude_scout_3]: [scout_3] Landed — tilt correction stopped, yaw-hold pinned to current heading.
[attitude_controller-14] [INFO] [1786720170.810396607] [attitude_scout_3]: [scout_3] Landed — tilt correction stopped, yaw-hold pinned to current heading.
[attitude_controller-14] [INFO] [1786720171.007389846] [attitude_scout_3]: [scout_3] Landed — tilt correction stopped, yaw-hold pinned to current heading.
[attitude_controller-14] [INFO] [1786720171.009086365] [attitude_scout_3]: [scout_3] Landed — tilt correction stopped, yaw-hold pinned to current heading.
[attitude_controller-14] [INFO] [1786720171.232799964] [attitude_scout_3]: [scout_3] Landed — tilt correction stopped, yaw-hold pinned to current heading.
[attitude_controller-14] [INFO] [1786720171.234173746] [attitude_scout_3]: [scout_3] Landed — tilt correction stopped, yaw-hold pinned to current heading.
[attitude_controller-14] [INFO] [1786720171.236137897] [attitude_scout_3]: [scout_3] Landed — tilt correction stopped, yaw-hold pinned to current heading.
[attitude_controller-14] [INFO] [1786720171.244682229] [attitude_scout_3]: [scout_3] Landed — tilt correction stopped, yaw-hold pinned to current heading.
[attitude_controller-14] [INFO] [1786720171.306568034] [attitude_scout_3]: [scout_3] Landed — tilt correction stopped, yaw-hold pinned to current heading.
[attitude_controller-14] [INFO] [1786720171.471178032] [attitude_scout_3]: [scout_3] Landed — tilt correction stopped, yaw-hold pinned to current heading.
[attitude_controller-14] [INFO] [1786720171.505897821] [attitude_scout_3]: [scout_3] Landed — tilt correction stopped, yaw-hold pinned to current heading.
[attitude_controller-14] [INFO] [1786720171.531547301] [attitude_scout_3]: [scout_3] Landed — tilt correction stopped, yaw-hold pinned to current heading.
[attitude_controller-14] [INFO] [1786720171.563421050] [attitude_scout_3]: [scout_3] Landed — tilt correction stopped, yaw-hold pinned to current heading.
[attitude_controller-14] [INFO] [1786720171.589395572] [attitude_scout_3]: [scout_3] Landed — tilt correction stopped, yaw-hold pinned to current heading.
[attitude_controller-14] [INFO] [1786720171.619437310] [attitude_scout_3]: [scout_3] Landed — tilt correction stopped, yaw-hold pinned to current heading.
[attitude_controller-14] [INFO] [1786720171.620967257] [attitude_scout_3]: [scout_3] Landed — tilt correction stopped, yaw-hold pinned to current heading.
[attitude_controller-14] [INFO] [1786720171.622585833] [attitude_scout_3]: [scout_3] Landed — tilt correction stopped, yaw-hold pinned to current heading.
[attitude_controller-14] [INFO] [1786720171.623910096] [attitude_scout_3]: [scout_3] Landed — tilt correction stopped, yaw-hold pinned to current heading.
[attitude_controller-14] [INFO] [1786720171.783993461] [attitude_scout_3]: [scout_3] Landed — tilt correction stopped, yaw-hold pinned to current heading.
[attitude_controller-14] [INFO] [1786720171.785451331] [attitude_scout_3]: [scout_3] Landed — tilt correction stopped, yaw-hold pinned to current heading.
[attitude_controller-14] [INFO] [1786720171.786747379] [attitude_scout_3]: [scout_3] Landed — tilt correction stopped, yaw-hold pinned to current heading.
[attitude_controller-14] [INFO] [1786720171.898912738] [attitude_scout_3]: [scout_3] Landed — tilt correction stopped, yaw-hold pinned to current heading.
[attitude_controller-14] [INFO] [1786720171.900357409] [attitude_scout_3]: [scout_3] Landed — tilt correction stopped, yaw-hold pinned to current heading.
[attitude_controller-14] [INFO] [1786720171.902238029] [attitude_scout_3]: [scout_3] Landed — tilt correction stopped, yaw-hold pinned to current heading.
[attitude_controller-14] [INFO] [1786720171.974754959] [attitude_scout_3]: [scout_3] Landed — tilt correction stopped, yaw-hold pinned to current heading.
[attitude_controller-14] [INFO] [1786720171.976738945] [attitude_scout_3]: [scout_3] Landed — tilt correction stopped, yaw-hold pinned to current heading.
[attitude_controller-14] [INFO] [1786720171.980901495] [attitude_scout_3]: [scout_3] Landed — tilt correction stopped, yaw-hold pinned to current heading.
[attitude_controller-14] [INFO] [1786720172.081407874] [attitude_scout_3]: [scout_3] Landed — tilt correction stopped, yaw-hold pinned to current heading.
[attitude_controller-14] [INFO] [1786720172.083724515] [attitude_scout_3]: [scout_3] Landed — tilt correction stopped, yaw-hold pinned to current heading.
[attitude_controller-14] [INFO] [1786720172.086482693] [attitude_scout_3]: [scout_3] Landed — tilt correction stopped, yaw-hold pinned to current heading.
[attitude_controller-14] [INFO] [1786720172.087818201] [attitude_scout_3]: [scout_3] Landed — tilt correction stopped, yaw-hold pinned to current heading.
[attitude_controller-14] [INFO] [1786720172.118733796] [attitude_scout_3]: [scout_3] Landed — tilt correction stopped, yaw-hold pinned to current heading.
[attitude_controller-14] [INFO] [1786720172.120252359] [attitude_scout_3]: [scout_3] Landed — tilt correction stopped, yaw-hold pinned to current heading.
[attitude_controller-14] [INFO] [1786720172.185723126] [attitude_scout_3]: [scout_3] Landed — tilt correction stopped, yaw-hold pinned to current heading.
[attitude_controller-14] [INFO] [1786720172.237285598] [attitude_scout_3]: [scout_3] Landed — tilt correction stopped, yaw-hold pinned to current heading.
[attitude_controller-14] [INFO] [1786720172.238537925] [attitude_scout_3]: [scout_3] Landed — tilt correction stopped, yaw-hold pinned to current heading.
[attitude_controller-14] [INFO] [1786720172.269972162] [attitude_scout_3]: [scout_3] Landed — tilt correction stopped, yaw-hold pinned to current heading.
[attitude_controller-14] [INFO] [1786720172.271651779] [attitude_scout_3]: [scout_3] Landed — tilt correction stopped, yaw-hold pinned to current heading.
[attitude_controller-14] [INFO] [1786720172.273235155] [attitude_scout_3]: [scout_3] Landed — tilt correction stopped, yaw-hold pinned to current heading.
[attitude_controller-14] [INFO] [1786720172.275126740] [attitude_scout_3]: [scout_3] Landed — tilt correction stopped, yaw-hold pinned to current heading.
[attitude_controller-14] [INFO] [1786720172.276709697] [attitude_scout_3]: [scout_3] Landed — tilt correction stopped, yaw-hold pinned to current heading.
[attitude_controller-14] [INFO] [1786720172.402224621] [attitude_scout_3]: [scout_3] Landed — tilt correction stopped, yaw-hold pinned to current heading.
[attitude_controller-14] [INFO] [1786720172.477446022] [attitude_scout_3]: [scout_3] Landed — tilt correction stopped, yaw-hold pinned to current heading.
[attitude_controller-14] [INFO] [1786720172.478855911] [attitude_scout_3]: [scout_3] Landed — tilt correction stopped, yaw-hold pinned to current heading.
[attitude_controller-14] [INFO] [1786720172.480340181] [attitude_scout_3]: [scout_3] Landed — tilt correction stopped, yaw-hold pinned to current heading.
[attitude_controller-14] [INFO] [1786720172.482233513] [attitude_scout_3]: [scout_3] Landed — tilt correction stopped, yaw-hold pinned to current heading.
[attitude_controller-14] [INFO] [1786720172.483601218] [attitude_scout_3]: [scout_3] Landed — tilt correction stopped, yaw-hold pinned to current heading.
[attitude_controller-14] [INFO] [1786720172.527430147] [attitude_scout_3]: [scout_3] Landed — tilt correction stopped, yaw-hold pinned to current heading.
[attitude_controller-14] [INFO] [1786720172.528800087] [attitude_scout_3]: [scout_3] Landed — tilt correction stopped, yaw-hold pinned to current heading.
[attitude_controller-14] [INFO] [1786720172.531585503] [attitude_scout_3]: [scout_3] Landed — tilt correction stopped, yaw-hold pinned to current heading.
[attitude_controller-14] [INFO] [1786720172.534136253] [attitude_scout_3]: [scout_3] Landed — tilt correction stopped, yaw-hold pinned to current heading.
[attitude_controller-14] [INFO] [1786720172.575602725] [attitude_scout_3]: [scout_3] Landed — tilt correction stopped, yaw-hold pinned to current heading.
[attitude_controller-14] [INFO] [1786720172.577572044] [attitude_scout_3]: [scout_3] Landed — tilt correction stopped, yaw-hold pinned to current heading.
[attitude_controller-14] [INFO] [1786720172.580357321] [attitude_scout_3]: [scout_3] Landed — tilt correction stopped, yaw-hold pinned to current heading.
[attitude_controller-14] [INFO] [1786720172.583142039] [attitude_scout_3]: [scout_3] Landed — tilt correction stopped, yaw-hold pinned to current heading.
[attitude_controller-14] [INFO] [1786720172.585731201] [attitude_scout_3]: [scout_3] Landed — tilt correction stopped, yaw-hold pinned to current heading.
[attitude_controller-14] [INFO] [1786720172.606801667] [attitude_scout_3]: [scout_3] Landed — tilt correction stopped, yaw-hold pinned to current heading.
[attitude_controller-14] [INFO] [1786720172.779912208] [attitude_scout_3]: [scout_3] Landed — tilt correction stopped, yaw-hold pinned to current heading.
[swarm_manager-3] [INFO] [1786720172.783437246] [swarm_manager_node]: 📍 scout_2 detected high-value spectral anomaly at [5.1, -8.7]!
[attitude_controller-14] [INFO] [1786720172.805843778] [attitude_scout_3]: [scout_3] Landed — tilt correction stopped, yaw-hold pinned to current heading.
[attitude_controller-14] [INFO] [1786720172.887415093] [attitude_scout_3]: [scout_3] Landed — tilt correction stopped, yaw-hold pinned to current heading.
[attitude_controller-14] [INFO] [1786720172.914510641] [attitude_scout_3]: [scout_3] Landed — tilt correction stopped, yaw-hold pinned to current heading.
[attitude_controller-14] [INFO] [1786720172.946008364] [attitude_scout_3]: [scout_3] Landed — tilt correction stopped, yaw-hold pinned to current heading.
[attitude_controller-14] [INFO] [1786720172.972878254] [attitude_scout_3]: [scout_3] Landed — tilt correction stopped, yaw-hold pinned to current heading.
[attitude_controller-14] [INFO] [1786720173.004513425] [attitude_scout_3]: [scout_3] Landed — tilt correction stopped, yaw-hold pinned to current heading.
[attitude_controller-14] [INFO] [1786720173.034221741] [attitude_scout_3]: [scout_3] Landed — tilt correction stopped, yaw-hold pinned to current heading.
[attitude_controller-14] [INFO] [1786720173.103810360] [attitude_scout_3]: [scout_3] Landed — tilt correction stopped, yaw-hold pinned to current heading.
[attitude_controller-14] [INFO] [1786720173.124963728] [attitude_scout_3]: [scout_3] Landed — tilt correction stopped, yaw-hold pinned to current heading.
[attitude_controller-14] [INFO] [1786720173.146242042] [attitude_scout_3]: [scout_3] Landed — tilt correction stopped, yaw-hold pinned to current heading.
[attitude_controller-14] [INFO] [1786720173.147810611] [attitude_scout_3]: [scout_3] Landed — tilt correction stopped, yaw-hold pinned to current heading.
[attitude_controller-14] [INFO] [1786720173.149412843] [attitude_scout_3]: [scout_3] Landed — tilt correction stopped, yaw-hold pinned to current heading.
[attitude_controller-14] [INFO] [1786720173.196461044] [attitude_scout_3]: [scout_3] Landed — tilt correction stopped, yaw-hold pinned to current heading.
[attitude_controller-14] [INFO] [1786720173.198949704] [attitude_scout_3]: [scout_3] Landed — tilt correction stopped, yaw-hold pinned to current heading.
[attitude_controller-14] [INFO] [1786720173.231350338] [attitude_scout_3]: [scout_3] Landed — tilt correction stopped, yaw-hold pinned to current heading.
[attitude_controller-14] [INFO] [1786720173.359068971] [attitude_scout_3]: [scout_3] Landed — tilt correction stopped, yaw-hold pinned to current heading.
[attitude_controller-14] [INFO] [1786720173.404886426] [attitude_scout_3]: [scout_3] Landed — tilt correction stopped, yaw-hold pinned to current heading.
[attitude_controller-14] [INFO] [1786720173.435336667] [attitude_scout_3]: [scout_3] Landed — tilt correction stopped, yaw-hold pinned to current heading.
[attitude_controller-14] [INFO] [1786720173.643836011] [attitude_scout_3]: [scout_3] Landed — tilt correction stopped, yaw-hold pinned to current heading.
[attitude_controller-14] [INFO] [1786720173.646688615] [attitude_scout_3]: [scout_3] Landed — tilt correction stopped, yaw-hold pinned to current heading.
[attitude_controller-14] [INFO] [1786720173.649390920] [attitude_scout_3]: [scout_3] Landed — tilt correction stopped, yaw-hold pinned to current heading.
[attitude_controller-14] [INFO] [1786720173.651125851] [attitude_scout_3]: [scout_3] Landed — tilt correction stopped, yaw-hold pinned to current heading.
[attitude_controller-14] [INFO] [1786720173.652905202] [attitude_scout_3]: [scout_3] Landed — tilt correction stopped, yaw-hold pinned to current heading.
[attitude_controller-14] [INFO] [1786720173.716636219] [attitude_scout_3]: [scout_3] Landed — tilt correction stopped, yaw-hold pinned to current heading.
[landing_controller-7] [INFO] [1786720173.717338475] [landing_scout_1]: [scout_1] Landing controller state: FLIGHT
[attitude_controller-14] [INFO] [1786720173.718445671] [attitude_scout_3]: [scout_3] Landed — tilt correction stopped, yaw-hold pinned to current heading.
[attitude_controller-14] [INFO] [1786720173.720222368] [attitude_scout_3]: [scout_3] Landed — tilt correction stopped, yaw-hold pinned to current heading.
[attitude_controller-14] [INFO] [1786720173.769869998] [attitude_scout_3]: [scout_3] Landed — tilt correction stopped, yaw-hold pinned to current heading.
[landing_controller-15] [INFO] [1786720173.789539444] [landing_scout_3]: [scout_3] Landing controller state: LANDED
[landing_controller-11] [INFO] [1786720173.821344540] [landing_scout_2]: [scout_2] Landing controller state: FLIGHT
[attitude_controller-14] [INFO] [1786720173.934098245] [attitude_scout_3]: [scout_3] Landed — tilt correction stopped, yaw-hold pinned to current heading.
[attitude_controller-14] [INFO] [1786720173.937122729] [attitude_scout_3]: [scout_3] Landed — tilt correction stopped, yaw-hold pinned to current heading.
[attitude_controller-14] [INFO] [1786720173.938761838] [attitude_scout_3]: [scout_3] Landed — tilt correction stopped, yaw-hold pinned to current heading.
[attitude_controller-14] [INFO] [1786720173.941182193] [attitude_scout_3]: [scout_3] Landed — tilt correction stopped, yaw-hold pinned to current heading.
[attitude_controller-14] [INFO] [1786720173.943461050] [attitude_scout_3]: [scout_3] Landed — tilt correction stopped, yaw-hold pinned to current heading.
[attitude_controller-14] [INFO] [1786720173.944596742] [attitude_scout_3]: [scout_3] Landed — tilt correction stopped, yaw-hold pinned to current heading.
[attitude_controller-14] [INFO] [1786720173.946018085] [attitude_scout_3]: [scout_3] Landed — tilt correction stopped, yaw-hold pinned to current heading.
[attitude_controller-14] [INFO] [1786720173.947304006] [attitude_scout_3]: [scout_3] Landed — tilt correction stopped, yaw-hold pinned to current heading.
[attitude_controller-14] [INFO] [1786720173.948596282] [attitude_scout_3]: [scout_3] Landed — tilt correction stopped, yaw-hold pinned to current heading.
[attitude_controller-14] [INFO] [1786720174.091908485] [attitude_scout_3]: [scout_3] Landed — tilt correction stopped, yaw-hold pinned to current heading.
[attitude_controller-14] [INFO] [1786720174.093309015] [attitude_scout_3]: [scout_3] Landed — tilt correction stopped, yaw-hold pinned to current heading.
[attitude_controller-14] [INFO] [1786720174.094811584] [attitude_scout_3]: [scout_3] Landed — tilt correction stopped, yaw-hold pinned to current heading.
[attitude_controller-14] [INFO] [1786720174.096285308] [attitude_scout_3]: [scout_3] Landed — tilt correction stopped, yaw-hold pinned to current heading.
[attitude_controller-14] [INFO] [1786720174.097489864] [attitude_scout_3]: [scout_3] Landed — tilt correction stopped, yaw-hold pinned to current heading.
[attitude_controller-14] [INFO] [1786720174.219461733] [attitude_scout_3]: [scout_3] Landed — tilt correction stopped, yaw-hold pinned to current heading.
[attitude_controller-14] [INFO] [1786720174.221192614] [attitude_scout_3]: [scout_3] Landed — tilt correction stopped, yaw-hold pinned to current heading.
[attitude_controller-14] [INFO] [1786720174.222535316] [attitude_scout_3]: [scout_3] Landed — tilt correction stopped, yaw-hold pinned to current heading.
[attitude_controller-14] [INFO] [1786720174.223850640] [attitude_scout_3]: [scout_3] Landed — tilt correction stopped, yaw-hold pinned to current heading.
[attitude_controller-14] [INFO] [1786720174.298200701] [attitude_scout_3]: [scout_3] Landed — tilt correction stopped, yaw-hold pinned to current heading.
[attitude_controller-14] [INFO] [1786720174.299437802] [attitude_scout_3]: [scout_3] Landed — tilt correction stopped, yaw-hold pinned to current heading.
[attitude_controller-14] [INFO] [1786720174.412787815] [attitude_scout_3]: [scout_3] Landed — tilt correction stopped, yaw-hold pinned to current heading.
[attitude_controller-14] [INFO] [1786720174.534652828] [attitude_scout_3]: [scout_3] Landed — tilt correction stopped, yaw-hold pinned to current heading.
[attitude_controller-14] [INFO] [1786720174.564760427] [attitude_scout_3]: [scout_3] Landed — tilt correction stopped, yaw-hold pinned to current heading.
[attitude_controller-14] [INFO] [1786720174.567088662] [attitude_scout_3]: [scout_3] Landed — tilt correction stopped, yaw-hold pinned to current heading.
[attitude_controller-14] [INFO] [1786720174.654910718] [attitude_scout_3]: [scout_3] Landed — tilt correction stopped, yaw-hold pinned to current heading.
[attitude_controller-14] [INFO] [1786720174.656265224] [attitude_scout_3]: [scout_3] Landed — tilt correction stopped, yaw-hold pinned to current heading.
[attitude_controller-14] [INFO] [1786720174.726326880] [attitude_scout_3]: [scout_3] Landed — tilt correction stopped, yaw-hold pinned to current heading.
[attitude_controller-14] [INFO] [1786720174.750387398] [attitude_scout_3]: [scout_3] Landed — tilt correction stopped, yaw-hold pinned to current heading.
[attitude_controller-14] [INFO] [1786720174.826109563] [attitude_scout_3]: [scout_3] Landed — tilt correction stopped, yaw-hold pinned to current heading.
[attitude_controller-14] [INFO] [1786720174.827305808] [attitude_scout_3]: [scout_3] Landed — tilt correction stopped, yaw-hold pinned to current heading.
[attitude_controller-14] [INFO] [1786720174.828904897] [attitude_scout_3]: [scout_3] Landed — tilt correction stopped, yaw-hold pinned to current heading.
[attitude_controller-14] [INFO] [1786720174.830438476] [attitude_scout_3]: [scout_3] Landed — tilt correction stopped, yaw-hold pinned to current heading.
[attitude_controller-14] [INFO] [1786720174.831958854] [attitude_scout_3]: [scout_3] Landed — tilt correction stopped, yaw-hold pinned to current heading.
[attitude_controller-14] [INFO] [1786720174.834071349] [attitude_scout_3]: [scout_3] Landed — tilt correction stopped, yaw-hold pinned to current heading.
[attitude_controller-14] [INFO] [1786720174.892000568] [attitude_scout_3]: [scout_3] Landed — tilt correction stopped, yaw-hold pinned to current heading.
[attitude_controller-14] [INFO] [1786720174.919254237] [attitude_scout_3]: [scout_3] Landed — tilt correction stopped, yaw-hold pinned to current heading.
[attitude_controller-14] [INFO] [1786720174.946178044] [attitude_scout_3]: [scout_3] Landed — tilt correction stopped, yaw-hold pinned to current heading.
[attitude_controller-14] [INFO] [1786720174.981687740] [attitude_scout_3]: [scout_3] Landed — tilt correction stopped, yaw-hold pinned to current heading.
[attitude_controller-14] [INFO] [1786720175.014560782] [attitude_scout_3]: [scout_3] Landed — tilt correction stopped, yaw-hold pinned to current heading.
[attitude_controller-14] [INFO] [1786720175.043777275] [attitude_scout_3]: [scout_3] Landed — tilt correction stopped, yaw-hold pinned to current heading.
[attitude_controller-14] [INFO] [1786720175.072260782] [attitude_scout_3]: [scout_3] Landed — tilt correction stopped, yaw-hold pinned to current heading.
[attitude_controller-14] [INFO] [1786720175.074099289] [attitude_scout_3]: [scout_3] Landed — tilt correction stopped, yaw-hold pinned to current heading.
[attitude_controller-14] [INFO] [1786720175.075939960] [attitude_scout_3]: [scout_3] Landed — tilt correction stopped, yaw-hold pinned to current heading.
[attitude_controller-14] [INFO] [1786720175.078934412] [attitude_scout_3]: [scout_3] Landed — tilt correction stopped, yaw-hold pinned to current heading.
[attitude_controller-14] [INFO] [1786720175.081627847] [attitude_scout_3]: [scout_3] Landed — tilt correction stopped, yaw-hold pinned to current heading.
[attitude_controller-14] [INFO] [1786720175.084383651] [attitude_scout_3]: [scout_3] Landed — tilt correction stopped, yaw-hold pinned to current heading.
[attitude_controller-14] [INFO] [1786720175.086802819] [attitude_scout_3]: [scout_3] Landed — tilt correction stopped, yaw-hold pinned to current heading.
[attitude_controller-14] [INFO] [1786720175.272197289] [attitude_scout_3]: [scout_3] Landed — tilt correction stopped, yaw-hold pinned to current heading.
[attitude_controller-14] [INFO] [1786720175.274423974] [attitude_scout_3]: [scout_3] Landed — tilt correction stopped, yaw-hold pinned to current heading.
[attitude_controller-14] [INFO] [1786720175.275887362] [attitude_scout_3]: [scout_3] Landed — tilt correction stopped, yaw-hold pinned to current heading.
[attitude_controller-14] [INFO] [1786720175.277609303] [attitude_scout_3]: [scout_3] Landed — tilt correction stopped, yaw-hold pinned to current heading.
[attitude_controller-14] [INFO] [1786720175.279035884] [attitude_scout_3]: [scout_3] Landed — tilt correction stopped, yaw-hold pinned to current heading.
[attitude_controller-14] [INFO] [1786720175.280591393] [attitude_scout_3]: [scout_3] Landed — tilt correction stopped, yaw-hold pinned to current heading.
[attitude_controller-14] [INFO] [1786720175.441377438] [attitude_scout_3]: [scout_3] Landed — tilt correction stopped, yaw-hold pinned to current heading.
[attitude_controller-14] [INFO] [1786720175.443159443] [attitude_scout_3]: [scout_3] Landed — tilt correction stopped, yaw-hold pinned to current heading.
[attitude_controller-14] [INFO] [1786720175.606454822] [attitude_scout_3]: [scout_3] Landed — tilt correction stopped, yaw-hold pinned to current heading.
[attitude_controller-14] [INFO] [1786720175.635236552] [attitude_scout_3]: [scout_3] Landed — tilt correction stopped, yaw-hold pinned to current heading.
[attitude_controller-14] [INFO] [1786720175.665685048] [attitude_scout_3]: [scout_3] Landed — tilt correction stopped, yaw-hold pinned to current heading.
[attitude_controller-14] [INFO] [1786720175.696887552] [attitude_scout_3]: [scout_3] Landed — tilt correction stopped, yaw-hold pinned to current heading.
[attitude_controller-14] [INFO] [1786720175.837262994] [attitude_scout_3]: [scout_3] Landed — tilt correction stopped, yaw-hold pinned to current heading.
[attitude_controller-14] [INFO] [1786720175.838824579] [attitude_scout_3]: [scout_3] Landed — tilt correction stopped, yaw-hold pinned to current heading.
[attitude_controller-14] [INFO] [1786720175.840451046] [attitude_scout_3]: [scout_3] Landed — tilt correction stopped, yaw-hold pinned to current heading.
[attitude_controller-14] [INFO] [1786720175.841902980] [attitude_scout_3]: [scout_3] Landed — tilt correction stopped, yaw-hold pinned to current heading.
[attitude_controller-14] [INFO] [1786720175.844459666] [attitude_scout_3]: [scout_3] Landed — tilt correction stopped, yaw-hold pinned to current heading.
[attitude_controller-14] [INFO] [1786720175.847698144] [attitude_scout_3]: [scout_3] Landed — tilt correction stopped, yaw-hold pinned to current heading.
[attitude_controller-14] [INFO] [1786720175.849194846] [attitude_scout_3]: [scout_3] Landed — tilt correction stopped, yaw-hold pinned to current heading.
[attitude_controller-14] [INFO] [1786720175.850717669] [attitude_scout_3]: [scout_3] Landed — tilt correction stopped, yaw-hold pinned to current heading.
[attitude_controller-14] [INFO] [1786720175.925607256] [attitude_scout_3]: [scout_3] Landed — tilt correction stopped, yaw-hold pinned to current heading.
[attitude_controller-14] [INFO] [1786720176.063187573] [attitude_scout_3]: [scout_3] Landed — tilt correction stopped, yaw-hold pinned to current heading.
[attitude_controller-14] [INFO] [1786720176.064972790] [attitude_scout_3]: [scout_3] Landed — tilt correction stopped, yaw-hold pinned to current heading.
[attitude_controller-14] [INFO] [1786720176.066687258] [attitude_scout_3]: [scout_3] Landed — tilt correction stopped, yaw-hold pinned to current heading.
[attitude_controller-14] [INFO] [1786720176.191818827] [attitude_scout_3]: [scout_3] Landed — tilt correction stopped, yaw-hold pinned to current heading.
[attitude_controller-14] [INFO] [1786720176.194085252] [attitude_scout_3]: [scout_3] Landed — tilt correction stopped, yaw-hold pinned to current heading.
[attitude_controller-14] [INFO] [1786720176.196241537] [attitude_scout_3]: [scout_3] Landed — tilt correction stopped, yaw-hold pinned to current heading.
[attitude_controller-14] [INFO] [1786720176.296953253] [attitude_scout_3]: [scout_3] Landed — tilt correction stopped, yaw-hold pinned to current heading.
[attitude_controller-14] [INFO] [1786720176.330822724] [attitude_scout_3]: [scout_3] Landed — tilt correction stopped, yaw-hold pinned to current heading.
[attitude_controller-14] [INFO] [1786720176.332584544] [attitude_scout_3]: [scout_3] Landed — tilt correction stopped, yaw-hold pinned to current heading.
[attitude_controller-14] [INFO] [1786720176.463386331] [attitude_scout_3]: [scout_3] Landed — tilt correction stopped, yaw-hold pinned to current heading.
[attitude_controller-14] [INFO] [1786720176.465125452] [attitude_scout_3]: [scout_3] Landed — tilt correction stopped, yaw-hold pinned to current heading.
[attitude_controller-14] [INFO] [1786720176.466632212] [attitude_scout_3]: [scout_3] Landed — tilt correction stopped, yaw-hold pinned to current heading.
[attitude_controller-14] [INFO] [1786720176.469178980] [attitude_scout_3]: [scout_3] Landed — tilt correction stopped, yaw-hold pinned to current heading.
[attitude_controller-14] [INFO] [1786720176.470576508] [attitude_scout_3]: [scout_3] Landed — tilt correction stopped, yaw-hold pinned to current heading.
[attitude_controller-14] [INFO] [1786720176.545450730] [attitude_scout_3]: [scout_3] Landed — tilt correction stopped, yaw-hold pinned to current heading.
[attitude_controller-14] [INFO] [1786720176.547130975] [attitude_scout_3]: [scout_3] Landed — tilt correction stopped, yaw-hold pinned to current heading.
[attitude_controller-14] [INFO] [1786720176.548982682] [attitude_scout_3]: [scout_3] Landed — tilt correction stopped, yaw-hold pinned to current heading.
[attitude_controller-14] [INFO] [1786720176.550761753] [attitude_scout_3]: [scout_3] Landed — tilt correction stopped, yaw-hold pinned to current heading.
[attitude_controller-14] [INFO] [1786720176.670268920] [attitude_scout_3]: [scout_3] Landed — tilt correction stopped, yaw-hold pinned to current heading.
[attitude_controller-14] [INFO] [1786720176.726831274] [attitude_scout_3]: [scout_3] Landed — tilt correction stopped, yaw-hold pinned to current heading.
[attitude_controller-14] [INFO] [1786720176.767587250] [attitude_scout_3]: [scout_3] Landed — tilt correction stopped, yaw-hold pinned to current heading.
[attitude_controller-14] [INFO] [1786720176.905019016] [attitude_scout_3]: [scout_3] Landed — tilt correction stopped, yaw-hold pinned to current heading.
[attitude_controller-14] [INFO] [1786720176.906394124] [attitude_scout_3]: [scout_3] Landed — tilt correction stopped, yaw-hold pinned to current heading.
[attitude_controller-14] [INFO] [1786720177.006926697] [attitude_scout_3]: [scout_3] Landed — tilt correction stopped, yaw-hold pinned to current heading.
[attitude_controller-14] [INFO] [1786720177.008331488] [attitude_scout_3]: [scout_3] Landed — tilt correction stopped, yaw-hold pinned to current heading.
[attitude_controller-14] [INFO] [1786720177.009891606] [attitude_scout_3]: [scout_3] Landed — tilt correction stopped, yaw-hold pinned to current heading.
[attitude_controller-14] [INFO] [1786720177.011457591] [attitude_scout_3]: [scout_3] Landed — tilt correction stopped, yaw-hold pinned to current heading.
[attitude_controller-14] [INFO] [1786720177.043348244] [attitude_scout_3]: [scout_3] Landed — tilt correction stopped, yaw-hold pinned to current heading.
[attitude_controller-14] [INFO] [1786720177.074213764] [attitude_scout_3]: [scout_3] Landed — tilt correction stopped, yaw-hold pinned to current heading.
[attitude_controller-14] [INFO] [1786720177.345965163] [attitude_scout_3]: [scout_3] Landed — tilt correction stopped, yaw-hold pinned to current heading.
[attitude_controller-14] [INFO] [1786720177.347530938] [attitude_scout_3]: [scout_3] Landed — tilt correction stopped, yaw-hold pinned to current heading.
[attitude_controller-14] [INFO] [1786720177.349000612] [attitude_scout_3]: [scout_3] Landed — tilt correction stopped, yaw-hold pinned to current heading.
[attitude_controller-14] [INFO] [1786720177.374445248] [attitude_scout_3]: [scout_3] Landed — tilt correction stopped, yaw-hold pinned to current heading.
[attitude_controller-14] [INFO] [1786720177.400147460] [attitude_scout_3]: [scout_3] Landed — tilt correction stopped, yaw-hold pinned to current heading.
[attitude_controller-14] [INFO] [1786720177.426546549] [attitude_scout_3]: [scout_3] Landed — tilt correction stopped, yaw-hold pinned to current heading.
[attitude_controller-14] [INFO] [1786720177.429838526] [attitude_scout_3]: [scout_3] Landed — tilt correction stopped, yaw-hold pinned to current heading.
[attitude_controller-14] [INFO] [1786720177.431560816] [attitude_scout_3]: [scout_3] Landed — tilt correction stopped, yaw-hold pinned to current heading.
[attitude_controller-14] [INFO] [1786720177.433418529] [attitude_scout_3]: [scout_3] Landed — tilt correction stopped, yaw-hold pinned to current heading.
[attitude_controller-14] [INFO] [1786720177.528655934] [attitude_scout_3]: [scout_3] Landed — tilt correction stopped, yaw-hold pinned to current heading.
[attitude_controller-14] [INFO] [1786720177.530128331] [attitude_scout_3]: [scout_3] Landed — tilt correction stopped, yaw-hold pinned to current heading.
[attitude_controller-14] [INFO] [1786720177.536420417] [attitude_scout_3]: [scout_3] Landed — tilt correction stopped, yaw-hold pinned to current heading.
[attitude_controller-14] [INFO] [1786720177.661915093] [attitude_scout_3]: [scout_3] Landed — tilt correction stopped, yaw-hold pinned to current heading.
[attitude_controller-14] [INFO] [1786720177.803173892] [attitude_scout_3]: [scout_3] Landed — tilt correction stopped, yaw-hold pinned to current heading.
[attitude_controller-14] [INFO] [1786720177.804837864] [attitude_scout_3]: [scout_3] Landed — tilt correction stopped, yaw-hold pinned to current heading.
[attitude_controller-14] [INFO] [1786720177.806463424] [attitude_scout_3]: [scout_3] Landed — tilt correction stopped, yaw-hold pinned to current heading.
[attitude_controller-14] [INFO] [1786720177.808001542] [attitude_scout_3]: [scout_3] Landed — tilt correction stopped, yaw-hold pinned to current heading.
[attitude_controller-14] [INFO] [1786720177.812948761] [attitude_scout_3]: [scout_3] Landed — tilt correction stopped, yaw-hold pinned to current heading.
[attitude_controller-14] [INFO] [1786720177.838012273] [attitude_scout_3]: [scout_3] Landed — tilt correction stopped, yaw-hold pinned to current heading.
[attitude_controller-14] [INFO] [1786720177.841522294] [attitude_scout_3]: [scout_3] Landed — tilt correction stopped, yaw-hold pinned to current heading.
[attitude_controller-14] [INFO] [1786720177.842992317] [attitude_scout_3]: [scout_3] Landed — tilt correction stopped, yaw-hold pinned to current heading.
[attitude_controller-14] [INFO] [1786720177.848456014] [attitude_scout_3]: [scout_3] Landed — tilt correction stopped, yaw-hold pinned to current heading.
[attitude_controller-14] [INFO] [1786720177.959816666] [attitude_scout_3]: [scout_3] Landed — tilt correction stopped, yaw-hold pinned to current heading.
[attitude_controller-14] [INFO] [1786720178.027401817] [attitude_scout_3]: [scout_3] Landed — tilt correction stopped, yaw-hold pinned to current heading.
[attitude_controller-14] [INFO] [1786720178.155712920] [attitude_scout_3]: [scout_3] Landed — tilt correction stopped, yaw-hold pinned to current heading.
[attitude_controller-14] [INFO] [1786720178.157308937] [attitude_scout_3]: [scout_3] Landed — tilt correction stopped, yaw-hold pinned to current heading.
[attitude_controller-14] [INFO] [1786720178.158796699] [attitude_scout_3]: [scout_3] Landed — tilt correction stopped, yaw-hold pinned to current heading.
[attitude_controller-14] [INFO] [1786720178.160060620] [attitude_scout_3]: [scout_3] Landed — tilt correction stopped, yaw-hold pinned to current heading.
[attitude_controller-14] [INFO] [1786720178.161400528] [attitude_scout_3]: [scout_3] Landed — tilt correction stopped, yaw-hold pinned to current heading.
[attitude_controller-14] [INFO] [1786720178.317599741] [attitude_scout_3]: [scout_3] Landed — tilt correction stopped, yaw-hold pinned to current heading.
[attitude_controller-14] [INFO] [1786720178.319274818] [attitude_scout_3]: [scout_3] Landed — tilt correction stopped, yaw-hold pinned to current heading.
[attitude_controller-14] [INFO] [1786720178.388054747] [attitude_scout_3]: [scout_3] Landed — tilt correction stopped, yaw-hold pinned to current heading.
[attitude_controller-14] [INFO] [1786720178.389611233] [attitude_scout_3]: [scout_3] Landed — tilt correction stopped, yaw-hold pinned to current heading.
[attitude_controller-14] [INFO] [1786720178.477429033] [attitude_scout_3]: [scout_3] Landed — tilt correction stopped, yaw-hold pinned to current heading.
[attitude_controller-14] [INFO] [1786720178.497724818] [attitude_scout_3]: [scout_3] Landed — tilt correction stopped, yaw-hold pinned to current heading.
[attitude_controller-14] [INFO] [1786720178.500098869] [attitude_scout_3]: [scout_3] Landed — tilt correction stopped, yaw-hold pinned to current heading.
[attitude_controller-14] [INFO] [1786720178.501609819] [attitude_scout_3]: [scout_3] Landed — tilt correction stopped, yaw-hold pinned to current heading.
[attitude_controller-14] [INFO] [1786720178.529836869] [attitude_scout_3]: [scout_3] Landed — tilt correction stopped, yaw-hold pinned to current heading.
[attitude_controller-14] [INFO] [1786720178.560547202] [attitude_scout_3]: [scout_3] Landed — tilt correction stopped, yaw-hold pinned to current heading.
[attitude_controller-14] [INFO] [1786720178.684673126] [attitude_scout_3]: [scout_3] Landed — tilt correction stopped, yaw-hold pinned to current heading.
[landing_controller-7] [INFO] [1786720178.715303560] [landing_scout_1]: [scout_1] Landing controller state: FLIGHT
[attitude_controller-14] [INFO] [1786720178.735625187] [attitude_scout_3]: [scout_3] Landed — tilt correction stopped, yaw-hold pinned to current heading.
[attitude_controller-14] [INFO] [1786720178.760486438] [attitude_scout_3]: [scout_3] Landed — tilt correction stopped, yaw-hold pinned to current heading.
[swarm_manager-3] [INFO] [1786720178.783352737] [swarm_manager_node]: 📍 scout_2 detected high-value spectral anomaly at [3.3, -25.1]!
[attitude_controller-14] [INFO] [1786720178.786200662] [attitude_scout_3]: [scout_3] Landed — tilt correction stopped, yaw-hold pinned to current heading.
[landing_controller-15] [INFO] [1786720178.791320320] [landing_scout_3]: [scout_3] Landing controller state: LANDED
[attitude_controller-14] [INFO] [1786720178.818731203] [attitude_scout_3]: [scout_3] Landed — tilt correction stopped, yaw-hold pinned to current heading.
[landing_controller-11] [INFO] [1786720178.821746817] [landing_scout_2]: [scout_2] Landing controller state: FLIGHT
[attitude_controller-14] [INFO] [1786720178.922312497] [attitude_scout_3]: [scout_3] Landed — tilt correction stopped, yaw-hold pinned to current heading.
[attitude_controller-14] [INFO] [1786720178.949917329] [attitude_scout_3]: [scout_3] Landed — tilt correction stopped, yaw-hold pinned to current heading.
[attitude_controller-14] [INFO] [1786720178.976234216] [attitude_scout_3]: [scout_3] Landed — tilt correction stopped, yaw-hold pinned to current heading.
[attitude_controller-14] [INFO] [1786720179.004988150] [attitude_scout_3]: [scout_3] Landed — tilt correction stopped, yaw-hold pinned to current heading.
[attitude_controller-14] [INFO] [1786720179.047600374] [attitude_scout_3]: [scout_3] Landed — tilt correction stopped, yaw-hold pinned to current heading.
[attitude_controller-14] [INFO] [1786720179.049112022] [attitude_scout_3]: [scout_3] Landed — tilt correction stopped, yaw-hold pinned to current heading.
[attitude_controller-14] [INFO] [1786720179.050225225] [attitude_scout_3]: [scout_3] Landed — tilt correction stopped, yaw-hold pinned to current heading.
[attitude_controller-14] [INFO] [1786720179.051997801] [attitude_scout_3]: [scout_3] Landed — tilt correction stopped, yaw-hold pinned to current heading.
[attitude_controller-14] [INFO] [1786720179.053882472] [attitude_scout_3]: [scout_3] Landed — tilt correction stopped, yaw-hold pinned to current heading.
[attitude_controller-14] [INFO] [1786720179.055268127] [attitude_scout_3]: [scout_3] Landed — tilt correction stopped, yaw-hold pinned to current heading.
[attitude_controller-14] [INFO] [1786720179.150208428] [attitude_scout_3]: [scout_3] Landed — tilt correction stopped, yaw-hold pinned to current heading.
[attitude_controller-14] [INFO] [1786720179.188282913] [attitude_scout_3]: [scout_3] Landed — tilt correction stopped, yaw-hold pinned to current heading.
[attitude_controller-14] [INFO] [1786720179.216621849] [attitude_scout_3]: [scout_3] Landed — tilt correction stopped, yaw-hold pinned to current heading.
[attitude_controller-14] [INFO] [1786720179.243960098] [attitude_scout_3]: [scout_3] Landed — tilt correction stopped, yaw-hold pinned to current heading.
[attitude_controller-14] [INFO] [1786720179.272706629] [attitude_scout_3]: [scout_3] Landed — tilt correction stopped, yaw-hold pinned to current heading.
[attitude_controller-14] [INFO] [1786720179.274083972] [attitude_scout_3]: [scout_3] Landed — tilt correction stopped, yaw-hold pinned to current heading.
[attitude_controller-14] [INFO] [1786720179.275658827] [attitude_scout_3]: [scout_3] Landed — tilt correction stopped, yaw-hold pinned to current heading.
[attitude_controller-14] [INFO] [1786720179.276778734] [attitude_scout_3]: [scout_3] Landed — tilt correction stopped, yaw-hold pinned to current heading.
[attitude_controller-14] [INFO] [1786720179.278132331] [attitude_scout_3]: [scout_3] Landed — tilt correction stopped, yaw-hold pinned to current heading.
[attitude_controller-14] [INFO] [1786720179.333872443] [attitude_scout_3]: [scout_3] Landed — tilt correction stopped, yaw-hold pinned to current heading.
[attitude_controller-14] [INFO] [1786720179.335742308] [attitude_scout_3]: [scout_3] Landed — tilt correction stopped, yaw-hold pinned to current heading.
[attitude_controller-14] [INFO] [1786720179.368549351] [attitude_scout_3]: [scout_3] Landed — tilt correction stopped, yaw-hold pinned to current heading.
[attitude_controller-14] [INFO] [1786720179.455099739] [attitude_scout_3]: [scout_3] Landed — tilt correction stopped, yaw-hold pinned to current heading.
[attitude_controller-14] [INFO] [1786720179.456669286] [attitude_scout_3]: [scout_3] Landed — tilt correction stopped, yaw-hold pinned to current heading.
[attitude_controller-14] [INFO] [1786720179.457914279] [attitude_scout_3]: [scout_3] Landed — tilt correction stopped, yaw-hold pinned to current heading.
[attitude_controller-14] [INFO] [1786720179.459258378] [attitude_scout_3]: [scout_3] Landed — tilt correction stopped, yaw-hold pinned to current heading.
[attitude_controller-14] [INFO] [1786720179.460744115] [attitude_scout_3]: [scout_3] Landed — tilt correction stopped, yaw-hold pinned to current heading.
[attitude_controller-14] [INFO] [1786720179.710984283] [attitude_scout_3]: [scout_3] Landed — tilt correction stopped, yaw-hold pinned to current heading.
[attitude_controller-14] [INFO] [1786720179.712684363] [attitude_scout_3]: [scout_3] Landed — tilt correction stopped, yaw-hold pinned to current heading.
[attitude_controller-14] [INFO] [1786720179.714426139] [attitude_scout_3]: [scout_3] Landed — tilt correction stopped, yaw-hold pinned to current heading.
[attitude_controller-14] [INFO] [1786720179.716014403] [attitude_scout_3]: [scout_3] Landed — tilt correction stopped, yaw-hold pinned to current heading.
[attitude_controller-14] [INFO] [1786720179.717569772] [attitude_scout_3]: [scout_3] Landed — tilt correction stopped, yaw-hold pinned to current heading.
[attitude_controller-14] [INFO] [1786720179.923115882] [attitude_scout_3]: [scout_3] Landed — tilt correction stopped, yaw-hold pinned to current heading.
[attitude_controller-14] [INFO] [1786720179.924698908] [attitude_scout_3]: [scout_3] Landed — tilt correction stopped, yaw-hold pinned to current heading.
[attitude_controller-14] [INFO] [1786720179.926055578] [attitude_scout_3]: [scout_3] Landed — tilt correction stopped, yaw-hold pinned to current heading.
[attitude_controller-14] [INFO] [1786720179.942250833] [attitude_scout_3]: [scout_3] Landed — tilt correction stopped, yaw-hold pinned to current heading.
[attitude_controller-14] [INFO] [1786720179.981523169] [attitude_scout_3]: [scout_3] Landed — tilt correction stopped, yaw-hold pinned to current heading.
[attitude_controller-14] [INFO] [1786720179.983242176] [attitude_scout_3]: [scout_3] Landed — tilt correction stopped, yaw-hold pinned to current heading.
[attitude_controller-14] [INFO] [1786720179.989446751] [attitude_scout_3]: [scout_3] Landed — tilt correction stopped, yaw-hold pinned to current heading.
[attitude_controller-14] [INFO] [1786720179.991112190] [attitude_scout_3]: [scout_3] Landed — tilt correction stopped, yaw-hold pinned to current heading.
[attitude_controller-14] [INFO] [1786720179.992821001] [attitude_scout_3]: [scout_3] Landed — tilt correction stopped, yaw-hold pinned to current heading.
[attitude_controller-14] [INFO] [1786720180.083756594] [attitude_scout_3]: [scout_3] Landed — tilt correction stopped, yaw-hold pinned to current heading.
[attitude_controller-14] [INFO] [1786720180.194464093] [attitude_scout_3]: [scout_3] Landed — tilt correction stopped, yaw-hold pinned to current heading.
[attitude_controller-14] [INFO] [1786720180.224285973] [attitude_scout_3]: [scout_3] Landed — tilt correction stopped, yaw-hold pinned to current heading.
[hopper_locomotion-13] [INFO] [1786720180.261440716] [loco_scout_3]: 2. IGNITION (stroke fraction=0.90, ramp=4.0s)
[landing_controller-15] [INFO] [1786720180.262759672] [landing_scout_3]: [scout_3] 🚀 Jump detected → FLIGHT mode (contact detection blanked 100 s for launch)
[attitude_controller-14] [INFO] [1786720180.353333068] [attitude_scout_3]: [scout_3] Landed — tilt correction stopped, yaw-hold pinned to current heading.
[attitude_controller-14] [INFO] [1786720180.359190530] [attitude_scout_3]: [scout_3] Landed — tilt correction stopped, yaw-hold pinned to current heading.
[attitude_controller-14] [INFO] [1786720180.360526178] [attitude_scout_3]: [scout_3] Landed — tilt correction stopped, yaw-hold pinned to current heading.
[attitude_controller-14] [INFO] [1786720180.361553965] [attitude_scout_3]: [scout_3] Landed — tilt correction stopped, yaw-hold pinned to current heading.
[attitude_controller-14] [INFO] [1786720180.362955404] [attitude_scout_3]: [scout_3] Landed — tilt correction stopped, yaw-hold pinned to current heading.
[attitude_controller-14] [INFO] [1786720180.364860120] [attitude_scout_3]: [scout_3] Landed — tilt correction stopped, yaw-hold pinned to current heading.
[attitude_controller-14] [INFO] [1786720180.366361431] [attitude_scout_3]: [scout_3] Landed — tilt correction stopped, yaw-hold pinned to current heading.
[landing_controller-15] [INFO] [1786720180.373672365] [landing_scout_3]: [scout_3] 📏 CALIBSERIES t=0.1s v=0.17209 m/s (vx=-0.14428 vy=-0.09379 vz=-0.00048)
[attitude_controller-14] [INFO] [1786720180.402331245] [attitude_scout_3]: [scout_3] Landed — tilt correction stopped, yaw-hold pinned to current heading.
[attitude_controller-14] [INFO] [1786720180.404312717] [attitude_scout_3]: [scout_3] Landed — tilt correction stopped, yaw-hold pinned to current heading.
[attitude_controller-14] [INFO] [1786720180.405606949] [attitude_scout_3]: [scout_3] Landed — tilt correction stopped, yaw-hold pinned to current heading.
[attitude_controller-14] [INFO] [1786720180.406899644] [attitude_scout_3]: [scout_3] Landed — tilt correction stopped, yaw-hold pinned to current heading.
[attitude_controller-14] [INFO] [1786720180.627510067] [attitude_scout_3]: [scout_3] Airborne (landed=False) — tilt correction armed.
[landing_controller-15] [INFO] [1786720182.414880811] [landing_scout_3]: [scout_3] 📏 CALIBSERIES t=2.2s v=0.00811 m/s (vx=0.00052 vy=-0.00690 vz=-0.00423)
[hopper_locomotion-13] [WARN] [1786720182.993453889] [loco_scout_3]: [scout_3] Ignoring jump command, currently not IDLE (state=2)
[landing_controller-7] [INFO] [1786720183.716817243] [landing_scout_1]: [scout_1] Landing controller state: FLIGHT
[landing_controller-15] [INFO] [1786720183.789795903] [landing_scout_3]: [scout_3] Landing controller state: FLIGHT
[landing_controller-11] [INFO] [1786720183.822025289] [landing_scout_2]: [scout_2] Landing controller state: FLIGHT
[landing_controller-15] [INFO] [1786720184.496642666] [landing_scout_3]: [scout_3] 📏 CALIBSERIES t=4.2s v=0.00664 m/s (vx=-0.00545 vy=-0.00128 vz=-0.00356)
[hopper_locomotion-13] [INFO] [1786720184.769080484] [loco_scout_3]: 3. Separation confirmed (genuine ground clearance) — holding extension for clearance, then slow retract (FLIGHT)
[attitude_controller-14] [INFO] [1786720184.798884206] [attitude_scout_3]: [scout_3] New target yaw received: 1.75 rad
[attitude_controller-14] [INFO] [1786720186.301627278] [attitude_scout_3]: [scout_3] Jump initiated. Flight mode active (tilt-PD held for stroke).
[landing_controller-15] [INFO] [1786720186.515965253] [landing_scout_3]: [scout_3] 📏 CALIBSERIES t=6.3s v=0.01018 m/s (vx=-0.00874 vy=-0.00395 vz=-0.00341)
[landing_controller-15] [INFO] [1786720188.556866582] [landing_scout_3]: [scout_3] 📏 CALIBSERIES t=8.3s v=0.04525 m/s (vx=0.02993 vy=-0.03361 vz=-0.00477)
[landing_controller-7] [INFO] [1786720188.715331397] [landing_scout_1]: [scout_1] Landing controller state: FLIGHT
[landing_controller-15] [INFO] [1786720188.790806543] [landing_scout_3]: [scout_3] Landing controller state: FLIGHT
[landing_controller-11] [INFO] [1786720188.821000331] [landing_scout_2]: [scout_2] Landing controller state: FLIGHT
[landing_controller-15] [INFO] [1786720190.572390219] [landing_scout_3]: [scout_3] 📏 CALIBSERIES t=10.3s v=0.01829 m/s (vx=0.01752 vy=0.00080 vz=-0.00517)
[landing_controller-15] [INFO] [1786720192.656227009] [landing_scout_3]: [scout_3] 📏 CALIBSERIES t=12.4s v=0.00934 m/s (vx=0.00765 vy=0.00081 vz=-0.00530)
[landing_controller-7] [INFO] [1786720193.715814330] [landing_scout_1]: [scout_1] Landing controller state: FLIGHT
[landing_controller-15] [INFO] [1786720193.789704498] [landing_scout_3]: [scout_3] Landing controller state: FLIGHT
[landing_controller-11] [INFO] [1786720193.821403650] [landing_scout_2]: [scout_2] Landing controller state: FLIGHT
[landing_controller-15] [INFO] [1786720194.720593647] [landing_scout_3]: [scout_3] 📏 CALIBSERIES t=14.5s v=0.00738 m/s (vx=0.00544 vy=-0.00043 vz=-0.00497)
[landing_controller-15] [INFO] [1786720196.812912621] [landing_scout_3]: [scout_3] 📏 CALIBSERIES t=16.5s v=0.00786 m/s (vx=0.00569 vy=-0.00082 vz=-0.00536)
[landing_controller-7] [INFO] [1786720198.715762226] [landing_scout_1]: [scout_1] Landing controller state: FLIGHT
[landing_controller-15] [INFO] [1786720198.789697375] [landing_scout_3]: [scout_3] Landing controller state: FLIGHT
[landing_controller-11] [INFO] [1786720198.821709488] [landing_scout_2]: [scout_2] Landing controller state: FLIGHT
[landing_controller-15] [INFO] [1786720198.852177476] [landing_scout_3]: [scout_3] 📏 CALIBSERIES t=18.6s v=0.00710 m/s (vx=0.00425 vy=-0.00101 vz=-0.00560)
[landing_controller-15] [INFO] [1786720200.892520442] [landing_scout_3]: [scout_3] 📏 CALIBSERIES t=20.6s v=0.00712 m/s (vx=0.00412 vy=-0.00108 vz=-0.00571)
[landing_controller-15] [INFO] [1786720202.935257261] [landing_scout_3]: [scout_3] 📏 CALIBSERIES t=22.7s v=0.00716 m/s (vx=0.00403 vy=-0.00113 vz=-0.00581)
[landing_controller-15] [INFO] [1786720202.936013783] [landing_scout_3]: [scout_3] 📏 CALIBSTABLE t=22.7s v=0.00716 m/s (vx=0.00403 vy=-0.00113 vz=-0.00581) -- 3 consecutive samples steady
[landing_controller-7] [INFO] [1786720203.715125842] [landing_scout_1]: [scout_1] Landing controller state: FLIGHT
[landing_controller-15] [INFO] [1786720203.789497853] [landing_scout_3]: [scout_3] Landing controller state: FLIGHT
[landing_controller-11] [INFO] [1786720203.821533993] [landing_scout_2]: [scout_2] Landing controller state: FLIGHT
[swarm_manager-3] [INFO] [1786720206.783012448] [swarm_manager_node]: 📍 scout_2 detected high-value spectral anomaly at [3.3, -11.7]!
[landing_controller-7] [INFO] [1786720208.715203670] [landing_scout_1]: [scout_1] Landing controller state: FLIGHT
[landing_controller-15] [INFO] [1786720208.789901634] [landing_scout_3]: [scout_3] Landing controller state: FLIGHT
[landing_controller-11] [INFO] [1786720208.821343006] [landing_scout_2]: [scout_2] Landing controller state: FLIGHT
[swarm_manager-3] [INFO] [1786720210.783803764] [swarm_manager_node]: 📍 scout_2 detected high-value spectral anomaly at [-0.5, -7.8]!
[swarm_manager-3] [INFO] [1786720212.783587978] [swarm_manager_node]: 📍 scout_2 detected high-value spectral anomaly at [16.5, -14.7]!
[landing_controller-7] [INFO] [1786720213.715143711] [landing_scout_1]: [scout_1] Landing controller state: FLIGHT
[landing_controller-15] [INFO] [1786720213.790701916] [landing_scout_3]: [scout_3] Landing controller state: FLIGHT
[landing_controller-11] [INFO] [1786720213.821461496] [landing_scout_2]: [scout_2] Landing controller state: FLIGHT
[landing_controller-7] [INFO] [1786720218.717239138] [landing_scout_1]: [scout_1] Landing controller state: FLIGHT
[landing_controller-15] [INFO] [1786720218.789562778] [landing_scout_3]: [scout_3] Landing controller state: FLIGHT
[landing_controller-11] [INFO] [1786720218.821440382] [landing_scout_2]: [scout_2] Landing controller state: FLIGHT
[swarm_manager-3] [INFO] [1786720222.784574222] [swarm_manager_node]: 📍 scout_2 detected high-value spectral anomaly at [16.4, -13.3]!
[landing_controller-7] [INFO] [1786720223.717235905] [landing_scout_1]: [scout_1] Landing controller state: FLIGHT
[landing_controller-15] [INFO] [1786720223.789332005] [landing_scout_3]: [scout_3] Landing controller state: FLIGHT
[landing_controller-11] [INFO] [1786720223.821658900] [landing_scout_2]: [scout_2] Landing controller state: FLIGHT
[landing_controller-7] [INFO] [1786720228.715381388] [landing_scout_1]: [scout_1] Landing controller state: FLIGHT
[landing_controller-15] [INFO] [1786720228.789426068] [landing_scout_3]: [scout_3] Landing controller state: FLIGHT
[landing_controller-11] [INFO] [1786720228.822627939] [landing_scout_2]: [scout_2] Landing controller state: FLIGHT
[swarm_manager-3] [INFO] [1786720230.782885188] [swarm_manager_node]: 📍 scout_2 detected high-value spectral anomaly at [11.0, -15.1]!
[landing_controller-7] [INFO] [1786720233.715210262] [landing_scout_1]: [scout_1] Landing controller state: FLIGHT
[landing_controller-15] [INFO] [1786720233.789683074] [landing_scout_3]: [scout_3] Landing controller state: FLIGHT
[landing_controller-11] [INFO] [1786720233.821324129] [landing_scout_2]: [scout_2] Landing controller state: FLIGHT
[swarm_manager-3] [INFO] [1786720234.783699819] [swarm_manager_node]: 📍 scout_2 detected high-value spectral anomaly at [3.6, -26.9]!
[landing_controller-7] [INFO] [1786720238.715234623] [landing_scout_1]: [scout_1] Landing controller state: FLIGHT
[landing_controller-15] [INFO] [1786720238.790902565] [landing_scout_3]: [scout_3] Landing controller state: FLIGHT
[landing_controller-11] [INFO] [1786720238.821235560] [landing_scout_2]: [scout_2] Landing controller state: FLIGHT
[swarm_manager-3] [WARN] [1786720242.783338509] [swarm_manager_node]: 🔋 scout_3 BMS Alert! Li-ion cells critical (14.9%). Fleeing to sunlight.
[swarm_manager-3] [WARN] [1786720242.783963381] [swarm_manager_node]: ↩️ Requeuing scout_3's anomaly target [-3.8, -5.5] — task abandoned for recharge.
[landing_controller-7] [INFO] [1786720243.719428239] [landing_scout_1]: [scout_1] Landing controller state: FLIGHT
[landing_controller-15] [INFO] [1786720243.790110269] [landing_scout_3]: [scout_3] Landing controller state: FLIGHT
[landing_controller-11] [INFO] [1786720243.822397221] [landing_scout_2]: [scout_2] Landing controller state: FLIGHT
[swarm_manager-3] [INFO] [1786720244.782761067] [swarm_manager_node]: 📍 scout_2 detected high-value spectral anomaly at [-0.5, -13.7]!
[landing_controller-7] [INFO] [1786720248.715120744] [landing_scout_1]: [scout_1] Landing controller state: FLIGHT
[swarm_manager-3] [INFO] [1786720248.782771238] [swarm_manager_node]: 📍 scout_2 detected high-value spectral anomaly at [8.5, -22.9]!
[landing_controller-15] [INFO] [1786720248.790037757] [landing_scout_3]: [scout_3] Landing controller state: FLIGHT
[landing_controller-11] [INFO] [1786720248.821156262] [landing_scout_2]: [scout_2] Landing controller state: FLIGHT
[landing_controller-7] [INFO] [1786720253.716625243] [landing_scout_1]: [scout_1] Landing controller state: FLIGHT
[landing_controller-15] [INFO] [1786720253.789748031] [landing_scout_3]: [scout_3] Landing controller state: FLIGHT
[landing_controller-11] [INFO] [1786720253.821431974] [landing_scout_2]: [scout_2] Landing controller state: FLIGHT
[swarm_manager-3] [INFO] [1786720254.783229743] [swarm_manager_node]: 📍 scout_2 detected high-value spectral anomaly at [9.6, -19.4]!
[landing_controller-7] [INFO] [1786720258.715677739] [landing_scout_1]: [scout_1] Landing controller state: FLIGHT
[landing_controller-15] [INFO] [1786720258.790404160] [landing_scout_3]: [scout_3] Landing controller state: FLIGHT
[landing_controller-11] [INFO] [1786720258.821011637] [landing_scout_2]: [scout_2] Landing controller state: FLIGHT
[landing_controller-7] [INFO] [1786720263.715081877] [landing_scout_1]: [scout_1] Landing controller state: FLIGHT
[landing_controller-15] [INFO] [1786720263.789655068] [landing_scout_3]: [scout_3] Landing controller state: FLIGHT
[landing_controller-11] [INFO] [1786720263.821710221] [landing_scout_2]: [scout_2] Landing controller state: FLIGHT
[landing_controller-7] [INFO] [1786720268.715341561] [landing_scout_1]: [scout_1] Landing controller state: FLIGHT
[landing_controller-15] [INFO] [1786720268.791999943] [landing_scout_3]: [scout_3] Landing controller state: FLIGHT
[landing_controller-11] [INFO] [1786720268.821704372] [landing_scout_2]: [scout_2] Landing controller state: FLIGHT
[swarm_manager-3] [INFO] [1786720272.784080168] [swarm_manager_node]: 📍 scout_2 detected high-value spectral anomaly at [12.9, -13.8]!
[landing_controller-7] [INFO] [1786720273.716244122] [landing_scout_1]: [scout_1] Landing controller state: FLIGHT
[landing_controller-15] [INFO] [1786720273.790754113] [landing_scout_3]: [scout_3] Landing controller state: FLIGHT
[landing_controller-11] [INFO] [1786720273.821181612] [landing_scout_2]: [scout_2] Landing controller state: FLIGHT
[swarm_manager-3] [INFO] [1786720276.783067912] [swarm_manager_node]: 📍 scout_2 detected high-value spectral anomaly at [-0.3, -17.1]!
[landing_controller-7] [INFO] [1786720278.715487303] [landing_scout_1]: [scout_1] Landing controller state: FLIGHT
[swarm_manager-3] [INFO] [1786720278.783261782] [swarm_manager_node]: 📍 scout_2 detected high-value spectral anomaly at [8.4, -24.6]!
[landing_controller-15] [INFO] [1786720278.790251659] [landing_scout_3]: [scout_3] Landing controller state: FLIGHT
[landing_controller-11] [INFO] [1786720278.821333086] [landing_scout_2]: [scout_2] Landing controller state: FLIGHT
[landing_controller-15] [INFO] [1786720280.266331758] [landing_scout_3]: [scout_3] 🎯 Contact detected! accel=0.0808 m/s² → hands-off settle (no posture commands at contact)
[attitude_controller-14] [INFO] [1786720280.730941921] [attitude_scout_3]: [scout_3] Contact — commanded-flight latch cleared (full attitude PD locked out until next ignition).
[landing_controller-15] [INFO] [1786720281.008359798] [landing_scout_3]: [scout_3] ⚠️ Bounce detected (v=0.0755 m/s) → back to FLIGHT
[landing_controller-15] [INFO] [1786720281.128255181] [landing_scout_3]: [scout_3] 🎯 Contact detected! accel=0.6920 m/s² → hands-off settle (no posture commands at contact)
[landing_controller-15] [INFO] [1786720281.462992477] [landing_scout_3]: [scout_3] ⚠️ Bounce detected (v=0.0267 m/s) → back to FLIGHT
[landing_controller-7] [INFO] [1786720283.715280538] [landing_scout_1]: [scout_1] Landing controller state: FLIGHT
[landing_controller-15] [INFO] [1786720283.790901643] [landing_scout_3]: [scout_3] Landing controller state: FLIGHT
[landing_controller-11] [INFO] [1786720283.820920013] [landing_scout_2]: [scout_2] Landing controller state: FLIGHT
[landing_controller-7] [INFO] [1786720288.715449431] [landing_scout_1]: [scout_1] Landing controller state: FLIGHT
[landing_controller-15] [INFO] [1786720288.790630538] [landing_scout_3]: [scout_3] Landing controller state: FLIGHT
[landing_controller-11] [INFO] [1786720288.822183886] [landing_scout_2]: [scout_2] Landing controller state: FLIGHT
[swarm_manager-3] [INFO] [1786720290.782751190] [swarm_manager_node]: 📍 scout_2 detected high-value spectral anomaly at [16.4, -18.8]!
[landing_controller-7] [INFO] [1786720293.717186873] [landing_scout_1]: [scout_1] Landing controller state: FLIGHT
[landing_controller-15] [INFO] [1786720293.789873593] [landing_scout_3]: [scout_3] Landing controller state: FLIGHT
[landing_controller-11] [INFO] [1786720293.822397530] [landing_scout_2]: [scout_2] Landing controller state: FLIGHT
[landing_controller-7] [INFO] [1786720298.715535442] [landing_scout_1]: [scout_1] Landing controller state: FLIGHT
[landing_controller-15] [INFO] [1786720298.789805402] [landing_scout_3]: [scout_3] Landing controller state: FLIGHT
[landing_controller-11] [INFO] [1786720298.821065767] [landing_scout_2]: [scout_2] Landing controller state: FLIGHT
[landing_controller-7] [INFO] [1786720303.715026175] [landing_scout_1]: [scout_1] Landing controller state: FLIGHT
[landing_controller-15] [INFO] [1786720303.789625580] [landing_scout_3]: [scout_3] Landing controller state: FLIGHT
[landing_controller-11] [INFO] [1786720303.824893313] [landing_scout_2]: [scout_2] Landing controller state: FLIGHT
[swarm_manager-3] [INFO] [1786720304.783223680] [swarm_manager_node]: 📍 scout_2 detected high-value spectral anomaly at [11.9, -8.4]!
[landing_controller-7] [INFO] [1786720308.715183727] [landing_scout_1]: [scout_1] Landing controller state: FLIGHT
[swarm_manager-3] [INFO] [1786720308.782831738] [swarm_manager_node]: 📍 scout_2 detected high-value spectral anomaly at [3.3, -28.9]!
[landing_controller-15] [INFO] [1786720308.789584645] [landing_scout_3]: [scout_3] Landing controller state: FLIGHT
[landing_controller-11] [INFO] [1786720308.821233750] [landing_scout_2]: [scout_2] Landing controller state: FLIGHT
[swarm_manager-3] [INFO] [1786720310.783721287] [swarm_manager_node]: 📍 scout_2 detected high-value spectral anomaly at [8.8, -9.3]!
[landing_controller-7] [INFO] [1786720313.720330519] [landing_scout_1]: [scout_1] Landing controller state: FLIGHT
[landing_controller-15] [INFO] [1786720313.789904273] [landing_scout_3]: [scout_3] Landing controller state: FLIGHT
[landing_controller-11] [INFO] [1786720313.823338529] [landing_scout_2]: [scout_2] Landing controller state: FLIGHT
[landing_controller-7] [INFO] [1786720318.715513201] [landing_scout_1]: [scout_1] Landing controller state: FLIGHT
[landing_controller-15] [INFO] [1786720318.789749438] [landing_scout_3]: [scout_3] Landing controller state: FLIGHT
[landing_controller-11] [INFO] [1786720318.821313409] [landing_scout_2]: [scout_2] Landing controller state: FLIGHT
[landing_controller-7] [INFO] [1786720323.716008765] [landing_scout_1]: [scout_1] Landing controller state: FLIGHT
[landing_controller-15] [INFO] [1786720323.790602803] [landing_scout_3]: [scout_3] Landing controller state: FLIGHT
[landing_controller-11] [INFO] [1786720323.821096244] [landing_scout_2]: [scout_2] Landing controller state: FLIGHT
[landing_controller-7] [INFO] [1786720328.715318176] [landing_scout_1]: [scout_1] Landing controller state: FLIGHT
[landing_controller-15] [INFO] [1786720328.789987296] [landing_scout_3]: [scout_3] Landing controller state: FLIGHT
[landing_controller-11] [INFO] [1786720328.821384348] [landing_scout_2]: [scout_2] Landing controller state: FLIGHT
[swarm_manager-3] [INFO] [1786720330.786776034] [swarm_manager_node]: 📍 scout_2 detected high-value spectral anomaly at [-1.7, -9.2]!
[landing_controller-7] [INFO] [1786720333.715326247] [landing_scout_1]: [scout_1] Landing controller state: FLIGHT
[landing_controller-15] [INFO] [1786720333.791986063] [landing_scout_3]: [scout_3] Landing controller state: FLIGHT
[landing_controller-11] [INFO] [1786720333.822135047] [landing_scout_2]: [scout_2] Landing controller state: FLIGHT
[landing_controller-7] [INFO] [1786720338.715145149] [landing_scout_1]: [scout_1] Landing controller state: FLIGHT
[landing_controller-15] [INFO] [1786720338.789600420] [landing_scout_3]: [scout_3] Landing controller state: FLIGHT
[landing_controller-11] [INFO] [1786720338.821098185] [landing_scout_2]: [scout_2] Landing controller state: FLIGHT
[landing_controller-7] [INFO] [1786720343.715268731] [landing_scout_1]: [scout_1] Landing controller state: FLIGHT
[landing_controller-15] [INFO] [1786720343.790625449] [landing_scout_3]: [scout_3] Landing controller state: FLIGHT
[landing_controller-11] [INFO] [1786720343.821024399] [landing_scout_2]: [scout_2] Landing controller state: FLIGHT
[swarm_manager-3] [INFO] [1786720346.782773560] [swarm_manager_node]: 📍 scout_2 detected high-value spectral anomaly at [9.2, -28.4]!
[landing_controller-7] [INFO] [1786720348.715144685] [landing_scout_1]: [scout_1] Landing controller state: FLIGHT
[landing_controller-15] [INFO] [1786720348.789465306] [landing_scout_3]: [scout_3] Landing controller state: FLIGHT
[landing_controller-11] [INFO] [1786720348.822018728] [landing_scout_2]: [scout_2] Landing controller state: FLIGHT
[landing_controller-7] [INFO] [1786720353.715874199] [landing_scout_1]: [scout_1] Landing controller state: FLIGHT
[landing_controller-15] [INFO] [1786720353.789338146] [landing_scout_3]: [scout_3] Landing controller state: FLIGHT
[landing_controller-11] [INFO] [1786720353.821152786] [landing_scout_2]: [scout_2] Landing controller state: FLIGHT
[landing_controller-7] [INFO] [1786720358.716556806] [landing_scout_1]: [scout_1] Landing controller state: FLIGHT
[landing_controller-15] [INFO] [1786720358.789821498] [landing_scout_3]: [scout_3] Landing controller state: FLIGHT
[landing_controller-11] [INFO] [1786720358.821242511] [landing_scout_2]: [scout_2] Landing controller state: FLIGHT
[landing_controller-7] [INFO] [1786720363.715345265] [landing_scout_1]: [scout_1] Landing controller state: FLIGHT
[landing_controller-15] [INFO] [1786720363.789491918] [landing_scout_3]: [scout_3] Landing controller state: FLIGHT
[landing_controller-11] [INFO] [1786720363.820951346] [landing_scout_2]: [scout_2] Landing controller state: FLIGHT
[swarm_manager-3] [INFO] [1786720366.782848962] [swarm_manager_node]: 📍 scout_2 detected high-value spectral anomaly at [10.4, -9.0]!
[landing_controller-7] [INFO] [1786720368.716195958] [landing_scout_1]: [scout_1] Landing controller state: FLIGHT
[landing_controller-15] [INFO] [1786720368.790018898] [landing_scout_3]: [scout_3] Landing controller state: FLIGHT
[landing_controller-11] [INFO] [1786720368.822029865] [landing_scout_2]: [scout_2] Landing controller state: FLIGHT
[landing_controller-7] [INFO] [1786720373.716071335] [landing_scout_1]: [scout_1] Landing controller state: FLIGHT
[landing_controller-15] [INFO] [1786720373.790919621] [landing_scout_3]: [scout_3] Landing controller state: FLIGHT
[landing_controller-11] [INFO] [1786720373.820951699] [landing_scout_2]: [scout_2] Landing controller state: FLIGHT
[landing_controller-7] [INFO] [1786720378.715639359] [landing_scout_1]: [scout_1] Landing controller state: FLIGHT
[landing_controller-15] [INFO] [1786720378.789475294] [landing_scout_3]: [scout_3] Landing controller state: FLIGHT
[landing_controller-11] [INFO] [1786720378.821203684] [landing_scout_2]: [scout_2] Landing controller state: FLIGHT
[landing_controller-7] [INFO] [1786720383.715437878] [landing_scout_1]: [scout_1] Landing controller state: FLIGHT
[landing_controller-15] [INFO] [1786720383.789357765] [landing_scout_3]: [scout_3] Landing controller state: FLIGHT
[landing_controller-11] [INFO] [1786720383.821440393] [landing_scout_2]: [scout_2] Landing controller state: FLIGHT
[landing_controller-7] [INFO] [1786720388.715100153] [landing_scout_1]: [scout_1] Landing controller state: FLIGHT
[landing_controller-15] [INFO] [1786720388.789753797] [landing_scout_3]: [scout_3] Landing controller state: FLIGHT
[landing_controller-11] [INFO] [1786720388.821472482] [landing_scout_2]: [scout_2] Landing controller state: FLIGHT
[landing_controller-7] [INFO] [1786720393.715207124] [landing_scout_1]: [scout_1] Landing controller state: FLIGHT
[landing_controller-15] [INFO] [1786720393.789386127] [landing_scout_3]: [scout_3] Landing controller state: FLIGHT
[landing_controller-11] [INFO] [1786720393.821134426] [landing_scout_2]: [scout_2] Landing controller state: FLIGHT
[landing_controller-7] [INFO] [1786720398.715160876] [landing_scout_1]: [scout_1] Landing controller state: FLIGHT
[landing_controller-15] [INFO] [1786720398.789353850] [landing_scout_3]: [scout_3] Landing controller state: FLIGHT
[landing_controller-11] [INFO] [1786720398.821116118] [landing_scout_2]: [scout_2] Landing controller state: FLIGHT
[landing_controller-7] [INFO] [1786720403.717644721] [landing_scout_1]: [scout_1] Landing controller state: FLIGHT
[landing_controller-15] [INFO] [1786720403.791017129] [landing_scout_3]: [scout_3] Landing controller state: FLIGHT
[landing_controller-11] [INFO] [1786720403.822670514] [landing_scout_2]: [scout_2] Landing controller state: FLIGHT
[swarm_manager-3] [INFO] [1786720404.782833881] [swarm_manager_node]: 📍 scout_2 detected high-value spectral anomaly at [14.1, -20.0]!
[landing_controller-7] [INFO] [1786720408.715257825] [landing_scout_1]: [scout_1] Landing controller state: FLIGHT
[swarm_manager-3] [INFO] [1786720408.783036694] [swarm_manager_node]: 📍 scout_2 detected high-value spectral anomaly at [7.2, -8.0]!
[landing_controller-15] [INFO] [1786720408.790408262] [landing_scout_3]: [scout_3] Landing controller state: FLIGHT
[landing_controller-11] [INFO] [1786720408.821108730] [landing_scout_2]: [scout_2] Landing controller state: FLIGHT
[landing_controller-7] [INFO] [1786720413.715850939] [landing_scout_1]: [scout_1] Landing controller state: FLIGHT
[landing_controller-15] [INFO] [1786720413.789729424] [landing_scout_3]: [scout_3] Landing controller state: FLIGHT
[landing_controller-11] [INFO] [1786720413.821430303] [landing_scout_2]: [scout_2] Landing controller state: FLIGHT
[landing_controller-7] [INFO] [1786720418.715216735] [landing_scout_1]: [scout_1] Landing controller state: FLIGHT
[landing_controller-15] [INFO] [1786720418.789757948] [landing_scout_3]: [scout_3] Landing controller state: FLIGHT
[landing_controller-11] [INFO] [1786720418.826295916] [landing_scout_2]: [scout_2] Landing controller state: FLIGHT
[landing_controller-7] [INFO] [1786720423.715327117] [landing_scout_1]: [scout_1] Landing controller state: FLIGHT
[landing_controller-15] [INFO] [1786720423.790805886] [landing_scout_3]: [scout_3] Landing controller state: FLIGHT
[landing_controller-11] [INFO] [1786720423.821358572] [landing_scout_2]: [scout_2] Landing controller state: FLIGHT
[swarm_manager-3] [INFO] [1786720426.782803375] [swarm_manager_node]: 📍 scout_2 detected high-value spectral anomaly at [7.9, -10.2]!
[landing_controller-7] [INFO] [1786720428.715763875] [landing_scout_1]: [scout_1] Landing controller state: FLIGHT
[landing_controller-15] [INFO] [1786720428.790928777] [landing_scout_3]: [scout_3] Landing controller state: FLIGHT
[landing_controller-11] [INFO] [1786720428.821136237] [landing_scout_2]: [scout_2] Landing controller state: FLIGHT
[landing_controller-7] [INFO] [1786720433.715064732] [landing_scout_1]: [scout_1] Landing controller state: FLIGHT
[landing_controller-15] [INFO] [1786720433.790473035] [landing_scout_3]: [scout_3] Landing controller state: FLIGHT
[landing_controller-11] [INFO] [1786720433.821134815] [landing_scout_2]: [scout_2] Landing controller state: FLIGHT
[swarm_manager-3] [INFO] [1786720434.784220660] [swarm_manager_node]: 📍 scout_2 detected high-value spectral anomaly at [1.7, -12.8]!
[landing_controller-7] [INFO] [1786720438.715421107] [landing_scout_1]: [scout_1] Landing controller state: FLIGHT
[landing_controller-15] [INFO] [1786720438.789694207] [landing_scout_3]: [scout_3] Landing controller state: FLIGHT
[landing_controller-11] [INFO] [1786720438.822025062] [landing_scout_2]: [scout_2] Landing controller state: FLIGHT
[landing_controller-7] [INFO] [1786720443.716289281] [landing_scout_1]: [scout_1] Landing controller state: FLIGHT
[landing_controller-15] [INFO] [1786720443.790621260] [landing_scout_3]: [scout_3] Landing controller state: FLIGHT
[landing_controller-11] [INFO] [1786720443.823848882] [landing_scout_2]: [scout_2] Landing controller state: FLIGHT
[landing_controller-7] [INFO] [1786720448.715168716] [landing_scout_1]: [scout_1] Landing controller state: FLIGHT
[landing_controller-15] [INFO] [1786720448.789682704] [landing_scout_3]: [scout_3] Landing controller state: FLIGHT
[landing_controller-11] [INFO] [1786720448.821026281] [landing_scout_2]: [scout_2] Landing controller state: FLIGHT
[landing_controller-7] [INFO] [1786720453.715406708] [landing_scout_1]: [scout_1] Landing controller state: FLIGHT
[landing_controller-15] [INFO] [1786720453.789614023] [landing_scout_3]: [scout_3] Landing controller state: FLIGHT
[landing_controller-11] [INFO] [1786720453.821607756] [landing_scout_2]: [scout_2] Landing controller state: FLIGHT
[landing_controller-7] [INFO] [1786720458.715018286] [landing_scout_1]: [scout_1] Landing controller state: FLIGHT
[landing_controller-15] [INFO] [1786720458.790409907] [landing_scout_3]: [scout_3] Landing controller state: FLIGHT
[landing_controller-11] [INFO] [1786720458.821066943] [landing_scout_2]: [scout_2] Landing controller state: FLIGHT
[swarm_manager-3] [INFO] [1786720460.782741760] [swarm_manager_node]: 🛰️ scout_3 assuming SCOUT role. Scanning regolith...
[landing_controller-7] [INFO] [1786720463.715168339] [landing_scout_1]: [scout_1] Landing controller state: FLIGHT
[landing_controller-15] [INFO] [1786720463.789768727] [landing_scout_3]: [scout_3] Landing controller state: FLIGHT
[landing_controller-11] [INFO] [1786720463.821291310] [landing_scout_2]: [scout_2] Landing controller state: FLIGHT
[landing_controller-7] [INFO] [1786720468.715145178] [landing_scout_1]: [scout_1] Landing controller state: FLIGHT
[landing_controller-15] [INFO] [1786720468.789460126] [landing_scout_3]: [scout_3] Landing controller state: FLIGHT
[landing_controller-11] [INFO] [1786720468.821219403] [landing_scout_2]: [scout_2] Landing controller state: FLIGHT
[swarm_manager-3] [INFO] [1786720472.782930181] [swarm_manager_node]: 📍 scout_3 detected high-value spectral anomaly at [-8.2, 1.7]!
[landing_controller-7] [INFO] [1786720473.715833138] [landing_scout_1]: [scout_1] Landing controller state: FLIGHT
[landing_controller-15] [INFO] [1786720473.791582074] [landing_scout_3]: [scout_3] Landing controller state: FLIGHT
[landing_controller-11] [INFO] [1786720473.821171793] [landing_scout_2]: [scout_2] Landing controller state: FLIGHT
[landing_controller-7] [INFO] [1786720478.715349565] [landing_scout_1]: [scout_1] Landing controller state: FLIGHT
[swarm_manager-3] [INFO] [1786720478.783354607] [swarm_manager_node]: 📍 scout_2 detected high-value spectral anomaly at [14.8, -27.3]!
[swarm_manager-3] [INFO] [1786720478.784106382] [swarm_manager_node]: 📍 scout_3 detected high-value spectral anomaly at [-2.3, -11.0]!
[landing_controller-15] [INFO] [1786720478.789508979] [landing_scout_3]: [scout_3] Landing controller state: FLIGHT
[landing_controller-11] [INFO] [1786720478.821010682] [landing_scout_2]: [scout_2] Landing controller state: FLIGHT
[landing_controller-7] [INFO] [1786720483.715178664] [landing_scout_1]: [scout_1] Landing controller state: FLIGHT
[landing_controller-15] [INFO] [1786720483.789680024] [landing_scout_3]: [scout_3] Landing controller state: FLIGHT
[landing_controller-11] [INFO] [1786720483.821414091] [landing_scout_2]: [scout_2] Landing controller state: FLIGHT
[landing_controller-7] [INFO] [1786720488.715256108] [landing_scout_1]: [scout_1] Landing controller state: FLIGHT
[swarm_manager-3] [INFO] [1786720488.782871437] [swarm_manager_node]: 📍 scout_2 detected high-value spectral anomaly at [7.3, -24.1]!
[landing_controller-15] [INFO] [1786720488.789919502] [landing_scout_3]: [scout_3] Landing controller state: FLIGHT
[landing_controller-11] [INFO] [1786720488.821443975] [landing_scout_2]: [scout_2] Landing controller state: FLIGHT
[swarm_manager-3] [INFO] [1786720492.782771174] [swarm_manager_node]: 📍 scout_3 detected high-value spectral anomaly at [-17.4, -10.6]!
[landing_controller-7] [INFO] [1786720493.715611788] [landing_scout_1]: [scout_1] Landing controller state: FLIGHT
[landing_controller-15] [INFO] [1786720493.790266175] [landing_scout_3]: [scout_3] Landing controller state: FLIGHT
[landing_controller-11] [INFO] [1786720493.821186519] [landing_scout_2]: [scout_2] Landing controller state: FLIGHT
[landing_controller-7] [INFO] [1786720498.715988757] [landing_scout_1]: [scout_1] Landing controller state: FLIGHT
[swarm_manager-3] [INFO] [1786720498.783083630] [swarm_manager_node]: 📍 scout_2 detected high-value spectral anomaly at [-0.2, -28.5]!
[swarm_manager-3] [INFO] [1786720498.784046327] [swarm_manager_node]: 📍 scout_3 detected high-value spectral anomaly at [-15.2, 6.3]!
[landing_controller-15] [INFO] [1786720498.789348911] [landing_scout_3]: [scout_3] Landing controller state: FLIGHT
[landing_controller-11] [INFO] [1786720498.820918294] [landing_scout_2]: [scout_2] Landing controller state: FLIGHT
[landing_controller-7] [INFO] [1786720503.715259559] [landing_scout_1]: [scout_1] Landing controller state: FLIGHT
[landing_controller-15] [INFO] [1786720503.790512004] [landing_scout_3]: [scout_3] Landing controller state: FLIGHT
[landing_controller-11] [INFO] [1786720503.821127141] [landing_scout_2]: [scout_2] Landing controller state: FLIGHT
[swarm_manager-3] [INFO] [1786720506.783010975] [swarm_manager_node]: 📍 scout_2 detected high-value spectral anomaly at [0.1, -28.3]!
[landing_controller-7] [INFO] [1786720508.716096055] [landing_scout_1]: [scout_1] Landing controller state: FLIGHT
[landing_controller-15] [INFO] [1786720508.791081077] [landing_scout_3]: [scout_3] Landing controller state: FLIGHT
[landing_controller-11] [INFO] [1786720508.822779389] [landing_scout_2]: [scout_2] Landing controller state: FLIGHT
[swarm_manager-3] [INFO] [1786720512.783063897] [swarm_manager_node]: 📍 scout_3 detected high-value spectral anomaly at [-4.5, -14.0]!
[landing_controller-7] [INFO] [1786720513.715356348] [landing_scout_1]: [scout_1] Landing controller state: FLIGHT
[landing_controller-15] [INFO] [1786720513.789653083] [landing_scout_3]: [scout_3] Landing controller state: FLIGHT
[landing_controller-11] [INFO] [1786720513.821082156] [landing_scout_2]: [scout_2] Landing controller state: FLIGHT
[swarm_manager-3] [INFO] [1786720514.782910768] [swarm_manager_node]: 📍 scout_2 detected high-value spectral anomaly at [-2.0, -22.0]!
[swarm_manager-3] [INFO] [1786720514.783476624] [swarm_manager_node]: 📍 scout_3 detected high-value spectral anomaly at [-10.9, -10.6]!
[landing_controller-7] [INFO] [1786720518.715325724] [landing_scout_1]: [scout_1] Landing controller state: FLIGHT
[swarm_manager-3] [INFO] [1786720518.782722668] [swarm_manager_node]: 📍 scout_2 detected high-value spectral anomaly at [9.7, -20.2]!
[landing_controller-15] [INFO] [1786720518.789626791] [landing_scout_3]: [scout_3] Landing controller state: FLIGHT
[landing_controller-11] [INFO] [1786720518.820938671] [landing_scout_2]: [scout_2] Landing controller state: FLIGHT
[swarm_manager-3] [INFO] [1786720520.783003872] [swarm_manager_node]: 📍 scout_2 detected high-value spectral anomaly at [2.4, -24.3]!
[swarm_manager-3] [INFO] [1786720522.782755695] [swarm_manager_node]: 📍 scout_3 detected high-value spectral anomaly at [-11.5, 5.5]!
[landing_controller-7] [INFO] [1786720523.716517099] [landing_scout_1]: [scout_1] Landing controller state: FLIGHT
[landing_controller-15] [INFO] [1786720523.789541673] [landing_scout_3]: [scout_3] Landing controller state: FLIGHT
[landing_controller-11] [INFO] [1786720523.821077745] [landing_scout_2]: [scout_2] Landing controller state: FLIGHT
[landing_controller-7] [INFO] [1786720528.715429521] [landing_scout_1]: [scout_1] Landing controller state: FLIGHT
[landing_controller-15] [INFO] [1786720528.789488730] [landing_scout_3]: [scout_3] Landing controller state: FLIGHT
[landing_controller-11] [INFO] [1786720528.821228042] [landing_scout_2]: [scout_2] Landing controller state: FLIGHT
[swarm_manager-3] [INFO] [1786720530.782886439] [swarm_manager_node]: 📍 scout_2 detected high-value spectral anomaly at [12.5, -23.4]!
[landing_controller-7] [INFO] [1786720533.715716614] [landing_scout_1]: [scout_1] Landing controller state: FLIGHT
[landing_controller-15] [INFO] [1786720533.789507354] [landing_scout_3]: [scout_3] Landing controller state: FLIGHT
[landing_controller-11] [INFO] [1786720533.821837666] [landing_scout_2]: [scout_2] Landing controller state: FLIGHT
[landing_controller-7] [INFO] [1786720538.715139813] [landing_scout_1]: [scout_1] Landing controller state: FLIGHT
[landing_controller-15] [INFO] [1786720538.789579453] [landing_scout_3]: [scout_3] Landing controller state: FLIGHT
[landing_controller-11] [INFO] [1786720538.821241033] [landing_scout_2]: [scout_2] Landing controller state: FLIGHT
[landing_controller-7] [INFO] [1786720543.715221803] [landing_scout_1]: [scout_1] Landing controller state: FLIGHT
[landing_controller-15] [INFO] [1786720543.789450593] [landing_scout_3]: [scout_3] Landing controller state: FLIGHT
[landing_controller-11] [INFO] [1786720543.821118459] [landing_scout_2]: [scout_2] Landing controller state: FLIGHT
[landing_controller-7] [INFO] [1786720548.715268708] [landing_scout_1]: [scout_1] Landing controller state: FLIGHT
[landing_controller-15] [INFO] [1786720548.789517404] [landing_scout_3]: [scout_3] Landing controller state: FLIGHT
[landing_controller-11] [INFO] [1786720548.822098730] [landing_scout_2]: [scout_2] Landing controller state: FLIGHT
