1784902169.606814261 89.75764204548193
1784902169.631227347 ---
1784902169.735453470 92.83601892057206
1784902169.753955506 ---
1784902171.565514902 89.70764204548193
1784902171.576398259 ---
1784902171.710827760 92.68601892057205
1784902171.714032794 ---
1784902173.571859054 89.65764204548194
1784902173.575119193 ---
1784902173.713064870 92.53601892057205
1784902173.718886662 ---
1784902175.569355492 89.60764204548194
1784902175.574645021 ---
1784902175.716040176 92.38601892057204
1784902175.721579039 ---
1784902177.563902695 89.55764204548194
1784902177.568201589 ---
1784902177.721450339 92.23601892057204
1784902177.728096123 ---
1784902179.576313129 89.50764204548194
1784902179.580446988 ---
1784902179.709622920 92.08601892057203
1784902179.711635407 ---
1784902181.567968475 89.45764204548195
1784902181.582307947 ---
1784902181.725882294 91.93601892057202
1784902181.735838643 ---
1784902183.575053210 89.40764204548195
1784902183.582436103 ---
1784902183.718943310 91.78601892057202
1784902183.721799834 ---
1784902185.569796473 89.35764204548195
1784902185.572267331 ---
1784902185.719057813 91.63601892057201
1784902185.723797758 ---
1784902187.578886020 89.30764204548196
1784902187.598046521 ---
1784902187.719784937 91.48601892057201
1784902187.724612393 ---
1784902189.567551460 89.25764204548196
1784902189.574712885 ---
1784902189.731256331 91.336018920572
1784902189.738806773 ---
1784902191.575910332 89.20764204548196
1784902191.578828945 ---
1784902191.720010158 91.186018920572
1784902191.721735805 ---
1784902193.575575703 89.15764204548196
1784902193.582472496 ---
1784902193.709261506 91.03601892057199
1784902193.713580933 ---
1784902195.575092629 89.10764204548197
1784902195.583418313 ---
1784902195.719208863 90.88601892057198
1784902195.727259091 ---
1784902197.564650035 89.05764204548197
1784902197.570981390 ---
1784902197.720506369 90.73601892057198
1784902197.727495424 ---
1784902199.577182242 89.00764204548197
1784902199.582709650 ---
1784902199.724843494 90.58601892057197
1784902199.729854912 ---
1784902201.575331089 88.95764204548198
1784902201.580876796 ---
1784902201.719547609 90.43601892057197
1784902201.723020834 ---
1784902203.566442521 88.90764204548198
1784902203.569722076 ---
1784902203.721481702 90.28601892057196
1784902203.727899521 ---
1784902205.571546070 88.85764204548198
1784902205.582418181 ---
1784902205.711095976 90.13601892057196
1784902205.727434453 ---
1784902207.565456697 88.80764204548198
1784902207.568146648 ---
1784902207.713323763 89.98601892057195
1784902207.725152844 ---
1784902209.570880829 88.75764204548199
1784902209.577779578 ---
1784902209.721648208 89.83601892057195
1784902209.727508341 ---
1784902211.576059578 88.70764204548199
1784902211.579238560 ---
1784902211.713580368 89.68601892057194
1784902211.715932775 ---
1784902213.567012671 88.65764204548199
1784902213.569777911 ---
1784902213.711876121 89.53601892057193
1784902213.713961872 ---
1784902215.568673647 88.607642045482
1784902215.577283445 ---
1784902215.707749457 89.38601892057193
1784902215.710353852 ---
1784902217.570622829 88.557642045482
1784902217.572942899 ---
1784902217.716120507 89.23601892057192
1784902217.718206747 ---
1784902219.563710615 88.507642045482
1784902219.567487721 ---
1784902219.714828657 89.08601892057192
1784902219.718347279 ---
1784902221.578504596 88.457642045482
1784902221.586563274 ---
1784902221.716549817 88.93601892057191
1784902221.728434909 ---
1784902223.570018093 88.407642045482
1784902223.577388202 ---
1784902223.719036970 88.7860189205719
1784902223.725409252 ---
1784902225.572398851 88.35764204548201
1784902225.579353053 ---
1784902225.721893348 88.6360189205719
1784902225.734601593 ---
1784902227.567413871 88.30764204548201
1784902227.569759642 ---
1784902227.715336999 88.4860189205719
1784902227.717751494 ---
1784902229.580800636 88.25764204548202
1784902229.589053055 ---
1784902229.719333763 88.33601892057189
1784902229.724641868 ---
1784902231.571957897 88.20764204548202
1784902231.580740553 ---
1784902231.720245943 88.18601892057188
1784902231.722834973 ---
1784902233.564726236 88.15764204548202
1784902233.569011230 ---
1784902233.708725934 88.03601892057188
1784902233.714143759 ---
1784902235.576404450 88.10764204548202
1784902235.580565545 ---
1784902235.722244612 87.88601892057187
1784902235.725562858 ---
1784902237.565047327 88.05764204548203
1784902237.571899560 ---
1784902237.718918577 87.73601892057187
1784902237.722428888 ---
1784902239.581681307 88.00764204548203
1784902239.585551651 ---
1784902239.722572906 87.58601892057186
1784902239.725523995 ---
1784902241.562618222 87.95764204548203
1784902241.564956450 ---
1784902241.710244787 87.43601892057185
1784902241.711914631 ---
1784902243.569129229 87.90764204548204
1784902243.574114036 ---
1784902243.710382465 87.28601892057185
1784902243.713552856 ---
1784902245.570144371 87.85764204548204
1784902245.577419215 ---
1784902245.714908613 87.13601892057184
1784902245.721118722 ---
1784902247.575087728 87.80764204548204
1784902247.577785431 ---
1784902247.720047245 86.98601892057184
1784902247.723682851 ---
1784902249.579468762 87.75764204548204
1784902249.583476694 ---
1784902249.717354857 86.83601892057183
1784902249.723504831 ---
1784902251.576158459 87.70764204548205
1784902251.581202142 ---
1784902251.721101699 86.68601892057183
1784902251.729398326 ---
1784902253.564331222 87.65764204548205
1784902253.572035382 ---
1784902253.711787432 86.53601892057182
1784902253.713687753 ---
1784902255.579677380 87.60764204548205
1784902255.582916844 ---
1784902255.726911910 86.38601892057181
1784902255.729892472 ---
1784902257.564697857 87.55764204548205
1784902257.572124257 ---
1784902257.709113158 86.23601892057181
1784902257.724468538 ---
1784902259.575450895 87.50764204548206
1784902259.578111023 ---
1784902259.717894217 86.0860189205718
1784902259.724684499 ---
1784902261.561996311 87.45764204548206
1784902261.564140309 ---
1784902261.719276785 85.9360189205718
1784902261.721789547 ---
1784902263.567512990 87.40764204548206
1784902263.569434892 ---
1784902263.715834388 85.78601892057179
1784902263.724324475 ---
1784902265.564474672 87.35764204548207
1784902265.568151973 ---
1784902265.708409595 85.63601892057179
1784902265.711652970 ---
1784902267.580854952 87.30764204548207
1784902267.595292123 ---
1784902267.722560598 85.48601892057178
1784902267.727461245 ---
1784902269.570656907 87.25764204548207
1784902269.577668866 ---
1784902269.713479598 85.33601892057177
1784902269.716750980 ---
1784902271.562280026 87.20764204548207
1784902271.572917812 ---
1784902271.712385799 85.18601892057177
1784902271.715820610 ---
1784902273.563336905 87.15764204548208
1784902273.571150297 ---
1784902273.715212324 85.03601892057176
1784902273.718442289 ---
1784902275.574732832 87.10764204548208
1784902275.581435113 ---
1784902275.713152144 84.88601892057176
1784902275.715746201 ---
1784902277.566682313 87.05764204548208
1784902277.571817069 ---
1784902277.713831336 84.73601892057175
1784902277.720769542 ---
1784902279.567976017 87.00764204548209
1784902279.576892626 ---
1784902279.711746869 84.58601892057175
1784902279.716816113 ---
1784902281.568632530 86.95764204548209
1784902281.575273420 ---
1784902281.706702838 84.43601892057174
1784902281.708950481 ---
1784902283.570872607 86.90764204548209
1784902283.573225850 ---
1784902283.717709851 84.28601892057173
1784902283.719792668 ---
1784902285.562204026 86.8576420454821
1784902285.565810438 ---
1784902285.720970146 84.13601892057173
1784902285.723954758 ---
1784902287.564248425 86.8076420454821
1784902287.570190689 ---
1784902287.710800642 83.98601892057172
1784902287.713867108 ---
1784902289.570038544 86.7576420454821
1784902289.576051627 ---
1784902289.710559168 83.83601892057172
1784902289.712594492 ---
1784902291.584171357 86.7076420454821
1784902291.595120217 ---
1784902291.715837250 83.68601892057171
1784902291.718872706 ---
1784902293.575747470 86.6576420454821
1784902293.581502070 ---
1784902293.715923003 83.5360189205717
1784902293.721027447 ---
1784902295.563324218 86.60764204548211
1784902295.574851087 ---
1784902295.710633092 83.3860189205717
1784902295.717756657 ---
1784902297.563960275 86.55764204548211
1784902297.598123018 ---
1784902297.714281624 83.2360189205717
1784902297.719762375 ---
1784902299.565946275 86.50764204548211
1784902299.569482146 ---
1784902299.715541060 83.08601892057169
1784902299.718881235 ---
1784902301.570363087 86.45764204548212
1784902301.573791821 ---
1784902301.716030747 82.93601892057168
1784902301.720556902 ---
1784902303.573690485 86.40764204548212
1784902303.576855147 ---
1784902303.721441588 82.78601892057168
1784902303.726570336 ---
1784902305.569848198 86.35764204548212
1784902305.574880076 ---
1784902305.713662189 82.63601892057167
1784902305.716457180 ---
1784902307.564312228 86.30764204548213
1784902307.566325482 ---
1784902307.712131353 82.48601892057167
1784902307.735486456 ---
1784902309.575595419 86.25764204548213
1784902309.580875933 ---
1784902309.711564797 82.33601892057166
1784902309.713795119 ---
1784902311.581215968 86.20764204548213
1784902311.590323592 ---
1784902311.716892987 82.18601892057166
1784902311.722803263 ---
1784902313.574499741 86.15764204548213
1784902313.583382476 ---
1784902313.714451624 82.03601892057165
1784902313.724410617 ---
1784902315.561525754 86.10764204548214
1784902315.566460691 ---
1784902315.714048075 81.88601892057164
1784902315.717892296 ---
1784902317.569378577 86.05764204548214
1784902317.574129272 ---
1784902317.716181428 81.73601892057164
1784902317.719814658 ---
1784902319.566362627 86.00764204548214
1784902319.570906521 ---
1784902319.711212426 81.58601892057163
1784902319.713989258 ---
1784902321.572289101 85.95764204548215
1784902321.582639695 ---
1784902321.719641811 81.43601892057163
1784902321.722417526 ---
1784902323.580817011 85.90764204548215
1784902323.583911343 ---
1784902323.712242343 81.28601892057162
1784902323.715514492 ---
1784902325.573520328 85.85764204548215
1784902325.578333391 ---
1784902325.713119291 81.13601892057162
1784902325.715455213 ---
1784902327.568373764 85.80764204548215
1784902327.571281410 ---
1784902327.712931968 80.98601892057161
1784902327.730361357 ---
1784902329.572043702 85.75764204548216
1784902329.580351708 ---
1784902329.718579049 80.8360189205716
1784902329.721701737 ---
1784902331.561973050 85.70764204548216
1784902331.565513739 ---
1784902331.719373233 80.6860189205716
1784902331.727556922 ---
1784902333.573206854 85.65764204548216
1784902333.580742902 ---
1784902333.717765402 80.53601892057159
1784902333.723604648 ---
1784902335.573796637 85.60764204548217
1784902335.576580244 ---
1784902335.716153008 80.38601892057159
1784902335.718990043 ---
1784902337.573332208 85.55764204548217
1784902337.575464821 ---
1784902337.715504684 80.23601892057158
1784902337.718050270 ---
1784902339.569216647 85.50764204548217
1784902339.574155215 ---
1784902339.715209247 80.08601892057158
1784902339.729563510 ---
1784902341.577898207 85.45764204548217
1784902341.581485830 ---
1784902341.712932660 79.93601892057157
1784902341.727021455 ---
1784902343.575393357 85.40764204548218
1784902343.585389644 ---
1784902343.718329825 79.78601892057156
1784902343.726121213 ---
1784902345.579494590 85.35764204548218
1784902345.582111973 ---
1784902345.713980434 79.63601892057156
1784902345.718398194 ---
1784902347.562884068 85.30764204548218
1784902347.564934058 ---
1784902347.711180386 79.48601892057155
1784902347.716274422 ---
1784902349.565766730 85.25764204548219
1784902349.572159051 ---
1784902349.712982876 79.33601892057155
1784902349.719227832 ---
1784902351.564440715 85.20764204548219
1784902351.572192992 ---
1784902351.717550093 79.18601892057154
1784902351.720929867 ---
1784902353.567510019 85.15764204548219
1784902353.571354798 ---
1784902353.715485060 79.03601892057154
1784902353.718338299 ---
1784902355.567632124 85.1076420454822
1784902355.569701670 ---
1784902355.709242501 78.88601892057153
1784902355.711274053 ---
1784902357.571221214 85.0576420454822
1784902357.576440336 ---
1784902357.718594637 78.73601892057152
1784902357.725874854 ---
1784902359.571305631 85.0076420454822
1784902359.580643869 ---
1784902359.720944085 78.58601892057152
1784902359.730615188 ---
1784902361.576238079 84.9576420454822
1784902361.578960783 ---
1784902361.718562511 78.43601892057151
1784902361.729364978 ---
1784902363.570064087 84.9076420454822
1784902363.580752922 ---
1784902363.715335343 78.28601892057151
1784902363.720291581 ---
1784902365.565905771 84.85764204548221
1784902365.573330211 ---
1784902365.709986297 78.1360189205715
1784902365.713365303 ---
1784902367.563649010 84.80764204548221
1784902367.571960857 ---
1784902367.719546940 77.9860189205715
1784902367.729314494 ---
1784902369.561241021 84.75764204548221
1784902369.565988572 ---
1784902369.715250781 77.83601892057149
1784902369.725798745 ---
1784902371.568178651 84.70764204548222
1784902371.570425036 ---
1784902371.707136991 77.68601892057148
1784902371.713514295 ---
1784902373.573220061 84.65764204548222
1784902373.584103125 ---
1784902373.724992932 77.53601892057148
1784902373.727664372 ---
1784902375.565821617 84.60764204548222
1784902375.569666046 ---
1784902375.718180107 77.38601892057147
1784902375.720510022 ---
1784902377.561534104 84.55764204548223
1784902377.565669005 ---
1784902377.715921841 77.23601892057147
1784902377.719083639 ---
1784902379.577057902 84.50764204548223
1784902379.581893593 ---
1784902379.712720831 77.08601892057146
1784902379.719697445 ---
1784902381.565124022 84.45764204548223
1784902381.569151715 ---
1784902381.712302568 76.93601892057146
1784902381.715373502 ---
1784902383.561804729 84.40764204548223
1784902383.563991190 ---
1784902383.713136892 76.78601892057145
1784902383.715446204 ---
1784902385.566787763 84.35764204548224
1784902385.571773474 ---
1784902385.713537130 76.63601892057144
1784902385.715899102 ---
1784902387.561455246 84.30764204548224
1784902387.563546302 ---
1784902387.707290384 76.48601892057144
1784902387.709300215 ---
1784902389.561860053 84.25764204548224
1784902389.564844034 ---
1784902389.711868084 76.33601892057143
1784902389.718492906 ---
1784902391.572087777 84.20764204548225
1784902391.574124287 ---
1784902391.712443352 76.18601892057143
1784902391.728415910 ---
1784902393.577449827 84.15764204548225
1784902393.582773221 ---
1784902393.718758808 76.03601892057142
1784902393.723648486 ---
1784902395.563965109 84.10764204548225
1784902395.566425418 ---
1784902395.712521479 75.88601892057142
1784902395.716085634 ---
1784902397.566863037 84.05764204548225
1784902397.572455182 ---
1784902397.717713561 75.73601892057141
1784902397.721666245 ---
1784902399.562807240 84.00764204548226
1784902399.565513042 ---
1784902399.708637830 75.5860189205714
1784902399.713806664 ---
1784902401.576549637 83.95764204548226
1784902401.586821655 ---
1784902401.707579470 75.4360189205714
1784902401.711339461 ---
1784902403.580531235 83.90764204548226
1784902403.587126584 ---
1784902403.721051279 75.2860189205714
1784902403.725136243 ---
1784902405.565738703 83.85764204548227
1784902405.573947671 ---
1784902405.732582101 75.13601892057139
1784902405.737221467 ---
1784902407.568805825 83.80764204548227
1784902407.573094447 ---
1784902407.709419594 74.98601892057138
1784902407.714191519 ---
1784902409.568616495 83.75764204548227
1784902409.571477205 ---
1784902409.719288704 74.83601892057138
1784902409.721840226 ---
1784902411.570043139 83.70764204548227
1784902411.576575630 ---
1784902411.709512062 74.68601892057137
1784902411.723343624 ---
1784902413.563938328 83.65764204548228
1784902413.567166824 ---
1784902413.716029156 74.53601892057137
1784902413.731166686 ---
1784902415.575172992 83.60764204548228
1784902415.579353708 ---
1784902415.713041632 74.38601892057136
1784902415.724709224 ---
1784902417.569952056 83.55764204548228
1784902417.576373429 ---
1784902417.706848082 74.23601892057135
1784902417.708692667 ---
1784902419.568197897 83.50764204548229
1784902419.572431482 ---
1784902419.714211806 74.08601892057135
1784902419.721204273 ---
1784902421.568652317 83.45764204548229
1784902421.572439196 ---
1784902421.720286794 73.93601892057134
1784902421.727794902 ---
1784902423.572665564 83.40764204548229
1784902423.577988468 ---
1784902423.713013644 73.78601892057134
1784902423.717689047 ---
1784902425.573159126 83.3576420454823
1784902425.582947979 ---
1784902425.713216943 73.63601892057133
1784902425.720443798 ---
1784902427.578990100 83.3076420454823
1784902427.588437288 ---
1784902427.716250063 73.48601892057133
1784902427.719749195 ---
1784902429.573014480 83.2576420454823
1784902429.579788133 ---
1784902429.712845169 73.33601892057132
1784902429.718972788 ---
1784902431.562682403 83.2076420454823
1784902431.565824225 ---
1784902431.709680232 73.18601892057131
1784902431.716093153 ---
1784902433.573189421 83.1576420454823
1784902433.578431728 ---
1784902433.718493381 73.03601892057131
1784902433.724370408 ---
1784902435.570033945 83.10764204548231
1784902435.573268727 ---
1784902435.721965029 72.8860189205713
1784902435.725559146 ---
1784902437.566739884 83.05764204548231
1784902437.576361886 ---
1784902437.718282858 72.7360189205713
1784902437.727720477 ---
1784902439.570762266 83.00764204548231
1784902439.575249586 ---
1784902439.714016513 72.58601892057129
1784902439.722253765 ---
1784902441.580323833 82.95764204548232
1784902441.583399306 ---
1784902441.710009051 72.43601892057129
1784902441.714650930 ---
1784902443.562671410 82.90764204548232
1784902443.564657983 ---
1784902443.719866307 72.28601892057128
1784902443.722422787 ---
1784902445.562878082 82.85764204548232
1784902445.565414657 ---
1784902445.712745062 72.13601892057127
1784902445.715460013 ---
1784902447.571629779 82.80764204548232
1784902447.574801564 ---
1784902447.712870348 71.98601892057127
1784902447.715419984 ---
1784902449.577446087 82.75764204548233
1784902449.582858249 ---
1784902449.718063389 71.83601892057126
1784902449.724294094 ---
1784902451.576246514 82.70764204548233
1784902451.578912715 ---
1784902451.711718308 71.68601892057126
1784902451.716461248 ---
1784902453.563613162 82.65764204548233
1784902453.569267045 ---
1784902453.721316358 71.53601892057125
1784902453.725654915 ---
1784902455.571949297 82.60764204548234
1784902455.579286012 ---
1784902455.717218741 71.38601892057125
1784902455.721768010 ---
1784902457.570280054 82.55764204548234
1784902457.575738381 ---
1784902457.707852958 71.23601892057124
1784902457.711914872 ---
1784902459.579928406 82.50764204548234
1784902459.588381608 ---
1784902459.715336988 71.08601892057123
1784902459.726138333 ---
1784902461.574909805 82.45764204548234
1784902461.578529413 ---
1784902461.711315654 70.93601892057123
1784902461.717879991 ---
1784902463.566121628 82.40764204548235
1784902463.572267684 ---
1784902463.715615921 70.78601892057122
1784902463.718589286 ---
1784902465.569932080 82.35764204548235
1784902465.572346153 ---
1784902465.714960634 70.63601892057122
1784902465.717215817 ---
1784902467.588233378 82.30764204548235
1784902467.595422378 ---
1784902467.722243937 70.48601892057121
1784902467.724878291 ---
1784902469.567463272 82.25764204548236
1784902469.570093854 ---
1784902469.716690487 70.3360189205712
1784902469.720007332 ---
1784902471.565485552 82.20764204548236
1784902471.568542517 ---
1784902471.715386248 70.1860189205712
1784902471.726925468 ---
1784902473.576441351 82.15764204548236
1784902473.582538029 ---
1784902473.714172506 70.0360189205712
1784902473.720503293 ---
1784902475.564511176 82.10764204548236
1784902475.567378311 ---
1784902475.710674229 69.88601892057119
1784902475.717177874 ---
1784902477.575692179 82.05764204548237
1784902477.581823498 ---
1784902477.707653582 69.73601892057118
1784902477.710414627 ---
1784902479.564120256 82.00764204548237
1784902479.566325224 ---
1784902479.722751139 69.58601892057118
1784902479.727059454 ---
1784902481.566139410 81.95764204548237
1784902481.571302167 ---
1784902481.713452820 69.43601892057117
1784902481.715753330 ---
1784902483.565755649 81.90764204548238
1784902483.572197972 ---
1784902483.713169000 69.28601892057117
1784902483.718339928 ---
1784902485.571892625 81.85764204548238
1784902485.574223796 ---
1784902485.718865415 69.13601892057116
1784902485.726993573 ---
1784902487.565337281 81.80764204548238
1784902487.568640297 ---
1784902487.714898607 68.98601892057115
1784902487.717472058 ---
1784902489.568055829 81.75764204548238
1784902489.571146248 ---
1784902489.718738459 68.83601892057115
1784902489.723936485 ---
1784902491.571346362 81.70764204548239
1784902491.577531529 ---
1784902491.719426555 68.68601892057114
1784902491.723315891 ---
1784902493.568065278 81.65764204548239
1784902493.573176631 ---
1784902493.714655890 68.53601892057114
1784902493.717451297 ---
1784902495.564818330 81.6076420454824
1784902495.566836401 ---
1784902495.718180077 68.38601892057113
1784902495.725361952 ---
1784902497.571689517 81.5576420454824
1784902497.575570961 ---
1784902497.718346825 68.23601892057113
1784902497.721360138 ---
1784902499.574477193 81.5076420454824
1784902499.577488271 ---
1784902499.711716578 68.08601892057112
1784902499.716136988 ---
1784902501.569651147 81.4576420454824
1784902501.572545659 ---
1784902501.718615388 67.93601892057112
1784902501.722244703 ---
1784902503.564745953 81.4076420454824
1784902503.570157066 ---
1784902503.717826583 67.78601892057111
1784902503.723050311 ---
1784902505.583046361 81.35764204548241
1784902505.595421722 ---
1784902505.715051120 67.6360189205711
1784902505.725973847 ---
1784902507.569825173 81.30764204548241
1784902507.573504146 ---
1784902507.713457987 67.4860189205711
1784902507.717947192 ---
1784902509.580028051 81.25764204548241
1784902509.584471369 ---
1784902509.712871255 67.33601892057109
1784902509.720570934 ---
1784902511.571266212 81.20764204548242
1784902511.578234092 ---
1784902511.712804057 67.18601892057109
1784902511.716294527 ---
1784902513.579896783 81.15764204548242
1784902513.584943951 ---
1784902513.708423988 67.03601892057108
1784902513.712066713 ---
1784902515.571026867 81.10764204548242
1784902515.581745866 ---
1784902515.717468144 66.88601892057108
1784902515.723410052 ---
1784902517.573707117 81.05764204548242
1784902517.576247812 ---
1784902517.720007802 66.73601892057107
1784902517.722636078 ---
1784902519.566200405 81.00764204548243
1784902519.572286326 ---
1784902519.709826787 66.58601892057106
1784902519.713308596 ---
1784902521.568786407 80.95764204548243
1784902521.582994688 ---
1784902521.713501547 66.43601892057106
1784902521.716319373 ---
1784902523.569141444 80.90764204548243
1784902523.571848502 ---
1784902523.719479943 66.28601892057105
1784902523.723925357 ---
1784902525.575425522 80.85764204548244
1784902525.580517179 ---
1784902525.719131101 66.13601892057105
1784902525.722631628 ---
1784902527.572257861 80.80764204548244
1784902527.577112545 ---
1784902527.715364826 65.98601892057104
1784902527.720977222 ---
1784902529.575398550 80.75764204548244
1784902529.578675235 ---
1784902529.714658363 65.83601892057104
1784902529.717535415 ---
1784902531.571034471 80.70764204548244
1784902531.575142829 ---
1784902531.721901247 65.68601892057103
1784902531.724883759 ---
1784902533.576729303 80.65764204548245
1784902533.581975938 ---
1784902533.717836073 65.53601892057102
1784902533.722150673 ---
1784902535.563339014 80.60764204548245
1784902535.565538812 ---
1784902535.718647568 65.38601892057102
1784902535.731611552 ---
1784902537.580019955 80.55764204548245
1784902537.586430360 ---
1784902537.712504927 65.23601892057101
1784902537.715626564 ---
1784902539.571518752 80.50764204548246
1784902539.578214179 ---
1784902539.714216998 65.08601892057101
1784902539.718410981 ---
1784902541.577478080 80.45764204548246
1784902541.582866633 ---
1784902541.712614095 64.936018920571
1784902541.717589186 ---
1784902543.574954232 80.40764204548246
1784902543.577740630 ---
1784902543.710588076 64.786018920571
1784902543.718276790 ---
1784902545.573862539 80.35764204548246
1784902545.580066771 ---
1784902545.727400116 64.63601892057099
1784902545.729632112 ---
1784902547.577697871 80.30764204548247
1784902547.582639158 ---
1784902547.718227952 64.48601892057098
1784902547.727280671 ---
1784902549.569029669 80.25764204548247
1784902549.573157303 ---
1784902549.722989715 64.33601892057098
1784902549.728411722 ---
1784902551.570945306 80.20764204548247
1784902551.580422242 ---
1784902551.714051839 64.18601892057097
1784902551.729735312 ---
1784902553.575913212 80.15764204548248
1784902553.581604248 ---
1784902553.709869038 64.03601892057097
1784902553.713598995 ---
1784902555.563793956 80.10764204548248
1784902555.569966829 ---
1784902555.710947593 63.88601892057097
1784902555.715234955 ---
1784902557.566829456 80.05764204548248
1784902557.568805482 ---
1784902557.713873302 63.73601892057097
1784902557.716655020 ---
1784902559.570435687 80.00764204548248
1784902559.575162980 ---
1784902559.712167385 63.58601892057097
1784902559.717747443 ---
1784902561.562888351 79.95764204548249
1784902561.565352989 ---
1784902561.718128656 63.43601892057097
1784902561.723804815 ---
1784902563.562621281 79.90764204548249
1784902563.565095277 ---
1784902563.713764681 63.286018920570974
1784902563.716928851 ---
1784902565.575341924 79.85764204548249
1784902565.585904825 ---
1784902565.715812911 63.136018920570976
1784902565.735726613 ---
1784902567.563971630 79.8076420454825
1784902567.566042989 ---
1784902567.714003360 62.98601892057098
1784902567.716617528 ---
1784902569.570501771 79.7576420454825
1784902569.572697728 ---
1784902569.713659279 62.83601892057098
1784902569.720182406 ---
1784902571.565329113 79.7076420454825
1784902571.568439435 ---
1784902571.711001753 62.68601892057098
1784902571.715691121 ---
1784902573.568502781 79.6576420454825
1784902573.575498736 ---
1784902573.716969849 62.53601892057098
1784902573.723679663 ---
1784902575.570480050 79.6076420454825
1784902575.574212311 ---
1784902575.708029281 62.38601892057098
1784902575.710751214 ---
1784902577.583869617 79.55764204548251
1784902577.589260125 ---
1784902577.730052585 62.236018920570984
1784902577.747230036 ---
1784902579.561559260 79.50764204548251
1784902579.564781608 ---
1784902579.711581276 62.086018920570986
1784902579.722049751 ---
1784902581.565183558 79.45764204548252
1784902581.567792767 ---
1784902581.727004528 61.93601892057099
1784902581.741386851 ---
1784902583.574955082 79.40764204548252
1784902583.578369843 ---
1784902583.718143732 61.78601892057099
1784902583.725469967 ---
1784902585.572224541 79.35764204548252
1784902585.592171696 ---
1784902585.713199773 61.63601892057099
1784902585.715197869 ---
1784902587.570554810 79.30764204548252
1784902587.579444936 ---
1784902587.721293395 61.48601892057099
1784902587.726705414 ---
1784902589.582241275 79.25764204548253
1784902589.586347467 ---
1784902589.715068794 61.33601892057099
1784902589.718743505 ---
1784902591.567456886 79.20764204548253
1784902591.577751175 ---
1784902591.715825676 61.186018920570994
1784902591.718552429 ---
1784902593.563055540 79.15764204548253
1784902593.565219929 ---
1784902593.711284158 61.036018920570996
1784902593.714748088 ---
1784902595.571232916 79.10764204548254
1784902595.574218641 ---
1784902595.726421519 60.886018920571
1784902595.728783070 ---
1784902597.561743939 79.05764204548254
1784902597.568065573 ---
1784902597.724102749 60.736018920571
1784902597.730017696 ---
1784902599.576135016 79.00764204548254
1784902599.582337082 ---
1784902599.722668368 60.586018920571
1784902599.724983963 ---
1784902601.581221375 78.95764204548254
1784902601.586393697 ---
1784902601.717844914 60.436018920571
1784902601.734023280 ---
1784902603.587407234 78.90764204548255
1784902603.592135365 ---
1784902603.719499036 60.286018920571
1784902603.728168742 ---
1784902605.566203476 78.85764204548255
1784902605.570690863 ---
1784902605.713018984 60.136018920571004
1784902605.717299780 ---
1784902607.567049296 78.80764204548255
1784902607.573023399 ---
1784902607.716999430 59.986018920571006
1784902607.720974460 ---
1784902609.573397706 78.75764204548256
1784902609.576300389 ---
1784902609.707042641 59.83601892057101
1784902609.712148544 ---
1784902611.568414318 78.70764204548256
1784902611.571661948 ---
1784902611.708954424 59.68601892057101
1784902611.711322121 ---
1784902613.565455412 78.65764204548256
1784902613.570936224 ---
1784902613.712008522 59.53601892057101
1784902613.719652465 ---
1784902615.567007136 78.60764204548256
1784902615.570651047 ---
1784902615.707629095 59.38601892057101
1784902615.709781052 ---
1784902617.574898221 78.55764204548257
1784902617.581474497 ---
1784902617.707291732 59.23601892057101
1784902617.709643226 ---
1784902619.570960446 78.50764204548257
1784902619.573445966 ---
1784902619.713402193 59.086018920571014
1784902619.715926405 ---
1784902621.571553347 78.45764204548257
1784902621.574093063 ---
1784902621.710430871 58.936018920571016
1784902621.715679390 ---
1784902623.568730216 78.40764204548258
1784902623.571430568 ---
1784902623.715986625 58.78601892057102
1784902623.724353078 ---
1784902625.567518245 78.35764204548258
1784902625.577892572 ---
1784902625.726767627 58.63601892057102
1784902625.732742009 ---
1784902627.566410396 78.30764204548258
1784902627.569874255 ---
1784902627.714515237 58.48601892057102
1784902627.719819071 ---
1784902629.564189888 78.25764204548258
1784902629.565919722 ---
1784902629.712173414 58.33601892057102
1784902629.715138884 ---
1784902631.581998792 78.20764204548259
1784902631.586856338 ---
1784902631.723391724 58.18601892057102
1784902631.729597560 ---
1784902633.573448314 78.15764204548259
1784902633.578565181 ---
1784902633.710591808 58.036018920571024
1784902633.713057353 ---
1784902635.577316339 78.10764204548259
1784902635.583897155 ---
1784902635.723112147 57.886018920571026
1784902635.732217104 ---
1784902637.579867700 78.0576420454826
1784902637.584096952 ---
1784902637.715920478 57.73601892057103
1784902637.723901267 ---
1784902639.563824867 78.0076420454826
1784902639.566174963 ---
1784902639.721454197 57.58601892057103
1784902639.724615014 ---
1784902641.567306770 77.9576420454826
1784902641.571614384 ---
1784902641.706873831 57.43601892057103
1784902641.709469421 ---
1784902643.572167681 77.9076420454826
1784902643.588453601 ---
1784902643.713707415 57.28601892057103
1784902643.726439869 ---
1784902645.577820233 77.8576420454826
1784902645.587102657 ---
1784902645.708202716 57.13601892057103
1784902645.710545060 ---
1784902647.563950677 77.80764204548261
1784902647.567547933 ---
1784902647.714016169 56.986018920571034
1784902647.716955379 ---
1784902649.568458222 77.75764204548261
1784902649.571319000 ---
1784902649.711509811 56.836018920571036
1784902649.721280916 ---
1784902651.567477959 77.70764204548261
1784902651.569761985 ---
1784902651.714187635 56.68601892057104
1784902651.716873111 ---
1784902653.564599531 77.65764204548262
1784902653.566776281 ---
1784902653.720233902 56.53601892057104
1784902653.722713834 ---
1784902655.563199985 77.60764204548262
1784902655.565691720 ---
1784902655.716901003 56.38601892057104
1784902655.719392738 ---
1784902657.570464263 77.55764204548262
1784902657.585289238 ---
1784902657.711061130 56.23601892057104
1784902657.714016333 ---
1784902659.568730710 77.50764204548263
1784902659.571364992 ---
1784902659.713233951 56.08601892057104
1784902659.718844457 ---
1784902661.580758643 77.45764204548263
1784902661.593487535 ---
1784902661.714174405 55.936018920571044
1784902661.724094691 ---
1784902663.563341739 77.40764204548263
1784902663.568576917 ---
1784902663.721523154 55.786018920571045
1784902663.727202874 ---
1784902665.565864359 77.35764204548263
1784902665.568824661 ---
1784902665.715765506 55.63601892057105
1784902665.729662846 ---
1784902667.565448596 77.30764204548264
1784902667.573089465 ---
1784902667.720207358 55.48601892057105
1784902667.725088650 ---
1784902669.571620341 77.25764204548264
1784902669.573888723 ---
1784902669.720214822 55.33601892057105
1784902669.724790417 ---
1784902671.575625241 77.20764204548264
1784902671.579999414 ---
1784902671.717421560 55.18601892057105
1784902671.731948939 ---
1784902673.568014930 77.15764204548265
1784902673.572481433 ---
1784902673.714421205 55.03601892057105
1784902673.717641247 ---
1784902675.574858234 77.10764204548265
1784902675.578217540 ---
1784902675.721350134 54.886018920571054
1784902675.725062000 ---
1784902677.576167217 77.05764204548265
1784902677.581099423 ---
1784902677.710649872 54.736018920571055
1784902677.716563281 ---
1784902679.568029148 77.00764204548265
1784902679.570531918 ---
1784902679.708804032 54.58601892057106
1784902679.711107404 ---
1784902681.573531600 76.95764204548266
1784902681.575881347 ---
1784902681.714759754 54.43601892057106
1784902681.718594610 ---
1784902683.580289231 76.90764204548266
1784902683.583278866 ---
1784902683.711384850 54.28601892057106
1784902683.718219958 ---
1784902685.574597884 76.85764204548266
1784902685.577302635 ---
1784902685.714862293 54.13601892057106
1784902685.719665642 ---
1784902687.574606220 76.80764204548267
1784902687.579954052 ---
1784902687.722442842 53.98601892057106
1784902687.726606792 ---
1784902689.572945332 76.75764204548267
1784902689.579699353 ---
1784902689.712670843 53.836018920571064
1784902689.715645741 ---
1784902691.565983883 76.70764204548267
1784902691.573344407 ---
1784902691.712064479 53.686018920571065
1784902691.717341563 ---
1784902693.578125256 76.65764204548267
1784902693.582321543 ---
1784902693.716516095 53.53601892057107
1784902693.724524329 ---
1784902695.565057264 76.60764204548268
1784902695.567274382 ---
1784902695.709707435 53.38601892057107
1784902695.714492345 ---
1784902697.580990379 76.55764204548268
1784902697.583315821 ---
1784902697.716398006 53.23601892057107
1784902697.724339612 ---
1784902699.571636883 76.50764204548268
1784902699.573804134 ---
1784902699.709162033 53.08601892057107
1784902699.717689330 ---
1784902701.566763357 76.45764204548269
1784902701.570678182 ---
1784902701.715813819 52.93601892057107
1784902701.720925588 ---
1784902703.567621014 76.40764204548269
1784902703.571740474 ---
1784902703.716977660 52.786018920571074
1784902703.720095523 ---
1784902705.573488109 76.35764204548269
1784902705.575844351 ---
1784902705.718265387 52.636018920571075
1784902705.723084450 ---
1784902707.582042972 76.3076420454827
1784902707.596498693 ---
1784902707.722065023 52.48601892057108
1784902707.727112816 ---
1784902709.576067094 76.2576420454827
1784902709.580287336 ---
1784902709.713643365 52.33601892057108
1784902709.716274224 ---
1784902711.565033215 76.2076420454827
1784902711.567268701 ---
1784902711.711728897 52.18601892057108
1784902711.717617861 ---
1784902713.562919339 76.1576420454827
1784902713.566171228 ---
1784902713.713047590 52.03601892057108
1784902713.719707045 ---
1784902715.577338817 76.1076420454827
1784902715.586974078 ---
1784902715.713409653 51.88601892057108
1784902715.719103270 ---
1784902717.577249624 76.05764204548271
1784902717.589561211 ---
1784902717.717141835 51.736018920571084
1784902717.719660808 ---
1784902719.574657092 76.00764204548271
1784902719.576988400 ---
1784902719.708246108 51.586018920571085
1784902719.710281150 ---
1784902721.586343220 75.95764204548271
1784902721.594168120 ---
1784902721.707273538 51.43601892057109
1784902721.713380058 ---
1784902723.565768021 75.90764204548272
1784902723.573746433 ---
1784902723.711483543 51.28601892057109
1784902723.713726852 ---
1784902725.572550138 75.85764204548272
1784902725.577457410 ---
1784902725.713156476 51.13601892057109
1784902725.715709881 ---
1784902727.563945049 75.80764204548272
1784902727.566511724 ---
1784902727.716662528 50.98601892057109
1784902727.719366860 ---
1784902729.569900920 75.75764204548273
1784902729.574880897 ---
1784902729.730729299 50.83601892057109
1784902729.739940342 ---
1784902731.570280707 75.70764204548273
1784902731.581640354 ---
1784902731.714408100 50.686018920571094
1784902731.717873914 ---
1784902733.566147675 75.65764204548273
1784902733.581962510 ---
1784902733.720761277 50.536018920571095
1784902733.726827289 ---
1784902735.579772737 75.60764204548273
1784902735.584636498 ---
1784902735.714915442 50.3860189205711
1784902735.720679459 ---
1784902737.564191199 75.55764204548274
1784902737.566066164 ---
1784902737.714643086 50.2360189205711
1784902737.722035597 ---
1784902739.571206373 75.50764204548274
1784902739.573995632 ---
1784902739.724571905 50.0860189205711
1784902739.728148278 ---
1784902741.566618282 75.45764204548274
1784902741.569803822 ---
1784902741.710634414 49.9360189205711
1784902741.716683245 ---
1784902743.565670807 75.40764204548275
1784902743.577101343 ---
1784902743.711984933 49.7860189205711
1784902743.714583525 ---
1784902745.576456900 75.35764204548275
1784902745.579969857 ---
1784902745.719408367 49.636018920571104
1784902745.724393233 ---
1784902747.572854521 75.30764204548275
1784902747.586189005 ---
1784902747.712250707 49.486018920571105
1784902747.714668130 ---
1784902749.574026285 75.25764204548275
1784902749.580557999 ---
1784902749.713717341 49.33601892057111
1784902749.719563212 ---
1784902751.575754470 75.20764204548276
1784902751.580429582 ---
1784902751.711838113 49.18601892057111
1784902751.715058613 ---
1784902753.564136579 75.15764204548276
1784902753.566903852 ---
1784902753.711293894 49.03601892057111
1784902753.715820069 ---
1784902755.583508609 75.10764204548276
1784902755.587675512 ---
1784902755.709716179 48.88601892057111
1784902755.714703330 ---
1784902757.566630351 75.05764204548277
1784902757.576495671 ---
1784902757.713462695 48.73601892057111
1784902757.718356375 ---
1784902759.563305847 75.00764204548277
1784902759.574445399 ---
1784902759.716320951 48.586018920571114
1784902759.719908395 ---
1784902761.569046913 74.95764204548277
1784902761.575268264 ---
1784902761.709648335 48.436018920571115
1784902761.712413364 ---
1784902763.580412094 74.90764204548277
1784902763.586236242 ---
1784902763.722298831 48.28601892057112
1784902763.728657723 ---
1784902765.575458893 74.85764204548278
1784902765.580502190 ---
1784902765.718467200 48.13601892057112
1784902765.721527436 ---
1784902767.575727527 74.80764204548278
1784902767.590776654 ---
1784902767.716832029 47.98601892057112
1784902767.722444297 ---
1784902769.565101062 74.75764204548278
1784902769.568040513 ---
1784902769.713037756 47.83601892057112
1784902769.715650283 ---
1784902771.570124611 74.70764204548279
1784902771.574989068 ---
1784902771.716251874 47.68601892057112
1784902771.725012730 ---
1784902773.570995038 74.65764204548279
1784902773.575743322 ---
1784902773.713965991 47.536018920571124
1784902773.722024584 ---
1784902775.571179281 74.60764204548279
1784902775.576009013 ---
1784902775.716449145 47.386018920571125
1784902775.721549427 ---
1784902777.571611521 74.5576420454828
1784902777.574856441 ---
1784902777.720672404 47.23601892057113
1784902777.723221425 ---
1784902779.574903234 74.5076420454828
1784902779.582092042 ---
1784902779.716775905 47.08601892057113
1784902779.721785787 ---
1784902781.575354371 74.4576420454828
1784902781.578347598 ---
1784902781.712211199 46.93601892057113
1784902781.716561923 ---
1784902783.570909035 74.4076420454828
1784902783.577998220 ---
1784902783.707123521 46.78601892057113
1784902783.709371880 ---
1784902785.562386154 74.3576420454828
1784902785.570978756 ---
1784902785.714640895 46.63601892057113
1784902785.721923853 ---
1784902787.575830935 74.30764204548281
1784902787.580872517 ---
1784902787.713911833 46.486018920571134
1784902787.718484967 ---
1784902789.563353789 74.25764204548281
1784902789.565638468 ---
1784902789.719850691 46.336018920571135
1784902789.723424755 ---
1784902791.577156092 74.20764204548281
1784902791.586435491 ---
1784902791.712926559 46.18601892057114
1784902791.717142378 ---
1784902793.568407782 74.15764204548282
1784902793.571717720 ---
1784902793.707333018 46.03601892057114
1784902793.709303277 ---
1784902795.573355228 74.10764204548282
1784902795.577420645 ---
1784902795.713798668 45.88601892057114
1784902795.718293971 ---
1784902797.569628644 74.05764204548282
1784902797.572648889 ---
1784902797.715979826 45.73601892057114
1784902797.722661793 ---
1784902799.568015173 74.00764204548283
1784902799.570556841 ---
1784902799.726255059 45.58601892057114
1784902799.731998871 ---
1784902801.567845188 73.95764204548283
1784902801.570601658 ---
1784902801.721934828 45.436018920571144
1784902801.725281640 ---
1784902803.568318576 73.90764204548283
1784902803.572404309 ---
1784902803.724831514 45.286018920571145
1784902803.732304433 ---
1784902805.579180068 73.85764204548283
1784902805.584004163 ---
1784902805.712517636 45.136018920571146
1784902805.722186641 ---
1784902807.569209447 73.80764204548284
1784902807.576421170 ---
1784902807.712476065 44.98601892057115
1784902807.728550036 ---
1784902809.576000753 73.75764204548284
1784902809.580923406 ---
1784902809.709535416 44.83601892057115
1784902809.711971735 ---
1784902811.580050989 73.70764204548284
1784902811.588623399 ---
1784902811.724541692 44.68601892057115
1784902811.726725066 ---
1784902813.567611751 73.65764204548285
1784902813.571362379 ---
1784902813.719428212 44.53601892057115
1784902813.723159910 ---
1784902815.572448066 73.60764204548285
1784902815.580910584 ---
1784902815.710219702 44.38601892057115
1784902815.712612497 ---
1784902817.565481679 73.55764204548285
1784902817.570857814 ---
1784902817.713954504 44.236018920571155
1784902817.720002918 ---
1784902819.563691072 73.50764204548285
1784902819.569196853 ---
1784902819.712276338 44.086018920571156
1784902819.715961854 ---
1784902821.571522816 73.45764204548286
1784902821.577224046 ---
1784902821.712059093 43.93601892057116
1784902821.716868982 ---
1784902823.572271526 73.40764204548286
1784902823.574879466 ---
1784902823.713056396 43.78601892057116
1784902823.716480024 ---
1784902825.574137759 73.35764204548286
1784902825.580414302 ---
1784902825.712894253 43.63601892057116
1784902825.716573895 ---
1784902827.581278961 73.30764204548287
1784902827.586141231 ---
1784902827.711745561 43.48601892057116
1784902827.717601717 ---
1784902829.570375296 73.25764204548287
1784902829.572941108 ---
1784902829.711671582 43.33601892057116
1784902829.714839188 ---
1784902831.574994424 73.20764204548287
1784902831.578831719 ---
1784902831.714727916 43.186018920571165
1784902831.720905673 ---
1784902833.565775752 73.15764204548287
1784902833.573243431 ---
1784902833.707739528 43.036018920571166
1784902833.710974819 ---
1784902835.575458212 73.10764204548288
1784902835.586223484 ---
1784902835.716738868 42.88601892057117
1784902835.726182083 ---
1784902837.571778807 73.05764204548288
1784902837.575597654 ---
1784902837.716230327 42.73601892057117
1784902837.718884778 ---
1784902839.579132376 73.00764204548288
1784902839.587831146 ---
1784902839.712627848 42.58601892057117
1784902839.718655054 ---
1784902841.574726558 72.95764204548288
1784902841.577931943 ---
1784902841.718181995 42.43601892057117
1784902841.724112170 ---
1784902843.574046928 72.90764204548289
1784902843.579250551 ---
1784902843.710041538 42.28601892057117
1784902843.714143845 ---
1784902845.578022122 72.85764204548289
1784902845.591631598 ---
1784902845.727275390 42.136018920571175
1784902845.731000623 ---
1784902847.571873943 72.8076420454829
1784902847.574756179 ---
1784902847.716434764 41.986018920571176
1784902847.719475428 ---
1784902849.576440407 72.7576420454829
1784902849.579045811 ---
1784902849.717844103 41.83601892057118
1784902849.722253549 ---
1784902851.570851527 72.7076420454829
1784902851.573290748 ---
1784902851.722237019 41.68601892057118
1784902851.724829149 ---
1784902853.563297524 72.6576420454829
1784902853.565277456 ---
1784902853.725057169 41.53601892057118
1784902853.729494412 ---
1784902855.575714741 72.6076420454829
1784902855.579885279 ---
1784902855.711971510 41.38601892057118
1784902855.715190434 ---
1784902857.579223312 72.55764204548291
1784902857.584698992 ---
1784902857.717880867 41.23601892057118
1784902857.723403769 ---
1784902859.569675007 72.50764204548291
1784902859.576323175 ---
1784902859.717946140 41.086018920571185
1784902859.723215750 ---
1784902861.572135514 72.45764204548291
1784902861.574843454 ---
1784902861.707922209 40.936018920571186
1784902861.710537104 ---
1784902863.570376749 72.40764204548292
1784902863.574623279 ---
1784902863.722122498 40.78601892057119
1784902863.725138908 ---
1784902865.587194188 72.35764204548292
1784902865.594098217 ---
1784902865.714261205 40.63601892057119
1784902865.722606170 ---
1784902867.563989645 72.30764204548292
1784902867.566935850 ---
1784902867.712554375 40.48601892057119
1784902867.722604177 ---
1784902869.569417611 72.25764204548292
1784902869.572721463 ---
1784902869.715994789 40.33601892057119
1784902869.720955841 ---
1784902871.563457288 72.20764204548293
1784902871.577191069 ---
1784902871.710116389 40.18601892057119
1784902871.712793306 ---
1784902873.569082238 72.15764204548293
1784902873.572194129 ---
1784902873.709563925 40.036018920571195
1784902873.711833247 ---
1784902875.567444030 72.10764204548293
1784902875.569985568 ---
1784902875.721013190 39.886018920571196
1784902875.727121922 ---
1784902877.569918057 72.05764204548294
1784902877.575235209 ---
1784902877.716111057 39.7360189205712
1784902877.722991173 ---
1784902879.563657282 72.00764204548294
1784902879.566232416 ---
1784902879.719825083 39.5860189205712
1784902879.730034114 ---
1784902881.574778179 71.95764204548294
1784902881.581015849 ---
1784902881.712986109 39.4360189205712
1784902881.716181817 ---
1784902883.577379500 71.90764204548294
1784902883.585803147 ---
1784902883.720877812 39.2860189205712
1784902883.723406352 ---
1784902885.577860147 71.85764204548295
1784902885.582686640 ---
1784902885.718057964 39.1360189205712
1784902885.721828559 ---
1784902887.567820311 71.80764204548295
1784902887.572428231 ---
1784902887.708868789 38.986018920571205
1784902887.719939294 ---
1784902889.565607090 71.75764204548295
1784902889.581450220 ---
1784902889.711938186 38.836018920571206
1784902889.720394370 ---
1784902891.567928799 71.70764204548296
1784902891.577236065 ---
1784902891.714480688 38.68601892057121
1784902891.716900951 ---
1784902893.573153252 71.65764204548296
1784902893.577361816 ---
1784902893.723641827 38.53601892057121
1784902893.736328499 ---
1784902895.573973429 71.60764204548296
1784902895.579513874 ---
1784902895.717984681 38.38601892057121
1784902895.721722365 ---
1784902897.577397668 71.55764204548296
1784902897.579708397 ---
1784902897.708518562 38.23601892057121
1784902897.710543104 ---
1784902899.573936476 71.50764204548297
1784902899.577192870 ---
1784902899.718318768 38.08601892057121
1784902899.727976954 ---
1784902901.563263867 71.45764204548297
1784902901.565408204 ---
1784902901.713322030 37.936018920571215
1784902901.720651323 ---
1784902903.570219946 71.40764204548297
1784902903.573444344 ---
1784902903.713726409 37.786018920571216
1784902903.716997818 ---
1784902905.565672310 71.35764204548298
1784902905.569001695 ---
1784902905.715141663 37.63601892057122
1784902905.717556398 ---
1784902907.577404073 71.30764204548298
1784902907.586624542 ---
1784902907.719606583 37.48601892057122
1784902907.723517698 ---
1784902909.573256014 71.25764204548298
1784902909.580376223 ---
1784902909.708949031 37.33601892057122
1784902909.711273653 ---
1784902911.580705971 71.20764204548298
1784902911.592929040 ---
1784902911.715704861 37.18601892057122
1784902911.717915972 ---
1784902913.575784476 71.15764204548299
1784902913.584164955 ---
1784902913.708156632 37.03601892057122
1784902913.714715778 ---
1784902915.586629157 71.10764204548299
1784902915.593711703 ---
1784902915.714606338 36.886018920571225
1784902915.717934527 ---
1784902917.565319579 71.057642045483
1784902917.569408039 ---
1784902917.714145395 36.736018920571226
1784902917.723734311 ---
1784902919.563364711 71.007642045483
1784902919.565495138 ---
1784902919.712440939 36.58601892057123
1784902919.718467730 ---
1784902921.566808033 70.957642045483
1784902921.569528991 ---
1784902921.719003858 36.43601892057123
1784902921.722144698 ---
1784902923.573311866 70.907642045483
1784902923.578763976 ---
1784902923.716050662 36.28601892057123
1784902923.718808499 ---
1784902925.567995166 70.857642045483
1784902925.573856608 ---
1784902925.710538092 36.13601892057123
1784902925.712554587 ---
1784902927.581509384 70.80764204548301
1784902927.590703470 ---
1784902927.716836084 35.98601892057123
1784902927.728442866 ---
1784902929.572946338 70.75764204548301
1784902929.584942470 ---
1784902929.726734688 35.836018920571235
1784902929.740251152 ---
1784902931.575591099 70.70764204548301
1784902931.580571067 ---
1784902931.711231017 35.686018920571236
1784902931.716062410 ---
1784902933.568292088 70.65764204548302
1784902933.573833175 ---
1784902933.723230884 35.53601892057124
1784902933.725672983 ---
1784902935.576104141 70.60764204548302
1784902935.583788566 ---
1784902935.713481980 35.38601892057124
1784902935.719759864 ---
1784902937.575593003 70.55764204548302
1784902937.579390787 ---
1784902937.719013182 35.23601892057124
1784902937.726422177 ---
1784902939.576848110 70.50764204548302
1784902939.587460164 ---
1784902939.715126133 35.08601892057124
1784902939.720670984 ---
1784902941.578143773 70.45764204548303
1784902941.585903347 ---
1784902941.724920893 34.93601892057124
1784902941.739750603 ---
1784902943.575670201 70.40764204548303
1784902943.579503256 ---
1784902943.720760604 34.786018920571244
1784902943.732503061 ---
1784902945.569125784 70.35764204548303
1784902945.574509828 ---
1784902945.718787641 34.636018920571246
1784902945.724443199 ---
1784902947.569984256 70.30764204548304
1784902947.572382899 ---
1784902947.714598195 34.48601892057125
1784902947.722918179 ---
1784902949.568357249 70.25764204548304
1784902949.571022095 ---
1784902949.710174528 34.33601892057125
1784902949.717856272 ---
1784902951.577239714 70.20764204548304
1784902951.581976783 ---
1784902951.716184269 34.18601892057125
1784902951.721042461 ---
1784902953.571475722 70.15764204548304
1784902953.574953920 ---
1784902953.720330146 34.03601892057125
1784902953.724934564 ---
1784902955.577626831 70.10764204548305
1784902955.590612055 ---
1784902955.715253428 33.88601892057125
1784902955.718891025 ---
1784902957.577983251 70.05764204548305
1784902957.581893408 ---
1784902957.714405049 33.736018920571254
1784902957.716591057 ---
1784902959.572789127 70.00764204548305
1784902959.574784159 ---
1784902959.711781469 33.586018920571256
1784902959.722482462 ---
1784902961.567621491 69.95764204548306
1784902961.570819508 ---
1784902961.711228234 33.43601892057126
1784902961.730840681 ---
1784902963.569443225 69.90764204548306
1784902963.572629784 ---
1784902963.718038140 33.28601892057126
1784902963.722033720 ---
1784902965.565613427 69.85764204548306
1784902965.569855022 ---
1784902965.713366070 33.13601892057126
1784902965.722132509 ---
1784902967.578430597 69.80764204548306
1784902967.583392778 ---
1784902967.713326859 32.98601892057126
1784902967.719309012 ---
1784902969.573894857 69.75764204548307
1784902969.579192882 ---
1784902969.723538728 32.83601892057126
1784902969.726125957 ---
1784902971.574341934 69.70764204548307
1784902971.582520840 ---
1784902971.720344588 32.686018920571264
1784902971.726198628 ---
1784902973.566404918 69.65764204548307
1784902973.575836186 ---
1784902973.722549300 32.536018920571266
1784902973.727702658 ---
1784902975.562275895 69.60764204548308
1784902975.565456159 ---
1784902975.708473297 32.38601892057127
1784902975.711095588 ---
1784902977.578793019 69.55764204548308
1784902977.586451171 ---
1784902977.709689135 32.23601892057127
1784902977.711851384 ---
1784902979.573216550 69.50764204548308
1784902979.583153179 ---
1784902979.715794679 32.08601892057127
1784902979.723586593 ---
1784902981.574294656 69.45764204548308
1784902981.576336689 ---
1784902981.713200567 31.93601892057127
1784902981.716417778 ---
1784902983.570249015 69.40764204548309
1784902983.574745479 ---
1784902983.730283118 31.786018920571273
1784902983.742862490 ---
1784902985.577464286 69.35764204548309
1784902985.583163796 ---
1784902985.722436578 31.636018920571274
1784902985.729450269 ---
1784902987.573694603 69.30764204548309
1784902987.576524694 ---
1784902987.714172882 31.486018920571276
1784902987.717120113 ---
1784902989.564206481 69.2576420454831
1784902989.566005847 ---
1784902989.716936938 31.336018920571277
1784902989.719435723 ---
1784902991.563555090 69.2076420454831
1784902991.566357657 ---
1784902991.721988472 31.18601892057128
1784902991.725201903 ---
1784902993.575319171 69.1576420454831
1784902993.578602941 ---
1784902993.710309966 31.03601892057128
1784902993.718908705 ---
1784902995.570636115 69.1076420454831
1784902995.574724568 ---
1784902995.714915922 30.88601892057128
1784902995.717649893 ---
1784902997.564859063 69.0576420454831
1784902997.568710020 ---
1784902997.715890047 30.736018920571283
1784902997.718395743 ---
1784902999.566456615 69.00764204548311
1784902999.580994423 ---
1784902999.717483340 30.586018920571284
1784902999.722940240 ---
1784903001.578064731 68.95764204548311
1784903001.581855403 ---
1784903001.715570267 30.436018920571286
1784903001.722958124 ---
1784903003.569294542 68.90764204548312
1784903003.576698601 ---
1784903003.723360347 30.286018920571287
1784903003.728786088 ---
1784903005.573040755 68.85764204548312
1784903005.576660569 ---
1784903005.712661814 30.13601892057129
1784903005.714884400 ---
1784903007.593903527 68.80764204548312
1784903007.606797299 ---
1784903007.718488564 29.98601892057129
1784903007.721028272 ---
1784903009.567023606 68.75764204548312
1784903009.571433639 ---
1784903009.714963568 29.83601892057129
1784903009.723660207 ---
1784903011.577811070 68.70764204548313
1784903011.581684437 ---
1784903011.716617065 29.686018920571293
1784903011.722745216 ---
1784903013.573339795 68.65764204548313
1784903013.579641314 ---
1784903013.710659375 29.536018920571294
1784903013.713199778 ---
1784903015.569586628 68.60764204548313
1784903015.571448849 ---
1784903015.712193221 29.386018920571296
1784903015.724829152 ---
1784903017.564684252 68.55764204548314
1784903017.567480376 ---
1784903017.718852474 29.236018920571297
1784903017.726680645 ---
1784903019.568577174 68.50764204548314
1784903019.575200765 ---
1784903019.714721162 29.0860189205713
1784903019.724264513 ---
1784903021.576468183 68.45764204548314
1784903021.580418866 ---
1784903021.713487936 28.9360189205713
1784903021.716345736 ---
1784903023.565619360 68.40764204548314
1784903023.567901520 ---
1784903023.714467420 28.7860189205713
1784903023.722596706 ---
1784903025.565774446 68.35764204548315
1784903025.570414830 ---
1784903025.723653357 28.636018920571303
1784903025.726176430 ---
1784903027.562519554 68.30764204548315
1784903027.572205034 ---
1784903027.726213598 28.486018920571304
1784903027.738696454 ---
1784903029.564976755 68.25764204548315
1784903029.567633870 ---
1784903029.718057988 28.336018920571306
1784903029.723162945 ---
1784903031.570340708 68.20764204548315
1784903031.573963155 ---
1784903031.713187240 28.186018920571307
1784903031.723540343 ---
1784903033.577438692 68.15764204548316
1784903033.585762914 ---
1784903033.717495476 28.03601892057131
1784903033.727166694 ---
1784903035.585905532 68.10764204548316
1784903035.594549316 ---
1784903035.723754982 27.88601892057131
1784903035.727044589 ---
1784903037.585140657 68.05764204548316
1784903037.591285679 ---
1784903037.708506984 27.73601892057131
1784903037.714629583 ---
1784903039.569023583 68.00764204548317
1784903039.574839676 ---
1784903039.708436729 27.586018920571313
1784903039.710703445 ---
1784903041.574193362 67.95764204548317
1784903041.577462778 ---
1784903041.716011050 27.436018920571314
1784903041.718955173 ---
1784903043.579424549 67.90764204548317
1784903043.596875189 ---
1784903043.712641926 27.286018920571316
1784903043.715097584 ---
1784903045.572414903 67.85764204548317
1784903045.576437163 ---
1784903045.724295808 27.136018920571317
1784903045.732228918 ---
1784903047.570697978 67.80764204548318
1784903047.573782008 ---
1784903047.715464152 26.98601892057132
1784903047.721677893 ---
1784903049.563006298 67.75764204548318
1784903049.566902475 ---
1784903049.719567955 26.83601892057132
1784903049.727862114 ---
1784903051.563813956 67.70764204548318
1784903051.568882708 ---
1784903051.711033222 26.68601892057132
1784903051.715423309 ---
1784903053.579036700 67.65764204548319
1784903053.586778476 ---
1784903053.717172726 26.536018920571323
1784903053.722001819 ---
1784903055.563246129 67.60764204548319
1784903055.569273640 ---
1784903055.717518607 26.386018920571324
1784903055.722010322 ---
1784903057.564532919 67.55764204548319
1784903057.567141682 ---
1784903057.715049842 26.236018920571325
1784903057.724344591 ---
1784903059.566734016 67.5076420454832
1784903059.572037525 ---
1784903059.714033513 26.086018920571327
1784903059.717917040 ---
1784903061.572350963 67.4576420454832
1784903061.574620113 ---
1784903061.715202208 25.93601892057133
1784903061.720817736 ---
1784903063.567280404 67.4076420454832
1784903063.573137750 ---
1784903063.721396521 25.78601892057133
1784903063.724529645 ---
1784903065.566149719 67.3576420454832
1784903065.577548126 ---
1784903065.721916471 25.63601892057133
1784903065.727517046 ---
1784903067.573644653 67.3076420454832
1784903067.580068130 ---
1784903067.716413866 25.486018920571333
1784903067.719160717 ---
1784903069.575050117 67.25764204548321
1784903069.577952663 ---
1784903069.715936538 25.336018920571334
1784903069.720342115 ---
1784903071.574362095 67.20764204548321
1784903071.582395538 ---
1784903071.716017020 25.186018920571335
1784903071.718043367 ---
1784903073.563985672 67.15764204548321
1784903073.573672180 ---
1784903073.713622502 25.036018920571337
1784903073.715898492 ---
1784903075.564000540 67.10764204548322
1784903075.566358673 ---
1784903075.714039298 24.88601892057134
1784903075.720375592 ---
1784903077.569966824 67.05764204548322
1784903077.572253360 ---
1784903077.710694188 24.73601892057134
1784903077.714195273 ---
1784903079.571135817 67.00764204548322
1784903079.575618920 ---
1784903079.708005810 24.58601892057134
1784903079.710748114 ---
1784903081.581186357 66.95764204548323
1784903081.586320807 ---
1784903081.715928182 24.436018920571343
1784903081.719902637 ---
1784903083.568519439 66.90764204548323
1784903083.572685280 ---
1784903083.721797740 24.286018920571344
1784903083.726515185 ---
1784903085.578315943 66.85764204548323
1784903085.581869620 ---
1784903085.707478976 24.136018920571345
1784903085.710417137 ---
1784903087.573726342 66.80764204548323
1784903087.582081418 ---
1784903087.716802694 23.986018920571347
1784903087.720979080 ---
1784903089.568939643 66.75764204548324
1784903089.573839600 ---
1784903089.709997495 23.836018920571348
1784903089.721201877 ---
1784903091.570524794 66.70764204548324
1784903091.573150234 ---
1784903091.711945113 23.68601892057135
1784903091.720702796 ---
1784903093.574271882 66.65764204548324
1784903093.581922165 ---
1784903093.709798164 23.53601892057135
1784903093.713107151 ---
1784903095.572818686 66.60764204548325
1784903095.576284275 ---
1784903095.713706645 23.386018920571352
1784903095.717849636 ---
1784903097.569287422 66.55764204548325
1784903097.577263199 ---
1784903097.718546106 23.236018920571354
1784903097.726939793 ---
1784903099.562492749 66.50764204548325
1784903099.567578916 ---
1784903099.715561672 23.086018920571355
1784903099.719471852 ---
1784903101.568797839 66.45764204548325
1784903101.571391283 ---
1784903101.714493667 22.936018920571357
1784903101.716996516 ---
1784903103.564094814 66.40764204548326
1784903103.568981068 ---
1784903103.714381588 22.786018920571358
1784903103.723766081 ---
1784903105.582837794 66.35764204548326
1784903105.585615569 ---
1784903105.709409420 22.63601892057136
1784903105.712585966 ---
1784903107.569404640 66.30764204548326
1784903107.574692804 ---
1784903107.720461396 22.48601892057136
1784903107.724484097 ---
1784903109.575410154 66.25764204548327
1784903109.583869691 ---
1784903109.717026352 22.336018920571362
1784903109.719577883 ---
1784903111.571451760 66.20764204548327
1784903111.577115291 ---
1784903111.720560795 22.186018920571364
1784903111.726054941 ---
1784903113.567536446 66.15764204548327
1784903113.569767924 ---
1784903113.714255879 22.036018920571365
1784903113.717178099 ---
1784903115.564534328 66.10764204548327
1784903115.568450992 ---
1784903115.722809939 21.886018920571367
1784903115.731565977 ---
1784903117.569571020 66.05764204548328
1784903117.572673588 ---
1784903117.713457468 21.736018920571368
1784903117.722197438 ---
1784903119.570473874 66.00764204548328
1784903119.576187409 ---
1784903119.714218547 21.58601892057137
1784903119.721831286 ---
1784903121.571005260 65.95764204548328
1784903121.573566284 ---
1784903121.728520882 21.43601892057137
1784903121.732149064 ---
1784903123.567718049 65.90764204548329
1784903123.570988322 ---
1784903123.719110069 21.286018920571372
1784903123.723383169 ---
1784903125.571690480 65.85764204548329
1784903125.576481719 ---
1784903125.720330736 21.136018920571374
1784903125.726664596 ---
1784903127.573435276 65.80764204548329
1784903127.579374625 ---
1784903127.716011519 20.986018920571375
1784903127.720086942 ---
1784903129.567331816 65.7576420454833
1784903129.572005217 ---
1784903129.717480711 20.836018920571377
1784903129.721273942 ---
1784903131.565566279 65.7076420454833
1784903131.568900320 ---
1784903131.712685064 20.686018920571378
1784903131.719367605 ---
1784903133.572288470 65.6576420454833
1784903133.584958548 ---
1784903133.716736662 20.53601892057138
1784903133.722087946 ---
1784903135.566461084 65.6076420454833
1784903135.570677946 ---
1784903135.728000121 20.38601892057138
1784903135.736691449 ---
1784903137.572544593 65.5576420454833
1784903137.575360141 ---
1784903137.717045143 20.236018920571382
1784903137.719353656 ---
1784903139.565462191 65.50764204548331
1784903139.574448834 ---
1784903139.715309360 20.086018920571384
1784903139.719142747 ---
1784903141.571589456 65.45764204548331
1784903141.575243750 ---
1784903141.718103586 19.936018920571385
1784903141.722780819 ---
1784903143.569756253 65.40764204548331
1784903143.584133071 ---
1784903143.714508043 19.786018920571387
1784903143.719372330 ---
1784903145.563654532 65.35764204548332
1784903145.566109865 ---
1784903145.716385545 19.636018920571388
1784903145.721764827 ---
1784903147.575598677 65.30764204548332
1784903147.582358313 ---
1784903147.715031788 19.48601892057139
1784903147.718952900 ---
1784903149.580854315 65.25764204548332
1784903149.589920711 ---
1784903149.712104363 19.33601892057139
1784903149.714420276 ---
1784903151.580916573 65.20764204548333
1784903151.589172019 ---
1784903151.724031258 19.186018920571392
1784903151.726959605 ---
1784903153.573765008 65.15764204548333
1784903153.580413717 ---
1784903153.710921463 19.036018920571394
1784903153.714718031 ---
1784903155.574527713 65.10764204548333
1784903155.581249412 ---
1784903155.710508008 18.886018920571395
1784903155.720587553 ---
1784903157.567910156 65.05764204548333
1784903157.571468746 ---
1784903157.726512220 18.736018920571397
1784903157.733114964 ---
1784903159.569922330 65.00764204548334
1784903159.578401282 ---
1784903159.716684543 18.586018920571398
1784903159.719624272 ---
1784903161.566754558 64.95764204548334
1784903161.569983949 ---
1784903161.709815714 18.4360189205714
1784903161.715852399 ---
1784903163.579330128 64.90764204548334
1784903163.585375123 ---
1784903163.724497807 18.2860189205714
1784903163.727178045 ---
1784903165.567366185 64.85764204548335
1784903165.569919158 ---
1784903165.718606470 18.136018920571402
1784903165.728611749 ---
1784903167.570732149 64.80764204548335
1784903167.576066149 ---
1784903167.709170784 17.986018920571404
1784903167.716732471 ---
1784903169.573596791 64.75764204548335
1784903169.577414164 ---
1784903169.721770619 17.836018920571405
1784903169.728194398 ---
1784903171.567421458 64.70764204548335
1784903171.569669399 ---
1784903171.711259100 17.686018920571406
1784903171.723091193 ---
1784903173.568726424 64.65764204548336
1784903173.571227357 ---
1784903173.711099364 17.536018920571408
1784903173.717535641 ---
1784903175.582449777 64.60764204548336
1784903175.585180162 ---
1784903175.716360505 17.38601892057141
1784903175.720210424 ---
1784903177.571875077 64.55764204548336
1784903177.576705669 ---
1784903177.717504479 17.23601892057141
1784903177.725838471 ---
1784903179.566449341 64.50764204548337
1784903179.569122937 ---
1784903179.715028335 17.086018920571412
1784903179.717891920 ---
1784903181.567784604 64.45764204548337
1784903181.574982643 ---
1784903181.716975076 16.936018920571414
1784903181.723516678 ---
1784903183.579267121 64.40764204548337
1784903183.592838771 ---
1784903183.715278237 16.786018920571415
1784903183.720266054 ---
1784903185.566160498 64.35764204548337
1784903185.569429480 ---
1784903185.720488518 16.636018920571416
1784903185.730021170 ---
1784903187.564691145 64.30764204548338
1784903187.568864106 ---
1784903187.712795612 16.486018920571418
1784903187.717992902 ---
1784903189.570213918 64.25764204548338
1784903189.576667013 ---
1784903189.707949956 16.33601892057142
1784903189.717136712 ---
1784903191.575086061 64.20764204548338
1784903191.578853619 ---
1784903191.711236356 16.18601892057142
1784903191.716364772 ---
1784903193.572181147 64.15764204548339
1784903193.578937310 ---
1784903193.713542026 16.036018920571422
1784903193.716421669 ---
1784903195.573819892 64.10764204548339
1784903195.580781757 ---
1784903195.724802283 15.886018920571422
1784903195.730725781 ---
1784903197.571261324 64.05764204548339
1784903197.578105422 ---
1784903197.718606661 15.736018920571421
1784903197.725637185 ---
1784903199.573812678 64.0076420454834
1784903199.576500305 ---
1784903199.713433994 15.586018920571421
1784903199.716449978 ---
1784903201.586548649 63.9576420454834
1784903201.592125274 ---
1784903201.714163682 15.43601892057142
1784903201.720996182 ---
1784903203.568851424 63.9076420454834
1784903203.582622170 ---
1784903203.709914256 15.28601892057142
1784903203.711867635 ---
1784903205.573523451 63.8576420454834
1784903205.577475191 ---
1784903205.707639892 15.13601892057142
1784903205.712160687 ---
1784903207.568398650 63.807642045483405
1784903207.578868704 ---
1784903207.727522568 14.98601892057142
1784903207.741467228 ---
1784903209.571893305 63.75764204548341
1784903209.579952123 ---
1784903209.713060713 15.58601892057142
1784903209.716509823 ---
1784903211.568547542 63.70764204548341
1784903211.575450369 ---
1784903211.718993974 16.18601892057142
1784903211.728100095 ---
1784903213.570811891 63.65764204548341
1784903213.575985413 ---
1784903213.711423154 16.786018920571422
1784903213.716960375 ---
1784903215.561960281 63.607642045483416
1784903215.565948895 ---
1784903215.720955490 17.386018920571424
1784903215.723561947 ---
1784903217.577500765 63.55764204548342
1784903217.580170294 ---
1784903217.724052676 17.986018920571425
1784903217.732038912 ---
1784903219.575649990 63.50764204548342
1784903219.578785406 ---
1784903219.717847661 18.586018920571426
1784903219.729753916 ---
1784903221.575828213 63.457642045483425
1784903221.579305256 ---
1784903221.714755272 19.186018920571428
1784903221.719047932 ---
1784903223.563415656 63.40764204548343
1784903223.565569494 ---
1784903223.716814794 19.78601892057143
1784903223.719128375 ---
1784903225.572047494 63.35764204548343
1784903225.580602564 ---
1784903225.725456577 20.38601892057143
1784903225.736272911 ---
1784903227.570814940 63.30764204548343
1784903227.578316070 ---
1784903227.710338871 20.986018920571432
1784903227.713655050 ---
1784903229.587154899 63.257642045483436
1784903229.590371753 ---
1784903229.713223670 21.586018920571433
1784903229.720364521 ---
1784903231.573332059 63.20764204548344
1784903231.594199803 ---
1784903231.714470030 22.186018920571435
1784903231.722036882 ---
1784903233.565259809 63.15764204548344
1784903233.568152008 ---
1784903233.718192004 22.786018920571436
1784903233.726429955 ---
1784903235.569337484 63.107642045483445
1784903235.572131685 ---
1784903235.714628260 23.386018920571438
1784903235.717366792 ---
1784903237.578766488 63.05764204548345
1784903237.583360672 ---
1784903237.720058214 23.98601892057144
1784903237.728729637 ---
1784903239.572977071 63.00764204548345
1784903239.581617199 ---
1784903239.719632315 24.58601892057144
1784903239.724853803 ---
1784903241.568830131 62.95764204548345
1784903241.574926952 ---
1784903241.710942911 25.186018920571442
1784903241.717525035 ---
1784903243.571319381 62.907642045483456
1784903243.582118854 ---
1784903243.721715601 25.786018920571443
1784903243.731530427 ---
1784903245.579761075 62.85764204548346
1784903245.594859477 ---
1784903245.720857977 26.386018920571445
1784903245.722957396 ---
1784903247.562818147 62.80764204548346
1784903247.564933562 ---
1784903247.710525628 26.986018920571446
1784903247.713921075 ---
1784903249.588497967 62.757642045483465
1784903249.597850043 ---
1784903249.714022969 27.586018920571448
1784903249.719758949 ---
1784903251.573614740 62.70764204548347
1784903251.580351988 ---
1784903251.714206386 28.18601892057145
1784903251.717628932 ---
1784903253.569435579 62.65764204548347
1784903253.578096296 ---
1784903253.708245507 28.78601892057145
1784903253.710302666 ---
1784903255.562892993 62.60764204548347
1784903255.575783414 ---
1784903255.716640894 29.386018920571452
1784903255.725175393 ---
1784903257.577490223 62.557642045483476
1784903257.580522038 ---
1784903257.730819484 29.986018920571453
1784903257.744726467 ---
1784903259.574436572 62.50764204548348
1784903259.594051305 ---
1784903259.711420705 30.586018920571455
1784903259.714571750 ---
1784903261.568685282 62.45764204548348
1784903261.570923695 ---
1784903261.710268507 31.186018920571456
1784903261.721994415 ---
1784903263.593332119 62.407642045483485
1784903263.605564560 ---
1784903263.718287415 31.786018920571458
1784903263.728660577 ---
1784903265.564818539 62.35764204548349
1784903265.568124573 ---
1784903265.715867177 32.38601892057146
1784903265.719524405 ---
1784903267.577682662 62.30764204548349
1784903267.580826229 ---
1784903267.713609294 32.98601892057146
1784903267.718244599 ---
1784903269.565565909 62.25764204548349
1784903269.568062896 ---
1784903269.712652844 33.58601892057146
1784903269.715831753 ---
1784903271.569940866 62.207642045483496
1784903271.581340220 ---
1784903271.736261304 34.18601892057146
1784903271.743677733 ---
1784903273.567447381 62.1576420454835
1784903273.574511985 ---
1784903273.718878345 34.786018920571465
1784903273.723702934 ---
1784903275.581569086 62.1076420454835
1784903275.588059191 ---
1784903275.717390105 35.386018920571466
1784903275.720322310 ---
1784903277.581575938 62.057642045483504
1784903277.587343887 ---
1784903277.714492028 35.98601892057147
1784903277.716873065 ---
1784903279.579678784 62.00764204548351
1784903279.582188130 ---
1784903279.727650286 36.58601892057147
1784903279.732437154 ---
1784903281.568656152 61.95764204548351
1784903281.572444546 ---
1784903281.716209368 37.18601892057147
1784903281.718580625 ---
1784903283.586348542 61.90764204548351
1784903283.589667141 ---
1784903283.719484759 37.78601892057147
1784903283.722820261 ---
1784903285.566883177 61.857642045483516
1784903285.570721860 ---
1784903285.713883125 38.38601892057147
1784903285.718506266 ---
1784903287.570454642 61.80764204548352
1784903287.572920749 ---
1784903287.717559114 38.986018920571475
1784903287.719871767 ---
1784903289.570787672 61.75764204548352
1784903289.573622365 ---
1784903289.713584260 39.586018920571476
1784903289.721291238 ---
1784903291.575272840 61.707642045483524
1784903291.585758001 ---
1784903291.724534828 40.18601892057148
1784903291.734168897 ---
1784903293.566572876 61.65764204548353
1784903293.575505604 ---
1784903293.711067036 40.78601892057148
1784903293.713877909 ---
1784903295.564660402 61.60764204548353
1784903295.569273968 ---
1784903295.714974287 41.38601892057148
1784903295.724110129 ---
1784903297.567130146 61.55764204548353
1784903297.569034048 ---
1784903297.721416638 41.98601892057148
1784903297.726234577 ---
1784903299.574936642 61.507642045483536
1784903299.577700716 ---
1784903299.714742393 42.58601892057148
1784903299.720718401 ---
1784903301.572530663 61.45764204548354
1784903301.576847654 ---
1784903301.713110358 43.186018920571485
1784903301.721265186 ---
1784903303.561749066 61.40764204548354
1784903303.566262117 ---
1784903303.725459327 43.786018920571486
1784903303.735216312 ---
1784903305.579752979 61.357642045483544
1784903305.583400270 ---
1784903305.711099337 44.38601892057149
1784903305.721164627 ---
1784903307.573383078 61.30764204548355
1784903307.577339792 ---
1784903307.709163874 44.98601892057149
1784903307.713023640 ---
1784903309.562915304 61.25764204548355
1784903309.569471876 ---
1784903309.712384265 45.58601892057149
1784903309.715756705 ---
1784903311.576153167 61.20764204548355
1784903311.580138517 ---
1784903311.709724695 46.18601892057149
1784903311.712477449 ---
1784903313.579117462 61.157642045483556
1784903313.586769656 ---
1784903313.721713652 46.78601892057149
1784903313.726703965 ---
1784903315.571006631 61.10764204548356
1784903315.575953637 ---
1784903315.713824273 47.386018920571495
1784903315.716565291 ---
1784903317.571998031 61.05764204548356
1784903317.580540774 ---
1784903317.713138395 47.986018920571496
1784903317.715854617 ---
1784903319.568386294 61.007642045483564
1784903319.571290334 ---
1784903319.725256092 48.5860189205715
1784903319.733797227 ---
1784903321.571161891 60.95764204548357
1784903321.578054629 ---
1784903321.715338868 49.1860189205715
1784903321.720556807 ---
1784903323.570208984 60.90764204548357
1784903323.574366222 ---
1784903323.717593871 49.7860189205715
1784903323.723386023 ---
1784903325.575686367 60.85764204548357
1784903325.587767005 ---
1784903325.715875906 50.3860189205715
1784903325.721430158 ---
1784903327.569707215 60.807642045483576
1784903327.572607620 ---
1784903327.710585833 50.9860189205715
1784903327.717118154 ---
1784903329.571850404 60.75764204548358
1784903329.578273273 ---
1784903329.715088777 51.586018920571505
1784903329.719838246 ---
1784903331.572262519 60.70764204548358
1784903331.577881725 ---
1784903331.728553341 52.186018920571506
1784903331.731220805 ---
1784903333.586057023 60.657642045483584
1784903333.590023155 ---
1784903333.722436407 52.78601892057151
1784903333.728445150 ---
1784903335.573589296 60.60764204548359
1784903335.578880357 ---
1784903335.711869259 53.38601892057151
1784903335.718123513 ---
1784903337.583110175 60.55764204548359
1784903337.586083987 ---
1784903337.716030457 53.98601892057151
1784903337.719232599 ---
1784903339.563487508 60.50764204548359
1784903339.565958978 ---
1784903339.721633115 54.58601892057151
1784903339.724533167 ---
1784903341.569219376 60.457642045483595
1784903341.571746933 ---
1784903341.710488141 55.18601892057151
1784903341.713312548 ---
1784903343.564609293 60.4076420454836
1784903343.567130074 ---
1784903343.713544162 55.786018920571514
1784903343.723248367 ---
1784903345.568393117 60.3576420454836
1784903345.571900278 ---
1784903345.711157522 56.386018920571516
1784903345.714760304 ---
1784903347.579249126 60.307642045483604
1784903347.591120681 ---
1784903347.714032775 56.98601892057152
1784903347.725284647 ---
1784903349.582713954 60.25764204548361
1784903349.587159997 ---
1784903349.718709767 57.58601892057152
1784903349.722816354 ---
1784903351.580184406 60.20764204548361
1784903351.584155349 ---
1784903351.714134929 58.18601892057152
1784903351.721795471 ---
1784903353.579789424 60.15764204548361
1784903353.582972562 ---
1784903353.709259650 58.78601892057152
1784903353.714453264 ---
1784903355.565309628 60.107642045483615
1784903355.567540960 ---
1784903355.716309462 59.38601892057152
1784903355.718551690 ---
1784903357.569222336 60.05764204548362
1784903357.572660134 ---
1784903357.721480080 59.986018920571524
1784903357.729121688 ---
1784903359.567398417 60.00764204548362
1784903359.572027244 ---
1784903359.714529570 60.586018920571526
1784903359.718634336 ---
1784903361.564014723 59.957642045483624
1784903361.566394408 ---
1784903361.715218548 61.18601892057153
1784903361.726550866 ---
1784903363.574898501 59.90764204548363
1784903363.583157481 ---
1784903363.709386736 61.78601892057153
1784903363.711748959 ---
1784903365.573002714 59.85764204548363
1784903365.575316742 ---
1784903365.713534424 62.38601892057153
1784903365.717955873 ---
1784903367.569042305 59.80764204548363
1784903367.573625309 ---
1784903367.723753114 62.98601892057153
1784903367.731242518 ---
1784903369.572972274 59.757642045483635
1784903369.584759634 ---
1784903369.714540940 63.58601892057153
1784903369.726893850 ---
1784903371.562550093 59.70764204548364
1784903371.568681880 ---
1784903371.714213416 64.18601892057153
1784903371.723437393 ---
1784903373.579167575 59.65764204548364
1784903373.585060554 ---
1784903373.711133913 64.78601892057152
1784903373.714322981 ---
1784903375.568393623 59.607642045483644
1784903375.572217668 ---
1784903375.716275932 65.38601892057152
1784903375.725748700 ---
1784903377.575943561 59.55764204548365
1784903377.582827594 ---
1784903377.724224664 65.98601892057151
1784903377.733881965 ---
1784903379.569005724 59.50764204548365
1784903379.571837802 ---
1784903379.720571271 66.5860189205715
1784903379.730736706 ---
1784903381.584759639 59.45764204548365
1784903381.596089347 ---
1784903381.712523532 67.1860189205715
1784903381.715731665 ---
1784903383.573876845 59.407642045483655
1784903383.577566781 ---
1784903383.711607078 67.7860189205715
1784903383.716308535 ---
1784903385.568139734 59.35764204548366
1784903385.573278151 ---
1784903385.719185455 68.38601892057149
1784903385.725210786 ---
1784903387.590478502 59.30764204548366
1784903387.598172959 ---
1784903387.714106479 68.98601892057148
1784903387.717448366 ---
1784903389.565578867 59.257642045483664
1784903389.570788595 ---
1784903389.719531686 69.58601892057148
1784903389.723565195 ---
1784903391.589602820 59.20764204548367
1784903391.597879377 ---
1784903391.712257641 70.18601892057147
1784903391.715212367 ---
1784903393.567229067 59.15764204548367
1784903393.572023415 ---
1784903393.720798783 70.78601892057146
1784903393.727208755 ---
1784903395.575867050 59.10764204548367
1784903395.579087402 ---
1784903395.714817682 71.38601892057146
1784903395.717854756 ---
1784903397.579926028 59.057642045483675
1784903397.591030741 ---
1784903397.711310839 71.98601892057145
1784903397.716819786 ---
1784903399.568623985 59.00764204548368
1784903399.574278980 ---
1784903399.720133129 72.58601892057145
1784903399.726185272 ---
1784903401.574829507 58.95764204548368
1784903401.580965396 ---
1784903401.714957459 73.18601892057144
1784903401.725153113 ---
1784903403.567439671 58.90764204548368
1784903403.570746840 ---
1784903403.716908464 73.78601892057144
1784903403.719025375 ---
1784903405.568690786 58.857642045483686
1784903405.576467229 ---
1784903405.719840128 74.38601892057143
1784903405.726495812 ---
1784903407.570297993 58.80764204548369
1784903407.573622901 ---
1784903407.707589947 74.98601892057142
1784903407.709623880 ---
1784903409.562916239 58.75764204548369
1784903409.565012545 ---
1784903409.725115669 75.58601892057142
1784903409.727496321 ---
1784903411.571029410 58.707642045483695
1784903411.573668842 ---
1784903411.710858695 76.18601892057141
1784903411.719406030 ---
1784903413.561688569 58.6576420454837
1784903413.563619757 ---
1784903413.714498112 76.78601892057141
1784903413.716731875 ---
1784903415.570104423 58.6076420454837
1784903415.576178768 ---
1784903415.709373623 77.3860189205714
1784903415.713884034 ---
1784903417.580803928 58.5576420454837
1784903417.590949416 ---
1784903417.708415574 77.9860189205714
1784903417.715137884 ---
1784903419.579470643 58.507642045483706
1784903419.583051535 ---
1784903419.714421248 78.58601892057139
1784903419.721265438 ---
1784903421.577140535 58.45764204548371
1784903421.585801362 ---
1784903421.711915240 79.18601892057139
1784903421.721547283 ---
1784903423.569703419 58.40764204548371
1784903423.580741051 ---
1784903423.709819818 79.78601892057138
1784903423.712111830 ---
1784903425.571915906 58.357642045483715
1784903425.585703531 ---
1784903425.727400179 80.38601892057137
1784903425.730886706 ---
1784903427.582565595 58.30764204548372
1784903427.586698271 ---
1784903427.718995792 80.33601892057138
1784903427.726500935 ---
1784903429.574515671 58.25764204548372
1784903429.577804671 ---
1784903429.724677514 80.28601892057138
1784903429.729034466 ---
1784903431.576782312 58.20764204548372
1784903431.580975193 ---
1784903431.712503025 80.23601892057138
1784903431.720866368 ---
1784903433.569451458 58.157642045483726
1784903433.572616270 ---
1784903433.714061990 80.18601892057139
1784903433.719291461 ---
1784903435.580252284 58.10764204548373
1784903435.583566566 ---
1784903435.717113538 80.13601892057139
1784903435.721413143 ---
1784903437.567816992 58.05764204548373
1784903437.570265039 ---
1784903437.719486914 80.08601892057139
1784903437.722657521 ---
1784903439.566873501 58.007642045483735
1784903439.571307349 ---
1784903439.715819035 80.0360189205714
1784903439.724870079 ---
1784903441.574091878 57.95764204548374
1784903441.578253954 ---
1784903441.708775314 79.9860189205714
1784903441.716627513 ---
1784903443.580060115 57.90764204548374
1784903443.584617870 ---
1784903443.727259365 79.9360189205714
1784903443.731908758 ---
1784903445.568817555 57.85764204548374
1784903445.574675010 ---
1784903445.717478312 79.8860189205714
1784903445.726288451 ---
1784903447.568669506 57.807642045483746
1784903447.585351465 ---
1784903447.717185025 79.8360189205714
1784903447.724576653 ---
1784903449.572857354 57.75764204548375
1784903449.580476610 ---
1784903449.713540278 79.78601892057141
1784903449.715791285 ---
1784903451.572376651 57.70764204548375
1784903451.580185049 ---
1784903451.715354210 79.73601892057141
1784903451.719907700 ---
1784903453.564968921 57.657642045483755
1784903453.577465820 ---
1784903453.714252666 79.68601892057141
1784903453.718266453 ---
1784903455.574554496 57.60764204548376
1784903455.580778568 ---
1784903455.712272997 79.63601892057142
1784903455.715432773 ---
1784903457.571746319 57.55764204548376
1784903457.575241007 ---
1784903457.711284779 79.58601892057142
1784903457.720997461 ---
1784903459.581450804 57.50764204548376
1784903459.586424347 ---
1784903459.712826446 79.53601892057142
1784903459.715631541 ---
1784903461.574562877 57.457642045483766
1784903461.578404770 ---
1784903461.719053664 79.48601892057142
1784903461.724442721 ---
1784903463.573426986 57.40764204548377
1784903463.579115402 ---
1784903463.715955696 79.43601892057143
1784903463.723717498 ---
1784903465.571506011 57.35764204548377
1784903465.576122567 ---
1784903465.714327002 79.38601892057143
1784903465.722365813 ---
1784903467.575651520 57.307642045483774
1784903467.579549147 ---
1784903467.722379542 79.33601892057143
1784903467.729673302 ---
1784903469.576791186 57.25764204548378
1784903469.589888535 ---
1784903469.725853442 79.28601892057144
1784903469.729247129 ---
1784903471.566821251 57.20764204548378
1784903471.570952024 ---
1784903471.710864823 79.23601892057144
1784903471.713795359 ---
1784903473.572748371 57.15764204548378
1784903473.576925871 ---
1784903473.714348559 79.18601892057144
1784903473.717222868 ---
1784903475.568527746 57.107642045483786
1784903475.573548986 ---
1784903475.717524407 79.13601892057144
1784903475.721908022 ---
1784903477.578517666 57.05764204548379
1784903477.582341323 ---
1784903477.721173388 79.08601892057145
1784903477.724458881 ---
1784903479.576641840 57.00764204548379
1784903479.581757720 ---
1784903479.710799708 79.03601892057145
1784903479.715262876 ---
1784903481.569294968 56.957642045483794
1784903481.571656535 ---
1784903481.721282082 78.98601892057145
1784903481.726020443 ---
1784903483.568719609 56.9076420454838
1784903483.573029323 ---
1784903483.713497461 78.93601892057146
1784903483.720836960 ---
1784903485.569118605 56.8576420454838
1784903485.573663910 ---
1784903485.714240913 78.88601892057146
1784903485.724654198 ---
1784903487.566461629 56.8076420454838
1784903487.568764315 ---
1784903487.712144287 78.83601892057146
1784903487.723950859 ---
1784903489.567245486 56.757642045483806
1784903489.575267377 ---
1784903489.712205211 78.78601892057146
1784903489.714661209 ---
1784903491.582785725 56.70764204548381
1784903491.588361466 ---
1784903491.708178821 78.73601892057147
1784903491.710240397 ---
1784903493.566543570 56.65764204548381
1784903493.570774634 ---
1784903493.717410476 78.68601892057147
1784903493.722214208 ---
1784903495.571282900 56.607642045483814
1784903495.574765982 ---
1784903495.726216007 78.63601892057147
1784903495.738763149 ---
1784903497.584325533 56.55764204548382
1784903497.592479707 ---
1784903497.716630387 78.58601892057148
1784903497.724668966 ---
1784903499.580945140 56.50764204548382
1784903499.587127141 ---
1784903499.711664398 78.53601892057148
1784903499.714687683 ---
1784903501.581062231 56.45764204548382
1784903501.586045184 ---
1784903501.712084668 78.48601892057148
1784903501.722409024 ---
1784903503.573853328 56.407642045483826
1784903503.589225593 ---
1784903503.708577372 78.43601892057148
1784903503.725322878 ---
1784903505.569869512 56.35764204548383
1784903505.572290304 ---
1784903505.710490210 78.38601892057149
1784903505.712721091 ---
1784903507.575141632 56.30764204548383
1784903507.584810688 ---
1784903507.711876426 78.33601892057149
1784903507.720298243 ---
1784903509.573147693 56.257642045483834
1784903509.576352155 ---
1784903509.721332731 78.2860189205715
1784903509.724020193 ---
1784903511.567676004 56.20764204548384
1784903511.571464239 ---
1784903511.709926348 78.2360189205715
1784903511.716602921 ---
1784903513.570944090 56.15764204548384
1784903513.575654988 ---
1784903513.717633817 78.1860189205715
1784903513.720172996 ---
1784903515.578356294 56.10764204548384
1784903515.581652882 ---
1784903515.715911758 78.1360189205715
1784903515.719326525 ---
1784903517.563467629 56.057642045483846
1784903517.568243063 ---
1784903517.724796732 78.0860189205715
1784903517.728586431 ---
1784903519.580279391 56.00764204548385
1784903519.583937291 ---
1784903519.712518140 78.03601892057151
1784903519.721521277 ---
1784903521.561735535 55.95764204548385
1784903521.564329332 ---
1784903521.712050099 77.98601892057151
1784903521.715551683 ---
1784903523.574619702 55.907642045483854
1784903523.579130069 ---
1784903523.714997758 77.93601892057151
1784903523.718164081 ---
1784903525.573723653 55.85764204548386
1784903525.577176483 ---
1784903525.714358090 77.88601892057152
1784903525.716419940 ---
1784903527.567154055 55.80764204548386
1784903527.569954524 ---
1784903527.717800943 77.83601892057152
1784903527.720941911 ---
1784903529.566729178 55.75764204548386
1784903529.572492158 ---
1784903529.707358402 77.78601892057152
1784903529.710900145 ---
1784903531.572622516 55.707642045483865
1784903531.575393091 ---
1784903531.717362634 77.73601892057152
1784903531.723500197 ---
1784903533.569947830 55.65764204548387
1784903533.577526730 ---
1784903533.711838914 77.68601892057153
1784903533.721832314 ---
1784903535.579653348 55.60764204548387
1784903535.583380949 ---
1784903535.712456492 77.63601892057153
1784903535.716204418 ---
1784903537.566576666 55.557642045483874
1784903537.573402836 ---
1784903537.723731108 77.58601892057153
1784903537.728713139 ---
1784903539.576596211 55.50764204548388
1784903539.580229799 ---
1784903539.711109418 77.53601892057154
1784903539.714900578 ---
1784903541.566633753 55.45764204548388
1784903541.568911005 ---
1784903541.711522599 77.48601892057154
1784903541.715703078 ---
1784903543.563189064 55.40764204548388
1784903543.567857904 ---
1784903543.706956793 77.43601892057154
1784903543.709138216 ---
1784903545.577718244 55.357642045483885
1784903545.585468748 ---
1784903545.721711483 77.38601892057154
1784903545.732051588 ---
1784903547.566126829 55.30764204548389
1784903547.568337447 ---
1784903547.714029103 77.33601892057155
1784903547.718139455 ---
1784903549.570857920 55.25764204548389
1784903549.575832752 ---
1784903549.711542243 77.28601892057155
1784903549.718181429 ---
1784903551.586652755 55.207642045483894
1784903551.595377254 ---
1784903551.718337296 77.23601892057155
1784903551.727337895 ---
1784903553.567896214 55.1576420454839
1784903553.569813130 ---
1784903553.721378185 77.18601892057156
1784903553.723945922 ---
1784903555.578068767 55.1076420454839
1784903555.590765319 ---
1784903555.716230200 77.13601892057156
1784903555.722309150 ---
1784903557.566302135 55.0576420454839
1784903557.570945127 ---
1784903557.709573248 77.08601892057156
1784903557.712159005 ---
1784903559.573457798 55.007642045483905
1784903559.582068303 ---
1784903559.711654391 77.03601892057156
1784903559.714523582 ---
1784903561.567640094 54.95764204548391
1784903561.570206224 ---
1784903561.718172879 76.98601892057157
1784903561.725440390 ---
1784903563.579655996 54.90764204548391
1784903563.582275976 ---
1784903563.714588870 76.93601892057157
1784903563.717407701 ---
1784903565.571691830 54.857642045483914
1784903565.574428383 ---
1784903565.718601955 76.88601892057157
1784903565.721209224 ---
1784903567.584617713 54.80764204548392
1784903567.590486283 ---
1784903567.724893179 76.83601892057158
1784903567.728492814 ---
1784903569.572711639 54.75764204548392
1784903569.579652269 ---
1784903569.724935297 76.78601892057158
1784903569.731377439 ---
1784903571.577733968 54.70764204548392
1784903571.583588707 ---
1784903571.714933392 76.73601892057158
1784903571.726211015 ---
1784903573.571693366 54.657642045483925
1784903573.583365475 ---
1784903573.714421888 76.68601892057158
1784903573.719122707 ---
1784903575.572795305 54.60764204548393
1784903575.579192114 ---
1784903575.727711654 76.63601892057159
1784903575.732814154 ---
1784903577.584502098 54.55764204548393
1784903577.587624964 ---
1784903577.714655789 76.58601892057159
1784903577.719229208 ---
1784903579.564440595 54.507642045483934
1784903579.567085717 ---
1784903579.726100769 76.53601892057159
1784903579.734864154 ---
1784903581.571524919 54.45764204548394
1784903581.575848918 ---
1784903581.714866323 76.4860189205716
1784903581.720462769 ---
1784903583.572369440 54.40764204548394
1784903583.574522639 ---
1784903583.720639127 76.4360189205716
1784903583.727396335 ---
1784903585.576818964 54.35764204548394
1784903585.587208698 ---
1784903585.717672778 76.3860189205716
1784903585.724830340 ---
1784903587.569248902 54.307642045483945
1784903587.579010654 ---
1784903587.714420896 76.3360189205716
1784903587.727221768 ---
1784903589.561484388 54.25764204548395
1784903589.570365736 ---
1784903589.712756810 76.2860189205716
1784903589.717625672 ---
1784903591.570383827 54.20764204548395
1784903591.572492673 ---
1784903591.717217615 76.23601892057161
1784903591.719547592 ---
1784903593.569901194 54.15764204548395
1784903593.577753086 ---
1784903593.724812804 76.18601892057161
1784903593.730492501 ---
1784903595.563988143 54.107642045483956
1784903595.565643830 ---
1784903595.711995224 76.13601892057162
1784903595.720231755 ---
1784903597.570894046 54.05764204548396
1784903597.573482939 ---
1784903597.716662070 76.08601892057162
1784903597.719446391 ---
1784903599.563790342 54.00764204548396
1784903599.566341309 ---
1784903599.712000982 76.03601892057162
1784903599.715893052 ---
1784903601.572418427 53.957642045483965
1784903601.575557981 ---
1784903601.718514196 75.98601892057162
1784903601.722095103 ---
1784903603.568839483 53.90764204548397
1784903603.582632145 ---
1784903603.718882967 75.93601892057163
1784903603.732556473 ---
1784903605.569483051 53.85764204548397
1784903605.575310397 ---
1784903605.724540579 75.88601892057163
1784903605.728831395 ---
1784903607.562697305 53.80764204548397
1784903607.570358791 ---
1784903607.714999410 75.83601892057163
1784903607.718342981 ---
1784903609.570312578 53.757642045483976
1784903609.577395534 ---
1784903609.709247853 75.78601892057164
1784903609.711820749 ---
1784903611.570105799 53.70764204548398
1784903611.574233942 ---
1784903611.715982921 75.73601892057164
1784903611.723555562 ---
1784903613.576225765 53.65764204548398
1784903613.581957000 ---
1784903613.710406276 75.68601892057164
1784903613.713426671 ---
1784903615.566416309 53.607642045483985
1784903615.572708472 ---
1784903615.711512311 75.63601892057164
1784903615.713688345 ---
1784903617.577370854 53.55764204548399
1784903617.580758426 ---
1784903617.718408261 75.58601892057165
1784903617.722320930 ---
1784903619.568935073 53.50764204548399
1784903619.575932114 ---
1784903619.712574480 75.53601892057165
1784903619.715563723 ---
1784903621.567180576 53.45764204548399
1784903621.572795655 ---
1784903621.716093849 75.48601892057165
1784903621.722592472 ---
1784903623.583862476 53.407642045483996
1784903623.590540042 ---
1784903623.719475356 75.43601892057166
1784903623.723656300 ---
1784903625.566517616 53.357642045484
1784903625.569220282 ---
1784903625.716025862 75.38601892057166
1784903625.721785450 ---
1784903627.566204355 53.307642045484
1784903627.569092599 ---
1784903627.712179105 75.33601892057166
1784903627.714455086 ---
1784903629.572709483 53.257642045484005
1784903629.583490111 ---
1784903629.713236627 75.28601892057166
1784903629.721680370 ---
1784903631.572237219 53.20764204548401
1784903631.577416529 ---
1784903631.717315466 75.23601892057167
1784903631.720912082 ---
1784903633.565604198 53.15764204548401
1784903633.567783093 ---
1784903633.723098271 75.18601892057167
1784903633.725543765 ---
1784903635.571222905 53.10764204548401
1784903635.578021927 ---
1784903635.712368405 75.13601892057167
1784903635.718209359 ---
1784903637.571956512 53.057642045484016
1784903637.575991755 ---
1784903637.715684175 75.08601892057168
1784903637.721042846 ---
1784903639.570242134 53.00764204548402
1784903639.573458510 ---
1784903639.717285125 75.03601892057168
1784903639.724636831 ---
1784903641.565525480 52.95764204548402
1784903641.569753494 ---
1784903641.726905733 74.98601892057168
1784903641.729980951 ---
1784903643.570255006 52.907642045484025
1784903643.573341608 ---
1784903643.715938910 74.93601892057168
1784903643.720748665 ---
1784903645.572675681 52.85764204548403
1784903645.575451821 ---
1784903645.720856954 74.88601892057169
1784903645.732289576 ---
1784903647.570294521 52.80764204548403
1784903647.574950755 ---
1784903647.715091702 74.83601892057169
1784903647.720277014 ---
1784903649.567521277 52.75764204548403
1784903649.570490748 ---
1784903649.722013170 74.78601892057169
1784903649.726220788 ---
1784903651.569151945 52.707642045484036
1784903651.575914431 ---
1784903651.714216318 74.7360189205717
1784903651.718028261 ---
1784903653.576822647 52.65764204548404
1784903653.585173762 ---
1784903653.720988513 74.6860189205717
1784903653.726761501 ---
1784903655.573942070 52.60764204548404
1784903655.579584796 ---
1784903655.710984544 74.6360189205717
1784903655.713902677 ---
1784903657.573476004 52.557642045484045
1784903657.578330875 ---
1784903657.714501524 74.5860189205717
1784903657.720863585 ---
1784903659.579850470 52.50764204548405
1784903659.582492924 ---
1784903659.712223479 74.5360189205717
1784903659.719957159 ---
1784903661.571668740 52.45764204548405
1784903661.578032197 ---
1784903661.711653811 74.48601892057171
1784903661.717979691 ---
1784903663.569938018 52.40764204548405
1784903663.572166429 ---
1784903663.720613506 74.43601892057171
1784903663.727223026 ---
1784903665.574796316 52.357642045484056
1784903665.577336585 ---
1784903665.716233294 74.38601892057171
1784903665.722564830 ---
1784903667.566141634 52.30764204548406
1784903667.573904156 ---
1784903667.718322249 74.33601892057172
1784903667.722797439 ---
1784903669.563123007 52.25764204548406
1784903669.565505355 ---
1784903669.722405320 74.28601892057172
1784903669.724713772 ---
1784903671.564603075 52.207642045484064
1784903671.567361050 ---
1784903671.714435179 74.23601892057172
1784903671.721612328 ---
1784903673.570518418 52.15764204548407
1784903673.576550035 ---
1784903673.713002516 74.18601892057173
1784903673.717414634 ---
1784903675.582577517 52.10764204548407
1784903675.588691691 ---
1784903675.714937336 74.13601892057173
1784903675.717743784 ---
1784903677.569311510 52.05764204548407
1784903677.573033976 ---
1784903677.718584520 74.08601892057173
1784903677.728122851 ---
1784903679.562861453 52.007642045484076
1784903679.564714164 ---
1784903679.714860711 74.03601892057173
1784903679.722630002 ---
1784903681.571114465 51.95764204548408
1784903681.579482818 ---
1784903681.712092844 73.98601892057174
1784903681.718343353 ---
1784903683.569463762 51.90764204548408
1784903683.577388179 ---
1784903683.718820954 73.93601892057174
1784903683.733858674 ---
1784903685.575233588 51.857642045484084
1784903685.580364827 ---
1784903685.715417306 73.88601892057174
1784903685.727031987 ---
1784903687.565877176 51.80764204548409
1784903687.569685130 ---
1784903687.722997474 73.83601892057175
1784903687.726917530 ---
1784903689.572474966 51.75764204548409
1784903689.580416002 ---
1784903689.715492266 73.78601892057175
1784903689.719776564 ---
1784903691.561920039 51.70764204548409
1784903691.565945769 ---
1784903691.715600011 73.73601892057175
1784903691.719058949 ---
1784903693.572189329 51.657642045484096
1784903693.581600672 ---
1784903693.711543223 73.68601892057175
1784903693.714184554 ---
1784903695.575000121 51.6076420454841
1784903695.577376949 ---
1784903695.712700208 73.63601892057176
1784903695.721558168 ---
1784903697.572020390 51.5576420454841
1784903697.580806687 ---
1784903697.715030012 73.58601892057176
1784903697.732780642 ---
1784903699.576445821 51.507642045484104
1784903699.578868536 ---
1784903699.716270422 73.53601892057176
1784903699.724443899 ---
1784903701.568382522 51.45764204548411
1784903701.574583783 ---
1784903701.711820051 73.48601892057177
1784903701.716394063 ---
1784903703.570911834 51.40764204548411
1784903703.573913005 ---
1784903703.713863785 73.43601892057177
1784903703.720798348 ---
1784903705.574626678 51.35764204548411
1784903705.581193856 ---
1784903705.710103031 73.38601892057177
1784903705.712536990 ---
1784903707.569425442 51.307642045484116
1784903707.574275270 ---
1784903707.713600696 73.33601892057177
1784903707.728085433 ---
1784903709.565552295 51.25764204548412
1784903709.574330205 ---
1784903709.712436541 73.28601892057178
1784903709.714923582 ---
1784903711.562595222 51.20764204548412
1784903711.567520621 ---
1784903711.708737489 73.23601892057178
1784903711.712684918 ---
1784903713.569419858 51.157642045484124
1784903713.571388858 ---
1784903713.712732338 73.18601892057178
1784903713.718062279 ---
1784903715.576540133 51.10764204548413
1784903715.579702574 ---
1784903715.716026141 73.13601892057179
1784903715.719986142 ---
1784903717.566090475 51.05764204548413
1784903717.569951505 ---
1784903717.716822905 73.08601892057179
1784903717.720137398 ---
1784903719.567172073 51.00764204548413
1784903719.573172523 ---
1784903719.713446771 73.03601892057179
1784903719.718501870 ---
1784903721.566233605 50.957642045484135
1784903721.569035505 ---
1784903721.712057019 72.9860189205718
1784903721.715645862 ---
1784903723.572352961 50.90764204548414
1784903723.575377596 ---
1784903723.721245904 72.9360189205718
1784903723.728333839 ---
1784903725.564011472 50.85764204548414
1784903725.571864557 ---
1784903725.709762913 72.8860189205718
1784903725.714770027 ---
1784903727.568010320 50.807642045484144
1784903727.572979228 ---
1784903727.714921102 72.8360189205718
1784903727.718848412 ---
1784903729.571642545 50.75764204548415
1784903729.575305562 ---
1784903729.710570176 72.7860189205718
1784903729.714309534 ---
1784903731.569560752 50.70764204548415
1784903731.573386158 ---
1784903731.714645686 72.73601892057181
1784903731.717101294 ---
1784903733.569750451 50.65764204548415
1784903733.574296237 ---
1784903733.711062348 72.68601892057181
1784903733.717028011 ---
1784903735.573410251 50.607642045484155
1784903735.576084053 ---
1784903735.717528222 72.63601892057181
1784903735.727339056 ---
1784903737.568925364 50.55764204548416
1784903737.579873342 ---
1784903737.710677254 72.58601892057182
1784903737.713131674 ---
1784903739.569882232 50.50764204548416
1784903739.574112038 ---
1784903739.720128991 72.53601892057182
1784903739.722997730 ---
1784903741.569632807 50.457642045484164
1784903741.584987925 ---
1784903741.720069110 72.48601892057182
1784903741.726576418 ---
1784903743.572876465 50.40764204548417
1784903743.579241009 ---
1784903743.721205532 72.43601892057183
1784903743.725219377 ---
1784903745.566734508 50.35764204548417
1784903745.570201328 ---
1784903745.716821206 72.38601892057183
1784903745.721858487 ---
1784903747.574040554 50.30764204548417
1784903747.585219223 ---
1784903747.725481178 72.33601892057183
1784903747.732545846 ---
1784903749.577551161 50.257642045484175
1784903749.583116748 ---
1784903749.722689250 72.28601892057183
1784903749.728224035 ---
1784903751.574948950 50.20764204548418
1784903751.587614404 ---
1784903751.714870662 72.23601892057184
1784903751.718308425 ---
1784903753.571626783 50.15764204548418
1784903753.575026690 ---
1784903753.716943854 72.18601892057184
1784903753.723713076 ---
1784903755.564127341 50.107642045484184
1784903755.572301910 ---
1784903755.716753450 72.13601892057184
1784903755.718962712 ---
1784903757.563267426 50.05764204548419
1784903757.566061289 ---
1784903757.709333972 72.08601892057185
1784903757.710996139 ---
1784903759.572516925 50.00764204548419
1784903759.580056743 ---
1784903759.722583888 72.03601892057185
1784903759.727646380 ---
1784903761.566253479 49.95764204548419
1784903761.569298922 ---
1784903761.715245795 71.98601892057185
1784903761.722430590 ---
1784903763.569982178 49.907642045484195
1784903763.574036599 ---
1784903763.713283106 71.93601892057185
1784903763.720948154 ---
1784903765.568984209 49.8576420454842
1784903765.572028045 ---
1784903765.712980008 71.88601892057186
1784903765.715163147 ---
1784903767.566125445 49.8076420454842
1784903767.568780525 ---
1784903767.708593445 71.83601892057186
1784903767.710511103 ---
1784903769.581210305 49.757642045484204
1784903769.586774000 ---
1784903769.715567565 71.78601892057186
1784903769.718790064 ---
1784903771.573438750 49.70764204548421
1784903771.577242985 ---
1784903771.717275679 71.73601892057187
1784903771.722293746 ---
1784903773.564628267 49.65764204548421
1784903773.566571837 ---
1784903773.707407942 71.68601892057187
1784903773.715778348 ---
1784903775.566400886 49.60764204548421
1784903775.568507265 ---
1784903775.714391734 71.63601892057187
1784903775.719193771 ---
1784903777.570902772 49.557642045484215
1784903777.573125023 ---
1784903777.712667435 71.58601892057187
1784903777.717190441 ---
1784903779.565665101 49.50764204548422
1784903779.567768545 ---
1784903779.711327994 71.53601892057188
1784903779.720007182 ---
1784903781.574575824 49.45764204548422
1784903781.577165528 ---
1784903781.709421151 71.48601892057188
1784903781.711301790 ---
1784903783.567233832 49.407642045484224
1784903783.571826612 ---
1784903783.713962598 71.43601892057188
1784903783.720770923 ---
1784903785.568890163 49.357642045484226
1784903785.574766899 ---
1784903785.719285274 71.38601892057189
1784903785.723482314 ---
1784903787.578282233 49.30764204548423
1784903787.581489573 ---
1784903787.720453114 71.33601892057189
1784903787.723955966 ---
1784903789.580431562 49.25764204548423
1784903789.598108071 ---
1784903789.716685115 71.28601892057189
1784903789.724111843 ---
1784903791.577566059 49.207642045484235
1784903791.580156320 ---
1784903791.712168960 71.2360189205719
1784903791.719055089 ---
1784903793.571006979 49.15764204548424
1784903793.573599754 ---
1784903793.714796331 71.1860189205719
1784903793.725056866 ---
1784903795.567793202 49.10764204548424
1784903795.571098882 ---
1784903795.712790504 71.1360189205719
1784903795.715269082 ---
1784903797.577946532 49.05764204548424
1784903797.583132570 ---
1784903797.721104111 71.0860189205719
1784903797.725033014 ---
1784903799.573803025 49.007642045484246
1784903799.576321973 ---
1784903799.712453932 71.0360189205719
1784903799.718410147 ---
1784903801.569553865 48.95764204548425
1784903801.582128700 ---
1784903801.716566215 70.98601892057191
1784903801.724266870 ---
1784903803.567763891 48.90764204548425
1784903803.574524715 ---
1784903803.711926215 70.93601892057191
1784903803.714170464 ---
1784903805.569685975 48.857642045484255
1784903805.575233527 ---
1784903805.727042501 70.88601892057191
1784903805.734254451 ---
1784903807.576983607 48.80764204548426
1784903807.582937794 ---
1784903807.713421435 70.83601892057192
1784903807.715971464 ---
1784903809.573221363 48.75764204548426
1784903809.577095855 ---
1784903809.714772086 70.78601892057192
1784903809.719631318 ---
1784903811.571042314 48.70764204548426
1784903811.573434843 ---
1784903811.716118223 70.73601892057192
1784903811.725485228 ---
1784903813.571408780 48.657642045484266
1784903813.578445767 ---
1784903813.717855796 70.68601892057193
1784903813.722706925 ---
1784903815.567515101 48.60764204548427
1784903815.569808868 ---
1784903815.716063239 70.63601892057193
1784903815.719012987 ---
1784903817.566244674 48.55764204548427
1784903817.570409160 ---
1784903817.713447452 70.58601892057193
1784903817.716003416 ---
1784903819.567456764 48.507642045484275
1784903819.573018909 ---
1784903819.719869587 70.53601892057193
1784903819.730211130 ---
1784903821.568755979 48.45764204548428
1784903821.576410249 ---
1784903821.712924890 70.48601892057194
1784903821.715503133 ---
1784903823.573734498 48.40764204548428
1784903823.578856971 ---
1784903823.713541461 70.43601892057194
1784903823.718203099 ---
1784903825.575306097 48.35764204548428
1784903825.577730822 ---
1784903825.717846276 70.38601892057194
1784903825.722239781 ---
1784903827.574032399 48.307642045484286
1784903827.577233446 ---
1784903827.717066087 70.33601892057195
1784903827.720357095 ---
1784903829.572112601 48.25764204548429
1784903829.581860531 ---
1784903829.714377288 70.28601892057195
1784903829.717429776 ---
1784903831.591629046 48.20764204548429
1784903831.600922984 ---
1784903831.716005057 70.23601892057195
1784903831.726867775 ---
1784903833.573389361 48.157642045484295
1784903833.581113752 ---
1784903833.712394097 70.18601892057195
1784903833.715464954 ---
1784903835.580527597 48.1076420454843
1784903835.587204528 ---
1784903835.723829788 70.13601892057196
1784903835.726533610 ---
1784903837.569535826 48.0576420454843
1784903837.578413000 ---
1784903837.717267406 70.08601892057196
1784903837.728633071 ---
1784903839.573893341 48.0076420454843
1784903839.581149911 ---
1784903839.712811224 70.03601892057196
1784903839.717977416 ---
1784903841.569336422 47.957642045484306
1784903841.572821316 ---
1784903841.722931287 69.98601892057196
1784903841.725471393 ---
1784903843.564085566 47.90764204548431
1784903843.569510252 ---
1784903843.712574921 69.93601892057197
1784903843.715178866 ---
1784903845.570416300 47.85764204548431
1784903845.573041756 ---
1784903845.710033501 69.88601892057197
1784903845.712846350 ---
1784903847.564815181 47.807642045484315
1784903847.569905520 ---
1784903847.710549074 69.83601892057197
1784903847.714350432 ---
1784903849.579734213 47.75764204548432
1784903849.585104140 ---
1784903849.710944065 69.78601892057198
1784903849.717972659 ---
1784903851.582123107 47.70764204548432
1784903851.587484721 ---
1784903851.711732321 69.73601892057198
1784903851.714576110 ---
1784903853.572085724 47.65764204548432
1784903853.577279990 ---
1784903853.713658733 69.68601892057198
1784903853.717829498 ---
1784903855.567034652 47.607642045484326
1784903855.573196335 ---
1784903855.718097353 69.63601892057198
1784903855.722160068 ---
1784903857.574842695 47.55764204548433
1784903857.581219567 ---
1784903857.721029538 69.58601892057199
1784903857.724877900 ---
1784903859.575808951 47.50764204548433
1784903859.579693911 ---
1784903859.710170411 69.53601892057199
1784903859.712354169 ---
1784903861.572581368 47.457642045484334
1784903861.574851454 ---
1784903861.707946063 69.486018920572
1784903861.717201366 ---
1784903863.568203352 47.40764204548434
1784903863.575032885 ---
1784903863.712394422 69.436018920572
1784903863.729510301 ---
1784903865.572930515 47.35764204548434
1784903865.578449486 ---
1784903865.723761898 69.386018920572
1784903865.728837705 ---
1784903867.561662990 47.30764204548434
1784903867.565005886 ---
1784903867.708779123 69.336018920572
1784903867.711423784 ---
1784903869.569325458 47.257642045484346
1784903869.577330262 ---
1784903869.726798885 69.286018920572
1784903869.731592869 ---
1784903871.570865685 47.20764204548435
1784903871.573945965 ---
1784903871.720374176 69.23601892057201
1784903871.727044392 ---
1784903873.567545763 47.15764204548435
1784903873.570144325 ---
1784903873.711587027 69.18601892057201
1784903873.714250825 ---
1784903875.581472717 47.107642045484354
1784903875.584735291 ---
1784903875.710001379 69.13601892057201
1784903875.716719297 ---
1784903877.575960473 47.05764204548436
1784903877.584755984 ---
1784903877.727057331 69.08601892057202
1784903877.734166098 ---
1784903879.566308948 47.00764204548436
1784903879.573867164 ---
1784903879.712068421 69.03601892057202
1784903879.714190505 ---
1784903881.565402276 46.95764204548436
1784903881.569362176 ---
1784903881.719887123 68.98601892057202
1784903881.723886345 ---
1784903883.570020768 46.907642045484366
1784903883.572518823 ---
1784903883.723762597 68.93601892057202
1784903883.732275096 ---
1784903885.562926330 46.85764204548437
1784903885.565186775 ---
1784903885.711462433 68.88601892057203
1784903885.713451952 ---
1784903887.573003683 46.80764204548437
1784903887.580674136 ---
1784903887.715859678 68.83601892057203
1784903887.720518370 ---
1784903889.570122155 46.757642045484374
1784903889.572789024 ---
1784903889.718543969 68.78601892057203
1784903889.722633080 ---
1784903891.571087919 46.70764204548438
1784903891.573626833 ---
1784903891.718356032 68.73601892057204
1784903891.721197302 ---
1784903893.582459573 46.65764204548438
1784903893.587996977 ---
1784903893.725400116 68.68601892057204
1784903893.735681421 ---
1784903895.585153743 46.60764204548438
1784903895.590821266 ---
1784903895.728222159 68.63601892057204
1784903895.735275046 ---
1784903897.574150224 46.557642045484386
1784903897.576187655 ---
1784903897.714977114 68.58601892057204
1784903897.724396607 ---
1784903899.567765152 46.50764204548439
1784903899.570642671 ---
1784903899.720894770 68.53601892057205
1784903899.727092201 ---
1784903901.567526931 46.45764204548439
1784903901.571096747 ---
1784903901.716165124 68.48601892057205
1784903901.720117688 ---
1784903903.574959075 46.407642045484394
1784903903.583737465 ---
1784903903.709656181 68.43601892057205
1784903903.716843865 ---
1784903905.568869895 46.3576420454844
1784903905.581523389 ---
1784903905.718448380 68.38601892057206
1784903905.721887516 ---
1784903907.565474669 46.3076420454844
1784903907.568115904 ---
1784903907.711458184 68.33601892057206
1784903907.715144918 ---
1784903909.562937959 46.2576420454844
1784903909.567873650 ---
1784903909.716608882 68.28601892057206
1784903909.719626856 ---
1784903911.569674822 46.207642045484405
1784903911.571898247 ---
1784903911.716977954 68.23601892057206
1784903911.724344577 ---
1784903913.566404026 46.15764204548441
1784903913.569028707 ---
1784903913.708182669 68.18601892057207
1784903913.710279256 ---
1784903915.576294758 46.10764204548441
1784903915.585372846 ---
1784903915.724289326 68.13601892057207
1784903915.729545742 ---
1784903917.576378007 46.057642045484414
1784903917.578473477 ---
1784903917.718123941 68.08601892057207
1784903917.722849329 ---
1784903919.570976162 46.00764204548442
1784903919.580008082 ---
1784903919.713709964 68.03601892057208
1784903919.717746966 ---
1784903921.580894593 45.95764204548442
1784903921.584682250 ---
1784903921.714966500 67.98601892057208
1784903921.717892419 ---
1784903923.572980921 45.90764204548442
1784903923.579613966 ---
1784903923.719240583 67.93601892057208
1784903923.722548410 ---
1784903925.575132787 45.857642045484425
1784903925.577808174 ---
1784903925.713948850 67.88601892057208
1784903925.717727567 ---
1784903927.576990043 45.80764204548443
1784903927.579925739 ---
1784903927.710925166 67.83601892057209
1784903927.713950402 ---
1784903929.577579339 45.75764204548443
1784903929.590181766 ---
1784903929.714461323 67.78601892057209
1784903929.716952599 ---
1784903931.573550454 45.707642045484434
1784903931.579950427 ---
1784903931.717717538 67.73601892057209
1784903931.730678964 ---
1784903933.577677353 45.65764204548444
1784903933.586111890 ---
1784903933.724566259 67.6860189205721
1784903933.735213602 ---
1784903935.565194787 45.60764204548444
1784903935.567194778 ---
1784903935.714731898 67.6360189205721
1784903935.719341760 ---
1784903937.572090934 45.55764204548444
1784903937.577514272 ---
1784903937.709046075 67.5860189205721
1784903937.711666912 ---
1784903939.569187575 45.507642045484445
1784903939.572610922 ---
1784903939.724461604 67.5360189205721
1784903939.727781302 ---
1784903941.564562692 45.45764204548445
1784903941.567130098 ---
1784903941.715226918 67.4860189205721
1784903941.717711838 ---
1784903943.577684119 45.40764204548445
1784903943.581046213 ---
1784903943.721208713 67.43601892057211
1784903943.724163755 ---
1784903945.569572258 45.357642045484454
1784903945.575366608 ---
1784903945.722567375 67.38601892057211
1784903945.727345072 ---
1784903947.566301023 45.30764204548446
1784903947.568531080 ---
1784903947.712523052 67.33601892057212
1784903947.715585723 ---
1784903949.568843833 45.25764204548446
1784903949.577607541 ---
1784903949.709322210 67.28601892057212
1784903949.713829330 ---
1784903951.569882757 45.20764204548446
1784903951.572897444 ---
1784903951.716295161 67.23601892057212
1784903951.724753090 ---
1784903953.571205877 45.157642045484465
1784903953.579787849 ---
1784903953.721256877 67.18601892057212
1784903953.724267094 ---
1784903955.569605528 45.10764204548447
1784903955.578867084 ---
1784903955.717812420 67.13601892057213
1784903955.725812799 ---
1784903957.580032917 45.05764204548447
1784903957.583320345 ---
1784903957.713651015 67.08601892057213
1784903957.717625571 ---
1784903959.565690540 45.007642045484474
1784903959.572882470 ---
1784903959.711762483 67.03601892057213
1784903959.714401058 ---
1784903961.578253699 44.95764204548448
1784903961.592919100 ---
1784903961.721362631 66.98601892057214
1784903961.731951644 ---
1784903963.563254654 44.90764204548448
1784903963.565201841 ---
1784903963.713680526 66.93601892057214
1784903963.716053554 ---
1784903965.575490389 44.85764204548448
1784903965.578334167 ---
1784903965.709969211 66.88601892057214
1784903965.721377216 ---
1784903967.572806217 44.807642045484485
1784903967.575608576 ---
1784903967.719361023 66.83601892057214
1784903967.728642550 ---
1784903969.564873397 44.75764204548449
1784903969.569374646 ---
1784903969.713728303 66.78601892057215
1784903969.716928913 ---
1784903971.587722110 44.70764204548449
1784903971.594610075 ---
1784903971.720427001 66.73601892057215
1784903971.726220787 ---
1784903973.562546935 44.657642045484494
1784903973.567914950 ---
1784903973.718628111 66.68601892057215
1784903973.720859284 ---
1784903975.572397584 44.607642045484496
1784903975.575160550 ---
1784903975.715929285 66.63601892057216
1784903975.734171610 ---
1784903977.569414648 44.5576420454845
1784903977.579823877 ---
1784903977.709488703 66.58601892057216
1784903977.716901057 ---
1784903979.574244142 44.5076420454845
1784903979.577915851 ---
1784903979.721518564 66.53601892057216
1784903979.724435257 ---
1784903981.573680834 44.457642045484505
1784903981.579970442 ---
1784903981.709032217 66.48601892057216
1784903981.720320712 ---
1784903983.571052173 44.40764204548451
1784903983.574905127 ---
1784903983.719064130 66.43601892057217
1784903983.722086846 ---
1784903985.565043482 44.35764204548451
1784903985.568751230 ---
1784903985.708946917 66.38601892057217
1784903985.711030438 ---
1784903987.567571226 44.30764204548451
1784903987.578853713 ---
1784903987.721936259 66.33601892057217
1784903987.727085730 ---
1784903989.576254066 44.257642045484516
1784903989.586935752 ---
1784903989.713575368 66.28601892057218
1784903989.716116159 ---
1784903991.575361491 44.20764204548452
1784903991.577900535 ---
1784903991.708101007 66.23601892057218
1784903991.714115008 ---
1784903993.576398651 44.15764204548452
1784903993.579735036 ---
1784903993.715207336 66.18601892057218
1784903993.721156172 ---
1784903995.563676945 44.107642045484525
1784903995.570140112 ---
1784903995.710281206 66.13601892057218
1784903995.713360495 ---
1784903997.577306818 44.05764204548453
1784903997.580270305 ---
1784903997.712176905 66.08601892057219
1784903997.724014719 ---
1784903999.573773833 44.00764204548453
1784903999.584093863 ---
1784903999.711564863 66.03601892057219
1784903999.720146612 ---
1784904001.572003518 43.95764204548453
1784904001.579314243 ---
1784904001.712383871 65.98601892057219
1784904001.714940096 ---
1784904003.580111621 43.907642045484536
1784904003.582859499 ---
1784904003.711812854 65.9360189205722
1784904003.715435459 ---
1784904005.566621210 43.85764204548454
1784904005.569151034 ---
1784904005.713588824 65.8860189205722
1784904005.716308763 ---
1784904007.578636071 43.80764204548454
1784904007.589172965 ---
1784904007.709962644 65.8360189205722
1784904007.713965061 ---
1784904009.575254161 43.757642045484545
1784904009.578809506 ---
1784904009.714632355 65.7860189205722
1784904009.721011008 ---
1784904011.563243864 43.70764204548455
1784904011.565390313 ---
1784904011.711487572 65.7360189205722
1784904011.714964761 ---
1784904013.570199333 43.65764204548455
1784904013.572638778 ---
1784904013.731052338 65.68601892057221
1784904013.740686704 ---
1784904015.576420058 43.60764204548455
1784904015.583858734 ---
1784904015.720889512 65.63601892057221
1784904015.732022732 ---
1784904017.570606870 43.557642045484556
1784904017.575848111 ---
1784904017.712690580 65.58601892057222
1784904017.717815321 ---
1784904019.576143296 43.50764204548456
1784904019.581662655 ---
1784904019.723030106 65.53601892057222
1784904019.725582489 ---
1784904021.566552347 43.45764204548456
1784904021.569142515 ---
1784904021.726103000 65.48601892057222
1784904021.730479989 ---
1784904023.562767766 43.407642045484565
1784904023.566729951 ---
1784904023.715408873 65.43601892057222
1784904023.717659669 ---
1784904025.566415803 43.35764204548457
1784904025.569102984 ---
1784904025.709377768 65.38601892057223
1784904025.711479027 ---
1784904027.570434800 43.30764204548457
1784904027.573231985 ---
1784904027.720347569 65.33601892057223
1784904027.724444832 ---
1784904029.571705242 43.25764204548457
1784904029.580449930 ---
1784904029.714495235 65.28601892057223
1784904029.717064169 ---
1784904031.566576452 43.207642045484576
1784904031.573935363 ---
1784904031.716935367 65.23601892057223
1784904031.721608005 ---
1784904033.571402836 43.15764204548458
1784904033.575283024 ---
1784904033.715484229 65.18601892057224
1784904033.721713621 ---
1784904035.571504780 43.10764204548458
1784904035.574142441 ---
1784904035.726348365 65.13601892057224
1784904035.736300795 ---
1784904037.568125019 43.057642045484585
1784904037.574887949 ---
1784904037.716769656 65.08601892057224
1784904037.721984213 ---
1784904039.575830091 43.00764204548459
1784904039.583500434 ---
1784904039.713220886 65.03601892057225
1784904039.718606072 ---
1784904041.563439654 42.95764204548459
1784904041.565823781 ---
1784904041.716882699 64.98601892057225
1784904041.722890195 ---
1784904043.563250089 42.90764204548459
1784904043.565607744 ---
1784904043.712612766 64.93601892057225
1784904043.715536158 ---
1784904045.574230984 42.857642045484596
1784904045.578619285 ---
1784904045.714939836 64.88601892057225
1784904045.722120153 ---
1784904047.572369609 42.8076420454846
1784904047.580059856 ---
1784904047.728600172 64.83601892057226
1784904047.731202631 ---
1784904049.572429667 42.7576420454846
1784904049.578840372 ---
1784904049.718689777 64.78601892057226
1784904049.724048979 ---
1784904051.564636977 42.707642045484604
1784904051.567418097 ---
1784904051.719503749 64.73601892057226
1784904051.723616095 ---
1784904053.572218101 42.65764204548461
1784904053.583814863 ---
1784904053.715307415 64.68601892057227
1784904053.723160956 ---
1784904055.572275651 42.60764204548461
1784904055.579241056 ---
1784904055.714163500 64.63601892057227
1784904055.722246758 ---
1784904057.573699098 42.55764204548461
1784904057.579353530 ---
1784904057.723182894 64.58601892057227
1784904057.731717484 ---
1784904059.575369539 42.507642045484616
1784904059.584346730 ---
1784904059.721774324 64.53601892057227
1784904059.732819945 ---
1784904061.578565610 42.45764204548462
1784904061.583025918 ---
1784904061.719510750 64.48601892057228
1784904061.727279080 ---
1784904063.580425662 42.40764204548462
1784904063.587669812 ---
1784904063.725101372 64.43601892057228
1784904063.728828527 ---
1784904065.571256256 42.357642045484624
1784904065.576506639 ---
1784904065.708717981 64.38601892057228
1784904065.711754588 ---
1784904067.582884607 42.30764204548463
1784904067.586379530 ---
1784904067.713680622 64.33601892057229
1784904067.732431710 ---
1784904069.563867675 42.25764204548463
1784904069.565981713 ---
1784904069.716312109 64.28601892057229
1784904069.721425667 ---
1784904071.574434035 42.20764204548463
1784904071.581352781 ---
1784904071.714663934 64.23601892057229
1784904071.720001341 ---
1784904073.566862220 42.157642045484636
1784904073.570314887 ---
1784904073.714938663 64.1860189205723
1784904073.718287752 ---
1784904075.569212891 42.10764204548464
1784904075.576367918 ---
1784904075.718685926 64.1360189205723
1784904075.724467471 ---
1784904077.574942434 42.05764204548464
1784904077.584764732 ---
1784904077.718764036 64.0860189205723
1784904077.722939588 ---
1784904079.575429100 42.007642045484644
1784904079.580549850 ---
1784904079.708503033 64.0360189205723
1784904079.710679511 ---
1784904081.567172240 41.95764204548465
1784904081.570567984 ---
1784904081.724163954 63.986018920572306
1784904081.731666943 ---
1784904083.579512678 41.90764204548465
1784904083.588585758 ---
1784904083.724169241 63.93601892057231
1784904083.736582400 ---
1784904085.574864999 41.85764204548465
1784904085.578687769 ---
1784904085.719956054 63.88601892057231
1784904085.725726143 ---
1784904087.569123807 41.807642045484656
1784904087.574029298 ---
1784904087.722778422 63.836018920572315
1784904087.727852376 ---
1784904089.562369842 41.75764204548466
1784904089.564574327 ---
1784904089.722462245 63.78601892057232
1784904089.724985777 ---
1784904091.578430228 41.70764204548466
1784904091.581717084 ---
1784904091.714800334 63.73601892057232
1784904091.723937669 ---
1784904093.572942042 41.657642045484664
1784904093.576990686 ---
1784904093.711384621 63.68601892057232
1784904093.714043859 ---
1784904095.563570777 41.60764204548467
1784904095.568642007 ---
1784904095.719795408 63.636018920572326
1784904095.723587235 ---
1784904097.571495702 41.55764204548467
1784904097.575278170 ---
1784904097.712513692 63.58601892057233
1784904097.719893193 ---
1784904099.573390894 41.50764204548467
1784904099.576255823 ---
1784904099.715729206 63.53601892057233
1784904099.720098992 ---
1784904101.565589618 41.457642045484675
1784904101.571013419 ---
1784904101.717887808 63.486018920572334
1784904101.730891281 ---
1784904103.575656552 41.40764204548468
1784904103.583502610 ---
1784904103.719395081 63.43601892057234
1784904103.722438041 ---
1784904105.574630560 41.35764204548468
1784904105.579630407 ---
1784904105.714350331 63.38601892057234
1784904105.722633541 ---
1784904107.574341807 41.307642045484684
1784904107.577139335 ---
1784904107.713990470 63.33601892057234
1784904107.720909628 ---
1784904109.577859794 41.25764204548469
1784904109.586721660 ---
1784904109.711108721 63.286018920572346
1784904109.713378090 ---
1784904111.572979646 41.20764204548469
1784904111.575894652 ---
1784904111.713842671 63.23601892057235
1784904111.722099898 ---
1784904113.563063302 41.15764204548469
1784904113.564888673 ---
1784904113.730629184 63.18601892057235
1784904113.740806140 ---
1784904115.572807778 41.107642045484695
1784904115.587698360 ---
1784904115.717178559 63.136018920572354
1784904115.719660253 ---
1784904117.574262938 41.0576420454847
1784904117.579489776 ---
1784904117.708474287 63.08601892057236
1784904117.712633701 ---
1784904119.573778432 41.0076420454847
1784904119.576579731 ---
1784904119.715466844 63.03601892057236
1784904119.718439121 ---
1784904121.574843034 40.957642045484704
1784904121.580411897 ---
1784904121.720769775 62.98601892057236
1784904121.725759354 ---
1784904123.565373260 40.90764204548471
1784904123.569968639 ---
1784904123.716236561 62.936018920572366
1784904123.721640523 ---
1784904125.572930979 40.85764204548471
1784904125.578042016 ---
1784904125.717406840 62.88601892057237
1784904125.723857342 ---
1784904127.580310288 40.80764204548471
1784904127.586804652 ---
1784904127.720787229 62.83601892057237
1784904127.726686174 ---
1784904129.576480810 40.757642045484715
1784904129.582053933 ---
1784904129.714198353 62.786018920572374
1784904129.717506299 ---
1784904131.583665056 40.70764204548472
1784904131.592133348 ---
1784904131.717340307 62.73601892057238
1784904131.722924815 ---
1784904133.569141587 40.65764204548472
1784904133.574390983 ---
1784904133.714561359 62.68601892057238
1784904133.716852727 ---
1784904135.570311242 40.607642045484724
1784904135.578388267 ---
1784904135.717173003 62.63601892057238
1784904135.722741306 ---
1784904137.573017155 40.55764204548473
1784904137.575804135 ---
1784904137.721918700 62.586018920572386
1784904137.726727171 ---
1784904139.571000060 40.50764204548473
1784904139.579191209 ---
1784904139.711196118 62.53601892057239
1784904139.717479063 ---
1784904141.581200026 40.45764204548473
1784904141.584214557 ---
1784904141.718861863 62.48601892057239
1784904141.724552741 ---
1784904143.570190132 40.407642045484735
1784904143.572265891 ---
1784904143.714372445 62.436018920572394
1784904143.717937764 ---
1784904145.577044665 40.35764204548474
1784904145.581317712 ---
1784904145.711955757 62.3860189205724
1784904145.717736873 ---
1784904147.571049369 40.30764204548474
1784904147.574666652 ---
1784904147.708921765 62.3360189205724
1784904147.715926824 ---
1784904149.564696099 40.257642045484744
1784904149.566466851 ---
1784904149.711004090 62.2860189205724
1784904149.713947868 ---
1784904151.575341611 40.20764204548475
1784904151.578466844 ---
1784904151.718694850 62.236018920572405
1784904151.729124632 ---
1784904153.576304436 40.15764204548475
1784904153.584627377 ---
1784904153.715193180 62.18601892057241
1784904153.721421854 ---
1784904155.577489759 40.10764204548475
1784904155.583002603 ---
1784904155.709983455 62.13601892057241
1784904155.711974423 ---
1784904157.566535082 40.057642045484755
1784904157.568547003 ---
1784904157.713110337 62.086018920572414
1784904157.723629028 ---
1784904159.568519023 40.00764204548476
1784904159.577966449 ---
1784904159.715388034 62.03601892057242
1784904159.717817133 ---
1784904161.566004579 39.95764204548476
1784904161.568129019 ---
1784904161.726866656 61.98601892057242
1784904161.734827316 ---
1784904163.571650667 39.907642045484764
1784904163.586916642 ---
1784904163.707988542 61.93601892057242
1784904163.710510812 ---
1784904165.562794988 39.857642045484766
1784904165.569406823 ---
1784904165.725140113 61.886018920572425
1784904165.732333818 ---
1784904167.577520029 39.80764204548477
1784904167.585403022 ---
1784904167.711844994 61.83601892057243
1784904167.714191117 ---
1784904169.566437827 39.75764204548477
1784904169.568620167 ---
1784904169.715153056 61.78601892057243
1784904169.720248861 ---
1784904171.570472391 39.707642045484775
1784904171.582143222 ---
1784904171.716447920 61.736018920572434
1784904171.719993331 ---
1784904173.564045937 39.65764204548478
1784904173.566300704 ---
1784904173.715258348 61.68601892057244
1784904173.722165901 ---
1784904175.564913461 39.60764204548478
1784904175.567023093 ---
1784904175.718130104 61.63601892057244
1784904175.725016773 ---
1784904177.573693780 39.55764204548478
1784904177.580021559 ---
1784904177.713925195 61.58601892057244
1784904177.717713942 ---
1784904179.562067536 39.507642045484786
1784904179.565778616 ---
1784904179.722227756 61.536018920572445
1784904179.724617462 ---
1784904181.567638283 39.45764204548479
1784904181.570886718 ---
1784904181.716191435 61.48601892057245
1784904181.725110209 ---
1784904183.567024273 39.40764204548479
1784904183.569742315 ---
1784904183.715994665 61.43601892057245
1784904183.721949966 ---
1784904185.573741329 39.357642045484795
1784904185.581358004 ---
1784904185.710536335 61.386018920572454
1784904185.714341075 ---
1784904187.568834683 39.3076420454848
1784904187.581024869 ---
1784904187.717307914 61.33601892057246
1784904187.722265775 ---
1784904189.583380562 39.2576420454848
1784904189.586999797 ---
1784904189.718810808 61.28601892057246
1784904189.722522796 ---
1784904191.573146895 39.2076420454848
1784904191.576310330 ---
1784904191.707590452 61.23601892057246
1784904191.711207033 ---
1784904193.572159621 39.157642045484806
1784904193.579982054 ---
1784904193.718255280 61.186018920572465
1784904193.720901800 ---
1784904195.566146651 39.10764204548481
1784904195.568660887 ---
1784904195.712680433 61.13601892057247
1784904195.714958807 ---
1784904197.582800554 39.05764204548481
1784904197.585716182 ---
1784904197.713352259 61.08601892057247
1784904197.727968326 ---
1784904199.574627074 39.007642045484815
1784904199.577531876 ---
1784904199.708319368 61.036018920572474
1784904199.721941488 ---
1784904201.568772741 38.95764204548482
1784904201.572523771 ---
1784904201.714497016 60.98601892057248
1784904201.716557756 ---
1784904203.572022389 38.90764204548482
1784904203.582297804 ---
1784904203.718202667 60.93601892057248
1784904203.726547391 ---
1784904205.561767310 38.85764204548482
1784904205.565830192 ---
1784904205.714508007 60.88601892057248
1784904205.718952864 ---
1784904207.569204829 38.807642045484826
1784904207.574483202 ---
1784904207.721936440 60.836018920572485
1784904207.725619511 ---
1784904209.574343007 38.75764204548483
1784904209.579770077 ---
1784904209.712991736 60.78601892057249
1784904209.716400251 ---
1784904211.575103713 38.70764204548483
1784904211.579357897 ---
1784904211.709802702 60.73601892057249
1784904211.711943832 ---
1784904213.576853184 38.657642045484835
1784904213.579381807 ---
1784904213.715496662 60.686018920572494
1784904213.720562918 ---
1784904215.575630509 38.60764204548484
1784904215.578476153 ---
1784904215.718508818 60.636018920572496
1784904215.721170842 ---
1784904217.568454690 38.55764204548484
1784904217.570816457 ---
1784904217.719857632 60.5860189205725
1784904217.722620860 ---
1784904219.570448853 38.50764204548484
1784904219.582041378 ---
1784904219.721146367 60.5360189205725
1784904219.728183194 ---
1784904221.564911614 38.457642045484846
1784904221.574370831 ---
1784904221.721620222 60.486018920572505
1784904221.729639750 ---
1784904223.571520538 38.40764204548485
1784904223.581738327 ---
1784904223.710595901 60.43601892057251
1784904223.712734586 ---
1784904225.574299009 38.35764204548485
1784904225.583501480 ---
1784904225.716681468 60.38601892057251
1784904225.718958583 ---
1784904227.572856533 38.307642045484855
1784904227.578353444 ---
1784904227.713763257 60.33601892057251
1784904227.721833700 ---
1784904229.565113373 38.25764204548486
1784904229.567353121 ---
1784904229.715871200 60.286018920572516
1784904229.719001456 ---
1784904231.576738217 38.20764204548486
1784904231.586356536 ---
1784904231.715958483 60.23601892057252
1784904231.719997616 ---
1784904233.569532204 38.15764204548486
1784904233.573837301 ---
1784904233.720801484 60.18601892057252
1784904233.724818197 ---
1784904235.569186929 38.107642045484866
1784904235.577893857 ---
1784904235.715031792 60.136018920572525
1784904235.720965225 ---
1784904237.586521674 38.05764204548487
1784904237.592925505 ---
1784904237.708844843 60.08601892057253
1784904237.711750481 ---
1784904239.569924027 38.00764204548487
1784904239.576400844 ---
1784904239.718247980 60.03601892057253
1784904239.722045453 ---
1784904241.567407283 37.957642045484874
1784904241.571109768 ---
1784904241.711271639 59.98601892057253
1784904241.718511569 ---
1784904243.563991921 37.90764204548488
1784904243.566517120 ---
1784904243.712056114 59.936018920572536
1784904243.717779386 ---
1784904245.572333830 37.85764204548488
1784904245.577410350 ---
1784904245.722056386 59.88601892057254
1784904245.734910492 ---
1784904247.567781535 37.80764204548488
1784904247.573407585 ---
1784904247.716173982 59.83601892057254
1784904247.718707632 ---
1784904249.577393884 37.757642045484886
1784904249.583733876 ---
1784904249.716605510 59.786018920572545
1784904249.720715114 ---
1784904251.577256812 37.70764204548489
1784904251.590305152 ---
1784904251.718342689 59.73601892057255
1784904251.726376530 ---
1784904253.570852519 37.65764204548489
1784904253.576705979 ---
1784904253.713704458 59.68601892057255
1784904253.725446440 ---
1784904255.573124342 37.607642045484894
1784904255.577025531 ---
1784904255.711509841 59.63601892057255
1784904255.715755080 ---
1784904257.565302348 37.5576420454849
1784904257.570989160 ---
1784904257.710377819 59.586018920572556
1784904257.718691942 ---
1784904259.562627548 37.5076420454849
1784904259.565585567 ---
1784904259.714674182 59.53601892057256
1784904259.717089446 ---
1784904261.585613032 37.4576420454849
1784904261.589835711 ---
1784904261.723944666 59.48601892057256
1784904261.731196535 ---
1784904263.563902324 37.407642045484906
1784904263.565824701 ---
1784904263.718337530 59.436018920572565
1784904263.729019842 ---
1784904265.565497818 37.35764204548491
1784904265.567505475 ---
1784904265.718549067 59.38601892057257
1784904265.720824714 ---
1784904267.578028592 37.30764204548491
1784904267.584762361 ---
1784904267.714253446 59.33601892057257
1784904267.720862264 ---
1784904269.568619996 37.257642045484914
1784904269.571780911 ---
1784904269.717539630 59.28601892057257
1784904269.725634861 ---
1784904271.573018790 37.20764204548492
1784904271.582863605 ---
1784904271.719638048 59.236018920572576
1784904271.724552737 ---
1784904273.566342050 37.15764204548492
1784904273.571401386 ---
1784904273.716924162 59.18601892057258
1784904273.722011296 ---
1784904275.570272464 37.10764204548492
1784904275.578234991 ---
1784904275.714217746 59.13601892057258
1784904275.719771854 ---
1784904277.564690376 37.057642045484926
1784904277.568044339 ---
1784904277.716920927 59.086018920572585
1784904277.719849332 ---
1784904279.568822840 37.00764204548493
1784904279.571569372 ---
1784904279.715007159 59.03601892057259
1784904279.724751258 ---
1784904281.578123800 36.95764204548493
1784904281.583359840 ---
1784904281.716357881 58.98601892057259
1784904281.724836202 ---
1784904283.569458664 36.907642045484934
1784904283.572291104 ---
1784904283.721881827 58.93601892057259
1784904283.729558413 ---
1784904285.568100918 36.85764204548494
1784904285.574833566 ---
1784904285.711632699 58.886018920572596
1784904285.717562215 ---
1784904287.568986756 36.80764204548494
1784904287.576108993 ---
1784904287.719785345 58.8360189205726
1784904287.722899883 ---
1784904289.574776944 36.75764204548494
1784904289.584330298 ---
1784904289.711054125 58.7860189205726
1784904289.714060545 ---
1784904291.566386774 36.707642045484945
1784904291.573916827 ---
1784904291.712639857 58.736018920572604
1784904291.720425329 ---
1784904293.572569269 36.65764204548495
1784904293.576612797 ---
1784904293.718289301 58.68601892057261
1784904293.729242740 ---
1784904295.569032391 36.60764204548495
1784904295.572434196 ---
1784904295.717360938 58.63601892057261
1784904295.725204868 ---
1784904297.570765844 36.557642045484954
1784904297.573492749 ---
1784904297.715086967 58.58601892057261
1784904297.717877709 ---
1784904299.586746629 36.50764204548496
1784904299.596700185 ---
1784904299.726311605 58.536018920572616
1784904299.730147836 ---
1784904301.572021916 36.45764204548496
1784904301.579382247 ---
1784904301.711846496 58.48601892057262
1784904301.714947344 ---
1784904303.577875023 36.40764204548496
1784904303.581511641 ---
1784904303.712578314 58.43601892057262
1784904303.716164086 ---
1784904305.564230373 36.357642045484965
1784904305.570430741 ---
1784904305.723462741 58.386018920572624
1784904305.727375172 ---
1784904307.571656847 36.30764204548497
1784904307.580984254 ---
1784904307.729496948 58.33601892057263
1784904307.739495342 ---
1784904309.569367864 36.25764204548497
1784904309.572507335 ---
1784904309.710298399 58.28601892057263
1784904309.719989690 ---
1784904311.569277909 36.207642045484974
1784904311.572230338 ---
1784904311.712855930 58.23601892057263
1784904311.725671257 ---
1784904313.575940924 36.15764204548498
1784904313.589118459 ---
1784904313.718119834 58.186018920572636
1784904313.721124785 ---
1784904315.571899359 36.10764204548498
1784904315.577972890 ---
1784904315.712186688 58.13601892057264
1784904315.715989534 ---
1784904317.573239175 36.05764204548498
1784904317.577492861 ---
1784904317.716363688 58.08601892057264
1784904317.718807097 ---
1784904319.565466777 36.007642045484985
1784904319.568166303 ---
1784904319.720301474 58.036018920572644
1784904319.722650175 ---
1784904321.564963844 35.95764204548499
1784904321.573779435 ---
1784904321.710446617 57.98601892057265
1784904321.714522620 ---
1784904323.583914803 35.90764204548499
1784904323.590246196 ---
1784904323.717524646 57.93601892057265
1784904323.720863520 ---
1784904325.570125037 35.857642045484994
1784904325.581380124 ---
1784904325.715960998 57.88601892057265
1784904325.719238689 ---
1784904327.567997829 35.807642045485
1784904327.572675395 ---
1784904327.714280436 57.836018920572656
1784904327.718523714 ---
1784904329.571755786 35.757642045485
1784904329.574938349 ---
1784904329.711999850 57.78601892057266
1784904329.716932973 ---
1784904331.583777361 35.707642045485
1784904331.587485009 ---
1784904331.709673310 57.73601892057266
1784904331.713390037 ---
1784904333.563863235 35.657642045485005
1784904333.566779973 ---
1784904333.708642722 57.686018920572664
1784904333.710974241 ---
1784904335.572473097 35.60764204548501
1784904335.577487029 ---
1784904335.709385258 57.63601892057267
1784904335.712304720 ---
1784904337.574154479 35.55764204548501
1784904337.583276471 ---
1784904337.721492607 57.58601892057267
1784904337.724651284 ---
1784904339.573320867 35.507642045485014
1784904339.578845565 ---
1784904339.713987531 57.53601892057267
1784904339.716658769 ---
1784904341.565183996 35.45764204548502
1784904341.579118280 ---
1784904341.713819879 57.486018920572675
1784904341.727762544 ---
1784904343.573198669 35.40764204548502
1784904343.581420166 ---
1784904343.722739859 57.43601892057268
1784904343.732708354 ---
1784904345.578659865 35.35764204548502
1784904345.584400937 ---
1784904345.713669185 57.38601892057268
1784904345.719711004 ---
1784904347.562593947 35.307642045485025
1784904347.564953194 ---
1784904347.720139901 57.336018920572684
1784904347.729120598 ---
1784904349.564333051 35.25764204548503
1784904349.566249698 ---
1784904349.714746014 57.28601892057269
1784904349.716907952 ---
1784904351.581001503 35.20764204548503
1784904351.585443205 ---
1784904351.718092638 57.23601892057269
1784904351.722369998 ---
1784904353.567536720 35.157642045485034
1784904353.572014671 ---
1784904353.710930814 57.18601892057269
1784904353.720016415 ---
1784904355.573457515 35.107642045485036
1784904355.575790221 ---
1784904355.715580731 57.136018920572695
1784904355.718049981 ---
1784904357.576507258 35.05764204548504
1784904357.580363391 ---
1784904357.721215939 57.0860189205727
1784904357.726600528 ---
1784904359.563600476 35.00764204548504
1784904359.566722274 ---
1784904359.719448573 57.0360189205727
1784904359.723633180 ---
1784904361.562799618 34.957642045485045
1784904361.568915958 ---
1784904361.710043192 56.986018920572704
1784904361.719288663 ---
1784904363.573252590 34.90764204548505
1784904363.577337950 ---
1784904363.710625378 56.93601892057271
1784904363.714862787 ---
1784904365.579501755 34.85764204548505
1784904365.585406051 ---
1784904365.715648715 56.88601892057271
1784904365.720546495 ---
1784904367.567793311 34.80764204548505
1784904367.570763339 ---
1784904367.713704396 56.83601892057271
1784904367.717688203 ---
1784904369.570136771 34.757642045485056
1784904369.574461624 ---
1784904369.718834190 56.786018920572715
1784904369.727520773 ---
1784904371.572353753 34.70764204548506
1784904371.575556499 ---
1784904371.717064148 56.73601892057272
1784904371.724216058 ---
1784904373.567373434 34.65764204548506
1784904373.572763820 ---
1784904373.713366642 56.68601892057272
1784904373.721398091 ---
1784904375.577806130 34.607642045485065
1784904375.585759774 ---
1784904375.712642245 56.636018920572724
1784904375.719832149 ---
1784904377.578544340 34.55764204548507
1784904377.588732628 ---
1784904377.721878245 56.58601892057273
1784904377.727263951 ---
1784904379.568527352 34.50764204548507
1784904379.582827678 ---
1784904379.728397760 56.53601892057273
1784904379.732063708 ---
1784904381.570096510 34.45764204548507
1784904381.581658271 ---
1784904381.718736072 56.48601892057273
1784904381.722413474 ---
1784904383.572695800 34.407642045485076
1784904383.576496756 ---
1784904383.715130527 56.436018920572735
1784904383.718352968 ---
1784904385.567145407 34.35764204548508
1784904385.569601804 ---
1784904385.716837572 56.38601892057274
1784904385.727418868 ---
1784904387.575603752 34.30764204548508
1784904387.581204925 ---
1784904387.712920615 56.33601892057274
1784904387.716594525 ---
1784904389.566463492 34.257642045485085
1784904389.570747276 ---
1784904389.713828531 56.286018920572744
1784904389.720499078 ---
1784904391.573577440 34.20764204548509
1784904391.576040891 ---
1784904391.720173218 56.23601892057275
1784904391.733487351 ---
1784904393.568677613 34.15764204548509
1784904393.573701318 ---
1784904393.712945781 56.18601892057275
1784904393.715145503 ---
1784904395.573756621 34.10764204548509
1784904395.576754934 ---
1784904395.711632007 56.13601892057275
1784904395.714800109 ---
1784904397.573910974 34.057642045485096
1784904397.577874734 ---
1784904397.722376660 56.086018920572755
1784904397.726229298 ---
1784904399.570634415 34.0076420454851
1784904399.573305301 ---
1784904399.719807122 56.03601892057276
1784904399.725397747 ---
1784904401.568828423 33.9576420454851
1784904401.572389744 ---
1784904401.710002297 55.98601892057276
1784904401.712336467 ---
1784904403.567738968 33.907642045485105
1784904403.569824356 ---
1784904403.724803776 55.936018920572764
1784904403.728034248 ---
1784904405.579268155 33.85764204548511
1784904405.591165928 ---
1784904405.722730862 55.886018920572766
1784904405.731992462 ---
1784904407.571512650 33.80764204548511
1784904407.577454866 ---
1784904407.720197413 55.83601892057277
1784904407.728187162 ---
1784904409.570250999 33.75764204548511
1784904409.575619451 ---
1784904409.718310379 55.78601892057277
1784904409.721170401 ---
1784904411.569643864 33.707642045485116
1784904411.572213687 ---
1784904411.730199432 55.736018920572775
1784904411.732946028 ---
1784904413.572460682 33.65764204548512
1784904413.582560123 ---
1784904413.728948350 55.68601892057278
1784904413.735810405 ---
1784904415.563566851 33.60764204548512
1784904415.574359210 ---
1784904415.725316734 55.63601892057278
1784904415.731589519 ---
1784904417.569216549 33.557642045485125
1784904417.573322998 ---
1784904417.718674040 55.58601892057278
1784904417.728859109 ---
1784904419.566883147 33.50764204548513
1784904419.575179996 ---
1784904419.724100107 55.536018920572786
1784904419.733159718 ---
1784904421.571787991 33.45764204548513
1784904421.578046457 ---
1784904421.723550588 55.48601892057279
1784904421.729711903 ---
1784904423.577021113 33.40764204548513
1784904423.579756115 ---
1784904423.721200728 55.43601892057279
1784904423.725092687 ---
1784904425.566300458 33.357642045485136
1784904425.569148466 ---
1784904425.720367953 55.386018920572795
1784904425.726658896 ---
1784904427.588132755 33.30764204548514
1784904427.593457414 ---
1784904427.711464916 55.3360189205728
1784904427.724503370 ---
1784904429.566688499 33.25764204548514
1784904429.574047839 ---
1784904429.719585059 55.2860189205728
1784904429.728927605 ---
1784904431.564939846 33.207642045485144
1784904431.573859489 ---
1784904431.717530697 55.2360189205728
1784904431.719817233 ---
1784904433.565972306 33.15764204548515
1784904433.570486431 ---
1784904433.709539374 55.186018920572806
1784904433.718705215 ---
1784904435.585752171 33.10764204548515
1784904435.591936463 ---
1784904435.715174182 55.13601892057281
1784904435.722411365 ---
1784904437.564758052 33.05764204548515
1784904437.569668328 ---
1784904437.718332845 55.08601892057281
1784904437.725320337 ---
1784904439.567940901 33.007642045485156
1784904439.572570406 ---
1784904439.720129995 55.036018920572815
1784904439.726875270 ---
1784904441.566338649 32.95764204548516
1784904441.571032131 ---
1784904441.708203476 54.98601892057282
1784904441.710740750 ---
1784904443.563960522 32.90764204548516
1784904443.567769227 ---
1784904443.714529310 54.93601892057282
1784904443.718835510 ---
1784904445.564399061 32.857642045485164
1784904445.567826350 ---
1784904445.708539241 54.88601892057282
1784904445.713332669 ---
1784904447.582217886 32.80764204548517
1784904447.587291037 ---
1784904447.717807894 54.836018920572826
1784904447.721122875 ---
1784904449.565991525 32.75764204548517
1784904449.570471076 ---
1784904449.712876756 54.78601892057283
1784904449.720604797 ---
1784904451.571169553 32.70764204548517
1784904451.576275809 ---
1784904451.708567871 54.73601892057283
1784904451.712489302 ---
1784904453.584100223 32.657642045485176
1784904453.586659288 ---
1784904453.718115809 54.686018920572835
1784904453.726725274 ---
1784904455.562908814 32.60764204548518
1784904455.565848735 ---
1784904455.713490429 54.63601892057284
1784904455.717503076 ---
1784904457.571011590 32.55764204548518
1784904457.576903026 ---
1784904457.714607597 54.58601892057284
1784904457.720438618 ---
1784904459.567174433 32.507642045485184
1784904459.574809162 ---
1784904459.717230189 54.53601892057284
1784904459.726013983 ---
1784904461.577658139 32.45764204548519
1784904461.583613622 ---
1784904461.712923909 54.486018920572846
1784904461.718854667 ---
1784904463.572697378 32.40764204548519
1784904463.575057598 ---
1784904463.718528435 54.43601892057285
1784904463.728064163 ---
1784904465.581358136 32.35764204548519
1784904465.587358667 ---
1784904465.719834812 54.38601892057285
1784904465.728630688 ---
1784904467.565940310 32.307642045485196
1784904467.569470129 ---
1784904467.716796247 54.336018920572855
1784904467.725046646 ---
1784904469.572162103 32.2576420454852
1784904469.575779924 ---
1784904469.708364110 54.28601892057286
1784904469.711267014 ---
1784904471.568646829 32.2076420454852
1784904471.576757260 ---
1784904471.714855095 54.23601892057286
1784904471.719879075 ---
1784904473.573313456 32.157642045485204
1784904473.576773431 ---
1784904473.711180105 54.18601892057286
1784904473.716270366 ---
1784904475.585321906 32.10764204548521
1784904475.590492557 ---
1784904475.716718394 54.136018920572866
1784904475.720266372 ---
1784904477.565131847 32.05764204548521
1784904477.573701498 ---
1784904477.712100907 54.08601892057287
1784904477.714493394 ---
1784904479.569881297 32.00764204548521
1784904479.579820579 ---
1784904479.708939117 54.03601892057287
1784904479.713786531 ---
1784904481.564147546 31.957642045485212
1784904481.567916438 ---
1784904481.714134255 53.986018920572874
1784904481.721185510 ---
1784904483.567992845 31.90764204548521
1784904483.572809388 ---
1784904483.721037435 53.93601892057288
1784904483.728175086 ---
1784904485.571792905 31.85764204548521
1784904485.573959728 ---
1784904485.722489774 53.88601892057288
1784904485.731677959 ---
1784904487.571014259 31.80764204548521
1784904487.574352357 ---
1784904487.712598162 53.83601892057288
1784904487.717326284 ---
1784904489.578889865 31.75764204548521
1784904489.583811453 ---
1784904489.717020985 53.786018920572886
1784904489.720039199 ---
1784904491.570470110 31.70764204548521
1784904491.576227095 ---
1784904491.722159654 53.73601892057289
1784904491.724533702 ---
1784904493.572465989 31.657642045485208
1784904493.579120253 ---
1784904493.708873575 53.68601892057289
1784904493.712607196 ---
1784904495.575215780 31.607642045485207
1784904495.587792767 ---
1784904495.715059660 53.636018920572894
1784904495.726956022 ---
1784904497.571548866 31.557642045485206
1784904497.576260923 ---
1784904497.717036791 53.5860189205729
1784904497.725644854 ---
1784904499.565338137 31.507642045485206
1784904499.572669323 ---
1784904499.717498900 53.5360189205729
1784904499.725714862 ---
1784904501.568766523 31.457642045485205
1784904501.573441563 ---
1784904501.717099722 53.4860189205729
1784904501.720779702 ---
1784904503.563897531 31.407642045485204
1784904503.573224632 ---
1784904503.711752648 53.436018920572906
1784904503.718470050 ---
1784904505.566911930 31.357642045485203
1784904505.575153314 ---
1784904505.718253278 53.38601892057291
1784904505.732446091 ---
1784904507.566462536 31.307642045485203
1784904507.579655819 ---
1784904507.708841433 53.33601892057291
1784904507.713267550 ---
1784904509.577737292 31.257642045485202
1784904509.588232593 ---
1784904509.713486019 53.286018920572914
1784904509.717847461 ---
1784904511.574088347 31.2076420454852
1784904511.576787097 ---
1784904511.717403348 53.23601892057292
1784904511.724256036 ---
1784904513.565500308 31.1576420454852
1784904513.567383426 ---
1784904513.712946964 53.18601892057292
1784904513.716908692 ---
1784904515.575636685 31.1076420454852
1784904515.583211065 ---
1784904515.719420330 53.13601892057292
1784904515.721952084 ---
1784904517.574415149 31.0576420454852
1784904517.580427061 ---
1784904517.710167426 53.086018920572926
1784904517.713150159 ---
1784904519.566963535 31.0076420454852
1784904519.575897625 ---
1784904519.718506357 53.03601892057293
1784904519.730199192 ---
1784904521.570213562 30.957642045485198
1784904521.572903232 ---
1784904521.711661423 52.98601892057293
1784904521.716117223 ---
1784904523.563568897 30.907642045485197
1784904523.568547056 ---
1784904523.715437532 52.936018920572934
1784904523.727322925 ---
1784904525.569176886 30.857642045485196
1784904525.576360490 ---
1784904525.711855452 52.88601892057294
1784904525.713780336 ---
1784904527.568967921 30.807642045485196
1784904527.573619423 ---
1784904527.716879152 52.83601892057294
1784904527.719059104 ---
1784904529.566387728 30.757642045485195
1784904529.577954076 ---
1784904529.721040241 52.78601892057294
1784904529.724418567 ---
1784904531.573411936 30.707642045485194
1784904531.577571739 ---
1784904531.710771916 52.736018920572945
1784904531.715513655 ---
1784904533.565761022 30.657642045485193
1784904533.574121487 ---
1784904533.713514815 52.68601892057295
1784904533.715700844 ---
1784904535.581700301 30.607642045485193
1784904535.586898467 ---
1784904535.708973910 52.63601892057295
1784904535.711393984 ---
1784904537.566471359 30.557642045485192
1784904537.571088636 ---
1784904537.715672092 52.586018920572954
1784904537.722867638 ---
1784904539.561528630 30.50764204548519
1784904539.563393029 ---
1784904539.714521367 52.53601892057296
1784904539.719844691 ---
1784904541.572102685 30.45764204548519
1784904541.577873845 ---
1784904541.712404803 52.48601892057296
1784904541.723354153 ---
1784904543.577739955 30.40764204548519
1784904543.583681254 ---
1784904543.714532440 52.43601892057296
1784904543.718887246 ---
1784904545.579920842 30.35764204548519
1784904545.590511685 ---
1784904545.716556245 52.386018920572965
1784904545.722445161 ---
1784904547.577442012 30.30764204548519
1784904547.585216560 ---
1784904547.723410376 52.33601892057297
1784904547.731579888 ---
1784904549.569471842 30.257642045485188
1784904549.571724641 ---
1784904549.713821024 52.28601892057297
1784904549.718189658 ---
1784904551.572008311 30.207642045485187
1784904551.576128233 ---
1784904551.714605049 52.236018920572974
1784904551.717046983 ---
1784904553.574558845 30.157642045485186
1784904553.578013229 ---
1784904553.716571339 52.18601892057298
1784904553.724453864 ---
1784904555.564900781 30.107642045485186
1784904555.568217574 ---
1784904555.711470205 52.13601892057298
1784904555.714832954 ---
1784904557.570832976 30.057642045485185
1784904557.573529559 ---
1784904557.708658633 52.08601892057298
1784904557.710821264 ---
1784904559.573460209 30.007642045485184
1784904559.579225082 ---
1784904559.713542922 52.036018920572985
1784904559.728771644 ---
1784904561.568515120 29.957642045485184
1784904561.571243482 ---
1784904561.708462264 51.98601892057299
1784904561.709999168 ---
1784904563.571288660 29.907642045485183
1784904563.573431246 ---
1784904563.723661079 51.93601892057299
1784904563.727416488 ---
1784904565.592582318 29.857642045485182
1784904565.602844057 ---
1784904565.720930357 51.886018920572994
1784904565.726709826 ---
1784904567.565890179 29.80764204548518
1784904567.568714645 ---
1784904567.710673410 51.836018920573
1784904567.716399240 ---
1784904569.564916496 29.75764204548518
1784904569.571451183 ---
1784904569.718147630 51.786018920573
1784904569.723602887 ---
1784904571.565430157 29.70764204548518
1784904571.567673456 ---
1784904571.723869368 51.736018920573
1784904571.726609952 ---
1784904573.578822196 29.65764204548518
1784904573.580948438 ---
1784904573.716366291 51.686018920573005
1784904573.721982816 ---
1784904575.573511814 29.60764204548518
1784904575.578321089 ---
1784904575.711241410 51.63601892057301
1784904575.718032631 ---
1784904577.566007261 29.557642045485178
1784904577.568289603 ---
1784904577.719245646 51.58601892057301
1784904577.728565545 ---
1784904579.576962690 29.507642045485177
1784904579.579621208 ---
1784904579.721431119 51.536018920573014
1784904579.728061489 ---
1784904581.569431725 29.457642045485176
1784904581.573791837 ---
1784904581.723196443 51.48601892057302
1784904581.741719603 ---
1784904583.584114124 29.407642045485176
1784904583.589057498 ---
1784904583.714811041 51.43601892057302
1784904583.717434078 ---
1784904585.570144428 29.357642045485175
1784904585.574786497 ---
1784904585.719134926 51.38601892057302
1784904585.730591054 ---
1784904587.575415631 29.307642045485174
1784904587.577602986 ---
1784904587.718727372 51.336018920573025
1784904587.729807882 ---
1784904589.582110900 29.257642045485174
1784904589.586387689 ---
1784904589.712275533 51.28601892057303
1784904589.714423426 ---
1784904591.568094010 29.207642045485173
1784904591.574810218 ---
1784904591.719485086 51.23601892057303
1784904591.727809786 ---
1784904593.574946417 29.157642045485172
1784904593.580519428 ---
1784904593.711024193 51.186018920573034
1784904593.713842862 ---
1784904595.569300454 29.10764204548517
1784904595.571935994 ---
1784904595.716845180 51.136018920573036
1784904595.719365688 ---
1784904597.573983517 29.05764204548517
1784904597.578211415 ---
1784904597.718209703 51.08601892057304
1784904597.738107237 ---
1784904599.570421392 29.00764204548517
1784904599.579006956 ---
1784904599.714708338 51.03601892057304
1784904599.720848687 ---
1784904601.567971274 28.95764204548517
1784904601.574810684 ---
1784904601.721959879 50.986018920573045
1784904601.726732834 ---
1784904603.568538838 28.90764204548517
1784904603.571426442 ---
1784904603.712952545 50.93601892057305
1784904603.722436085 ---
1784904605.570503441 28.857642045485168
1784904605.573255688 ---
1784904605.712984579 50.88601892057305
1784904605.716000066 ---
1784904607.576380908 28.807642045485167
1784904607.580359255 ---
1784904607.710006256 50.83601892057305
1784904607.715238291 ---
1784904609.565511927 28.757642045485166
1784904609.569736472 ---
1784904609.714274422 50.786018920573056
1784904609.722844969 ---
1784904611.567044503 28.707642045485166
1784904611.570482681 ---
1784904611.717625296 50.73601892057306
1784904611.721952930 ---
1784904613.565022572 28.657642045485165
1784904613.567146229 ---
1784904613.716202409 50.68601892057306
1784904613.724960695 ---
1784904615.573879612 28.607642045485164
1784904615.583554522 ---
1784904615.710214592 50.636018920573065
1784904615.718690990 ---
1784904617.584155971 28.557642045485164
1784904617.589038719 ---
1784904617.719545479 50.58601892057307
1784904617.723500987 ---
1784904619.574222282 28.507642045485163
1784904619.580624193 ---
1784904619.716614980 50.53601892057307
1784904619.721296579 ---
1784904621.561859683 28.457642045485162
1784904621.569960813 ---
1784904621.718290192 50.48601892057307
1784904621.723784907 ---
1784904623.579951329 28.40764204548516
1784904623.583705199 ---
1784904623.710206575 50.436018920573076
1784904623.716785259 ---
1784904625.580115128 28.35764204548516
1784904625.583274701 ---
1784904625.712127980 50.38601892057308
1784904625.724280651 ---
1784904627.575362758 28.30764204548516
1784904627.577860845 ---
1784904627.707223489 50.33601892057308
1784904627.711065571 ---
1784904629.575630899 28.25764204548516
1784904629.582117599 ---
1784904629.721293230 50.286018920573085
1784904629.726308121 ---
1784904631.571724747 28.20764204548516
1784904631.576143735 ---
1784904631.717580959 50.23601892057309
1784904631.719886488 ---
1784904633.577706977 28.157642045485158
1784904633.580975715 ---
1784904633.716159235 50.18601892057309
1784904633.718768652 ---
1784904635.569368074 28.107642045485157
1784904635.571405125 ---
1784904635.723372554 50.13601892057309
1784904635.727112664 ---
1784904637.570769975 28.057642045485157
1784904637.574183638 ---
1784904637.713994623 50.086018920573096
1784904637.721272857 ---
1784904639.572684978 28.007642045485156
1784904639.578631579 ---
1784904639.720542611 50.0360189205731
1784904639.724691933 ---
1784904641.574442170 27.957642045485155
1784904641.578057609 ---
1784904641.713036339 49.9860189205731
1784904641.715330064 ---
1784904643.567442577 27.907642045485154
1784904643.570858824 ---
1784904643.724126236 49.936018920573105
1784904643.728342329 ---
1784904645.579946699 27.857642045485154
1784904645.588620332 ---
1784904645.708810640 49.88601892057311
1784904645.719830590 ---
1784904647.565215170 27.807642045485153
1784904647.567336172 ---
1784904647.712737334 49.83601892057311
1784904647.716553084 ---
1784904649.576820685 27.757642045485152
1784904649.585024062 ---
1784904649.706873774 49.78601892057311
1784904649.708788808 ---
1784904651.567031827 27.70764204548515
1784904651.572251637 ---
1784904651.711874936 49.736018920573116
1784904651.714907673 ---
1784904653.570521965 27.65764204548515
1784904653.572894543 ---
1784904653.710481557 49.68601892057312
1784904653.712523566 ---
1784904655.566944553 27.60764204548515
1784904655.569107391 ---
1784904655.708879870 49.63601892057312
1784904655.714281762 ---
1784904657.567110498 27.55764204548515
1784904657.571608897 ---
1784904657.710642082 49.586018920573125
1784904657.713924578 ---
1784904659.566564915 27.50764204548515
1784904659.568484139 ---
1784904659.709453937 49.53601892057313
1784904659.711234034 ---
1784904661.566554156 27.457642045485148
1784904661.569990936 ---
1784904661.715993222 49.48601892057313
1784904661.719428047 ---
1784904663.570758058 27.407642045485147
1784904663.578794370 ---
1784904663.715400841 49.43601892057313
1784904663.717691073 ---
1784904665.570452352 27.357642045485147
1784904665.580695921 ---
1784904665.714185284 49.386018920573136
1784904665.721045573 ---
1784904667.574898331 27.307642045485146
1784904667.582506154 ---
1784904667.712197713 49.33601892057314
1784904667.716805626 ---
1784904669.574843922 27.257642045485145
1784904669.577254983 ---
1784904669.710872852 49.28601892057314
1784904669.712822738 ---
1784904671.571058030 27.207642045485144
1784904671.581126363 ---
1784904671.716929906 49.236018920573144
1784904671.726596220 ---
1784904673.569904569 27.157642045485144
1784904673.572537242 ---
1784904673.711661135 49.18601892057315
1784904673.714496703 ---
1784904675.571476778 27.107642045485143
1784904675.573940361 ---
1784904675.713053076 49.13601892057315
1784904675.719644538 ---
1784904677.561846506 27.057642045485142
1784904677.563739051 ---
1784904677.717348580 49.08601892057315
1784904677.719725487 ---
1784904679.567384002 27.00764204548514
1784904679.569766148 ---
1784904679.714811349 49.036018920573156
1784904679.725006865 ---
1784904681.565268804 26.95764204548514
1784904681.569784243 ---
1784904681.712315920 48.98601892057316
1784904681.714814425 ---
1784904683.570403097 26.90764204548514
1784904683.572772740 ---
1784904683.710422997 48.93601892057316
1784904683.722668065 ---
1784904685.578066662 26.85764204548514
1784904685.581385686 ---
1784904685.710214242 48.886018920573164
1784904685.715158659 ---
1784904687.575284639 26.80764204548514
1784904687.583022718 ---
1784904687.718101270 48.83601892057317
1784904687.722699823 ---
1784904689.575768805 26.757642045485138
1784904689.581120129 ---
1784904689.718209677 48.78601892057317
1784904689.720726969 ---
1784904691.565827849 26.707642045485137
1784904691.569577735 ---
1784904691.716067421 48.73601892057317
1784904691.722711125 ---
1784904693.568304090 26.657642045485137
1784904693.572401028 ---
1784904693.714341188 48.686018920573176
1784904693.719736373 ---
1784904695.574599330 26.607642045485136
1784904695.580392133 ---
1784904695.718129470 48.63601892057318
1784904695.723019269 ---
1784904697.563661193 26.557642045485135
1784904697.569925298 ---
1784904697.714840080 48.58601892057318
1784904697.717583594 ---
1784904699.569044703 26.507642045485134
1784904699.571445357 ---
1784904699.712953460 48.536018920573184
1784904699.718936166 ---
1784904701.563554069 26.457642045485134
1784904701.566885036 ---
1784904701.720387185 48.48601892057319
1784904701.722785953 ---
1784904703.571601967 26.407642045485133
1784904703.575167048 ---
1784904703.711456386 48.43601892057319
1784904703.714494010 ---
1784904705.570816123 26.357642045485132
1784904705.573679558 ---
1784904705.710807502 48.38601892057319
1784904705.713339391 ---
1784904707.565991210 26.30764204548513
1784904707.568882512 ---
1784904707.711386781 48.336018920573196
1784904707.713698803 ---
1784904709.564125944 26.25764204548513
1784904709.569371734 ---
1784904709.712643927 48.2860189205732
1784904709.717191773 ---
1784904711.582447941 26.20764204548513
1784904711.591493066 ---
1784904711.714153176 48.2360189205732
1784904711.725760362 ---
1784904713.575860438 26.15764204548513
1784904713.578002531 ---
1784904713.723463609 48.186018920573204
1784904713.728179358 ---
1784904715.570609843 26.10764204548513
1784904715.580274128 ---
1784904715.715632023 48.13601892057321
1784904715.723895252 ---
1784904717.576574163 26.057642045485128
1784904717.579165349 ---
1784904717.713161507 48.08601892057321
1784904717.719692134 ---
1784904719.570157683 26.007642045485127
1784904719.572515871 ---
1784904719.718187031 48.03601892057321
1784904719.723185156 ---
1784904721.567397467 25.957642045485127
1784904721.570995304 ---
1784904721.710965573 47.986018920573215
1784904721.714348293 ---
1784904723.566149188 25.907642045485126
1784904723.568293656 ---
1784904723.715995714 47.93601892057322
1784904723.718941214 ---
1784904725.581904574 25.857642045485125
1784904725.584209891 ---
1784904725.710855594 47.88601892057322
1784904725.713245911 ---
1784904727.569239372 25.807642045485125
1784904727.575828247 ---
1784904727.721665903 47.836018920573224
1784904727.729987171 ---
1784904729.578822436 25.757642045485124
1784904729.593576828 ---
1784904729.712535157 47.78601892057323
1784904729.719507891 ---
1784904731.564451251 25.707642045485123
1784904731.566418177 ---
1784904731.713546603 47.73601892057323
1784904731.717957835 ---
1784904733.574294979 25.657642045485122
1784904733.582967000 ---
1784904733.721485354 47.68601892057323
1784904733.732040559 ---
1784904735.565654305 25.60764204548512
1784904735.567751000 ---
1784904735.712808778 47.636018920573235
1784904735.721895179 ---
1784904737.582675976 25.55764204548512
1784904737.595791076 ---
1784904737.714727817 47.58601892057324
1784904737.719365620 ---
1784904739.564160940 25.50764204548512
1784904739.566336907 ---
1784904739.716184812 47.53601892057324
1784904739.721841558 ---
1784904741.568267971 25.45764204548512
1784904741.570849378 ---
1784904741.716709509 47.486018920573244
1784904741.719460077 ---
1784904743.575378931 25.40764204548512
1784904743.577989882 ---
1784904743.709434220 47.43601892057325
1784904743.715853864 ---
1784904745.576844150 25.357642045485118
1784904745.580529081 ---
1784904745.708652998 47.38601892057325
1784904745.715030806 ---
1784904747.561145986 25.307642045485117
1784904747.564817018 ---
1784904747.709125225 47.33601892057325
1784904747.710729455 ---
1784904749.576490680 25.257642045485117
1784904749.585668574 ---
1784904749.718054533 47.286018920573255
1784904749.726848499 ---
1784904751.568698645 25.207642045485116
1784904751.575235765 ---
1784904751.710510580 47.23601892057326
1784904751.712682705 ---
1784904753.573009092 25.157642045485115
1784904753.576253102 ---
1784904753.722615463 47.18601892057326
1784904753.726485968 ---
1784904755.571113517 25.107642045485115
1784904755.578207428 ---
1784904755.711471590 47.136018920573264
1784904755.719212040 ---
1784904757.562421814 25.057642045485114
1784904757.565331834 ---
1784904757.715861738 47.08601892057327
1784904757.718769104 ---
1784904759.573059066 25.007642045485113
1784904759.578371415 ---
1784904759.723498591 47.03601892057327
1784904759.726339606 ---
1784904761.567035459 24.957642045485112
1784904761.570282053 ---
1784904761.713693388 46.98601892057327
1784904761.718275595 ---
1784904763.572117530 24.90764204548511
1784904763.574898688 ---
1784904763.714281741 46.936018920573275
1784904763.716761666 ---
1784904765.563588797 24.85764204548511
1784904765.567402728 ---
1784904765.715639111 46.88601892057328
1784904765.725432463 ---
1784904767.568140142 24.80764204548511
1784904767.574123335 ---
1784904767.708309626 46.83601892057328
1784904767.713807897 ---
1784904769.567297115 24.75764204548511
1784904769.571039387 ---
1784904769.719281422 46.786018920573284
1784904769.725187578 ---
1784904771.568138609 24.70764204548511
1784904771.572355536 ---
1784904771.725575717 46.73601892057329
1784904771.727883897 ---
1784904773.574779929 24.657642045485108
1784904773.579062229 ---
1784904773.709959316 46.68601892057329
1784904773.714473496 ---
1784904775.570373695 24.607642045485107
1784904775.584302465 ---
1784904775.719493584 46.63601892057329
1784904775.724667572 ---
1784904777.571306320 24.557642045485107
1784904777.574133785 ---
1784904777.715669673 46.586018920573295
1784904777.721661316 ---
1784904779.576199450 24.507642045485106
1784904779.580151042 ---
1784904779.710833984 46.5360189205733
1784904779.713314398 ---
1784904781.573953384 24.457642045485105
1784904781.575968152 ---
1784904781.715509523 46.4860189205733
1784904781.721017292 ---
1784904783.564564561 24.407642045485105
1784904783.566362257 ---
1784904783.713849273 46.436018920573304
1784904783.717289262 ---
1784904785.567539992 24.357642045485104
1784904785.570291746 ---
1784904785.709821798 46.386018920573306
1784904785.712226990 ---
1784904787.570326051 24.307642045485103
1784904787.576659367 ---
1784904787.717183984 46.33601892057331
1784904787.725606452 ---
1784904789.568155377 24.257642045485102
1784904789.578827565 ---
1784904789.720286683 46.28601892057331
1784904789.723678551 ---
1784904791.576011721 24.207642045485102
1784904791.585011513 ---
1784904791.720761363 46.236018920573315
1784904791.723307638 ---
1784904793.575026582 24.1576420454851
1784904793.577495401 ---
1784904793.707576772 46.18601892057332
1784904793.709758186 ---
1784904795.574773653 24.1076420454851
1784904795.583642209 ---
1784904795.718571746 46.13601892057332
1784904795.728752726 ---
1784904797.582368074 24.0576420454851
1784904797.601230639 ---
1784904797.710055145 46.08601892057332
1784904797.712499659 ---
1784904799.572864344 24.0076420454851
1784904799.580943949 ---
1784904799.722246286 46.036018920573326
1784904799.724857283 ---
1784904801.566018162 23.9576420454851
1784904801.568025130 ---
1784904801.714929772 45.98601892057333
1784904801.723256206 ---
1784904803.565578799 23.907642045485098
1784904803.569541124 ---
1784904803.721624856 45.93601892057333
1784904803.726846522 ---
1784904805.569271623 23.857642045485097
1784904805.572482410 ---
1784904805.714286400 45.886018920573335
1784904805.717139191 ---
1784904807.565068789 23.807642045485096
1784904807.567947630 ---
1784904807.718597688 45.83601892057334
1784904807.723013760 ---
1784904809.574204553 23.757642045485095
1784904809.578361452 ---
1784904809.710372640 45.78601892057334
1784904809.722193555 ---
1784904811.579946212 23.707642045485095
1784904811.589916878 ---
1784904811.718843850 45.73601892057334
1784904811.725454202 ---
1784904813.563795934 23.657642045485094
1784904813.567468361 ---
1784904813.710018545 45.686018920573346
1784904813.714135498 ---
1784904815.570663624 23.607642045485093
1784904815.573484012 ---
1784904815.720409580 45.63601892057335
1784904815.726637704 ---
1784904817.575227462 23.557642045485093
1784904817.583207784 ---
1784904817.711326435 45.58601892057335
1784904817.713784218 ---
1784904819.563332144 23.507642045485092
1784904819.571003150 ---
1784904819.725231723 45.536018920573355
1784904819.734242385 ---
1784904821.574958553 23.45764204548509
1784904821.577738017 ---
1784904821.719928560 45.48601892057336
1784904821.724248329 ---
1784904823.574244643 23.40764204548509
1784904823.577902545 ---
1784904823.709666874 45.43601892057336
1784904823.711903617 ---
1784904825.572603124 23.35764204548509
1784904825.575699101 ---
1784904825.721804675 45.38601892057336
1784904825.729240116 ---
1784904827.564895359 23.30764204548509
1784904827.566964978 ---
1784904827.709892469 45.336018920573366
1784904827.712221261 ---
1784904829.580696553 23.25764204548509
1784904829.590206086 ---
1784904829.716747339 45.28601892057337
1784904829.719037790 ---
1784904831.581557366 23.207642045485088
1784904831.585905843 ---
1784904831.723957968 45.23601892057337
1784904831.727753248 ---
1784904833.579797450 23.157642045485087
1784904833.589721692 ---
1784904833.709680490 45.186018920573375
1784904833.719310638 ---
1784904835.581397567 23.107642045485086
1784904835.592000579 ---
1784904835.710518961 45.13601892057338
1784904835.714233158 ---
1784904837.575504258 23.057642045485085
1784904837.577805675 ---
1784904837.721490208 45.08601892057338
1784904837.726638487 ---
1784904839.573561681 23.007642045485085
1784904839.587219123 ---
1784904839.717263488 45.03601892057338
1784904839.720579602 ---
1784904841.575649663 22.957642045485084
1784904841.578573210 ---
1784904841.721641109 44.986018920573386
1784904841.726697901 ---
1784904843.577275574 22.907642045485083
1784904843.581283449 ---
1784904843.708534281 44.93601892057339
1784904843.711668814 ---
1784904845.575591641 22.857642045485083
1784904845.587444788 ---
1784904845.729346556 44.88601892057339
1784904845.735985911 ---
1784904847.574294182 22.807642045485082
1784904847.579936231 ---
1784904847.716895067 44.836018920573395
1784904847.721411583 ---
1784904849.581368849 22.75764204548508
1784904849.584061439 ---
1784904849.710427050 44.7860189205734
1784904849.715347169 ---
1784904851.576973625 22.70764204548508
1784904851.592322523 ---
1784904851.708926204 44.7360189205734
1784904851.712028753 ---
1784904853.562586168 22.65764204548508
1784904853.567603016 ---
1784904853.720659080 44.6860189205734
1784904853.724571137 ---
1784904855.573769153 22.60764204548508
1784904855.576525997 ---
1784904855.717678783 44.636018920573406
1784904855.720660301 ---
1784904857.567528213 22.55764204548508
1784904857.572936653 ---
1784904857.715483599 44.58601892057341
1784904857.718876681 ---
1784904859.571306143 22.507642045485078
1784904859.584393648 ---
1784904859.716660102 44.53601892057341
1784904859.719854142 ---
1784904861.570874543 22.457642045485077
1784904861.573984287 ---
1784904861.710181959 44.486018920573414
1784904861.713279970 ---
1784904863.563340864 22.407642045485076
1784904863.565437726 ---
1784904863.712402300 44.43601892057342
1784904863.715143432 ---
1784904865.562976393 22.357642045485075
1784904865.564722102 ---
1784904865.712816145 44.38601892057342
1784904865.716000549 ---
1784904867.567999037 22.307642045485075
1784904867.577852489 ---
1784904867.715004165 44.33601892057342
1784904867.719814923 ---
1784904869.565180345 22.257642045485074
1784904869.571241022 ---
1784904869.713523134 44.286018920573426
1784904869.717712181 ---
1784904871.574527884 22.207642045485073
1784904871.576833707 ---
1784904871.707004752 44.23601892057343
1784904871.709862098 ---
1784904873.563637907 22.157642045485073
1784904873.568386720 ---
1784904873.711588524 44.18601892057343
1784904873.715487808 ---
1784904875.574475969 22.107642045485072
1784904875.577515108 ---
1784904875.708571411 44.136018920573434
1784904875.713365061 ---
1784904877.569995938 22.05764204548507
1784904877.574752155 ---
1784904877.713964137 44.08601892057344
1784904877.724112879 ---
1784904879.572890094 22.00764204548507
1784904879.577815045 ---
1784904879.709863320 44.03601892057344
1784904879.711895723 ---
1784904881.565041204 21.95764204548507
1784904881.568158565 ---
1784904881.714585653 43.98601892057344
1784904881.717270498 ---
1784904883.570857724 21.90764204548507
1784904883.577980110 ---
1784904883.721652605 43.936018920573446
1784904883.727133969 ---
1784904885.567767695 21.85764204548507
1784904885.575105677 ---
1784904885.723235780 43.88601892057345
1784904885.733523439 ---
1784904887.570787546 21.807642045485068
1784904887.572951877 ---
1784904887.711760085 43.83601892057345
1784904887.723115804 ---
1784904889.571228037 21.757642045485067
1784904889.575391180 ---
1784904889.709330466 43.786018920573454
1784904889.716055957 ---
