[INFO] [launch]: All log files can be found below /home/melvin/.ros/log/2026-08-15-11-42-43-442445-ubuntu-mel-588370
[INFO] [launch]: Default logging verbosity is set to INFO
[INFO] [gz-1]: process started with pid [588372]
[INFO] [spawner-2]: process started with pid [588374]
[INFO] [swarm_manager-3]: process started with pid [588376]
[INFO] [swarm_gui-4]: process started with pid [588378]
[INFO] [hopper_locomotion-5]: process started with pid [588380]
[INFO] [attitude_controller-6]: process started with pid [588382]
[INFO] [landing_controller-7]: process started with pid [588384]
[INFO] [parameter_bridge-8]: process started with pid [588386]
[INFO] [hopper_locomotion-9]: process started with pid [588388]
[INFO] [attitude_controller-10]: process started with pid [588390]
[INFO] [landing_controller-11]: process started with pid [588392]
[INFO] [parameter_bridge-12]: process started with pid [588394]
[INFO] [hopper_locomotion-13]: process started with pid [588396]
[INFO] [attitude_controller-14]: process started with pid [588398]
[INFO] [landing_controller-15]: process started with pid [588400]
[INFO] [parameter_bridge-16]: process started with pid [588402]
[hopper_locomotion-5] [INFO] [1786779763.898447545] [loco_scout_1]: [scout_1] Tri-Pedal Locomotion Engine: ONLINE
[swarm_manager-3] [INFO] [1786779764.010677291] [swarm_manager_node]: 🧠 Ryugu Homogeneous Swarm Manager: ONLINE
[swarm_manager-3] [INFO] [1786779764.013180902] [swarm_manager_node]: 📋 Dispatch policy: fifo
[hopper_locomotion-13] [INFO] [1786779764.013280214] [loco_scout_3]: [scout_3] Tri-Pedal Locomotion Engine: ONLINE
[attitude_controller-10] [INFO] [1786779764.033092525] [attitude_scout_2]: [scout_2] Reaction Wheel Attitude Controller: ONLINE
[hopper_locomotion-9] [INFO] [1786779764.045593118] [loco_scout_2]: [scout_2] Tri-Pedal Locomotion Engine: ONLINE
[landing_controller-11] [INFO] [1786779764.058796577] [landing_scout_2]: [scout_2] Landing Controller: ONLINE
[attitude_controller-14] [INFO] [1786779764.059435679] [attitude_scout_3]: [scout_3] Reaction Wheel Attitude Controller: ONLINE
[attitude_controller-6] [INFO] [1786779764.068237845] [attitude_scout_1]: [scout_1] Reaction Wheel Attitude Controller: ONLINE
[landing_controller-15] [INFO] [1786779764.122349230] [landing_scout_3]: [scout_3] Landing Controller: ONLINE
[landing_controller-7] [INFO] [1786779764.126988536] [landing_scout_1]: [scout_1] Landing Controller: ONLINE
[swarm_manager-3] [INFO] [1786779764.148165374] [swarm_manager_node]: Initiating Cooperative Mission Bidding Protocol...
[spawner-2] data: true
[spawner-2] 
[parameter_bridge-12] [INFO] [1786779764.575109611] [bridge_scout_2]: Creating GZ->ROS Bridge: [/world/ryugu_world/model/scout_2/link/base_link/sensor/imu_sensor/imu (gz.msgs.IMU) -> /scout_2/imu (sensor_msgs/msg/Imu)] (Lazy 0)
[parameter_bridge-8] [INFO] [1786779764.578086944] [bridge_scout_1]: Creating GZ->ROS Bridge: [/world/ryugu_world/model/scout_1/link/base_link/sensor/imu_sensor/imu (gz.msgs.IMU) -> /scout_1/imu (sensor_msgs/msg/Imu)] (Lazy 0)
[parameter_bridge-12] [INFO] [1786779764.579743679] [bridge_scout_2]: Creating GZ->ROS Bridge: [/model/scout_2/odometry (gz.msgs.Odometry) -> /scout_2/odometry (nav_msgs/msg/Odometry)] (Lazy 0)
[parameter_bridge-8] [INFO] [1786779764.581146827] [bridge_scout_1]: Creating GZ->ROS Bridge: [/model/scout_1/odometry (gz.msgs.Odometry) -> /scout_1/odometry (nav_msgs/msg/Odometry)] (Lazy 0)
[parameter_bridge-12] [INFO] [1786779764.583037805] [bridge_scout_2]: Creating ROS->GZ Bridge: [/scout_2/rw_x_joint_cmd_vel (std_msgs/msg/Float64) -> /model/scout_2/joint/rw_x_joint/cmd_vel (gz.msgs.Double)] (Lazy 0)
[parameter_bridge-8] [INFO] [1786779764.584342269] [bridge_scout_1]: Creating ROS->GZ Bridge: [/scout_1/rw_x_joint_cmd_vel (std_msgs/msg/Float64) -> /model/scout_1/joint/rw_x_joint/cmd_vel (gz.msgs.Double)] (Lazy 0)
[parameter_bridge-12] [INFO] [1786779764.585138720] [bridge_scout_2]: Creating ROS->GZ Bridge: [/scout_2/rw_y_joint_cmd_vel (std_msgs/msg/Float64) -> /model/scout_2/joint/rw_y_joint/cmd_vel (gz.msgs.Double)] (Lazy 0)
[parameter_bridge-8] [INFO] [1786779764.586936252] [bridge_scout_1]: Creating ROS->GZ Bridge: [/scout_1/rw_y_joint_cmd_vel (std_msgs/msg/Float64) -> /model/scout_1/joint/rw_y_joint/cmd_vel (gz.msgs.Double)] (Lazy 0)
[parameter_bridge-12] [INFO] [1786779764.587592116] [bridge_scout_2]: Creating ROS->GZ Bridge: [/scout_2/rw_z_joint_cmd_vel (std_msgs/msg/Float64) -> /model/scout_2/joint/rw_z_joint/cmd_vel (gz.msgs.Double)] (Lazy 0)
[parameter_bridge-8] [INFO] [1786779764.589003784] [bridge_scout_1]: Creating ROS->GZ Bridge: [/scout_1/rw_z_joint_cmd_vel (std_msgs/msg/Float64) -> /model/scout_1/joint/rw_z_joint/cmd_vel (gz.msgs.Double)] (Lazy 0)
[parameter_bridge-12] [INFO] [1786779764.589405571] [bridge_scout_2]: Creating ROS->GZ Bridge: [/scout_2/joint_hip_joint_0_cmd_pos (std_msgs/msg/Float64) -> /model/scout_2/joint/hip_joint_0/0/cmd_pos (gz.msgs.Double)] (Lazy 0)
[parameter_bridge-8] [INFO] [1786779764.591153028] [bridge_scout_1]: Creating ROS->GZ Bridge: [/scout_1/joint_hip_joint_0_cmd_pos (std_msgs/msg/Float64) -> /model/scout_1/joint/hip_joint_0/0/cmd_pos (gz.msgs.Double)] (Lazy 0)
[parameter_bridge-12] [INFO] [1786779764.591604332] [bridge_scout_2]: Creating ROS->GZ Bridge: [/scout_2/joint_knee_joint_0_cmd_pos (std_msgs/msg/Float64) -> /model/scout_2/joint/knee_joint_0/0/cmd_pos (gz.msgs.Double)] (Lazy 0)
[parameter_bridge-12] [INFO] [1786779764.593345084] [bridge_scout_2]: Creating ROS->GZ Bridge: [/scout_2/joint_hip_joint_1_cmd_pos (std_msgs/msg/Float64) -> /model/scout_2/joint/hip_joint_1/0/cmd_pos (gz.msgs.Double)] (Lazy 0)
[parameter_bridge-8] [INFO] [1786779764.593345084] [bridge_scout_1]: Creating ROS->GZ Bridge: [/scout_1/joint_knee_joint_0_cmd_pos (std_msgs/msg/Float64) -> /model/scout_1/joint/knee_joint_0/0/cmd_pos (gz.msgs.Double)] (Lazy 0)
[parameter_bridge-12] [INFO] [1786779764.595295775] [bridge_scout_2]: Creating ROS->GZ Bridge: [/scout_2/joint_knee_joint_1_cmd_pos (std_msgs/msg/Float64) -> /model/scout_2/joint/knee_joint_1/0/cmd_pos (gz.msgs.Double)] (Lazy 0)
[parameter_bridge-8] [INFO] [1786779764.595680311] [bridge_scout_1]: Creating ROS->GZ Bridge: [/scout_1/joint_hip_joint_1_cmd_pos (std_msgs/msg/Float64) -> /model/scout_1/joint/hip_joint_1/0/cmd_pos (gz.msgs.Double)] (Lazy 0)
[parameter_bridge-12] [INFO] [1786779764.597320844] [bridge_scout_2]: Creating ROS->GZ Bridge: [/scout_2/joint_hip_joint_2_cmd_pos (std_msgs/msg/Float64) -> /model/scout_2/joint/hip_joint_2/0/cmd_pos (gz.msgs.Double)] (Lazy 0)
[parameter_bridge-8] [INFO] [1786779764.598068477] [bridge_scout_1]: Creating ROS->GZ Bridge: [/scout_1/joint_knee_joint_1_cmd_pos (std_msgs/msg/Float64) -> /model/scout_1/joint/knee_joint_1/0/cmd_pos (gz.msgs.Double)] (Lazy 0)
[parameter_bridge-12] [INFO] [1786779764.599845406] [bridge_scout_2]: Creating ROS->GZ Bridge: [/scout_2/joint_knee_joint_2_cmd_pos (std_msgs/msg/Float64) -> /model/scout_2/joint/knee_joint_2/0/cmd_pos (gz.msgs.Double)] (Lazy 0)
[parameter_bridge-8] [INFO] [1786779764.600429685] [bridge_scout_1]: Creating ROS->GZ Bridge: [/scout_1/joint_hip_joint_2_cmd_pos (std_msgs/msg/Float64) -> /model/scout_1/joint/hip_joint_2/0/cmd_pos (gz.msgs.Double)] (Lazy 0)
[parameter_bridge-12] [INFO] [1786779764.602018536] [bridge_scout_2]: Creating ROS->GZ Bridge: [/scout_2/cmd_drill (std_msgs/msg/Float64) -> /model/scout_2/joint/drill_joint/0/cmd_pos (gz.msgs.Double)] (Lazy 0)
[parameter_bridge-8] [INFO] [1786779764.602642832] [bridge_scout_1]: Creating ROS->GZ Bridge: [/scout_1/joint_knee_joint_2_cmd_pos (std_msgs/msg/Float64) -> /model/scout_1/joint/knee_joint_2/0/cmd_pos (gz.msgs.Double)] (Lazy 0)
[parameter_bridge-8] [INFO] [1786779764.605016122] [bridge_scout_1]: Creating ROS->GZ Bridge: [/scout_1/cmd_drill (std_msgs/msg/Float64) -> /model/scout_1/joint/drill_joint/0/cmd_pos (gz.msgs.Double)] (Lazy 0)
[parameter_bridge-16] [INFO] [1786779764.632316288] [bridge_scout_3]: Creating GZ->ROS Bridge: [/world/ryugu_world/model/scout_3/link/base_link/sensor/imu_sensor/imu (gz.msgs.IMU) -> /scout_3/imu (sensor_msgs/msg/Imu)] (Lazy 0)
[parameter_bridge-16] [INFO] [1786779764.636383398] [bridge_scout_3]: Creating GZ->ROS Bridge: [/model/scout_3/odometry (gz.msgs.Odometry) -> /scout_3/odometry (nav_msgs/msg/Odometry)] (Lazy 0)
[parameter_bridge-16] [INFO] [1786779764.638584044] [bridge_scout_3]: Creating ROS->GZ Bridge: [/scout_3/rw_x_joint_cmd_vel (std_msgs/msg/Float64) -> /model/scout_3/joint/rw_x_joint/cmd_vel (gz.msgs.Double)] (Lazy 0)
[parameter_bridge-16] [INFO] [1786779764.639941447] [bridge_scout_3]: Creating ROS->GZ Bridge: [/scout_3/rw_y_joint_cmd_vel (std_msgs/msg/Float64) -> /model/scout_3/joint/rw_y_joint/cmd_vel (gz.msgs.Double)] (Lazy 0)
[parameter_bridge-16] [INFO] [1786779764.641294310] [bridge_scout_3]: Creating ROS->GZ Bridge: [/scout_3/rw_z_joint_cmd_vel (std_msgs/msg/Float64) -> /model/scout_3/joint/rw_z_joint/cmd_vel (gz.msgs.Double)] (Lazy 0)
[parameter_bridge-16] [INFO] [1786779764.642570071] [bridge_scout_3]: Creating ROS->GZ Bridge: [/scout_3/joint_hip_joint_0_cmd_pos (std_msgs/msg/Float64) -> /model/scout_3/joint/hip_joint_0/0/cmd_pos (gz.msgs.Double)] (Lazy 0)
[parameter_bridge-16] [INFO] [1786779764.643682336] [bridge_scout_3]: Creating ROS->GZ Bridge: [/scout_3/joint_knee_joint_0_cmd_pos (std_msgs/msg/Float64) -> /model/scout_3/joint/knee_joint_0/0/cmd_pos (gz.msgs.Double)] (Lazy 0)
[parameter_bridge-16] [INFO] [1786779764.645045187] [bridge_scout_3]: Creating ROS->GZ Bridge: [/scout_3/joint_hip_joint_1_cmd_pos (std_msgs/msg/Float64) -> /model/scout_3/joint/hip_joint_1/0/cmd_pos (gz.msgs.Double)] (Lazy 0)
[parameter_bridge-16] [INFO] [1786779764.646214372] [bridge_scout_3]: Creating ROS->GZ Bridge: [/scout_3/joint_knee_joint_1_cmd_pos (std_msgs/msg/Float64) -> /model/scout_3/joint/knee_joint_1/0/cmd_pos (gz.msgs.Double)] (Lazy 0)
[parameter_bridge-16] [INFO] [1786779764.647855812] [bridge_scout_3]: Creating ROS->GZ Bridge: [/scout_3/joint_hip_joint_2_cmd_pos (std_msgs/msg/Float64) -> /model/scout_3/joint/hip_joint_2/0/cmd_pos (gz.msgs.Double)] (Lazy 0)
[parameter_bridge-16] [INFO] [1786779764.649191914] [bridge_scout_3]: Creating ROS->GZ Bridge: [/scout_3/joint_knee_joint_2_cmd_pos (std_msgs/msg/Float64) -> /model/scout_3/joint/knee_joint_2/0/cmd_pos (gz.msgs.Double)] (Lazy 0)
[parameter_bridge-16] [INFO] [1786779764.650255641] [bridge_scout_3]: Creating ROS->GZ Bridge: [/scout_3/cmd_drill (std_msgs/msg/Float64) -> /model/scout_3/joint/drill_joint/0/cmd_pos (gz.msgs.Double)] (Lazy 0)
[spawner-2] data: true
[spawner-2] 
[swarm_manager-3] [INFO] [1786779766.148828181] [swarm_manager_node]: 📡 scout_1 assuming RELAY role. Climbing to highest elevation.
[swarm_manager-3] [INFO] [1786779766.149577420] [swarm_manager_node]: 🛰️ scout_2 assuming SCOUT role. Scanning regolith...
[swarm_manager-3] [INFO] [1786779766.150173711] [swarm_manager_node]: 🛰️ scout_3 assuming SCOUT role. Scanning regolith...
[swarm_manager-3] [INFO] [1786779766.150909192] [swarm_manager_node]: 🔭 scout_2 search hop toward [-10.0, 0.0] (10.0m, 9.0m leg)
[attitude_controller-10] [INFO] [1786779766.151309931] [attitude_scout_2]: [scout_2] New target yaw received: -3.14 rad
[swarm_manager-3] [INFO] [1786779766.151775203] [swarm_manager_node]: 🔭 scout_3 search hop toward [0.0, -10.0] (10.0m, 9.0m leg)
[hopper_locomotion-9] [INFO] [1786779766.152004626] [loco_scout_2]: [scout_2] Target distance: 9.00m. Required Delta-V: 0.0428 m/s. Launch ramp: 1.2s (full stroke)
[hopper_locomotion-9] [INFO] [1786779766.152473250] [loco_scout_2]: [scout_2] Initiating Tri-Pedal Jump Sequence!
[attitude_controller-14] [INFO] [1786779766.152093392] [attitude_scout_3]: [scout_3] New target yaw received: -1.57 rad
[hopper_locomotion-13] [INFO] [1786779766.152280493] [loco_scout_3]: [scout_3] Target distance: 9.00m. Required Delta-V: 0.0428 m/s. Launch ramp: 1.2s (full stroke)
[hopper_locomotion-13] [INFO] [1786779766.152633881] [loco_scout_3]: [scout_3] Initiating Tri-Pedal Jump Sequence!
[gz-1] [1;36mDbg[0m ODE Heightfield AABB: min = {-49.9512, -49.9512, -0.05} max = {49.9512, 49.9512, 5}
[attitude_controller-10] [INFO] [1786779766.238734467] [attitude_scout_2]: [scout_2] Airborne (landed=False) — tilt correction armed.
[parameter_bridge-12] [INFO] [1786779766.238786916] [bridge_scout_2]: Passing message from ROS std_msgs/msg/Float64 to Gazebo gz.msgs.Double (showing msg only once per type)
[attitude_controller-6] [INFO] [1786779766.239151479] [attitude_scout_1]: [scout_1] Airborne (landed=False) — tilt correction armed.
[parameter_bridge-8] [INFO] [1786779766.239785204] [bridge_scout_1]: Passing message from ROS std_msgs/msg/Float64 to Gazebo gz.msgs.Double (showing msg only once per type)
[hopper_locomotion-9] [INFO] [1786779766.341031488] [loco_scout_2]: 1. Crouching (waking physics, planting feet under body)
[spawner-2] data: true
[spawner-2] 
[parameter_bridge-16] [INFO] [1786779767.356717648] [bridge_scout_3]: Passing message from ROS std_msgs/msg/Float64 to Gazebo gz.msgs.Double (showing msg only once per type)
[attitude_controller-14] [INFO] [1786779767.359507112] [attitude_scout_3]: [scout_3] Airborne (landed=False) — tilt correction armed.
[landing_controller-15] [INFO] [1786779767.371812154] [landing_scout_3]: [scout_3] 🛫 Airborne while IDLE (v=11180.340 m/s, free-fall accel) → FLIGHT mode armed
[hopper_locomotion-13] [INFO] [1786779767.466109049] [loco_scout_3]: 1. Crouching (waking physics, planting feet under body)
[landing_controller-15] [INFO] [1786779767.476394470] [landing_scout_3]: [scout_3] 🎯 Contact detected! accel=0.4959 m/s² → hands-off settle (no posture commands at contact)
[attitude_controller-14] [INFO] [1786779767.481199226] [attitude_scout_3]: [scout_3] Contact — commanded-flight latch cleared (full attitude PD locked out until next ignition).
[swarm_manager-3] [INFO] [1786779768.148617357] [swarm_manager_node]: 📍 scout_2 detected high-value spectral anomaly at [5.3, -9.7]!
[spawner-2] 🚀 Initiating Swarm Deployment Sequence...
[spawner-2] Deploying scout_1 at [0.0, 0.5, 6.0]...
[spawner-2] Deploying scout_2 at [8.0, -5.0, 6.0]...
[spawner-2] Deploying scout_3 at [-8.0, -5.0, 6.0]...
[spawner-2] ✅ Swarm Deployment Complete.
[INFO] [spawner-2]: process has finished cleanly [pid 588374]
[landing_controller-15] [INFO] [1786779768.721878978] [landing_scout_3]: [scout_3] ✅ LANDED — stable contact confirmed
[swarm_manager-3] [INFO] [1786779768.723996026] [swarm_manager_node]: 🧭 scout_3 heading calibration: measured offset -58°, bias now -29°
[attitude_controller-14] [INFO] [1786779768.724235436] [attitude_scout_3]: [scout_3] Landed — tilt correction stopped, yaw-hold pinned to current heading.
[attitude_controller-14] [INFO] [1786779768.741547002] [attitude_scout_3]: [scout_3] Landed — tilt correction stopped, yaw-hold pinned to current heading.
[attitude_controller-14] [INFO] [1786779768.742698378] [attitude_scout_3]: [scout_3] Landed — tilt correction stopped, yaw-hold pinned to current heading.
[attitude_controller-14] [INFO] [1786779768.743928952] [attitude_scout_3]: [scout_3] Landed — tilt correction stopped, yaw-hold pinned to current heading.
[attitude_controller-14] [INFO] [1786779768.762607419] [attitude_scout_3]: [scout_3] Landed — tilt correction stopped, yaw-hold pinned to current heading.
[attitude_controller-14] [INFO] [1786779768.766243060] [attitude_scout_3]: [scout_3] Landed — tilt correction stopped, yaw-hold pinned to current heading.
[attitude_controller-14] [INFO] [1786779768.767930665] [attitude_scout_3]: [scout_3] Landed — tilt correction stopped, yaw-hold pinned to current heading.
[attitude_controller-14] [INFO] [1786779768.787212546] [attitude_scout_3]: [scout_3] Landed — tilt correction stopped, yaw-hold pinned to current heading.
[attitude_controller-14] [INFO] [1786779768.791749956] [attitude_scout_3]: [scout_3] Landed — tilt correction stopped, yaw-hold pinned to current heading.
[attitude_controller-14] [INFO] [1786779768.793286358] [attitude_scout_3]: [scout_3] Landed — tilt correction stopped, yaw-hold pinned to current heading.
[attitude_controller-14] [INFO] [1786779768.803594756] [attitude_scout_3]: [scout_3] Landed — tilt correction stopped, yaw-hold pinned to current heading.
[attitude_controller-14] [INFO] [1786779768.805130668] [attitude_scout_3]: [scout_3] Landed — tilt correction stopped, yaw-hold pinned to current heading.
[attitude_controller-14] [INFO] [1786779768.806522712] [attitude_scout_3]: [scout_3] Landed — tilt correction stopped, yaw-hold pinned to current heading.
[attitude_controller-14] [INFO] [1786779768.820499925] [attitude_scout_3]: [scout_3] Landed — tilt correction stopped, yaw-hold pinned to current heading.
[attitude_controller-14] [INFO] [1786779768.826163638] [attitude_scout_3]: [scout_3] Landed — tilt correction stopped, yaw-hold pinned to current heading.
[attitude_controller-14] [INFO] [1786779768.827184065] [attitude_scout_3]: [scout_3] Landed — tilt correction stopped, yaw-hold pinned to current heading.
[attitude_controller-14] [INFO] [1786779768.834891007] [attitude_scout_3]: [scout_3] Landed — tilt correction stopped, yaw-hold pinned to current heading.
[attitude_controller-14] [INFO] [1786779768.836413860] [attitude_scout_3]: [scout_3] Landed — tilt correction stopped, yaw-hold pinned to current heading.
[attitude_controller-14] [INFO] [1786779768.839022579] [attitude_scout_3]: [scout_3] Landed — tilt correction stopped, yaw-hold pinned to current heading.
[attitude_controller-14] [INFO] [1786779768.851049241] [attitude_scout_3]: [scout_3] Landed — tilt correction stopped, yaw-hold pinned to current heading.
[attitude_controller-14] [INFO] [1786779768.852992738] [attitude_scout_3]: [scout_3] Landed — tilt correction stopped, yaw-hold pinned to current heading.
[attitude_controller-14] [INFO] [1786779768.855569471] [attitude_scout_3]: [scout_3] Landed — tilt correction stopped, yaw-hold pinned to current heading.
[attitude_controller-14] [INFO] [1786779768.873964458] [attitude_scout_3]: [scout_3] Landed — tilt correction stopped, yaw-hold pinned to current heading.
[attitude_controller-14] [INFO] [1786779768.876072078] [attitude_scout_3]: [scout_3] Landed — tilt correction stopped, yaw-hold pinned to current heading.
[attitude_controller-14] [INFO] [1786779768.877430040] [attitude_scout_3]: [scout_3] Landed — tilt correction stopped, yaw-hold pinned to current heading.
[attitude_controller-14] [INFO] [1786779768.890822067] [attitude_scout_3]: [scout_3] Landed — tilt correction stopped, yaw-hold pinned to current heading.
[attitude_controller-14] [INFO] [1786779768.895237467] [attitude_scout_3]: [scout_3] Landed — tilt correction stopped, yaw-hold pinned to current heading.
[attitude_controller-14] [INFO] [1786779768.898414122] [attitude_scout_3]: [scout_3] Landed — tilt correction stopped, yaw-hold pinned to current heading.
[attitude_controller-14] [INFO] [1786779768.910122106] [attitude_scout_3]: [scout_3] Landed — tilt correction stopped, yaw-hold pinned to current heading.
[attitude_controller-14] [INFO] [1786779768.911325163] [attitude_scout_3]: [scout_3] Landed — tilt correction stopped, yaw-hold pinned to current heading.
[attitude_controller-14] [INFO] [1786779768.914021042] [attitude_scout_3]: [scout_3] Landed — tilt correction stopped, yaw-hold pinned to current heading.
[attitude_controller-14] [INFO] [1786779768.924496427] [attitude_scout_3]: [scout_3] Landed — tilt correction stopped, yaw-hold pinned to current heading.
[attitude_controller-14] [INFO] [1786779768.928115935] [attitude_scout_3]: [scout_3] Landed — tilt correction stopped, yaw-hold pinned to current heading.
[attitude_controller-14] [INFO] [1786779768.929486328] [attitude_scout_3]: [scout_3] Landed — tilt correction stopped, yaw-hold pinned to current heading.
[attitude_controller-14] [INFO] [1786779768.943945015] [attitude_scout_3]: [scout_3] Landed — tilt correction stopped, yaw-hold pinned to current heading.
[attitude_controller-14] [INFO] [1786779768.945803168] [attitude_scout_3]: [scout_3] Landed — tilt correction stopped, yaw-hold pinned to current heading.
[attitude_controller-14] [INFO] [1786779768.947086471] [attitude_scout_3]: [scout_3] Landed — tilt correction stopped, yaw-hold pinned to current heading.
[attitude_controller-14] [INFO] [1786779768.960612520] [attitude_scout_3]: [scout_3] Landed — tilt correction stopped, yaw-hold pinned to current heading.
[attitude_controller-14] [INFO] [1786779768.964495393] [attitude_scout_3]: [scout_3] Landed — tilt correction stopped, yaw-hold pinned to current heading.
[attitude_controller-14] [INFO] [1786779768.965803070] [attitude_scout_3]: [scout_3] Landed — tilt correction stopped, yaw-hold pinned to current heading.
[attitude_controller-14] [INFO] [1786779768.982159998] [attitude_scout_3]: [scout_3] Landed — tilt correction stopped, yaw-hold pinned to current heading.
[attitude_controller-14] [INFO] [1786779768.986186462] [attitude_scout_3]: [scout_3] Landed — tilt correction stopped, yaw-hold pinned to current heading.
[attitude_controller-14] [INFO] [1786779768.987355367] [attitude_scout_3]: [scout_3] Landed — tilt correction stopped, yaw-hold pinned to current heading.
[attitude_controller-14] [INFO] [1786779769.007044902] [attitude_scout_3]: [scout_3] Landed — tilt correction stopped, yaw-hold pinned to current heading.
[attitude_controller-14] [INFO] [1786779769.008481084] [attitude_scout_3]: [scout_3] Landed — tilt correction stopped, yaw-hold pinned to current heading.
[attitude_controller-14] [INFO] [1786779769.010016997] [attitude_scout_3]: [scout_3] Landed — tilt correction stopped, yaw-hold pinned to current heading.
[attitude_controller-14] [INFO] [1786779769.018202899] [attitude_scout_3]: [scout_3] Landed — tilt correction stopped, yaw-hold pinned to current heading.
[attitude_controller-14] [INFO] [1786779769.021567353] [attitude_scout_3]: [scout_3] Landed — tilt correction stopped, yaw-hold pinned to current heading.
[attitude_controller-14] [INFO] [1786779769.022662997] [attitude_scout_3]: [scout_3] Landed — tilt correction stopped, yaw-hold pinned to current heading.
[attitude_controller-14] [INFO] [1786779769.036520924] [attitude_scout_3]: [scout_3] Landed — tilt correction stopped, yaw-hold pinned to current heading.
[attitude_controller-14] [INFO] [1786779769.040304555] [attitude_scout_3]: [scout_3] Landed — tilt correction stopped, yaw-hold pinned to current heading.
[attitude_controller-14] [INFO] [1786779769.042750269] [attitude_scout_3]: [scout_3] Landed — tilt correction stopped, yaw-hold pinned to current heading.
[attitude_controller-14] [INFO] [1786779769.052980097] [attitude_scout_3]: [scout_3] Landed — tilt correction stopped, yaw-hold pinned to current heading.
[attitude_controller-14] [INFO] [1786779769.056985819] [attitude_scout_3]: [scout_3] Landed — tilt correction stopped, yaw-hold pinned to current heading.
[attitude_controller-14] [INFO] [1786779769.058838315] [attitude_scout_3]: [scout_3] Landed — tilt correction stopped, yaw-hold pinned to current heading.
[attitude_controller-14] [INFO] [1786779769.071523355] [attitude_scout_3]: [scout_3] Landed — tilt correction stopped, yaw-hold pinned to current heading.
[attitude_controller-14] [INFO] [1786779769.073477188] [attitude_scout_3]: [scout_3] Landed — tilt correction stopped, yaw-hold pinned to current heading.
[attitude_controller-14] [INFO] [1786779769.074823975] [attitude_scout_3]: [scout_3] Landed — tilt correction stopped, yaw-hold pinned to current heading.
[attitude_controller-14] [INFO] [1786779769.083999156] [attitude_scout_3]: [scout_3] Landed — tilt correction stopped, yaw-hold pinned to current heading.
[attitude_controller-14] [INFO] [1786779769.086516944] [attitude_scout_3]: [scout_3] Landed — tilt correction stopped, yaw-hold pinned to current heading.
[attitude_controller-14] [INFO] [1786779769.088077720] [attitude_scout_3]: [scout_3] Landed — tilt correction stopped, yaw-hold pinned to current heading.
[attitude_controller-14] [INFO] [1786779769.098426485] [attitude_scout_3]: [scout_3] Landed — tilt correction stopped, yaw-hold pinned to current heading.
[attitude_controller-14] [INFO] [1786779769.104091735] [attitude_scout_3]: [scout_3] Landed — tilt correction stopped, yaw-hold pinned to current heading.
[attitude_controller-14] [INFO] [1786779769.105590284] [attitude_scout_3]: [scout_3] Landed — tilt correction stopped, yaw-hold pinned to current heading.
[attitude_controller-14] [INFO] [1786779769.115204755] [attitude_scout_3]: [scout_3] Landed — tilt correction stopped, yaw-hold pinned to current heading.
[attitude_controller-14] [INFO] [1786779769.119481175] [attitude_scout_3]: [scout_3] Landed — tilt correction stopped, yaw-hold pinned to current heading.
[attitude_controller-14] [INFO] [1786779769.125173174] [attitude_scout_3]: [scout_3] Landed — tilt correction stopped, yaw-hold pinned to current heading.
[attitude_controller-14] [INFO] [1786779769.135886851] [attitude_scout_3]: [scout_3] Landed — tilt correction stopped, yaw-hold pinned to current heading.
[attitude_controller-14] [INFO] [1786779769.138291709] [attitude_scout_3]: [scout_3] Landed — tilt correction stopped, yaw-hold pinned to current heading.
[attitude_controller-14] [INFO] [1786779769.139583253] [attitude_scout_3]: [scout_3] Landed — tilt correction stopped, yaw-hold pinned to current heading.
[attitude_controller-14] [INFO] [1786779769.150187911] [attitude_scout_3]: [scout_3] Landed — tilt correction stopped, yaw-hold pinned to current heading.
[attitude_controller-14] [INFO] [1786779769.156337150] [attitude_scout_3]: [scout_3] Landed — tilt correction stopped, yaw-hold pinned to current heading.
[attitude_controller-14] [INFO] [1786779769.157536296] [attitude_scout_3]: [scout_3] Landed — tilt correction stopped, yaw-hold pinned to current heading.
[landing_controller-11] [INFO] [1786779769.157823895] [landing_scout_2]: [scout_2] Landing controller state: IDLE
[attitude_controller-14] [INFO] [1786779769.166926512] [attitude_scout_3]: [scout_3] Landed — tilt correction stopped, yaw-hold pinned to current heading.
[attitude_controller-14] [INFO] [1786779769.172453131] [attitude_scout_3]: [scout_3] Landed — tilt correction stopped, yaw-hold pinned to current heading.
[attitude_controller-14] [INFO] [1786779769.173546261] [attitude_scout_3]: [scout_3] Landed — tilt correction stopped, yaw-hold pinned to current heading.
[attitude_controller-14] [INFO] [1786779769.180905192] [attitude_scout_3]: [scout_3] Landed — tilt correction stopped, yaw-hold pinned to current heading.
[attitude_controller-14] [INFO] [1786779769.184486079] [attitude_scout_3]: [scout_3] Landed — tilt correction stopped, yaw-hold pinned to current heading.
[attitude_controller-14] [INFO] [1786779769.185801997] [attitude_scout_3]: [scout_3] Landed — tilt correction stopped, yaw-hold pinned to current heading.
[landing_controller-15] [INFO] [1786779769.190535936] [landing_scout_3]: [scout_3] Landing controller state: LANDED
[landing_controller-7] [INFO] [1786779769.191545957] [landing_scout_1]: [scout_1] Landing controller state: IDLE
[attitude_controller-14] [INFO] [1786779769.198861028] [attitude_scout_3]: [scout_3] Landed — tilt correction stopped, yaw-hold pinned to current heading.
[attitude_controller-14] [INFO] [1786779769.202405599] [attitude_scout_3]: [scout_3] Landed — tilt correction stopped, yaw-hold pinned to current heading.
[attitude_controller-14] [INFO] [1786779769.205226002] [attitude_scout_3]: [scout_3] Landed — tilt correction stopped, yaw-hold pinned to current heading.
[attitude_controller-14] [INFO] [1786779769.219734275] [attitude_scout_3]: [scout_3] Landed — tilt correction stopped, yaw-hold pinned to current heading.
[attitude_controller-14] [INFO] [1786779769.222548253] [attitude_scout_3]: [scout_3] Landed — tilt correction stopped, yaw-hold pinned to current heading.
[attitude_controller-14] [INFO] [1786779769.223836026] [attitude_scout_3]: [scout_3] Landed — tilt correction stopped, yaw-hold pinned to current heading.
[attitude_controller-14] [INFO] [1786779769.234051468] [attitude_scout_3]: [scout_3] Landed — tilt correction stopped, yaw-hold pinned to current heading.
[attitude_controller-14] [INFO] [1786779769.236966783] [attitude_scout_3]: [scout_3] Landed — tilt correction stopped, yaw-hold pinned to current heading.
[attitude_controller-14] [INFO] [1786779769.238483211] [attitude_scout_3]: [scout_3] Landed — tilt correction stopped, yaw-hold pinned to current heading.
[attitude_controller-14] [INFO] [1786779769.256148863] [attitude_scout_3]: [scout_3] Landed — tilt correction stopped, yaw-hold pinned to current heading.
[attitude_controller-14] [INFO] [1786779769.258199704] [attitude_scout_3]: [scout_3] Landed — tilt correction stopped, yaw-hold pinned to current heading.
[attitude_controller-14] [INFO] [1786779769.259359810] [attitude_scout_3]: [scout_3] Landed — tilt correction stopped, yaw-hold pinned to current heading.
[attitude_controller-14] [INFO] [1786779769.268927698] [attitude_scout_3]: [scout_3] Landed — tilt correction stopped, yaw-hold pinned to current heading.
[attitude_controller-14] [INFO] [1786779769.272252553] [attitude_scout_3]: [scout_3] Landed — tilt correction stopped, yaw-hold pinned to current heading.
[attitude_controller-14] [INFO] [1786779769.273703192] [attitude_scout_3]: [scout_3] Landed — tilt correction stopped, yaw-hold pinned to current heading.
[attitude_controller-14] [INFO] [1786779769.290216561] [attitude_scout_3]: [scout_3] Landed — tilt correction stopped, yaw-hold pinned to current heading.
[attitude_controller-14] [INFO] [1786779769.291839564] [attitude_scout_3]: [scout_3] Landed — tilt correction stopped, yaw-hold pinned to current heading.
[attitude_controller-14] [INFO] [1786779769.293062316] [attitude_scout_3]: [scout_3] Landed — tilt correction stopped, yaw-hold pinned to current heading.
[attitude_controller-14] [INFO] [1786779769.313304841] [attitude_scout_3]: [scout_3] Landed — tilt correction stopped, yaw-hold pinned to current heading.
[attitude_controller-14] [INFO] [1786779769.314578925] [attitude_scout_3]: [scout_3] Landed — tilt correction stopped, yaw-hold pinned to current heading.
[attitude_controller-14] [INFO] [1786779769.316059875] [attitude_scout_3]: [scout_3] Landed — tilt correction stopped, yaw-hold pinned to current heading.
[attitude_controller-14] [INFO] [1786779769.326640577] [attitude_scout_3]: [scout_3] Landed — tilt correction stopped, yaw-hold pinned to current heading.
[attitude_controller-14] [INFO] [1786779769.328288234] [attitude_scout_3]: [scout_3] Landed — tilt correction stopped, yaw-hold pinned to current heading.
[attitude_controller-14] [INFO] [1786779769.329851733] [attitude_scout_3]: [scout_3] Landed — tilt correction stopped, yaw-hold pinned to current heading.
[attitude_controller-14] [INFO] [1786779769.348864592] [attitude_scout_3]: [scout_3] Landed — tilt correction stopped, yaw-hold pinned to current heading.
[attitude_controller-14] [INFO] [1786779769.351994525] [attitude_scout_3]: [scout_3] Landed — tilt correction stopped, yaw-hold pinned to current heading.
[attitude_controller-14] [INFO] [1786779769.353428123] [attitude_scout_3]: [scout_3] Landed — tilt correction stopped, yaw-hold pinned to current heading.
[attitude_controller-14] [INFO] [1786779769.363537757] [attitude_scout_3]: [scout_3] Landed — tilt correction stopped, yaw-hold pinned to current heading.
[attitude_controller-14] [INFO] [1786779769.364883776] [attitude_scout_3]: [scout_3] Landed — tilt correction stopped, yaw-hold pinned to current heading.
[attitude_controller-14] [INFO] [1786779769.365965452] [attitude_scout_3]: [scout_3] Landed — tilt correction stopped, yaw-hold pinned to current heading.
[attitude_controller-14] [INFO] [1786779769.374011186] [attitude_scout_3]: [scout_3] Landed — tilt correction stopped, yaw-hold pinned to current heading.
[attitude_controller-14] [INFO] [1786779769.377518811] [attitude_scout_3]: [scout_3] Landed — tilt correction stopped, yaw-hold pinned to current heading.
[attitude_controller-14] [INFO] [1786779769.379089714] [attitude_scout_3]: [scout_3] Landed — tilt correction stopped, yaw-hold pinned to current heading.
[attitude_controller-14] [INFO] [1786779769.391624459] [attitude_scout_3]: [scout_3] Landed — tilt correction stopped, yaw-hold pinned to current heading.
[attitude_controller-14] [INFO] [1786779769.394070382] [attitude_scout_3]: [scout_3] Landed — tilt correction stopped, yaw-hold pinned to current heading.
[attitude_controller-14] [INFO] [1786779769.395428903] [attitude_scout_3]: [scout_3] Landed — tilt correction stopped, yaw-hold pinned to current heading.
[attitude_controller-14] [INFO] [1786779769.411265665] [attitude_scout_3]: [scout_3] Landed — tilt correction stopped, yaw-hold pinned to current heading.
[attitude_controller-14] [INFO] [1786779769.413724160] [attitude_scout_3]: [scout_3] Landed — tilt correction stopped, yaw-hold pinned to current heading.
[attitude_controller-14] [INFO] [1786779769.415824097] [attitude_scout_3]: [scout_3] Landed — tilt correction stopped, yaw-hold pinned to current heading.
[attitude_controller-14] [INFO] [1786779769.424853941] [attitude_scout_3]: [scout_3] Landed — tilt correction stopped, yaw-hold pinned to current heading.
[attitude_controller-14] [INFO] [1786779769.431779518] [attitude_scout_3]: [scout_3] Landed — tilt correction stopped, yaw-hold pinned to current heading.
[attitude_controller-14] [INFO] [1786779769.433106680] [attitude_scout_3]: [scout_3] Landed — tilt correction stopped, yaw-hold pinned to current heading.
[attitude_controller-14] [INFO] [1786779769.446149509] [attitude_scout_3]: [scout_3] Landed — tilt correction stopped, yaw-hold pinned to current heading.
[attitude_controller-14] [INFO] [1786779769.449017333] [attitude_scout_3]: [scout_3] Landed — tilt correction stopped, yaw-hold pinned to current heading.
[attitude_controller-14] [INFO] [1786779769.450319981] [attitude_scout_3]: [scout_3] Landed — tilt correction stopped, yaw-hold pinned to current heading.
[attitude_controller-14] [INFO] [1786779769.463646499] [attitude_scout_3]: [scout_3] Landed — tilt correction stopped, yaw-hold pinned to current heading.
[attitude_controller-14] [INFO] [1786779769.465098953] [attitude_scout_3]: [scout_3] Landed — tilt correction stopped, yaw-hold pinned to current heading.
[attitude_controller-14] [INFO] [1786779769.466549033] [attitude_scout_3]: [scout_3] Landed — tilt correction stopped, yaw-hold pinned to current heading.
[attitude_controller-14] [INFO] [1786779769.480785281] [attitude_scout_3]: [scout_3] Landed — tilt correction stopped, yaw-hold pinned to current heading.
[attitude_controller-14] [INFO] [1786779769.485746967] [attitude_scout_3]: [scout_3] Landed — tilt correction stopped, yaw-hold pinned to current heading.
[attitude_controller-14] [INFO] [1786779769.487093475] [attitude_scout_3]: [scout_3] Landed — tilt correction stopped, yaw-hold pinned to current heading.
[attitude_controller-14] [INFO] [1786779769.499326374] [attitude_scout_3]: [scout_3] Landed — tilt correction stopped, yaw-hold pinned to current heading.
[attitude_controller-14] [INFO] [1786779769.504027838] [attitude_scout_3]: [scout_3] Landed — tilt correction stopped, yaw-hold pinned to current heading.
[attitude_controller-14] [INFO] [1786779769.505432242] [attitude_scout_3]: [scout_3] Landed — tilt correction stopped, yaw-hold pinned to current heading.
[attitude_controller-14] [INFO] [1786779769.524715590] [attitude_scout_3]: [scout_3] Landed — tilt correction stopped, yaw-hold pinned to current heading.
[attitude_controller-14] [INFO] [1786779769.526274131] [attitude_scout_3]: [scout_3] Landed — tilt correction stopped, yaw-hold pinned to current heading.
[attitude_controller-14] [INFO] [1786779769.527583694] [attitude_scout_3]: [scout_3] Landed — tilt correction stopped, yaw-hold pinned to current heading.
[attitude_controller-14] [INFO] [1786779769.542184156] [attitude_scout_3]: [scout_3] Landed — tilt correction stopped, yaw-hold pinned to current heading.
[attitude_controller-14] [INFO] [1786779769.547980425] [attitude_scout_3]: [scout_3] Landed — tilt correction stopped, yaw-hold pinned to current heading.
[attitude_controller-14] [INFO] [1786779769.549305423] [attitude_scout_3]: [scout_3] Landed — tilt correction stopped, yaw-hold pinned to current heading.
[attitude_controller-14] [INFO] [1786779769.561325660] [attitude_scout_3]: [scout_3] Landed — tilt correction stopped, yaw-hold pinned to current heading.
[attitude_controller-14] [INFO] [1786779769.564723706] [attitude_scout_3]: [scout_3] Landed — tilt correction stopped, yaw-hold pinned to current heading.
[attitude_controller-14] [INFO] [1786779769.568511249] [attitude_scout_3]: [scout_3] Landed — tilt correction stopped, yaw-hold pinned to current heading.
[attitude_controller-14] [INFO] [1786779769.580567732] [attitude_scout_3]: [scout_3] Landed — tilt correction stopped, yaw-hold pinned to current heading.
[attitude_controller-14] [INFO] [1786779769.583346092] [attitude_scout_3]: [scout_3] Landed — tilt correction stopped, yaw-hold pinned to current heading.
[attitude_controller-14] [INFO] [1786779769.585731255] [attitude_scout_3]: [scout_3] Landed — tilt correction stopped, yaw-hold pinned to current heading.
[attitude_controller-14] [INFO] [1786779769.603583310] [attitude_scout_3]: [scout_3] Landed — tilt correction stopped, yaw-hold pinned to current heading.
[attitude_controller-14] [INFO] [1786779769.604956566] [attitude_scout_3]: [scout_3] Landed — tilt correction stopped, yaw-hold pinned to current heading.
[attitude_controller-14] [INFO] [1786779769.606204111] [attitude_scout_3]: [scout_3] Landed — tilt correction stopped, yaw-hold pinned to current heading.
[attitude_controller-14] [INFO] [1786779769.615855668] [attitude_scout_3]: [scout_3] Landed — tilt correction stopped, yaw-hold pinned to current heading.
[attitude_controller-14] [INFO] [1786779769.621007667] [attitude_scout_3]: [scout_3] Landed — tilt correction stopped, yaw-hold pinned to current heading.
[attitude_controller-14] [INFO] [1786779769.622774260] [attitude_scout_3]: [scout_3] Landed — tilt correction stopped, yaw-hold pinned to current heading.
[attitude_controller-14] [INFO] [1786779769.635334008] [attitude_scout_3]: [scout_3] Landed — tilt correction stopped, yaw-hold pinned to current heading.
[attitude_controller-14] [INFO] [1786779769.641731317] [attitude_scout_3]: [scout_3] Landed — tilt correction stopped, yaw-hold pinned to current heading.
[attitude_controller-14] [INFO] [1786779769.643943766] [attitude_scout_3]: [scout_3] Landed — tilt correction stopped, yaw-hold pinned to current heading.
[attitude_controller-14] [INFO] [1786779769.652587258] [attitude_scout_3]: [scout_3] Landed — tilt correction stopped, yaw-hold pinned to current heading.
[attitude_controller-14] [INFO] [1786779769.658645985] [attitude_scout_3]: [scout_3] Landed — tilt correction stopped, yaw-hold pinned to current heading.
[attitude_controller-14] [INFO] [1786779769.660327234] [attitude_scout_3]: [scout_3] Landed — tilt correction stopped, yaw-hold pinned to current heading.
[attitude_controller-14] [INFO] [1786779769.669280603] [attitude_scout_3]: [scout_3] Landed — tilt correction stopped, yaw-hold pinned to current heading.
[attitude_controller-14] [INFO] [1786779769.673845880] [attitude_scout_3]: [scout_3] Landed — tilt correction stopped, yaw-hold pinned to current heading.
[attitude_controller-14] [INFO] [1786779769.676134943] [attitude_scout_3]: [scout_3] Landed — tilt correction stopped, yaw-hold pinned to current heading.
[attitude_controller-14] [INFO] [1786779769.689646046] [attitude_scout_3]: [scout_3] Landed — tilt correction stopped, yaw-hold pinned to current heading.
[attitude_controller-14] [INFO] [1786779769.698386615] [attitude_scout_3]: [scout_3] Landed — tilt correction stopped, yaw-hold pinned to current heading.
[attitude_controller-14] [INFO] [1786779769.700256640] [attitude_scout_3]: [scout_3] Landed — tilt correction stopped, yaw-hold pinned to current heading.
[attitude_controller-14] [INFO] [1786779769.707653145] [attitude_scout_3]: [scout_3] Landed — tilt correction stopped, yaw-hold pinned to current heading.
[attitude_controller-14] [INFO] [1786779769.710069387] [attitude_scout_3]: [scout_3] Landed — tilt correction stopped, yaw-hold pinned to current heading.
[attitude_controller-14] [INFO] [1786779769.711230331] [attitude_scout_3]: [scout_3] Landed — tilt correction stopped, yaw-hold pinned to current heading.
[attitude_controller-14] [INFO] [1786779769.729812070] [attitude_scout_3]: [scout_3] Landed — tilt correction stopped, yaw-hold pinned to current heading.
[attitude_controller-14] [INFO] [1786779769.735661487] [attitude_scout_3]: [scout_3] Landed — tilt correction stopped, yaw-hold pinned to current heading.
[attitude_controller-14] [INFO] [1786779769.736839123] [attitude_scout_3]: [scout_3] Landed — tilt correction stopped, yaw-hold pinned to current heading.
[attitude_controller-14] [INFO] [1786779769.751934328] [attitude_scout_3]: [scout_3] Landed — tilt correction stopped, yaw-hold pinned to current heading.
[attitude_controller-14] [INFO] [1786779769.754815073] [attitude_scout_3]: [scout_3] Landed — tilt correction stopped, yaw-hold pinned to current heading.
[attitude_controller-14] [INFO] [1786779769.756673855] [attitude_scout_3]: [scout_3] Landed — tilt correction stopped, yaw-hold pinned to current heading.
[attitude_controller-14] [INFO] [1786779769.774819934] [attitude_scout_3]: [scout_3] Landed — tilt correction stopped, yaw-hold pinned to current heading.
[attitude_controller-14] [INFO] [1786779769.776118812] [attitude_scout_3]: [scout_3] Landed — tilt correction stopped, yaw-hold pinned to current heading.
[attitude_controller-14] [INFO] [1786779769.777397994] [attitude_scout_3]: [scout_3] Landed — tilt correction stopped, yaw-hold pinned to current heading.
[attitude_controller-14] [INFO] [1786779769.782816152] [attitude_scout_3]: [scout_3] Landed — tilt correction stopped, yaw-hold pinned to current heading.
[attitude_controller-14] [INFO] [1786779769.788496976] [attitude_scout_3]: [scout_3] Landed — tilt correction stopped, yaw-hold pinned to current heading.
[attitude_controller-14] [INFO] [1786779769.789727551] [attitude_scout_3]: [scout_3] Landed — tilt correction stopped, yaw-hold pinned to current heading.
[attitude_controller-14] [INFO] [1786779769.904772054] [attitude_scout_3]: [scout_3] Landed — tilt correction stopped, yaw-hold pinned to current heading.
[attitude_controller-14] [INFO] [1786779769.907016211] [attitude_scout_3]: [scout_3] Landed — tilt correction stopped, yaw-hold pinned to current heading.
[attitude_controller-14] [INFO] [1786779769.909642879] [attitude_scout_3]: [scout_3] Landed — tilt correction stopped, yaw-hold pinned to current heading.
[attitude_controller-14] [INFO] [1786779769.927280386] [attitude_scout_3]: [scout_3] Landed — tilt correction stopped, yaw-hold pinned to current heading.
[attitude_controller-14] [INFO] [1786779769.928761196] [attitude_scout_3]: [scout_3] Landed — tilt correction stopped, yaw-hold pinned to current heading.
[attitude_controller-14] [INFO] [1786779769.930016353] [attitude_scout_3]: [scout_3] Landed — tilt correction stopped, yaw-hold pinned to current heading.
[attitude_controller-14] [INFO] [1786779769.946506047] [attitude_scout_3]: [scout_3] Landed — tilt correction stopped, yaw-hold pinned to current heading.
[attitude_controller-14] [INFO] [1786779769.948905666] [attitude_scout_3]: [scout_3] Landed — tilt correction stopped, yaw-hold pinned to current heading.
[attitude_controller-14] [INFO] [1786779769.950737280] [attitude_scout_3]: [scout_3] Landed — tilt correction stopped, yaw-hold pinned to current heading.
[attitude_controller-14] [INFO] [1786779769.964488562] [attitude_scout_3]: [scout_3] Landed — tilt correction stopped, yaw-hold pinned to current heading.
[attitude_controller-14] [INFO] [1786779769.965743161] [attitude_scout_3]: [scout_3] Landed — tilt correction stopped, yaw-hold pinned to current heading.
[attitude_controller-14] [INFO] [1786779769.966878683] [attitude_scout_3]: [scout_3] Landed — tilt correction stopped, yaw-hold pinned to current heading.
[attitude_controller-14] [INFO] [1786779769.981781062] [attitude_scout_3]: [scout_3] Landed — tilt correction stopped, yaw-hold pinned to current heading.
[attitude_controller-14] [INFO] [1786779769.987452947] [attitude_scout_3]: [scout_3] Landed — tilt correction stopped, yaw-hold pinned to current heading.
[attitude_controller-14] [INFO] [1786779769.988804343] [attitude_scout_3]: [scout_3] Landed — tilt correction stopped, yaw-hold pinned to current heading.
[attitude_controller-14] [INFO] [1786779769.996705230] [attitude_scout_3]: [scout_3] Landed — tilt correction stopped, yaw-hold pinned to current heading.
[attitude_controller-14] [INFO] [1786779769.999108830] [attitude_scout_3]: [scout_3] Landed — tilt correction stopped, yaw-hold pinned to current heading.
[attitude_controller-14] [INFO] [1786779770.000819622] [attitude_scout_3]: [scout_3] Landed — tilt correction stopped, yaw-hold pinned to current heading.
[attitude_controller-14] [INFO] [1786779770.018508531] [attitude_scout_3]: [scout_3] Landed — tilt correction stopped, yaw-hold pinned to current heading.
[attitude_controller-14] [INFO] [1786779770.021341646] [attitude_scout_3]: [scout_3] Landed — tilt correction stopped, yaw-hold pinned to current heading.
[attitude_controller-14] [INFO] [1786779770.022796824] [attitude_scout_3]: [scout_3] Landed — tilt correction stopped, yaw-hold pinned to current heading.
[attitude_controller-14] [INFO] [1786779770.043102345] [attitude_scout_3]: [scout_3] Landed — tilt correction stopped, yaw-hold pinned to current heading.
[attitude_controller-14] [INFO] [1786779770.045811494] [attitude_scout_3]: [scout_3] Landed — tilt correction stopped, yaw-hold pinned to current heading.
[attitude_controller-14] [INFO] [1786779770.047384980] [attitude_scout_3]: [scout_3] Landed — tilt correction stopped, yaw-hold pinned to current heading.
[attitude_controller-14] [INFO] [1786779770.058010660] [attitude_scout_3]: [scout_3] Landed — tilt correction stopped, yaw-hold pinned to current heading.
[attitude_controller-14] [INFO] [1786779770.060833787] [attitude_scout_3]: [scout_3] Landed — tilt correction stopped, yaw-hold pinned to current heading.
[attitude_controller-14] [INFO] [1786779770.062148588] [attitude_scout_3]: [scout_3] Landed — tilt correction stopped, yaw-hold pinned to current heading.
[attitude_controller-14] [INFO] [1786779770.075091825] [attitude_scout_3]: [scout_3] Landed — tilt correction stopped, yaw-hold pinned to current heading.
[attitude_controller-14] [INFO] [1786779770.078148007] [attitude_scout_3]: [scout_3] Landed — tilt correction stopped, yaw-hold pinned to current heading.
[attitude_controller-14] [INFO] [1786779770.079359655] [attitude_scout_3]: [scout_3] Landed — tilt correction stopped, yaw-hold pinned to current heading.
[attitude_controller-14] [INFO] [1786779770.095865411] [attitude_scout_3]: [scout_3] Landed — tilt correction stopped, yaw-hold pinned to current heading.
[attitude_controller-14] [INFO] [1786779770.098417351] [attitude_scout_3]: [scout_3] Landed — tilt correction stopped, yaw-hold pinned to current heading.
[attitude_controller-14] [INFO] [1786779770.100631756] [attitude_scout_3]: [scout_3] Landed — tilt correction stopped, yaw-hold pinned to current heading.
[attitude_controller-14] [INFO] [1786779770.111357516] [attitude_scout_3]: [scout_3] Landed — tilt correction stopped, yaw-hold pinned to current heading.
[attitude_controller-14] [INFO] [1786779770.114696688] [attitude_scout_3]: [scout_3] Landed — tilt correction stopped, yaw-hold pinned to current heading.
[attitude_controller-14] [INFO] [1786779770.115740650] [attitude_scout_3]: [scout_3] Landed — tilt correction stopped, yaw-hold pinned to current heading.
[attitude_controller-14] [INFO] [1786779770.127688254] [attitude_scout_3]: [scout_3] Landed — tilt correction stopped, yaw-hold pinned to current heading.
[attitude_controller-14] [INFO] [1786779770.131067444] [attitude_scout_3]: [scout_3] Landed — tilt correction stopped, yaw-hold pinned to current heading.
[attitude_controller-14] [INFO] [1786779770.134253388] [attitude_scout_3]: [scout_3] Landed — tilt correction stopped, yaw-hold pinned to current heading.
[attitude_controller-14] [INFO] [1786779770.148154895] [attitude_scout_3]: [scout_3] Landed — tilt correction stopped, yaw-hold pinned to current heading.
[attitude_controller-14] [INFO] [1786779770.149886708] [attitude_scout_3]: [scout_3] Landed — tilt correction stopped, yaw-hold pinned to current heading.
[attitude_controller-14] [INFO] [1786779770.151153739] [attitude_scout_3]: [scout_3] Landed — tilt correction stopped, yaw-hold pinned to current heading.
[attitude_controller-14] [INFO] [1786779770.160345192] [attitude_scout_3]: [scout_3] Landed — tilt correction stopped, yaw-hold pinned to current heading.
[attitude_controller-14] [INFO] [1786779770.163986979] [attitude_scout_3]: [scout_3] Landed — tilt correction stopped, yaw-hold pinned to current heading.
[attitude_controller-14] [INFO] [1786779770.166812341] [attitude_scout_3]: [scout_3] Landed — tilt correction stopped, yaw-hold pinned to current heading.
[attitude_controller-14] [INFO] [1786779770.177451779] [attitude_scout_3]: [scout_3] Landed — tilt correction stopped, yaw-hold pinned to current heading.
[attitude_controller-14] [INFO] [1786779770.179759350] [attitude_scout_3]: [scout_3] Landed — tilt correction stopped, yaw-hold pinned to current heading.
[attitude_controller-14] [INFO] [1786779770.181814590] [attitude_scout_3]: [scout_3] Landed — tilt correction stopped, yaw-hold pinned to current heading.
[attitude_controller-14] [INFO] [1786779770.196487406] [attitude_scout_3]: [scout_3] Landed — tilt correction stopped, yaw-hold pinned to current heading.
[attitude_controller-14] [INFO] [1786779770.199048285] [attitude_scout_3]: [scout_3] Landed — tilt correction stopped, yaw-hold pinned to current heading.
[attitude_controller-14] [INFO] [1786779770.200623169] [attitude_scout_3]: [scout_3] Landed — tilt correction stopped, yaw-hold pinned to current heading.
[attitude_controller-14] [INFO] [1786779770.213854355] [attitude_scout_3]: [scout_3] Landed — tilt correction stopped, yaw-hold pinned to current heading.
[attitude_controller-14] [INFO] [1786779770.223293250] [attitude_scout_3]: [scout_3] Landed — tilt correction stopped, yaw-hold pinned to current heading.
[attitude_controller-14] [INFO] [1786779770.224833702] [attitude_scout_3]: [scout_3] Landed — tilt correction stopped, yaw-hold pinned to current heading.
[attitude_controller-14] [INFO] [1786779770.237026653] [attitude_scout_3]: [scout_3] Landed — tilt correction stopped, yaw-hold pinned to current heading.
[attitude_controller-14] [INFO] [1786779770.243351120] [attitude_scout_3]: [scout_3] Landed — tilt correction stopped, yaw-hold pinned to current heading.
[attitude_controller-14] [INFO] [1786779770.244674860] [attitude_scout_3]: [scout_3] Landed — tilt correction stopped, yaw-hold pinned to current heading.
[attitude_controller-14] [INFO] [1786779770.256814523] [attitude_scout_3]: [scout_3] Landed — tilt correction stopped, yaw-hold pinned to current heading.
[attitude_controller-14] [INFO] [1786779770.258128625] [attitude_scout_3]: [scout_3] Landed — tilt correction stopped, yaw-hold pinned to current heading.
[attitude_controller-14] [INFO] [1786779770.259500135] [attitude_scout_3]: [scout_3] Landed — tilt correction stopped, yaw-hold pinned to current heading.
[attitude_controller-14] [INFO] [1786779770.280878183] [attitude_scout_3]: [scout_3] Landed — tilt correction stopped, yaw-hold pinned to current heading.
[attitude_controller-14] [INFO] [1786779770.284544554] [attitude_scout_3]: [scout_3] Landed — tilt correction stopped, yaw-hold pinned to current heading.
[attitude_controller-14] [INFO] [1786779770.285912852] [attitude_scout_3]: [scout_3] Landed — tilt correction stopped, yaw-hold pinned to current heading.
[attitude_controller-14] [INFO] [1786779770.295139574] [attitude_scout_3]: [scout_3] Landed — tilt correction stopped, yaw-hold pinned to current heading.
[attitude_controller-14] [INFO] [1786779770.301557486] [attitude_scout_3]: [scout_3] Landed — tilt correction stopped, yaw-hold pinned to current heading.
[attitude_controller-14] [INFO] [1786779770.304300437] [attitude_scout_3]: [scout_3] Landed — tilt correction stopped, yaw-hold pinned to current heading.
[attitude_controller-14] [INFO] [1786779770.315032273] [attitude_scout_3]: [scout_3] Landed — tilt correction stopped, yaw-hold pinned to current heading.
[attitude_controller-14] [INFO] [1786779770.317584003] [attitude_scout_3]: [scout_3] Landed — tilt correction stopped, yaw-hold pinned to current heading.
[attitude_controller-14] [INFO] [1786779770.318778121] [attitude_scout_3]: [scout_3] Landed — tilt correction stopped, yaw-hold pinned to current heading.
[attitude_controller-14] [INFO] [1786779770.330223788] [attitude_scout_3]: [scout_3] Landed — tilt correction stopped, yaw-hold pinned to current heading.
[attitude_controller-14] [INFO] [1786779770.335923329] [attitude_scout_3]: [scout_3] Landed — tilt correction stopped, yaw-hold pinned to current heading.
[attitude_controller-14] [INFO] [1786779770.337652698] [attitude_scout_3]: [scout_3] Landed — tilt correction stopped, yaw-hold pinned to current heading.
[attitude_controller-14] [INFO] [1786779770.349864366] [attitude_scout_3]: [scout_3] Landed — tilt correction stopped, yaw-hold pinned to current heading.
[attitude_controller-14] [INFO] [1786779770.352963010] [attitude_scout_3]: [scout_3] Landed — tilt correction stopped, yaw-hold pinned to current heading.
[attitude_controller-14] [INFO] [1786779770.354854127] [attitude_scout_3]: [scout_3] Landed — tilt correction stopped, yaw-hold pinned to current heading.
[attitude_controller-14] [INFO] [1786779770.368447223] [attitude_scout_3]: [scout_3] Landed — tilt correction stopped, yaw-hold pinned to current heading.
[attitude_controller-14] [INFO] [1786779770.370932256] [attitude_scout_3]: [scout_3] Landed — tilt correction stopped, yaw-hold pinned to current heading.
[attitude_controller-14] [INFO] [1786779770.374041516] [attitude_scout_3]: [scout_3] Landed — tilt correction stopped, yaw-hold pinned to current heading.
[attitude_controller-14] [INFO] [1786779770.383698380] [attitude_scout_3]: [scout_3] Landed — tilt correction stopped, yaw-hold pinned to current heading.
[attitude_controller-14] [INFO] [1786779770.385836450] [attitude_scout_3]: [scout_3] Landed — tilt correction stopped, yaw-hold pinned to current heading.
[attitude_controller-14] [INFO] [1786779770.387142172] [attitude_scout_3]: [scout_3] Landed — tilt correction stopped, yaw-hold pinned to current heading.
[attitude_controller-14] [INFO] [1786779770.401324225] [attitude_scout_3]: [scout_3] Landed — tilt correction stopped, yaw-hold pinned to current heading.
[attitude_controller-14] [INFO] [1786779770.406577771] [attitude_scout_3]: [scout_3] Landed — tilt correction stopped, yaw-hold pinned to current heading.
[attitude_controller-14] [INFO] [1786779770.408382496] [attitude_scout_3]: [scout_3] Landed — tilt correction stopped, yaw-hold pinned to current heading.
[attitude_controller-14] [INFO] [1786779770.425538600] [attitude_scout_3]: [scout_3] Landed — tilt correction stopped, yaw-hold pinned to current heading.
[attitude_controller-14] [INFO] [1786779770.428579207] [attitude_scout_3]: [scout_3] Landed — tilt correction stopped, yaw-hold pinned to current heading.
[attitude_controller-14] [INFO] [1786779770.429991574] [attitude_scout_3]: [scout_3] Landed — tilt correction stopped, yaw-hold pinned to current heading.
[attitude_controller-14] [INFO] [1786779770.444658663] [attitude_scout_3]: [scout_3] Landed — tilt correction stopped, yaw-hold pinned to current heading.
[attitude_controller-14] [INFO] [1786779770.447912142] [attitude_scout_3]: [scout_3] Landed — tilt correction stopped, yaw-hold pinned to current heading.
[attitude_controller-14] [INFO] [1786779770.449337708] [attitude_scout_3]: [scout_3] Landed — tilt correction stopped, yaw-hold pinned to current heading.
[attitude_controller-14] [INFO] [1786779770.459541207] [attitude_scout_3]: [scout_3] Landed — tilt correction stopped, yaw-hold pinned to current heading.
[attitude_controller-14] [INFO] [1786779770.460870046] [attitude_scout_3]: [scout_3] Landed — tilt correction stopped, yaw-hold pinned to current heading.
[attitude_controller-14] [INFO] [1786779770.466099916] [attitude_scout_3]: [scout_3] Landed — tilt correction stopped, yaw-hold pinned to current heading.
[attitude_controller-14] [INFO] [1786779770.478351671] [attitude_scout_3]: [scout_3] Landed — tilt correction stopped, yaw-hold pinned to current heading.
[attitude_controller-14] [INFO] [1786779770.479742527] [attitude_scout_3]: [scout_3] Landed — tilt correction stopped, yaw-hold pinned to current heading.
[attitude_controller-14] [INFO] [1786779770.481243800] [attitude_scout_3]: [scout_3] Landed — tilt correction stopped, yaw-hold pinned to current heading.
[attitude_controller-14] [INFO] [1786779770.490284679] [attitude_scout_3]: [scout_3] Landed — tilt correction stopped, yaw-hold pinned to current heading.
[attitude_controller-14] [INFO] [1786779770.492911556] [attitude_scout_3]: [scout_3] Landed — tilt correction stopped, yaw-hold pinned to current heading.
[attitude_controller-14] [INFO] [1786779770.494468561] [attitude_scout_3]: [scout_3] Landed — tilt correction stopped, yaw-hold pinned to current heading.
[attitude_controller-14] [INFO] [1786779770.511485055] [attitude_scout_3]: [scout_3] Landed — tilt correction stopped, yaw-hold pinned to current heading.
[attitude_controller-14] [INFO] [1786779770.515143464] [attitude_scout_3]: [scout_3] Landed — tilt correction stopped, yaw-hold pinned to current heading.
[attitude_controller-14] [INFO] [1786779770.516419294] [attitude_scout_3]: [scout_3] Landed — tilt correction stopped, yaw-hold pinned to current heading.
[attitude_controller-14] [INFO] [1786779770.526092501] [attitude_scout_3]: [scout_3] Landed — tilt correction stopped, yaw-hold pinned to current heading.
[attitude_controller-14] [INFO] [1786779770.533186600] [attitude_scout_3]: [scout_3] Landed — tilt correction stopped, yaw-hold pinned to current heading.
[attitude_controller-14] [INFO] [1786779770.534881258] [attitude_scout_3]: [scout_3] Landed — tilt correction stopped, yaw-hold pinned to current heading.
[attitude_controller-14] [INFO] [1786779770.543149711] [attitude_scout_3]: [scout_3] Landed — tilt correction stopped, yaw-hold pinned to current heading.
[attitude_controller-14] [INFO] [1786779770.546232222] [attitude_scout_3]: [scout_3] Landed — tilt correction stopped, yaw-hold pinned to current heading.
[attitude_controller-14] [INFO] [1786779770.549238748] [attitude_scout_3]: [scout_3] Landed — tilt correction stopped, yaw-hold pinned to current heading.
[attitude_controller-14] [INFO] [1786779770.561202485] [attitude_scout_3]: [scout_3] Landed — tilt correction stopped, yaw-hold pinned to current heading.
[attitude_controller-14] [INFO] [1786779770.564999456] [attitude_scout_3]: [scout_3] Landed — tilt correction stopped, yaw-hold pinned to current heading.
[attitude_controller-14] [INFO] [1786779770.566927099] [attitude_scout_3]: [scout_3] Landed — tilt correction stopped, yaw-hold pinned to current heading.
[attitude_controller-14] [INFO] [1786779770.581635044] [attitude_scout_3]: [scout_3] Landed — tilt correction stopped, yaw-hold pinned to current heading.
[attitude_controller-14] [INFO] [1786779770.584934617] [attitude_scout_3]: [scout_3] Landed — tilt correction stopped, yaw-hold pinned to current heading.
[attitude_controller-14] [INFO] [1786779770.586205419] [attitude_scout_3]: [scout_3] Landed — tilt correction stopped, yaw-hold pinned to current heading.
[attitude_controller-14] [INFO] [1786779770.601783706] [attitude_scout_3]: [scout_3] Landed — tilt correction stopped, yaw-hold pinned to current heading.
[attitude_controller-14] [INFO] [1786779770.603147185] [attitude_scout_3]: [scout_3] Landed — tilt correction stopped, yaw-hold pinned to current heading.
[attitude_controller-14] [INFO] [1786779770.604534549] [attitude_scout_3]: [scout_3] Landed — tilt correction stopped, yaw-hold pinned to current heading.
[attitude_controller-14] [INFO] [1786779770.622244410] [attitude_scout_3]: [scout_3] Landed — tilt correction stopped, yaw-hold pinned to current heading.
[attitude_controller-14] [INFO] [1786779770.624147261] [attitude_scout_3]: [scout_3] Landed — tilt correction stopped, yaw-hold pinned to current heading.
[attitude_controller-14] [INFO] [1786779770.625478124] [attitude_scout_3]: [scout_3] Landed — tilt correction stopped, yaw-hold pinned to current heading.
[attitude_controller-14] [INFO] [1786779770.644853661] [attitude_scout_3]: [scout_3] Landed — tilt correction stopped, yaw-hold pinned to current heading.
[attitude_controller-14] [INFO] [1786779770.649134900] [attitude_scout_3]: [scout_3] Landed — tilt correction stopped, yaw-hold pinned to current heading.
[attitude_controller-14] [INFO] [1786779770.654790652] [attitude_scout_3]: [scout_3] Landed — tilt correction stopped, yaw-hold pinned to current heading.
[attitude_controller-14] [INFO] [1786779770.662626239] [attitude_scout_3]: [scout_3] Landed — tilt correction stopped, yaw-hold pinned to current heading.
[attitude_controller-14] [INFO] [1786779770.666933946] [attitude_scout_3]: [scout_3] Landed — tilt correction stopped, yaw-hold pinned to current heading.
[attitude_controller-14] [INFO] [1786779770.669226502] [attitude_scout_3]: [scout_3] Landed — tilt correction stopped, yaw-hold pinned to current heading.
[attitude_controller-14] [INFO] [1786779770.679796240] [attitude_scout_3]: [scout_3] Landed — tilt correction stopped, yaw-hold pinned to current heading.
[attitude_controller-14] [INFO] [1786779770.683101889] [attitude_scout_3]: [scout_3] Landed — tilt correction stopped, yaw-hold pinned to current heading.
[attitude_controller-14] [INFO] [1786779770.686214711] [attitude_scout_3]: [scout_3] Landed — tilt correction stopped, yaw-hold pinned to current heading.
[attitude_controller-14] [INFO] [1786779770.697846989] [attitude_scout_3]: [scout_3] Landed — tilt correction stopped, yaw-hold pinned to current heading.
[attitude_controller-14] [INFO] [1786779770.701130010] [attitude_scout_3]: [scout_3] Landed — tilt correction stopped, yaw-hold pinned to current heading.
[attitude_controller-14] [INFO] [1786779770.702626114] [attitude_scout_3]: [scout_3] Landed — tilt correction stopped, yaw-hold pinned to current heading.
[attitude_controller-14] [INFO] [1786779770.720072890] [attitude_scout_3]: [scout_3] Landed — tilt correction stopped, yaw-hold pinned to current heading.
[attitude_controller-14] [INFO] [1786779770.724185326] [attitude_scout_3]: [scout_3] Landed — tilt correction stopped, yaw-hold pinned to current heading.
[attitude_controller-14] [INFO] [1786779770.726260541] [attitude_scout_3]: [scout_3] Landed — tilt correction stopped, yaw-hold pinned to current heading.
[landing_controller-11] [INFO] [1786779770.841672891] [landing_scout_2]: [scout_2] 🛫 Airborne while IDLE (v=0.060 m/s, free-fall accel) → FLIGHT mode armed
[attitude_controller-14] [INFO] [1786779770.841880943] [attitude_scout_3]: [scout_3] Landed — tilt correction stopped, yaw-hold pinned to current heading.
[attitude_controller-14] [INFO] [1786779770.844736965] [attitude_scout_3]: [scout_3] Landed — tilt correction stopped, yaw-hold pinned to current heading.
[attitude_controller-14] [INFO] [1786779770.845928708] [attitude_scout_3]: [scout_3] Landed — tilt correction stopped, yaw-hold pinned to current heading.
[attitude_controller-14] [INFO] [1786779770.858223625] [attitude_scout_3]: [scout_3] Landed — tilt correction stopped, yaw-hold pinned to current heading.
[attitude_controller-14] [INFO] [1786779770.861115613] [attitude_scout_3]: [scout_3] Landed — tilt correction stopped, yaw-hold pinned to current heading.
[attitude_controller-14] [INFO] [1786779770.862477556] [attitude_scout_3]: [scout_3] Landed — tilt correction stopped, yaw-hold pinned to current heading.
[attitude_controller-14] [INFO] [1786779770.879308835] [attitude_scout_3]: [scout_3] Landed — tilt correction stopped, yaw-hold pinned to current heading.
[attitude_controller-14] [INFO] [1786779770.882107728] [attitude_scout_3]: [scout_3] Landed — tilt correction stopped, yaw-hold pinned to current heading.
[attitude_controller-14] [INFO] [1786779770.883756013] [attitude_scout_3]: [scout_3] Landed — tilt correction stopped, yaw-hold pinned to current heading.
[attitude_controller-14] [INFO] [1786779770.893814525] [attitude_scout_3]: [scout_3] Landed — tilt correction stopped, yaw-hold pinned to current heading.
[attitude_controller-14] [INFO] [1786779770.897506177] [attitude_scout_3]: [scout_3] Landed — tilt correction stopped, yaw-hold pinned to current heading.
[attitude_controller-14] [INFO] [1786779770.898904087] [attitude_scout_3]: [scout_3] Landed — tilt correction stopped, yaw-hold pinned to current heading.
[attitude_controller-14] [INFO] [1786779770.917487922] [attitude_scout_3]: [scout_3] Landed — tilt correction stopped, yaw-hold pinned to current heading.
[attitude_controller-14] [INFO] [1786779770.918765288] [attitude_scout_3]: [scout_3] Landed — tilt correction stopped, yaw-hold pinned to current heading.
[attitude_controller-14] [INFO] [1786779770.919942156] [attitude_scout_3]: [scout_3] Landed — tilt correction stopped, yaw-hold pinned to current heading.
[attitude_controller-14] [INFO] [1786779770.931825787] [attitude_scout_3]: [scout_3] Landed — tilt correction stopped, yaw-hold pinned to current heading.
[attitude_controller-14] [INFO] [1786779770.933332367] [attitude_scout_3]: [scout_3] Landed — tilt correction stopped, yaw-hold pinned to current heading.
[attitude_controller-14] [INFO] [1786779770.934726296] [attitude_scout_3]: [scout_3] Landed — tilt correction stopped, yaw-hold pinned to current heading.
[attitude_controller-14] [INFO] [1786779770.947067307] [attitude_scout_3]: [scout_3] Landed — tilt correction stopped, yaw-hold pinned to current heading.
[attitude_controller-14] [INFO] [1786779770.951924163] [attitude_scout_3]: [scout_3] Landed — tilt correction stopped, yaw-hold pinned to current heading.
[attitude_controller-14] [INFO] [1786779770.954213506] [attitude_scout_3]: [scout_3] Landed — tilt correction stopped, yaw-hold pinned to current heading.
[attitude_controller-14] [INFO] [1786779770.967064974] [attitude_scout_3]: [scout_3] Landed — tilt correction stopped, yaw-hold pinned to current heading.
[attitude_controller-14] [INFO] [1786779770.968825073] [attitude_scout_3]: [scout_3] Landed — tilt correction stopped, yaw-hold pinned to current heading.
[attitude_controller-14] [INFO] [1786779770.970887507] [attitude_scout_3]: [scout_3] Landed — tilt correction stopped, yaw-hold pinned to current heading.
[attitude_controller-14] [INFO] [1786779770.982511683] [attitude_scout_3]: [scout_3] Landed — tilt correction stopped, yaw-hold pinned to current heading.
[attitude_controller-14] [INFO] [1786779770.986394068] [attitude_scout_3]: [scout_3] Landed — tilt correction stopped, yaw-hold pinned to current heading.
[attitude_controller-14] [INFO] [1786779770.987645175] [attitude_scout_3]: [scout_3] Landed — tilt correction stopped, yaw-hold pinned to current heading.
[attitude_controller-14] [INFO] [1786779771.002502577] [attitude_scout_3]: [scout_3] Landed — tilt correction stopped, yaw-hold pinned to current heading.
[attitude_controller-14] [INFO] [1786779771.005104242] [attitude_scout_3]: [scout_3] Landed — tilt correction stopped, yaw-hold pinned to current heading.
[attitude_controller-14] [INFO] [1786779771.008709294] [attitude_scout_3]: [scout_3] Landed — tilt correction stopped, yaw-hold pinned to current heading.
[attitude_controller-14] [INFO] [1786779771.021203463] [attitude_scout_3]: [scout_3] Landed — tilt correction stopped, yaw-hold pinned to current heading.
[attitude_controller-14] [INFO] [1786779771.025332940] [attitude_scout_3]: [scout_3] Landed — tilt correction stopped, yaw-hold pinned to current heading.
[attitude_controller-14] [INFO] [1786779771.026834492] [attitude_scout_3]: [scout_3] Landed — tilt correction stopped, yaw-hold pinned to current heading.
[attitude_controller-14] [INFO] [1786779771.044902980] [attitude_scout_3]: [scout_3] Landed — tilt correction stopped, yaw-hold pinned to current heading.
[attitude_controller-14] [INFO] [1786779771.046729636] [attitude_scout_3]: [scout_3] Landed — tilt correction stopped, yaw-hold pinned to current heading.
[attitude_controller-14] [INFO] [1786779771.047991707] [attitude_scout_3]: [scout_3] Landed — tilt correction stopped, yaw-hold pinned to current heading.
[attitude_controller-14] [INFO] [1786779771.057275139] [attitude_scout_3]: [scout_3] Landed — tilt correction stopped, yaw-hold pinned to current heading.
[attitude_controller-14] [INFO] [1786779771.059951045] [attitude_scout_3]: [scout_3] Landed — tilt correction stopped, yaw-hold pinned to current heading.
[attitude_controller-14] [INFO] [1786779771.061695638] [attitude_scout_3]: [scout_3] Landed — tilt correction stopped, yaw-hold pinned to current heading.
[attitude_controller-14] [INFO] [1786779771.080795658] [attitude_scout_3]: [scout_3] Landed — tilt correction stopped, yaw-hold pinned to current heading.
[attitude_controller-14] [INFO] [1786779771.082804036] [attitude_scout_3]: [scout_3] Landed — tilt correction stopped, yaw-hold pinned to current heading.
[attitude_controller-14] [INFO] [1786779771.083768451] [attitude_scout_3]: [scout_3] Landed — tilt correction stopped, yaw-hold pinned to current heading.
[attitude_controller-14] [INFO] [1786779771.098308642] [attitude_scout_3]: [scout_3] Landed — tilt correction stopped, yaw-hold pinned to current heading.
[attitude_controller-14] [INFO] [1786779771.100878181] [attitude_scout_3]: [scout_3] Landed — tilt correction stopped, yaw-hold pinned to current heading.
[attitude_controller-14] [INFO] [1786779771.102276371] [attitude_scout_3]: [scout_3] Landed — tilt correction stopped, yaw-hold pinned to current heading.
[attitude_controller-14] [INFO] [1786779771.107800196] [attitude_scout_3]: [scout_3] Landed — tilt correction stopped, yaw-hold pinned to current heading.
[attitude_controller-14] [INFO] [1786779771.111829663] [attitude_scout_3]: [scout_3] Landed — tilt correction stopped, yaw-hold pinned to current heading.
[attitude_controller-14] [INFO] [1786779771.114267764] [attitude_scout_3]: [scout_3] Landed — tilt correction stopped, yaw-hold pinned to current heading.
[attitude_controller-14] [INFO] [1786779771.127418146] [attitude_scout_3]: [scout_3] Landed — tilt correction stopped, yaw-hold pinned to current heading.
[attitude_controller-14] [INFO] [1786779771.133561030] [attitude_scout_3]: [scout_3] Landed — tilt correction stopped, yaw-hold pinned to current heading.
[attitude_controller-14] [INFO] [1786779771.135009224] [attitude_scout_3]: [scout_3] Landed — tilt correction stopped, yaw-hold pinned to current heading.
[attitude_controller-14] [INFO] [1786779771.151319919] [attitude_scout_3]: [scout_3] Landed — tilt correction stopped, yaw-hold pinned to current heading.
[attitude_controller-14] [INFO] [1786779771.153746148] [attitude_scout_3]: [scout_3] Landed — tilt correction stopped, yaw-hold pinned to current heading.
[attitude_controller-14] [INFO] [1786779771.155901049] [attitude_scout_3]: [scout_3] Landed — tilt correction stopped, yaw-hold pinned to current heading.
[attitude_controller-14] [INFO] [1786779771.170945761] [attitude_scout_3]: [scout_3] Landed — tilt correction stopped, yaw-hold pinned to current heading.
[attitude_controller-14] [INFO] [1786779771.173883984] [attitude_scout_3]: [scout_3] Landed — tilt correction stopped, yaw-hold pinned to current heading.
[attitude_controller-14] [INFO] [1786779771.175238035] [attitude_scout_3]: [scout_3] Landed — tilt correction stopped, yaw-hold pinned to current heading.
[attitude_controller-14] [INFO] [1786779771.192526135] [attitude_scout_3]: [scout_3] Landed — tilt correction stopped, yaw-hold pinned to current heading.
[attitude_controller-14] [INFO] [1786779771.193763065] [attitude_scout_3]: [scout_3] Landed — tilt correction stopped, yaw-hold pinned to current heading.
[attitude_controller-14] [INFO] [1786779771.195238846] [attitude_scout_3]: [scout_3] Landed — tilt correction stopped, yaw-hold pinned to current heading.
[attitude_controller-14] [INFO] [1786779771.210912184] [attitude_scout_3]: [scout_3] Landed — tilt correction stopped, yaw-hold pinned to current heading.
[attitude_controller-14] [INFO] [1786779771.214808118] [attitude_scout_3]: [scout_3] Landed — tilt correction stopped, yaw-hold pinned to current heading.
[attitude_controller-14] [INFO] [1786779771.216265461] [attitude_scout_3]: [scout_3] Landed — tilt correction stopped, yaw-hold pinned to current heading.
[attitude_controller-14] [INFO] [1786779771.226641394] [attitude_scout_3]: [scout_3] Landed — tilt correction stopped, yaw-hold pinned to current heading.
[attitude_controller-14] [INFO] [1786779771.228242608] [attitude_scout_3]: [scout_3] Landed — tilt correction stopped, yaw-hold pinned to current heading.
[attitude_controller-14] [INFO] [1786779771.229620404] [attitude_scout_3]: [scout_3] Landed — tilt correction stopped, yaw-hold pinned to current heading.
[attitude_controller-14] [INFO] [1786779771.245844358] [attitude_scout_3]: [scout_3] Landed — tilt correction stopped, yaw-hold pinned to current heading.
[attitude_controller-14] [INFO] [1786779771.248024471] [attitude_scout_3]: [scout_3] Landed — tilt correction stopped, yaw-hold pinned to current heading.
[attitude_controller-14] [INFO] [1786779771.249663049] [attitude_scout_3]: [scout_3] Landed — tilt correction stopped, yaw-hold pinned to current heading.
[attitude_controller-14] [INFO] [1786779771.264332023] [attitude_scout_3]: [scout_3] Landed — tilt correction stopped, yaw-hold pinned to current heading.
[attitude_controller-14] [INFO] [1786779771.266328180] [attitude_scout_3]: [scout_3] Landed — tilt correction stopped, yaw-hold pinned to current heading.
[attitude_controller-14] [INFO] [1786779771.267295668] [attitude_scout_3]: [scout_3] Landed — tilt correction stopped, yaw-hold pinned to current heading.
[attitude_controller-14] [INFO] [1786779771.279931262] [attitude_scout_3]: [scout_3] Landed — tilt correction stopped, yaw-hold pinned to current heading.
[attitude_controller-14] [INFO] [1786779771.281495320] [attitude_scout_3]: [scout_3] Landed — tilt correction stopped, yaw-hold pinned to current heading.
[attitude_controller-14] [INFO] [1786779771.282864456] [attitude_scout_3]: [scout_3] Landed — tilt correction stopped, yaw-hold pinned to current heading.
[attitude_controller-14] [INFO] [1786779771.296948105] [attitude_scout_3]: [scout_3] Landed — tilt correction stopped, yaw-hold pinned to current heading.
[attitude_controller-14] [INFO] [1786779771.298146972] [attitude_scout_3]: [scout_3] Landed — tilt correction stopped, yaw-hold pinned to current heading.
[attitude_controller-14] [INFO] [1786779771.299292412] [attitude_scout_3]: [scout_3] Landed — tilt correction stopped, yaw-hold pinned to current heading.
[attitude_controller-14] [INFO] [1786779771.310678156] [attitude_scout_3]: [scout_3] Landed — tilt correction stopped, yaw-hold pinned to current heading.
[attitude_controller-14] [INFO] [1786779771.313891338] [attitude_scout_3]: [scout_3] Landed — tilt correction stopped, yaw-hold pinned to current heading.
[attitude_controller-14] [INFO] [1786779771.315027489] [attitude_scout_3]: [scout_3] Landed — tilt correction stopped, yaw-hold pinned to current heading.
[attitude_controller-14] [INFO] [1786779771.326233466] [attitude_scout_3]: [scout_3] Landed — tilt correction stopped, yaw-hold pinned to current heading.
[attitude_controller-14] [INFO] [1786779771.327494280] [attitude_scout_3]: [scout_3] Landed — tilt correction stopped, yaw-hold pinned to current heading.
[attitude_controller-14] [INFO] [1786779771.329036060] [attitude_scout_3]: [scout_3] Landed — tilt correction stopped, yaw-hold pinned to current heading.
[attitude_controller-14] [INFO] [1786779771.344170167] [attitude_scout_3]: [scout_3] Landed — tilt correction stopped, yaw-hold pinned to current heading.
[attitude_controller-14] [INFO] [1786779771.345455844] [attitude_scout_3]: [scout_3] Landed — tilt correction stopped, yaw-hold pinned to current heading.
[attitude_controller-14] [INFO] [1786779771.346732932] [attitude_scout_3]: [scout_3] Landed — tilt correction stopped, yaw-hold pinned to current heading.
[attitude_controller-14] [INFO] [1786779771.363973192] [attitude_scout_3]: [scout_3] Landed — tilt correction stopped, yaw-hold pinned to current heading.
[attitude_controller-14] [INFO] [1786779771.369677692] [attitude_scout_3]: [scout_3] Landed — tilt correction stopped, yaw-hold pinned to current heading.
[attitude_controller-14] [INFO] [1786779771.370858611] [attitude_scout_3]: [scout_3] Landed — tilt correction stopped, yaw-hold pinned to current heading.
[attitude_controller-14] [INFO] [1786779771.380298274] [attitude_scout_3]: [scout_3] Landed — tilt correction stopped, yaw-hold pinned to current heading.
[attitude_controller-14] [INFO] [1786779771.382719614] [attitude_scout_3]: [scout_3] Landed — tilt correction stopped, yaw-hold pinned to current heading.
[attitude_controller-14] [INFO] [1786779771.383828597] [attitude_scout_3]: [scout_3] Landed — tilt correction stopped, yaw-hold pinned to current heading.
[attitude_controller-14] [INFO] [1786779771.395942978] [attitude_scout_3]: [scout_3] Landed — tilt correction stopped, yaw-hold pinned to current heading.
[attitude_controller-14] [INFO] [1786779771.403338156] [attitude_scout_3]: [scout_3] Landed — tilt correction stopped, yaw-hold pinned to current heading.
[attitude_controller-14] [INFO] [1786779771.405823050] [attitude_scout_3]: [scout_3] Landed — tilt correction stopped, yaw-hold pinned to current heading.
[attitude_controller-14] [INFO] [1786779771.419722113] [attitude_scout_3]: [scout_3] Landed — tilt correction stopped, yaw-hold pinned to current heading.
[attitude_controller-14] [INFO] [1786779771.421570698] [attitude_scout_3]: [scout_3] Landed — tilt correction stopped, yaw-hold pinned to current heading.
[attitude_controller-14] [INFO] [1786779771.422925377] [attitude_scout_3]: [scout_3] Landed — tilt correction stopped, yaw-hold pinned to current heading.
[attitude_controller-14] [INFO] [1786779771.435970301] [attitude_scout_3]: [scout_3] Landed — tilt correction stopped, yaw-hold pinned to current heading.
[attitude_controller-14] [INFO] [1786779771.440656121] [attitude_scout_3]: [scout_3] Landed — tilt correction stopped, yaw-hold pinned to current heading.
[attitude_controller-14] [INFO] [1786779771.441727181] [attitude_scout_3]: [scout_3] Landed — tilt correction stopped, yaw-hold pinned to current heading.
[attitude_controller-14] [INFO] [1786779771.454173231] [attitude_scout_3]: [scout_3] Landed — tilt correction stopped, yaw-hold pinned to current heading.
[attitude_controller-14] [INFO] [1786779771.455475041] [attitude_scout_3]: [scout_3] Landed — tilt correction stopped, yaw-hold pinned to current heading.
[attitude_controller-14] [INFO] [1786779771.457155173] [attitude_scout_3]: [scout_3] Landed — tilt correction stopped, yaw-hold pinned to current heading.
[attitude_controller-14] [INFO] [1786779771.470738910] [attitude_scout_3]: [scout_3] Landed — tilt correction stopped, yaw-hold pinned to current heading.
[attitude_controller-14] [INFO] [1786779771.477654290] [attitude_scout_3]: [scout_3] Landed — tilt correction stopped, yaw-hold pinned to current heading.
[attitude_controller-14] [INFO] [1786779771.478898762] [attitude_scout_3]: [scout_3] Landed — tilt correction stopped, yaw-hold pinned to current heading.
[attitude_controller-14] [INFO] [1786779771.493012582] [attitude_scout_3]: [scout_3] Landed — tilt correction stopped, yaw-hold pinned to current heading.
[attitude_controller-14] [INFO] [1786779771.495603073] [attitude_scout_3]: [scout_3] Landed — tilt correction stopped, yaw-hold pinned to current heading.
[attitude_controller-14] [INFO] [1786779771.496904604] [attitude_scout_3]: [scout_3] Landed — tilt correction stopped, yaw-hold pinned to current heading.
[attitude_controller-14] [INFO] [1786779771.514554195] [attitude_scout_3]: [scout_3] Landed — tilt correction stopped, yaw-hold pinned to current heading.
[attitude_controller-14] [INFO] [1786779771.516237888] [attitude_scout_3]: [scout_3] Landed — tilt correction stopped, yaw-hold pinned to current heading.
[attitude_controller-14] [INFO] [1786779771.518720896] [attitude_scout_3]: [scout_3] Landed — tilt correction stopped, yaw-hold pinned to current heading.
[attitude_controller-14] [INFO] [1786779771.531275337] [attitude_scout_3]: [scout_3] Landed — tilt correction stopped, yaw-hold pinned to current heading.
[attitude_controller-14] [INFO] [1786779771.537024954] [attitude_scout_3]: [scout_3] Landed — tilt correction stopped, yaw-hold pinned to current heading.
[attitude_controller-14] [INFO] [1786779771.538524899] [attitude_scout_3]: [scout_3] Landed — tilt correction stopped, yaw-hold pinned to current heading.
[attitude_controller-14] [INFO] [1786779771.553787581] [attitude_scout_3]: [scout_3] Landed — tilt correction stopped, yaw-hold pinned to current heading.
[attitude_controller-14] [INFO] [1786779771.555057754] [attitude_scout_3]: [scout_3] Landed — tilt correction stopped, yaw-hold pinned to current heading.
[attitude_controller-14] [INFO] [1786779771.558400418] [attitude_scout_3]: [scout_3] Landed — tilt correction stopped, yaw-hold pinned to current heading.
[attitude_controller-14] [INFO] [1786779771.565176747] [attitude_scout_3]: [scout_3] Landed — tilt correction stopped, yaw-hold pinned to current heading.
[attitude_controller-14] [INFO] [1786779771.570387132] [attitude_scout_3]: [scout_3] Landed — tilt correction stopped, yaw-hold pinned to current heading.
[attitude_controller-14] [INFO] [1786779771.571700676] [attitude_scout_3]: [scout_3] Landed — tilt correction stopped, yaw-hold pinned to current heading.
[attitude_controller-14] [INFO] [1786779771.584710122] [attitude_scout_3]: [scout_3] Landed — tilt correction stopped, yaw-hold pinned to current heading.
[attitude_controller-14] [INFO] [1786779771.586996252] [attitude_scout_3]: [scout_3] Landed — tilt correction stopped, yaw-hold pinned to current heading.
[attitude_controller-14] [INFO] [1786779771.590552067] [attitude_scout_3]: [scout_3] Landed — tilt correction stopped, yaw-hold pinned to current heading.
[attitude_controller-14] [INFO] [1786779771.599047009] [attitude_scout_3]: [scout_3] Landed — tilt correction stopped, yaw-hold pinned to current heading.
[attitude_controller-14] [INFO] [1786779771.604540664] [attitude_scout_3]: [scout_3] Landed — tilt correction stopped, yaw-hold pinned to current heading.
[attitude_controller-14] [INFO] [1786779771.607278307] [attitude_scout_3]: [scout_3] Landed — tilt correction stopped, yaw-hold pinned to current heading.
[attitude_controller-14] [INFO] [1786779771.629044035] [attitude_scout_3]: [scout_3] Landed — tilt correction stopped, yaw-hold pinned to current heading.
[attitude_controller-14] [INFO] [1786779771.630999615] [attitude_scout_3]: [scout_3] Landed — tilt correction stopped, yaw-hold pinned to current heading.
[attitude_controller-14] [INFO] [1786779771.633181684] [attitude_scout_3]: [scout_3] Landed — tilt correction stopped, yaw-hold pinned to current heading.
[attitude_controller-14] [INFO] [1786779771.645229019] [attitude_scout_3]: [scout_3] Landed — tilt correction stopped, yaw-hold pinned to current heading.
[attitude_controller-14] [INFO] [1786779771.650990788] [attitude_scout_3]: [scout_3] Landed — tilt correction stopped, yaw-hold pinned to current heading.
[attitude_controller-14] [INFO] [1786779771.652361321] [attitude_scout_3]: [scout_3] Landed — tilt correction stopped, yaw-hold pinned to current heading.
[attitude_controller-14] [INFO] [1786779771.669529786] [attitude_scout_3]: [scout_3] Landed — tilt correction stopped, yaw-hold pinned to current heading.
[attitude_controller-14] [INFO] [1786779771.675934708] [attitude_scout_3]: [scout_3] Landed — tilt correction stopped, yaw-hold pinned to current heading.
[attitude_controller-14] [INFO] [1786779771.677156273] [attitude_scout_3]: [scout_3] Landed — tilt correction stopped, yaw-hold pinned to current heading.
[attitude_controller-14] [INFO] [1786779771.692480134] [attitude_scout_3]: [scout_3] Landed — tilt correction stopped, yaw-hold pinned to current heading.
[attitude_controller-14] [INFO] [1786779771.699396631] [attitude_scout_3]: [scout_3] Landed — tilt correction stopped, yaw-hold pinned to current heading.
[attitude_controller-14] [INFO] [1786779771.701105606] [attitude_scout_3]: [scout_3] Landed — tilt correction stopped, yaw-hold pinned to current heading.
[attitude_controller-14] [INFO] [1786779771.709951563] [attitude_scout_3]: [scout_3] Landed — tilt correction stopped, yaw-hold pinned to current heading.
[attitude_controller-14] [INFO] [1786779771.711282357] [attitude_scout_3]: [scout_3] Landed — tilt correction stopped, yaw-hold pinned to current heading.
[attitude_controller-14] [INFO] [1786779771.713081845] [attitude_scout_3]: [scout_3] Landed — tilt correction stopped, yaw-hold pinned to current heading.
[attitude_controller-14] [INFO] [1786779771.727632232] [attitude_scout_3]: [scout_3] Landed — tilt correction stopped, yaw-hold pinned to current heading.
[attitude_controller-14] [INFO] [1786779771.730004125] [attitude_scout_3]: [scout_3] Landed — tilt correction stopped, yaw-hold pinned to current heading.
[attitude_controller-14] [INFO] [1786779771.731956003] [attitude_scout_3]: [scout_3] Landed — tilt correction stopped, yaw-hold pinned to current heading.
[attitude_controller-14] [INFO] [1786779771.746836382] [attitude_scout_3]: [scout_3] Landed — tilt correction stopped, yaw-hold pinned to current heading.
[attitude_controller-14] [INFO] [1786779771.748341077] [attitude_scout_3]: [scout_3] Landed — tilt correction stopped, yaw-hold pinned to current heading.
[attitude_controller-14] [INFO] [1786779771.749694639] [attitude_scout_3]: [scout_3] Landed — tilt correction stopped, yaw-hold pinned to current heading.
[attitude_controller-14] [INFO] [1786779771.761622408] [attitude_scout_3]: [scout_3] Landed — tilt correction stopped, yaw-hold pinned to current heading.
[attitude_controller-14] [INFO] [1786779771.763799589] [attitude_scout_3]: [scout_3] Landed — tilt correction stopped, yaw-hold pinned to current heading.
[attitude_controller-14] [INFO] [1786779771.765094695] [attitude_scout_3]: [scout_3] Landed — tilt correction stopped, yaw-hold pinned to current heading.
[attitude_controller-14] [INFO] [1786779771.780492097] [attitude_scout_3]: [scout_3] Landed — tilt correction stopped, yaw-hold pinned to current heading.
[attitude_controller-14] [INFO] [1786779771.784695325] [attitude_scout_3]: [scout_3] Landed — tilt correction stopped, yaw-hold pinned to current heading.
[attitude_controller-14] [INFO] [1786779771.786872296] [attitude_scout_3]: [scout_3] Landed — tilt correction stopped, yaw-hold pinned to current heading.
[attitude_controller-14] [INFO] [1786779771.801396912] [attitude_scout_3]: [scout_3] Landed — tilt correction stopped, yaw-hold pinned to current heading.
[attitude_controller-14] [INFO] [1786779771.804717018] [attitude_scout_3]: [scout_3] Landed — tilt correction stopped, yaw-hold pinned to current heading.
[attitude_controller-14] [INFO] [1786779771.807035903] [attitude_scout_3]: [scout_3] Landed — tilt correction stopped, yaw-hold pinned to current heading.
[attitude_controller-14] [INFO] [1786779771.817541389] [attitude_scout_3]: [scout_3] Landed — tilt correction stopped, yaw-hold pinned to current heading.
[attitude_controller-14] [INFO] [1786779771.818746541] [attitude_scout_3]: [scout_3] Landed — tilt correction stopped, yaw-hold pinned to current heading.
[attitude_controller-14] [INFO] [1786779771.819922431] [attitude_scout_3]: [scout_3] Landed — tilt correction stopped, yaw-hold pinned to current heading.
[attitude_controller-14] [INFO] [1786779771.835858297] [attitude_scout_3]: [scout_3] Landed — tilt correction stopped, yaw-hold pinned to current heading.
[attitude_controller-14] [INFO] [1786779771.837925549] [attitude_scout_3]: [scout_3] Landed — tilt correction stopped, yaw-hold pinned to current heading.
[attitude_controller-14] [INFO] [1786779771.839111706] [attitude_scout_3]: [scout_3] Landed — tilt correction stopped, yaw-hold pinned to current heading.
[attitude_controller-14] [INFO] [1786779771.961463532] [attitude_scout_3]: [scout_3] Landed — tilt correction stopped, yaw-hold pinned to current heading.
[attitude_controller-14] [INFO] [1786779771.964132104] [attitude_scout_3]: [scout_3] Landed — tilt correction stopped, yaw-hold pinned to current heading.
[attitude_controller-14] [INFO] [1786779771.965535811] [attitude_scout_3]: [scout_3] Landed — tilt correction stopped, yaw-hold pinned to current heading.
[attitude_controller-14] [INFO] [1786779771.977903081] [attitude_scout_3]: [scout_3] Landed — tilt correction stopped, yaw-hold pinned to current heading.
[attitude_controller-14] [INFO] [1786779771.980284054] [attitude_scout_3]: [scout_3] Landed — tilt correction stopped, yaw-hold pinned to current heading.
[attitude_controller-14] [INFO] [1786779771.981614359] [attitude_scout_3]: [scout_3] Landed — tilt correction stopped, yaw-hold pinned to current heading.
[attitude_controller-14] [INFO] [1786779771.997290002] [attitude_scout_3]: [scout_3] Landed — tilt correction stopped, yaw-hold pinned to current heading.
[attitude_controller-14] [INFO] [1786779772.000878781] [attitude_scout_3]: [scout_3] Landed — tilt correction stopped, yaw-hold pinned to current heading.
[attitude_controller-14] [INFO] [1786779772.003101986] [attitude_scout_3]: [scout_3] Landed — tilt correction stopped, yaw-hold pinned to current heading.
[attitude_controller-14] [INFO] [1786779772.010587257] [attitude_scout_3]: [scout_3] Landed — tilt correction stopped, yaw-hold pinned to current heading.
[attitude_controller-14] [INFO] [1786779772.013664600] [attitude_scout_3]: [scout_3] Landed — tilt correction stopped, yaw-hold pinned to current heading.
[attitude_controller-14] [INFO] [1786779772.014914311] [attitude_scout_3]: [scout_3] Landed — tilt correction stopped, yaw-hold pinned to current heading.
[attitude_controller-14] [INFO] [1786779772.023167399] [attitude_scout_3]: [scout_3] Landed — tilt correction stopped, yaw-hold pinned to current heading.
[attitude_controller-14] [INFO] [1786779772.027130797] [attitude_scout_3]: [scout_3] Landed — tilt correction stopped, yaw-hold pinned to current heading.
[attitude_controller-14] [INFO] [1786779772.028576128] [attitude_scout_3]: [scout_3] Landed — tilt correction stopped, yaw-hold pinned to current heading.
[attitude_controller-14] [INFO] [1786779772.042873277] [attitude_scout_3]: [scout_3] Landed — tilt correction stopped, yaw-hold pinned to current heading.
[attitude_controller-14] [INFO] [1786779772.044953311] [attitude_scout_3]: [scout_3] Landed — tilt correction stopped, yaw-hold pinned to current heading.
[attitude_controller-14] [INFO] [1786779772.046267134] [attitude_scout_3]: [scout_3] Landed — tilt correction stopped, yaw-hold pinned to current heading.
[attitude_controller-14] [INFO] [1786779772.059994322] [attitude_scout_3]: [scout_3] Landed — tilt correction stopped, yaw-hold pinned to current heading.
[attitude_controller-14] [INFO] [1786779772.063650426] [attitude_scout_3]: [scout_3] Landed — tilt correction stopped, yaw-hold pinned to current heading.
[attitude_controller-14] [INFO] [1786779772.065093732] [attitude_scout_3]: [scout_3] Landed — tilt correction stopped, yaw-hold pinned to current heading.
[attitude_controller-14] [INFO] [1786779772.082576825] [attitude_scout_3]: [scout_3] Landed — tilt correction stopped, yaw-hold pinned to current heading.
[attitude_controller-14] [INFO] [1786779772.084284683] [attitude_scout_3]: [scout_3] Landed — tilt correction stopped, yaw-hold pinned to current heading.
[attitude_controller-14] [INFO] [1786779772.085597807] [attitude_scout_3]: [scout_3] Landed — tilt correction stopped, yaw-hold pinned to current heading.
[attitude_controller-14] [INFO] [1786779772.106418606] [attitude_scout_3]: [scout_3] Landed — tilt correction stopped, yaw-hold pinned to current heading.
[attitude_controller-14] [INFO] [1786779772.107402157] [attitude_scout_3]: [scout_3] Landed — tilt correction stopped, yaw-hold pinned to current heading.
[attitude_controller-14] [INFO] [1786779772.108677289] [attitude_scout_3]: [scout_3] Landed — tilt correction stopped, yaw-hold pinned to current heading.
[attitude_controller-14] [INFO] [1786779772.119444254] [attitude_scout_3]: [scout_3] Landed — tilt correction stopped, yaw-hold pinned to current heading.
[attitude_controller-14] [INFO] [1786779772.122102420] [attitude_scout_3]: [scout_3] Landed — tilt correction stopped, yaw-hold pinned to current heading.
[attitude_controller-14] [INFO] [1786779772.123398714] [attitude_scout_3]: [scout_3] Landed — tilt correction stopped, yaw-hold pinned to current heading.
[attitude_controller-14] [INFO] [1786779772.131831150] [attitude_scout_3]: [scout_3] Landed — tilt correction stopped, yaw-hold pinned to current heading.
[attitude_controller-14] [INFO] [1786779772.138435674] [attitude_scout_3]: [scout_3] Landed — tilt correction stopped, yaw-hold pinned to current heading.
[attitude_controller-14] [INFO] [1786779772.141403997] [attitude_scout_3]: [scout_3] Landed — tilt correction stopped, yaw-hold pinned to current heading.
[attitude_controller-14] [INFO] [1786779772.153554695] [attitude_scout_3]: [scout_3] Landed — tilt correction stopped, yaw-hold pinned to current heading.
[attitude_controller-14] [INFO] [1786779772.161166795] [attitude_scout_3]: [scout_3] Landed — tilt correction stopped, yaw-hold pinned to current heading.
[attitude_controller-14] [INFO] [1786779772.164287649] [attitude_scout_3]: [scout_3] Landed — tilt correction stopped, yaw-hold pinned to current heading.
[attitude_controller-14] [INFO] [1786779772.174921221] [attitude_scout_3]: [scout_3] Landed — tilt correction stopped, yaw-hold pinned to current heading.
[attitude_controller-14] [INFO] [1786779772.182666505] [attitude_scout_3]: [scout_3] Landed — tilt correction stopped, yaw-hold pinned to current heading.
[attitude_controller-14] [INFO] [1786779772.183912863] [attitude_scout_3]: [scout_3] Landed — tilt correction stopped, yaw-hold pinned to current heading.
[attitude_controller-14] [INFO] [1786779772.197834484] [attitude_scout_3]: [scout_3] Landed — tilt correction stopped, yaw-hold pinned to current heading.
[attitude_controller-14] [INFO] [1786779772.200045327] [attitude_scout_3]: [scout_3] Landed — tilt correction stopped, yaw-hold pinned to current heading.
[attitude_controller-14] [INFO] [1786779772.202251212] [attitude_scout_3]: [scout_3] Landed — tilt correction stopped, yaw-hold pinned to current heading.
[attitude_controller-14] [INFO] [1786779772.220350011] [attitude_scout_3]: [scout_3] Landed — tilt correction stopped, yaw-hold pinned to current heading.
[attitude_controller-14] [INFO] [1786779772.222535851] [attitude_scout_3]: [scout_3] Landed — tilt correction stopped, yaw-hold pinned to current heading.
[attitude_controller-14] [INFO] [1786779772.223847579] [attitude_scout_3]: [scout_3] Landed — tilt correction stopped, yaw-hold pinned to current heading.
[attitude_controller-14] [INFO] [1786779772.247646269] [attitude_scout_3]: [scout_3] Landed — tilt correction stopped, yaw-hold pinned to current heading.
[attitude_controller-14] [INFO] [1786779772.249006745] [attitude_scout_3]: [scout_3] Landed — tilt correction stopped, yaw-hold pinned to current heading.
[attitude_controller-14] [INFO] [1786779772.250528411] [attitude_scout_3]: [scout_3] Landed — tilt correction stopped, yaw-hold pinned to current heading.
[attitude_controller-14] [INFO] [1786779772.257408871] [attitude_scout_3]: [scout_3] Landed — tilt correction stopped, yaw-hold pinned to current heading.
[attitude_controller-14] [INFO] [1786779772.260546276] [attitude_scout_3]: [scout_3] Landed — tilt correction stopped, yaw-hold pinned to current heading.
[attitude_controller-14] [INFO] [1786779772.261785581] [attitude_scout_3]: [scout_3] Landed — tilt correction stopped, yaw-hold pinned to current heading.
[attitude_controller-14] [INFO] [1786779772.276442124] [attitude_scout_3]: [scout_3] Landed — tilt correction stopped, yaw-hold pinned to current heading.
[attitude_controller-14] [INFO] [1786779772.280014631] [attitude_scout_3]: [scout_3] Landed — tilt correction stopped, yaw-hold pinned to current heading.
[attitude_controller-14] [INFO] [1786779772.282302577] [attitude_scout_3]: [scout_3] Landed — tilt correction stopped, yaw-hold pinned to current heading.
[attitude_controller-14] [INFO] [1786779772.293452962] [attitude_scout_3]: [scout_3] Landed — tilt correction stopped, yaw-hold pinned to current heading.
[attitude_controller-14] [INFO] [1786779772.296031231] [attitude_scout_3]: [scout_3] Landed — tilt correction stopped, yaw-hold pinned to current heading.
[attitude_controller-14] [INFO] [1786779772.298291940] [attitude_scout_3]: [scout_3] Landed — tilt correction stopped, yaw-hold pinned to current heading.
[attitude_controller-14] [INFO] [1786779772.314024153] [attitude_scout_3]: [scout_3] Landed — tilt correction stopped, yaw-hold pinned to current heading.
[attitude_controller-14] [INFO] [1786779772.319153804] [attitude_scout_3]: [scout_3] Landed — tilt correction stopped, yaw-hold pinned to current heading.
[attitude_controller-14] [INFO] [1786779772.321157014] [attitude_scout_3]: [scout_3] Landed — tilt correction stopped, yaw-hold pinned to current heading.
[attitude_controller-14] [INFO] [1786779772.331537417] [attitude_scout_3]: [scout_3] Landed — tilt correction stopped, yaw-hold pinned to current heading.
[attitude_controller-14] [INFO] [1786779772.333739949] [attitude_scout_3]: [scout_3] Landed — tilt correction stopped, yaw-hold pinned to current heading.
[attitude_controller-14] [INFO] [1786779772.338059181] [attitude_scout_3]: [scout_3] Landed — tilt correction stopped, yaw-hold pinned to current heading.
[attitude_controller-14] [INFO] [1786779772.357067152] [attitude_scout_3]: [scout_3] Landed — tilt correction stopped, yaw-hold pinned to current heading.
[attitude_controller-14] [INFO] [1786779772.359682087] [attitude_scout_3]: [scout_3] Landed — tilt correction stopped, yaw-hold pinned to current heading.
[attitude_controller-14] [INFO] [1786779772.361129094] [attitude_scout_3]: [scout_3] Landed — tilt correction stopped, yaw-hold pinned to current heading.
[attitude_controller-14] [INFO] [1786779772.374208170] [attitude_scout_3]: [scout_3] Landed — tilt correction stopped, yaw-hold pinned to current heading.
[attitude_controller-14] [INFO] [1786779772.377910159] [attitude_scout_3]: [scout_3] Landed — tilt correction stopped, yaw-hold pinned to current heading.
[attitude_controller-14] [INFO] [1786779772.379225239] [attitude_scout_3]: [scout_3] Landed — tilt correction stopped, yaw-hold pinned to current heading.
[attitude_controller-14] [INFO] [1786779772.388950826] [attitude_scout_3]: [scout_3] Landed — tilt correction stopped, yaw-hold pinned to current heading.
[attitude_controller-14] [INFO] [1786779772.390231964] [attitude_scout_3]: [scout_3] Landed — tilt correction stopped, yaw-hold pinned to current heading.
[attitude_controller-14] [INFO] [1786779772.391557660] [attitude_scout_3]: [scout_3] Landed — tilt correction stopped, yaw-hold pinned to current heading.
[attitude_controller-14] [INFO] [1786779772.407028324] [attitude_scout_3]: [scout_3] Landed — tilt correction stopped, yaw-hold pinned to current heading.
[attitude_controller-14] [INFO] [1786779772.409113596] [attitude_scout_3]: [scout_3] Landed — tilt correction stopped, yaw-hold pinned to current heading.
[attitude_controller-14] [INFO] [1786779772.410284876] [attitude_scout_3]: [scout_3] Landed — tilt correction stopped, yaw-hold pinned to current heading.
[attitude_controller-14] [INFO] [1786779772.426953429] [attitude_scout_3]: [scout_3] Landed — tilt correction stopped, yaw-hold pinned to current heading.
[attitude_controller-14] [INFO] [1786779772.429358287] [attitude_scout_3]: [scout_3] Landed — tilt correction stopped, yaw-hold pinned to current heading.
[attitude_controller-14] [INFO] [1786779772.431446492] [attitude_scout_3]: [scout_3] Landed — tilt correction stopped, yaw-hold pinned to current heading.
[attitude_controller-14] [INFO] [1786779772.447805865] [attitude_scout_3]: [scout_3] Landed — tilt correction stopped, yaw-hold pinned to current heading.
[attitude_controller-14] [INFO] [1786779772.451799365] [attitude_scout_3]: [scout_3] Landed — tilt correction stopped, yaw-hold pinned to current heading.
[attitude_controller-14] [INFO] [1786779772.454914701] [attitude_scout_3]: [scout_3] Landed — tilt correction stopped, yaw-hold pinned to current heading.
[attitude_controller-14] [INFO] [1786779772.468133107] [attitude_scout_3]: [scout_3] Landed — tilt correction stopped, yaw-hold pinned to current heading.
[attitude_controller-14] [INFO] [1786779772.476672747] [attitude_scout_3]: [scout_3] Landed — tilt correction stopped, yaw-hold pinned to current heading.
[attitude_controller-14] [INFO] [1786779772.478595711] [attitude_scout_3]: [scout_3] Landed — tilt correction stopped, yaw-hold pinned to current heading.
[attitude_controller-14] [INFO] [1786779772.490475152] [attitude_scout_3]: [scout_3] Landed — tilt correction stopped, yaw-hold pinned to current heading.
[attitude_controller-14] [INFO] [1786779772.492881686] [attitude_scout_3]: [scout_3] Landed — tilt correction stopped, yaw-hold pinned to current heading.
[attitude_controller-14] [INFO] [1786779772.495032397] [attitude_scout_3]: [scout_3] Landed — tilt correction stopped, yaw-hold pinned to current heading.
[attitude_controller-14] [INFO] [1786779772.513765759] [attitude_scout_3]: [scout_3] Landed — tilt correction stopped, yaw-hold pinned to current heading.
[attitude_controller-14] [INFO] [1786779772.517327230] [attitude_scout_3]: [scout_3] Landed — tilt correction stopped, yaw-hold pinned to current heading.
[attitude_controller-14] [INFO] [1786779772.519827838] [attitude_scout_3]: [scout_3] Landed — tilt correction stopped, yaw-hold pinned to current heading.
[attitude_controller-14] [INFO] [1786779772.530294074] [attitude_scout_3]: [scout_3] Landed — tilt correction stopped, yaw-hold pinned to current heading.
[attitude_controller-14] [INFO] [1786779772.534464408] [attitude_scout_3]: [scout_3] Landed — tilt correction stopped, yaw-hold pinned to current heading.
[attitude_controller-14] [INFO] [1786779772.538509938] [attitude_scout_3]: [scout_3] Landed — tilt correction stopped, yaw-hold pinned to current heading.
[attitude_controller-14] [INFO] [1786779772.546307672] [attitude_scout_3]: [scout_3] Landed — tilt correction stopped, yaw-hold pinned to current heading.
[attitude_controller-14] [INFO] [1786779772.550169174] [attitude_scout_3]: [scout_3] Landed — tilt correction stopped, yaw-hold pinned to current heading.
[attitude_controller-14] [INFO] [1786779772.551742242] [attitude_scout_3]: [scout_3] Landed — tilt correction stopped, yaw-hold pinned to current heading.
[attitude_controller-14] [INFO] [1786779772.569234414] [attitude_scout_3]: [scout_3] Landed — tilt correction stopped, yaw-hold pinned to current heading.
[attitude_controller-14] [INFO] [1786779772.572128428] [attitude_scout_3]: [scout_3] Landed — tilt correction stopped, yaw-hold pinned to current heading.
[attitude_controller-14] [INFO] [1786779772.573723565] [attitude_scout_3]: [scout_3] Landed — tilt correction stopped, yaw-hold pinned to current heading.
[attitude_controller-14] [INFO] [1786779772.585249199] [attitude_scout_3]: [scout_3] Landed — tilt correction stopped, yaw-hold pinned to current heading.
[attitude_controller-14] [INFO] [1786779772.588468177] [attitude_scout_3]: [scout_3] Landed — tilt correction stopped, yaw-hold pinned to current heading.
[attitude_controller-14] [INFO] [1786779772.593340049] [attitude_scout_3]: [scout_3] Landed — tilt correction stopped, yaw-hold pinned to current heading.
[attitude_controller-14] [INFO] [1786779772.601994855] [attitude_scout_3]: [scout_3] Landed — tilt correction stopped, yaw-hold pinned to current heading.
[attitude_controller-14] [INFO] [1786779772.606509288] [attitude_scout_3]: [scout_3] Landed — tilt correction stopped, yaw-hold pinned to current heading.
[attitude_controller-14] [INFO] [1786779772.610351585] [attitude_scout_3]: [scout_3] Landed — tilt correction stopped, yaw-hold pinned to current heading.
[attitude_controller-14] [INFO] [1786779772.626197009] [attitude_scout_3]: [scout_3] Landed — tilt correction stopped, yaw-hold pinned to current heading.
[attitude_controller-14] [INFO] [1786779772.629570961] [attitude_scout_3]: [scout_3] Landed — tilt correction stopped, yaw-hold pinned to current heading.
[attitude_controller-14] [INFO] [1786779772.631080055] [attitude_scout_3]: [scout_3] Landed — tilt correction stopped, yaw-hold pinned to current heading.
[attitude_controller-14] [INFO] [1786779772.645611167] [attitude_scout_3]: [scout_3] Landed — tilt correction stopped, yaw-hold pinned to current heading.
[attitude_controller-14] [INFO] [1786779772.648698777] [attitude_scout_3]: [scout_3] Landed — tilt correction stopped, yaw-hold pinned to current heading.
[attitude_controller-14] [INFO] [1786779772.650163803] [attitude_scout_3]: [scout_3] Landed — tilt correction stopped, yaw-hold pinned to current heading.
[attitude_controller-14] [INFO] [1786779772.662879433] [attitude_scout_3]: [scout_3] Landed — tilt correction stopped, yaw-hold pinned to current heading.
[attitude_controller-14] [INFO] [1786779772.666101275] [attitude_scout_3]: [scout_3] Landed — tilt correction stopped, yaw-hold pinned to current heading.
[attitude_controller-14] [INFO] [1786779772.668474565] [attitude_scout_3]: [scout_3] Landed — tilt correction stopped, yaw-hold pinned to current heading.
[attitude_controller-14] [INFO] [1786779772.684104673] [attitude_scout_3]: [scout_3] Landed — tilt correction stopped, yaw-hold pinned to current heading.
[attitude_controller-14] [INFO] [1786779772.687609714] [attitude_scout_3]: [scout_3] Landed — tilt correction stopped, yaw-hold pinned to current heading.
[attitude_controller-14] [INFO] [1786779772.688749916] [attitude_scout_3]: [scout_3] Landed — tilt correction stopped, yaw-hold pinned to current heading.
[attitude_controller-14] [INFO] [1786779772.807933819] [attitude_scout_3]: [scout_3] Landed — tilt correction stopped, yaw-hold pinned to current heading.
[attitude_controller-14] [INFO] [1786779772.813920542] [attitude_scout_3]: [scout_3] Landed — tilt correction stopped, yaw-hold pinned to current heading.
[attitude_controller-14] [INFO] [1786779772.817047471] [attitude_scout_3]: [scout_3] Landed — tilt correction stopped, yaw-hold pinned to current heading.
[attitude_controller-14] [INFO] [1786779772.820134732] [attitude_scout_3]: [scout_3] Landed — tilt correction stopped, yaw-hold pinned to current heading.
[attitude_controller-14] [INFO] [1786779772.823471180] [attitude_scout_3]: [scout_3] Landed — tilt correction stopped, yaw-hold pinned to current heading.
[attitude_controller-14] [INFO] [1786779772.824643438] [attitude_scout_3]: [scout_3] Landed — tilt correction stopped, yaw-hold pinned to current heading.
[attitude_controller-14] [INFO] [1786779772.840258391] [attitude_scout_3]: [scout_3] Landed — tilt correction stopped, yaw-hold pinned to current heading.
[attitude_controller-14] [INFO] [1786779772.842590336] [attitude_scout_3]: [scout_3] Landed — tilt correction stopped, yaw-hold pinned to current heading.
[attitude_controller-14] [INFO] [1786779772.843815533] [attitude_scout_3]: [scout_3] Landed — tilt correction stopped, yaw-hold pinned to current heading.
[attitude_controller-14] [INFO] [1786779772.860919676] [attitude_scout_3]: [scout_3] Landed — tilt correction stopped, yaw-hold pinned to current heading.
[attitude_controller-14] [INFO] [1786779772.862789702] [attitude_scout_3]: [scout_3] Landed — tilt correction stopped, yaw-hold pinned to current heading.
[attitude_controller-14] [INFO] [1786779772.864129016] [attitude_scout_3]: [scout_3] Landed — tilt correction stopped, yaw-hold pinned to current heading.
[attitude_controller-14] [INFO] [1786779772.876101413] [attitude_scout_3]: [scout_3] Landed — tilt correction stopped, yaw-hold pinned to current heading.
[attitude_controller-14] [INFO] [1786779772.878206729] [attitude_scout_3]: [scout_3] Landed — tilt correction stopped, yaw-hold pinned to current heading.
[attitude_controller-14] [INFO] [1786779772.879411113] [attitude_scout_3]: [scout_3] Landed — tilt correction stopped, yaw-hold pinned to current heading.
[attitude_controller-14] [INFO] [1786779772.897865466] [attitude_scout_3]: [scout_3] Landed — tilt correction stopped, yaw-hold pinned to current heading.
[attitude_controller-14] [INFO] [1786779772.899234322] [attitude_scout_3]: [scout_3] Landed — tilt correction stopped, yaw-hold pinned to current heading.
[attitude_controller-14] [INFO] [1786779772.900379832] [attitude_scout_3]: [scout_3] Landed — tilt correction stopped, yaw-hold pinned to current heading.
[attitude_controller-14] [INFO] [1786779772.918319257] [attitude_scout_3]: [scout_3] Landed — tilt correction stopped, yaw-hold pinned to current heading.
[attitude_controller-14] [INFO] [1786779772.920306683] [attitude_scout_3]: [scout_3] Landed — tilt correction stopped, yaw-hold pinned to current heading.
[attitude_controller-14] [INFO] [1786779772.921512674] [attitude_scout_3]: [scout_3] Landed — tilt correction stopped, yaw-hold pinned to current heading.
[attitude_controller-14] [INFO] [1786779772.937894675] [attitude_scout_3]: [scout_3] Landed — tilt correction stopped, yaw-hold pinned to current heading.
[attitude_controller-14] [INFO] [1786779772.939249913] [attitude_scout_3]: [scout_3] Landed — tilt correction stopped, yaw-hold pinned to current heading.
[attitude_controller-14] [INFO] [1786779772.940738126] [attitude_scout_3]: [scout_3] Landed — tilt correction stopped, yaw-hold pinned to current heading.
[attitude_controller-14] [INFO] [1786779772.953356539] [attitude_scout_3]: [scout_3] Landed — tilt correction stopped, yaw-hold pinned to current heading.
[attitude_controller-14] [INFO] [1786779772.956561201] [attitude_scout_3]: [scout_3] Landed — tilt correction stopped, yaw-hold pinned to current heading.
[attitude_controller-14] [INFO] [1786779772.960160735] [attitude_scout_3]: [scout_3] Landed — tilt correction stopped, yaw-hold pinned to current heading.
[attitude_controller-14] [INFO] [1786779772.967637974] [attitude_scout_3]: [scout_3] Landed — tilt correction stopped, yaw-hold pinned to current heading.
[attitude_controller-14] [INFO] [1786779772.968943556] [attitude_scout_3]: [scout_3] Landed — tilt correction stopped, yaw-hold pinned to current heading.
[attitude_controller-14] [INFO] [1786779772.971348554] [attitude_scout_3]: [scout_3] Landed — tilt correction stopped, yaw-hold pinned to current heading.
[attitude_controller-14] [INFO] [1786779772.988106921] [attitude_scout_3]: [scout_3] Landed — tilt correction stopped, yaw-hold pinned to current heading.
[attitude_controller-14] [INFO] [1786779772.991036484] [attitude_scout_3]: [scout_3] Landed — tilt correction stopped, yaw-hold pinned to current heading.
[attitude_controller-14] [INFO] [1786779772.992356452] [attitude_scout_3]: [scout_3] Landed — tilt correction stopped, yaw-hold pinned to current heading.
[attitude_controller-14] [INFO] [1786779773.002595361] [attitude_scout_3]: [scout_3] Landed — tilt correction stopped, yaw-hold pinned to current heading.
[attitude_controller-14] [INFO] [1786779773.009738767] [attitude_scout_3]: [scout_3] Landed — tilt correction stopped, yaw-hold pinned to current heading.
[attitude_controller-14] [INFO] [1786779773.011059993] [attitude_scout_3]: [scout_3] Landed — tilt correction stopped, yaw-hold pinned to current heading.
[attitude_controller-14] [INFO] [1786779773.024019574] [attitude_scout_3]: [scout_3] Landed — tilt correction stopped, yaw-hold pinned to current heading.
[attitude_controller-14] [INFO] [1786779773.028775862] [attitude_scout_3]: [scout_3] Landed — tilt correction stopped, yaw-hold pinned to current heading.
[attitude_controller-14] [INFO] [1786779773.030616834] [attitude_scout_3]: [scout_3] Landed — tilt correction stopped, yaw-hold pinned to current heading.
[attitude_controller-14] [INFO] [1786779773.035482282] [attitude_scout_3]: [scout_3] Landed — tilt correction stopped, yaw-hold pinned to current heading.
[attitude_controller-14] [INFO] [1786779773.038650207] [attitude_scout_3]: [scout_3] Landed — tilt correction stopped, yaw-hold pinned to current heading.
[attitude_controller-14] [INFO] [1786779773.040841705] [attitude_scout_3]: [scout_3] Landed — tilt correction stopped, yaw-hold pinned to current heading.
[attitude_controller-14] [INFO] [1786779773.055622004] [attitude_scout_3]: [scout_3] Landed — tilt correction stopped, yaw-hold pinned to current heading.
[attitude_controller-14] [INFO] [1786779773.059904011] [attitude_scout_3]: [scout_3] Landed — tilt correction stopped, yaw-hold pinned to current heading.
[attitude_controller-14] [INFO] [1786779773.061241510] [attitude_scout_3]: [scout_3] Landed — tilt correction stopped, yaw-hold pinned to current heading.
[attitude_controller-14] [INFO] [1786779773.078128103] [attitude_scout_3]: [scout_3] Landed — tilt correction stopped, yaw-hold pinned to current heading.
[attitude_controller-14] [INFO] [1786779773.082540640] [attitude_scout_3]: [scout_3] Landed — tilt correction stopped, yaw-hold pinned to current heading.
[attitude_controller-14] [INFO] [1786779773.084029481] [attitude_scout_3]: [scout_3] Landed — tilt correction stopped, yaw-hold pinned to current heading.
[attitude_controller-14] [INFO] [1786779773.096314341] [attitude_scout_3]: [scout_3] Landed — tilt correction stopped, yaw-hold pinned to current heading.
[attitude_controller-14] [INFO] [1786779773.098344789] [attitude_scout_3]: [scout_3] Landed — tilt correction stopped, yaw-hold pinned to current heading.
[attitude_controller-14] [INFO] [1786779773.100802026] [attitude_scout_3]: [scout_3] Landed — tilt correction stopped, yaw-hold pinned to current heading.
[attitude_controller-14] [INFO] [1786779773.116830500] [attitude_scout_3]: [scout_3] Landed — tilt correction stopped, yaw-hold pinned to current heading.
[attitude_controller-14] [INFO] [1786779773.118262771] [attitude_scout_3]: [scout_3] Landed — tilt correction stopped, yaw-hold pinned to current heading.
[attitude_controller-14] [INFO] [1786779773.119637843] [attitude_scout_3]: [scout_3] Landed — tilt correction stopped, yaw-hold pinned to current heading.
[attitude_controller-14] [INFO] [1786779773.139949022] [attitude_scout_3]: [scout_3] Landed — tilt correction stopped, yaw-hold pinned to current heading.
[attitude_controller-14] [INFO] [1786779773.141818070] [attitude_scout_3]: [scout_3] Landed — tilt correction stopped, yaw-hold pinned to current heading.
[attitude_controller-14] [INFO] [1786779773.143472082] [attitude_scout_3]: [scout_3] Landed — tilt correction stopped, yaw-hold pinned to current heading.
[attitude_controller-14] [INFO] [1786779773.150008722] [attitude_scout_3]: [scout_3] Landed — tilt correction stopped, yaw-hold pinned to current heading.
[attitude_controller-14] [INFO] [1786779773.154567643] [attitude_scout_3]: [scout_3] Landed — tilt correction stopped, yaw-hold pinned to current heading.
[attitude_controller-14] [INFO] [1786779773.156137638] [attitude_scout_3]: [scout_3] Landed — tilt correction stopped, yaw-hold pinned to current heading.
[attitude_controller-14] [INFO] [1786779773.161936492] [attitude_scout_3]: [scout_3] Landed — tilt correction stopped, yaw-hold pinned to current heading.
[attitude_controller-14] [INFO] [1786779773.164755778] [attitude_scout_3]: [scout_3] Landed — tilt correction stopped, yaw-hold pinned to current heading.
[attitude_controller-14] [INFO] [1786779773.167667462] [attitude_scout_3]: [scout_3] Landed — tilt correction stopped, yaw-hold pinned to current heading.
[attitude_controller-14] [INFO] [1786779773.182737805] [attitude_scout_3]: [scout_3] Landed — tilt correction stopped, yaw-hold pinned to current heading.
[attitude_controller-14] [INFO] [1786779773.187104318] [attitude_scout_3]: [scout_3] Landed — tilt correction stopped, yaw-hold pinned to current heading.
[attitude_controller-14] [INFO] [1786779773.188210997] [attitude_scout_3]: [scout_3] Landed — tilt correction stopped, yaw-hold pinned to current heading.
[attitude_controller-14] [INFO] [1786779773.201421511] [attitude_scout_3]: [scout_3] Landed — tilt correction stopped, yaw-hold pinned to current heading.
[attitude_controller-14] [INFO] [1786779773.203386589] [attitude_scout_3]: [scout_3] Landed — tilt correction stopped, yaw-hold pinned to current heading.
[attitude_controller-14] [INFO] [1786779773.204986196] [attitude_scout_3]: [scout_3] Landed — tilt correction stopped, yaw-hold pinned to current heading.
[attitude_controller-14] [INFO] [1786779773.215721175] [attitude_scout_3]: [scout_3] Landed — tilt correction stopped, yaw-hold pinned to current heading.
[attitude_controller-14] [INFO] [1786779773.219849186] [attitude_scout_3]: [scout_3] Landed — tilt correction stopped, yaw-hold pinned to current heading.
[attitude_controller-14] [INFO] [1786779773.224593391] [attitude_scout_3]: [scout_3] Landed — tilt correction stopped, yaw-hold pinned to current heading.
[attitude_controller-14] [INFO] [1786779773.236611185] [attitude_scout_3]: [scout_3] Landed — tilt correction stopped, yaw-hold pinned to current heading.
[attitude_controller-14] [INFO] [1786779773.239278849] [attitude_scout_3]: [scout_3] Landed — tilt correction stopped, yaw-hold pinned to current heading.
[attitude_controller-14] [INFO] [1786779773.240313802] [attitude_scout_3]: [scout_3] Landed — tilt correction stopped, yaw-hold pinned to current heading.
[attitude_controller-14] [INFO] [1786779773.245715199] [attitude_scout_3]: [scout_3] Landed — tilt correction stopped, yaw-hold pinned to current heading.
[attitude_controller-14] [INFO] [1786779773.249956280] [attitude_scout_3]: [scout_3] Landed — tilt correction stopped, yaw-hold pinned to current heading.
[attitude_controller-14] [INFO] [1786779773.251386665] [attitude_scout_3]: [scout_3] Landed — tilt correction stopped, yaw-hold pinned to current heading.
[attitude_controller-14] [INFO] [1786779773.264972009] [attitude_scout_3]: [scout_3] Landed — tilt correction stopped, yaw-hold pinned to current heading.
[attitude_controller-14] [INFO] [1786779773.266426978] [attitude_scout_3]: [scout_3] Landed — tilt correction stopped, yaw-hold pinned to current heading.
[attitude_controller-14] [INFO] [1786779773.268122265] [attitude_scout_3]: [scout_3] Landed — tilt correction stopped, yaw-hold pinned to current heading.
[attitude_controller-14] [INFO] [1786779773.280662948] [attitude_scout_3]: [scout_3] Landed — tilt correction stopped, yaw-hold pinned to current heading.
[attitude_controller-14] [INFO] [1786779773.282734880] [attitude_scout_3]: [scout_3] Landed — tilt correction stopped, yaw-hold pinned to current heading.
[attitude_controller-14] [INFO] [1786779773.284030335] [attitude_scout_3]: [scout_3] Landed — tilt correction stopped, yaw-hold pinned to current heading.
[attitude_controller-14] [INFO] [1786779773.299171356] [attitude_scout_3]: [scout_3] Landed — tilt correction stopped, yaw-hold pinned to current heading.
[attitude_controller-14] [INFO] [1786779773.305140759] [attitude_scout_3]: [scout_3] Landed — tilt correction stopped, yaw-hold pinned to current heading.
[attitude_controller-14] [INFO] [1786779773.307578930] [attitude_scout_3]: [scout_3] Landed — tilt correction stopped, yaw-hold pinned to current heading.
[attitude_controller-14] [INFO] [1786779773.319462910] [attitude_scout_3]: [scout_3] Landed — tilt correction stopped, yaw-hold pinned to current heading.
[attitude_controller-14] [INFO] [1786779773.323596229] [attitude_scout_3]: [scout_3] Landed — tilt correction stopped, yaw-hold pinned to current heading.
[attitude_controller-14] [INFO] [1786779773.326135668] [attitude_scout_3]: [scout_3] Landed — tilt correction stopped, yaw-hold pinned to current heading.
[attitude_controller-14] [INFO] [1786779773.341953016] [attitude_scout_3]: [scout_3] Landed — tilt correction stopped, yaw-hold pinned to current heading.
[attitude_controller-14] [INFO] [1786779773.348160501] [attitude_scout_3]: [scout_3] Landed — tilt correction stopped, yaw-hold pinned to current heading.
[attitude_controller-14] [INFO] [1786779773.349648574] [attitude_scout_3]: [scout_3] Landed — tilt correction stopped, yaw-hold pinned to current heading.
[attitude_controller-14] [INFO] [1786779773.358332084] [attitude_scout_3]: [scout_3] Landed — tilt correction stopped, yaw-hold pinned to current heading.
[attitude_controller-14] [INFO] [1786779773.363465157] [attitude_scout_3]: [scout_3] Landed — tilt correction stopped, yaw-hold pinned to current heading.
[attitude_controller-14] [INFO] [1786779773.364787780] [attitude_scout_3]: [scout_3] Landed — tilt correction stopped, yaw-hold pinned to current heading.
[attitude_controller-14] [INFO] [1786779773.375867697] [attitude_scout_3]: [scout_3] Landed — tilt correction stopped, yaw-hold pinned to current heading.
[attitude_controller-14] [INFO] [1786779773.376816259] [attitude_scout_3]: [scout_3] Landed — tilt correction stopped, yaw-hold pinned to current heading.
[attitude_controller-14] [INFO] [1786779773.378018897] [attitude_scout_3]: [scout_3] Landed — tilt correction stopped, yaw-hold pinned to current heading.
[attitude_controller-14] [INFO] [1786779773.392024535] [attitude_scout_3]: [scout_3] Landed — tilt correction stopped, yaw-hold pinned to current heading.
[attitude_controller-14] [INFO] [1786779773.397686504] [attitude_scout_3]: [scout_3] Landed — tilt correction stopped, yaw-hold pinned to current heading.
[attitude_controller-14] [INFO] [1786779773.399013806] [attitude_scout_3]: [scout_3] Landed — tilt correction stopped, yaw-hold pinned to current heading.
[attitude_controller-14] [INFO] [1786779773.411589687] [attitude_scout_3]: [scout_3] Landed — tilt correction stopped, yaw-hold pinned to current heading.
[attitude_controller-14] [INFO] [1786779773.416618280] [attitude_scout_3]: [scout_3] Landed — tilt correction stopped, yaw-hold pinned to current heading.
[attitude_controller-14] [INFO] [1786779773.418026526] [attitude_scout_3]: [scout_3] Landed — tilt correction stopped, yaw-hold pinned to current heading.
[attitude_controller-14] [INFO] [1786779773.433604115] [attitude_scout_3]: [scout_3] Landed — tilt correction stopped, yaw-hold pinned to current heading.
[attitude_controller-14] [INFO] [1786779773.436607918] [attitude_scout_3]: [scout_3] Landed — tilt correction stopped, yaw-hold pinned to current heading.
[attitude_controller-14] [INFO] [1786779773.438116384] [attitude_scout_3]: [scout_3] Landed — tilt correction stopped, yaw-hold pinned to current heading.
[attitude_controller-14] [INFO] [1786779773.446402506] [attitude_scout_3]: [scout_3] Landed — tilt correction stopped, yaw-hold pinned to current heading.
[attitude_controller-14] [INFO] [1786779773.448839280] [attitude_scout_3]: [scout_3] Landed — tilt correction stopped, yaw-hold pinned to current heading.
[attitude_controller-14] [INFO] [1786779773.450590090] [attitude_scout_3]: [scout_3] Landed — tilt correction stopped, yaw-hold pinned to current heading.
[attitude_controller-14] [INFO] [1786779773.465835871] [attitude_scout_3]: [scout_3] Landed — tilt correction stopped, yaw-hold pinned to current heading.
[attitude_controller-14] [INFO] [1786779773.467911225] [attitude_scout_3]: [scout_3] Landed — tilt correction stopped, yaw-hold pinned to current heading.
[attitude_controller-14] [INFO] [1786779773.469648695] [attitude_scout_3]: [scout_3] Landed — tilt correction stopped, yaw-hold pinned to current heading.
[attitude_controller-14] [INFO] [1786779773.487176346] [attitude_scout_3]: [scout_3] Landed — tilt correction stopped, yaw-hold pinned to current heading.
[attitude_controller-14] [INFO] [1786779773.490059466] [attitude_scout_3]: [scout_3] Landed — tilt correction stopped, yaw-hold pinned to current heading.
[attitude_controller-14] [INFO] [1786779773.491615981] [attitude_scout_3]: [scout_3] Landed — tilt correction stopped, yaw-hold pinned to current heading.
[INFO] [bash-17]: process started with pid [588874]
[attitude_controller-14] [INFO] [1786779773.502195637] [attitude_scout_3]: [scout_3] Landed — tilt correction stopped, yaw-hold pinned to current heading.
[attitude_controller-14] [INFO] [1786779773.507435983] [attitude_scout_3]: [scout_3] Landed — tilt correction stopped, yaw-hold pinned to current heading.
[attitude_controller-14] [INFO] [1786779773.509301260] [attitude_scout_3]: [scout_3] Landed — tilt correction stopped, yaw-hold pinned to current heading.
[attitude_controller-14] [INFO] [1786779773.526663251] [attitude_scout_3]: [scout_3] Landed — tilt correction stopped, yaw-hold pinned to current heading.
[attitude_controller-14] [INFO] [1786779773.530890504] [attitude_scout_3]: [scout_3] Landed — tilt correction stopped, yaw-hold pinned to current heading.
[attitude_controller-14] [INFO] [1786779773.532395409] [attitude_scout_3]: [scout_3] Landed — tilt correction stopped, yaw-hold pinned to current heading.
[attitude_controller-14] [INFO] [1786779773.539736601] [attitude_scout_3]: [scout_3] Landed — tilt correction stopped, yaw-hold pinned to current heading.
[attitude_controller-14] [INFO] [1786779773.541951704] [attitude_scout_3]: [scout_3] Landed — tilt correction stopped, yaw-hold pinned to current heading.
[attitude_controller-14] [INFO] [1786779773.543295349] [attitude_scout_3]: [scout_3] Landed — tilt correction stopped, yaw-hold pinned to current heading.
[attitude_controller-14] [INFO] [1786779773.557874650] [attitude_scout_3]: [scout_3] Landed — tilt correction stopped, yaw-hold pinned to current heading.
[attitude_controller-14] [INFO] [1786779773.559183026] [attitude_scout_3]: [scout_3] Landed — tilt correction stopped, yaw-hold pinned to current heading.
[attitude_controller-14] [INFO] [1786779773.560820276] [attitude_scout_3]: [scout_3] Landed — tilt correction stopped, yaw-hold pinned to current heading.
[INFO] [bash-17]: process has finished cleanly [pid 588874]
[attitude_controller-14] [INFO] [1786779773.582166897] [attitude_scout_3]: [scout_3] Landed — tilt correction stopped, yaw-hold pinned to current heading.
[attitude_controller-14] [INFO] [1786779773.586056964] [attitude_scout_3]: [scout_3] Landed — tilt correction stopped, yaw-hold pinned to current heading.
[attitude_controller-14] [INFO] [1786779773.588694528] [attitude_scout_3]: [scout_3] Landed — tilt correction stopped, yaw-hold pinned to current heading.
[attitude_controller-14] [INFO] [1786779773.598096967] [attitude_scout_3]: [scout_3] Landed — tilt correction stopped, yaw-hold pinned to current heading.
[attitude_controller-14] [INFO] [1786779773.603009765] [attitude_scout_3]: [scout_3] Landed — tilt correction stopped, yaw-hold pinned to current heading.
[attitude_controller-14] [INFO] [1786779773.604319049] [attitude_scout_3]: [scout_3] Landed — tilt correction stopped, yaw-hold pinned to current heading.
[attitude_controller-14] [INFO] [1786779773.631270998] [attitude_scout_3]: [scout_3] Landed — tilt correction stopped, yaw-hold pinned to current heading.
[attitude_controller-14] [INFO] [1786779773.638428512] [attitude_scout_3]: [scout_3] Landed — tilt correction stopped, yaw-hold pinned to current heading.
[attitude_controller-14] [INFO] [1786779773.640550799] [attitude_scout_3]: [scout_3] Landed — tilt correction stopped, yaw-hold pinned to current heading.
[attitude_controller-14] [INFO] [1786779773.647989417] [attitude_scout_3]: [scout_3] Landed — tilt correction stopped, yaw-hold pinned to current heading.
[attitude_controller-14] [INFO] [1786779773.655406805] [attitude_scout_3]: [scout_3] Landed — tilt correction stopped, yaw-hold pinned to current heading.
[attitude_controller-14] [INFO] [1786779773.659191065] [attitude_scout_3]: [scout_3] Landed — tilt correction stopped, yaw-hold pinned to current heading.
[attitude_controller-14] [INFO] [1786779773.664763918] [attitude_scout_3]: [scout_3] Landed — tilt correction stopped, yaw-hold pinned to current heading.
[attitude_controller-14] [INFO] [1786779773.666989288] [attitude_scout_3]: [scout_3] Landed — tilt correction stopped, yaw-hold pinned to current heading.
[attitude_controller-14] [INFO] [1786779773.670632122] [attitude_scout_3]: [scout_3] Landed — tilt correction stopped, yaw-hold pinned to current heading.
[attitude_controller-14] [INFO] [1786779773.675761773] [attitude_scout_3]: [scout_3] Landed — tilt correction stopped, yaw-hold pinned to current heading.
[attitude_controller-14] [INFO] [1786779773.676943180] [attitude_scout_3]: [scout_3] Landed — tilt correction stopped, yaw-hold pinned to current heading.
[attitude_controller-14] [INFO] [1786779773.683849062] [attitude_scout_3]: [scout_3] Landed — tilt correction stopped, yaw-hold pinned to current heading.
[attitude_controller-14] [INFO] [1786779773.689147236] [attitude_scout_3]: [scout_3] Landed — tilt correction stopped, yaw-hold pinned to current heading.
[attitude_controller-14] [INFO] [1786779773.692873389] [attitude_scout_3]: [scout_3] Landed — tilt correction stopped, yaw-hold pinned to current heading.
[attitude_controller-14] [INFO] [1786779773.694321584] [attitude_scout_3]: [scout_3] Landed — tilt correction stopped, yaw-hold pinned to current heading.
[attitude_controller-14] [INFO] [1786779773.699907986] [attitude_scout_3]: [scout_3] Landed — tilt correction stopped, yaw-hold pinned to current heading.
[attitude_controller-14] [INFO] [1786779773.706149972] [attitude_scout_3]: [scout_3] Landed — tilt correction stopped, yaw-hold pinned to current heading.
[attitude_controller-14] [INFO] [1786779773.707521692] [attitude_scout_3]: [scout_3] Landed — tilt correction stopped, yaw-hold pinned to current heading.
[attitude_controller-14] [INFO] [1786779773.719456586] [attitude_scout_3]: [scout_3] Landed — tilt correction stopped, yaw-hold pinned to current heading.
[attitude_controller-14] [INFO] [1786779773.729975830] [attitude_scout_3]: [scout_3] Landed — tilt correction stopped, yaw-hold pinned to current heading.
[attitude_controller-14] [INFO] [1786779773.731417250] [attitude_scout_3]: [scout_3] Landed — tilt correction stopped, yaw-hold pinned to current heading.
[attitude_controller-14] [INFO] [1786779773.743006298] [attitude_scout_3]: [scout_3] Landed — tilt correction stopped, yaw-hold pinned to current heading.
[attitude_controller-14] [INFO] [1786779773.745296758] [attitude_scout_3]: [scout_3] Landed — tilt correction stopped, yaw-hold pinned to current heading.
[attitude_controller-14] [INFO] [1786779773.748347423] [attitude_scout_3]: [scout_3] Landed — tilt correction stopped, yaw-hold pinned to current heading.
[attitude_controller-14] [INFO] [1786779773.761911745] [attitude_scout_3]: [scout_3] Landed — tilt correction stopped, yaw-hold pinned to current heading.
[attitude_controller-14] [INFO] [1786779773.767207335] [attitude_scout_3]: [scout_3] Landed — tilt correction stopped, yaw-hold pinned to current heading.
[attitude_controller-14] [INFO] [1786779773.768350609] [attitude_scout_3]: [scout_3] Landed — tilt correction stopped, yaw-hold pinned to current heading.
[attitude_controller-14] [INFO] [1786779773.780121170] [attitude_scout_3]: [scout_3] Landed — tilt correction stopped, yaw-hold pinned to current heading.
[attitude_controller-14] [INFO] [1786779773.782628902] [attitude_scout_3]: [scout_3] Landed — tilt correction stopped, yaw-hold pinned to current heading.
[attitude_controller-14] [INFO] [1786779773.783896421] [attitude_scout_3]: [scout_3] Landed — tilt correction stopped, yaw-hold pinned to current heading.
[attitude_controller-14] [INFO] [1786779773.796703612] [attitude_scout_3]: [scout_3] Landed — tilt correction stopped, yaw-hold pinned to current heading.
[attitude_controller-14] [INFO] [1786779773.799550135] [attitude_scout_3]: [scout_3] Landed — tilt correction stopped, yaw-hold pinned to current heading.
[attitude_controller-14] [INFO] [1786779773.800857114] [attitude_scout_3]: [scout_3] Landed — tilt correction stopped, yaw-hold pinned to current heading.
[attitude_controller-14] [INFO] [1786779773.919530282] [attitude_scout_3]: [scout_3] Landed — tilt correction stopped, yaw-hold pinned to current heading.
[attitude_controller-14] [INFO] [1786779773.920905424] [attitude_scout_3]: [scout_3] Landed — tilt correction stopped, yaw-hold pinned to current heading.
[attitude_controller-14] [INFO] [1786779773.922776079] [attitude_scout_3]: [scout_3] Landed — tilt correction stopped, yaw-hold pinned to current heading.
[attitude_controller-14] [INFO] [1786779773.935196078] [attitude_scout_3]: [scout_3] Landed — tilt correction stopped, yaw-hold pinned to current heading.
[attitude_controller-14] [INFO] [1786779773.938555574] [attitude_scout_3]: [scout_3] Landed — tilt correction stopped, yaw-hold pinned to current heading.
[attitude_controller-14] [INFO] [1786779773.940115372] [attitude_scout_3]: [scout_3] Landed — tilt correction stopped, yaw-hold pinned to current heading.
[attitude_controller-14] [INFO] [1786779773.949182022] [attitude_scout_3]: [scout_3] Landed — tilt correction stopped, yaw-hold pinned to current heading.
[attitude_controller-14] [INFO] [1786779773.952202097] [attitude_scout_3]: [scout_3] Landed — tilt correction stopped, yaw-hold pinned to current heading.
[attitude_controller-14] [INFO] [1786779773.954726660] [attitude_scout_3]: [scout_3] Landed — tilt correction stopped, yaw-hold pinned to current heading.
[attitude_controller-14] [INFO] [1786779773.968417112] [attitude_scout_3]: [scout_3] Landed — tilt correction stopped, yaw-hold pinned to current heading.
[attitude_controller-14] [INFO] [1786779773.972462433] [attitude_scout_3]: [scout_3] Landed — tilt correction stopped, yaw-hold pinned to current heading.
[attitude_controller-14] [INFO] [1786779773.973672683] [attitude_scout_3]: [scout_3] Landed — tilt correction stopped, yaw-hold pinned to current heading.
[attitude_controller-14] [INFO] [1786779773.988954921] [attitude_scout_3]: [scout_3] Landed — tilt correction stopped, yaw-hold pinned to current heading.
[attitude_controller-14] [INFO] [1786779773.991799488] [attitude_scout_3]: [scout_3] Landed — tilt correction stopped, yaw-hold pinned to current heading.
[attitude_controller-14] [INFO] [1786779773.993213112] [attitude_scout_3]: [scout_3] Landed — tilt correction stopped, yaw-hold pinned to current heading.
[attitude_controller-14] [INFO] [1786779774.015140520] [attitude_scout_3]: [scout_3] Landed — tilt correction stopped, yaw-hold pinned to current heading.
[attitude_controller-14] [INFO] [1786779774.016188883] [attitude_scout_3]: [scout_3] Landed — tilt correction stopped, yaw-hold pinned to current heading.
[attitude_controller-14] [INFO] [1786779774.017187659] [attitude_scout_3]: [scout_3] Landed — tilt correction stopped, yaw-hold pinned to current heading.
[attitude_controller-14] [INFO] [1786779774.025674012] [attitude_scout_3]: [scout_3] Landed — tilt correction stopped, yaw-hold pinned to current heading.
[attitude_controller-14] [INFO] [1786779774.029750830] [attitude_scout_3]: [scout_3] Landed — tilt correction stopped, yaw-hold pinned to current heading.
[attitude_controller-14] [INFO] [1786779774.030838583] [attitude_scout_3]: [scout_3] Landed — tilt correction stopped, yaw-hold pinned to current heading.
[attitude_controller-14] [INFO] [1786779774.043144674] [attitude_scout_3]: [scout_3] Landed — tilt correction stopped, yaw-hold pinned to current heading.
[attitude_controller-14] [INFO] [1786779774.050230672] [attitude_scout_3]: [scout_3] Landed — tilt correction stopped, yaw-hold pinned to current heading.
[attitude_controller-14] [INFO] [1786779774.051589682] [attitude_scout_3]: [scout_3] Landed — tilt correction stopped, yaw-hold pinned to current heading.
[attitude_controller-14] [INFO] [1786779774.060528944] [attitude_scout_3]: [scout_3] Landed — tilt correction stopped, yaw-hold pinned to current heading.
[attitude_controller-14] [INFO] [1786779774.064209493] [attitude_scout_3]: [scout_3] Landed — tilt correction stopped, yaw-hold pinned to current heading.
[attitude_controller-14] [INFO] [1786779774.065455292] [attitude_scout_3]: [scout_3] Landed — tilt correction stopped, yaw-hold pinned to current heading.
[attitude_controller-14] [INFO] [1786779774.079463445] [attitude_scout_3]: [scout_3] Landed — tilt correction stopped, yaw-hold pinned to current heading.
[attitude_controller-14] [INFO] [1786779774.082188657] [attitude_scout_3]: [scout_3] Landed — tilt correction stopped, yaw-hold pinned to current heading.
[attitude_controller-14] [INFO] [1786779774.084674180] [attitude_scout_3]: [scout_3] Landed — tilt correction stopped, yaw-hold pinned to current heading.
[attitude_controller-14] [INFO] [1786779774.098805530] [attitude_scout_3]: [scout_3] Landed — tilt correction stopped, yaw-hold pinned to current heading.
[attitude_controller-14] [INFO] [1786779774.102316158] [attitude_scout_3]: [scout_3] Landed — tilt correction stopped, yaw-hold pinned to current heading.
[attitude_controller-14] [INFO] [1786779774.103759045] [attitude_scout_3]: [scout_3] Landed — tilt correction stopped, yaw-hold pinned to current heading.
[attitude_controller-14] [INFO] [1786779774.121420020] [attitude_scout_3]: [scout_3] Landed — tilt correction stopped, yaw-hold pinned to current heading.
[attitude_controller-14] [INFO] [1786779774.122746554] [attitude_scout_3]: [scout_3] Landed — tilt correction stopped, yaw-hold pinned to current heading.
[attitude_controller-14] [INFO] [1786779774.124010441] [attitude_scout_3]: [scout_3] Landed — tilt correction stopped, yaw-hold pinned to current heading.
[attitude_controller-14] [INFO] [1786779774.138513408] [attitude_scout_3]: [scout_3] Landed — tilt correction stopped, yaw-hold pinned to current heading.
[attitude_controller-14] [INFO] [1786779774.139956085] [attitude_scout_3]: [scout_3] Landed — tilt correction stopped, yaw-hold pinned to current heading.
[attitude_controller-14] [INFO] [1786779774.141952102] [attitude_scout_3]: [scout_3] Landed — tilt correction stopped, yaw-hold pinned to current heading.
[attitude_controller-14] [INFO] [1786779774.150082552] [attitude_scout_3]: [scout_3] Landed — tilt correction stopped, yaw-hold pinned to current heading.
[attitude_controller-14] [INFO] [1786779774.157944329] [attitude_scout_3]: [scout_3] Landed — tilt correction stopped, yaw-hold pinned to current heading.
[landing_controller-11] [INFO] [1786779774.158851476] [landing_scout_2]: [scout_2] Landing controller state: FLIGHT
[attitude_controller-14] [INFO] [1786779774.165347050] [attitude_scout_3]: [scout_3] Landed — tilt correction stopped, yaw-hold pinned to current heading.
[attitude_controller-14] [INFO] [1786779774.169166509] [attitude_scout_3]: [scout_3] Landed — tilt correction stopped, yaw-hold pinned to current heading.
[attitude_controller-14] [INFO] [1786779774.172116465] [attitude_scout_3]: [scout_3] Landed — tilt correction stopped, yaw-hold pinned to current heading.
[attitude_controller-14] [INFO] [1786779774.174309849] [attitude_scout_3]: [scout_3] Landed — tilt correction stopped, yaw-hold pinned to current heading.
[attitude_controller-14] [INFO] [1786779774.179949817] [attitude_scout_3]: [scout_3] Landed — tilt correction stopped, yaw-hold pinned to current heading.
[attitude_controller-14] [INFO] [1786779774.182960534] [attitude_scout_3]: [scout_3] Landed — tilt correction stopped, yaw-hold pinned to current heading.
[attitude_controller-14] [INFO] [1786779774.185904274] [attitude_scout_3]: [scout_3] Landed — tilt correction stopped, yaw-hold pinned to current heading.
[landing_controller-15] [INFO] [1786779774.190771188] [landing_scout_3]: [scout_3] Landing controller state: LANDED
[landing_controller-7] [INFO] [1786779774.192070624] [landing_scout_1]: [scout_1] Landing controller state: IDLE
[attitude_controller-14] [INFO] [1786779774.204189127] [attitude_scout_3]: [scout_3] Landed — tilt correction stopped, yaw-hold pinned to current heading.
[attitude_controller-14] [INFO] [1786779774.207182104] [attitude_scout_3]: [scout_3] Landed — tilt correction stopped, yaw-hold pinned to current heading.
[attitude_controller-14] [INFO] [1786779774.210575960] [attitude_scout_3]: [scout_3] Landed — tilt correction stopped, yaw-hold pinned to current heading.
[attitude_controller-14] [INFO] [1786779774.222403581] [attitude_scout_3]: [scout_3] Landed — tilt correction stopped, yaw-hold pinned to current heading.
[attitude_controller-14] [INFO] [1786779774.224648436] [attitude_scout_3]: [scout_3] Landed — tilt correction stopped, yaw-hold pinned to current heading.
[attitude_controller-14] [INFO] [1786779774.225996969] [attitude_scout_3]: [scout_3] Landed — tilt correction stopped, yaw-hold pinned to current heading.
[attitude_controller-14] [INFO] [1786779774.239811806] [attitude_scout_3]: [scout_3] Landed — tilt correction stopped, yaw-hold pinned to current heading.
[attitude_controller-14] [INFO] [1786779774.241398283] [attitude_scout_3]: [scout_3] Landed — tilt correction stopped, yaw-hold pinned to current heading.
[attitude_controller-14] [INFO] [1786779774.242782574] [attitude_scout_3]: [scout_3] Landed — tilt correction stopped, yaw-hold pinned to current heading.
[attitude_controller-14] [INFO] [1786779774.251298748] [attitude_scout_3]: [scout_3] Landed — tilt correction stopped, yaw-hold pinned to current heading.
[attitude_controller-14] [INFO] [1786779774.254536374] [attitude_scout_3]: [scout_3] Landed — tilt correction stopped, yaw-hold pinned to current heading.
[attitude_controller-14] [INFO] [1786779774.255849010] [attitude_scout_3]: [scout_3] Landed — tilt correction stopped, yaw-hold pinned to current heading.
[attitude_controller-14] [INFO] [1786779774.268697336] [attitude_scout_3]: [scout_3] Landed — tilt correction stopped, yaw-hold pinned to current heading.
[attitude_controller-14] [INFO] [1786779774.270148394] [attitude_scout_3]: [scout_3] Landed — tilt correction stopped, yaw-hold pinned to current heading.
[attitude_controller-14] [INFO] [1786779774.271631019] [attitude_scout_3]: [scout_3] Landed — tilt correction stopped, yaw-hold pinned to current heading.
[attitude_controller-14] [INFO] [1786779774.290472424] [attitude_scout_3]: [scout_3] Landed — tilt correction stopped, yaw-hold pinned to current heading.
[attitude_controller-14] [INFO] [1786779774.293080026] [attitude_scout_3]: [scout_3] Landed — tilt correction stopped, yaw-hold pinned to current heading.
[attitude_controller-14] [INFO] [1786779774.294665804] [attitude_scout_3]: [scout_3] Landed — tilt correction stopped, yaw-hold pinned to current heading.
[attitude_controller-14] [INFO] [1786779774.311949994] [attitude_scout_3]: [scout_3] Landed — tilt correction stopped, yaw-hold pinned to current heading.
[attitude_controller-14] [INFO] [1786779774.314333411] [attitude_scout_3]: [scout_3] Landed — tilt correction stopped, yaw-hold pinned to current heading.
[attitude_controller-14] [INFO] [1786779774.315978065] [attitude_scout_3]: [scout_3] Landed — tilt correction stopped, yaw-hold pinned to current heading.
[attitude_controller-14] [INFO] [1786779774.329341668] [attitude_scout_3]: [scout_3] Landed — tilt correction stopped, yaw-hold pinned to current heading.
[attitude_controller-14] [INFO] [1786779774.330684265] [attitude_scout_3]: [scout_3] Landed — tilt correction stopped, yaw-hold pinned to current heading.
[attitude_controller-14] [INFO] [1786779774.331998297] [attitude_scout_3]: [scout_3] Landed — tilt correction stopped, yaw-hold pinned to current heading.
[attitude_controller-14] [INFO] [1786779774.346041300] [attitude_scout_3]: [scout_3] Landed — tilt correction stopped, yaw-hold pinned to current heading.
[attitude_controller-14] [INFO] [1786779774.351746639] [attitude_scout_3]: [scout_3] Landed — tilt correction stopped, yaw-hold pinned to current heading.
[attitude_controller-14] [INFO] [1786779774.353322710] [attitude_scout_3]: [scout_3] Landed — tilt correction stopped, yaw-hold pinned to current heading.
[attitude_controller-14] [INFO] [1786779774.367322901] [attitude_scout_3]: [scout_3] Landed — tilt correction stopped, yaw-hold pinned to current heading.
[attitude_controller-14] [INFO] [1786779774.371398951] [attitude_scout_3]: [scout_3] Landed — tilt correction stopped, yaw-hold pinned to current heading.
[attitude_controller-14] [INFO] [1786779774.372801680] [attitude_scout_3]: [scout_3] Landed — tilt correction stopped, yaw-hold pinned to current heading.
[attitude_controller-14] [INFO] [1786779774.385008599] [attitude_scout_3]: [scout_3] Landed — tilt correction stopped, yaw-hold pinned to current heading.
[attitude_controller-14] [INFO] [1786779774.387205684] [attitude_scout_3]: [scout_3] Landed — tilt correction stopped, yaw-hold pinned to current heading.
[attitude_controller-14] [INFO] [1786779774.388651504] [attitude_scout_3]: [scout_3] Landed — tilt correction stopped, yaw-hold pinned to current heading.
[attitude_controller-14] [INFO] [1786779774.407786165] [attitude_scout_3]: [scout_3] Landed — tilt correction stopped, yaw-hold pinned to current heading.
[attitude_controller-14] [INFO] [1786779774.411268159] [attitude_scout_3]: [scout_3] Landed — tilt correction stopped, yaw-hold pinned to current heading.
[attitude_controller-14] [INFO] [1786779774.413477396] [attitude_scout_3]: [scout_3] Landed — tilt correction stopped, yaw-hold pinned to current heading.
[attitude_controller-14] [INFO] [1786779774.424892753] [attitude_scout_3]: [scout_3] Landed — tilt correction stopped, yaw-hold pinned to current heading.
[attitude_controller-14] [INFO] [1786779774.427562233] [attitude_scout_3]: [scout_3] Landed — tilt correction stopped, yaw-hold pinned to current heading.
[attitude_controller-14] [INFO] [1786779774.428726530] [attitude_scout_3]: [scout_3] Landed — tilt correction stopped, yaw-hold pinned to current heading.
[attitude_controller-14] [INFO] [1786779774.448130911] [attitude_scout_3]: [scout_3] Landed — tilt correction stopped, yaw-hold pinned to current heading.
[attitude_controller-14] [INFO] [1786779774.451831853] [attitude_scout_3]: [scout_3] Landed — tilt correction stopped, yaw-hold pinned to current heading.
[attitude_controller-14] [INFO] [1786779774.454247605] [attitude_scout_3]: [scout_3] Landed — tilt correction stopped, yaw-hold pinned to current heading.
[attitude_controller-14] [INFO] [1786779774.469536128] [attitude_scout_3]: [scout_3] Landed — tilt correction stopped, yaw-hold pinned to current heading.
[attitude_controller-14] [INFO] [1786779774.470796175] [attitude_scout_3]: [scout_3] Landed — tilt correction stopped, yaw-hold pinned to current heading.
[attitude_controller-14] [INFO] [1786779774.471954395] [attitude_scout_3]: [scout_3] Landed — tilt correction stopped, yaw-hold pinned to current heading.
[attitude_controller-14] [INFO] [1786779774.491040867] [attitude_scout_3]: [scout_3] Landed — tilt correction stopped, yaw-hold pinned to current heading.
[attitude_controller-14] [INFO] [1786779774.493323016] [attitude_scout_3]: [scout_3] Landed — tilt correction stopped, yaw-hold pinned to current heading.
[attitude_controller-14] [INFO] [1786779774.494741738] [attitude_scout_3]: [scout_3] Landed — tilt correction stopped, yaw-hold pinned to current heading.
[attitude_controller-14] [INFO] [1786779774.509119832] [attitude_scout_3]: [scout_3] Landed — tilt correction stopped, yaw-hold pinned to current heading.
[attitude_controller-14] [INFO] [1786779774.512048277] [attitude_scout_3]: [scout_3] Landed — tilt correction stopped, yaw-hold pinned to current heading.
[attitude_controller-14] [INFO] [1786779774.513539842] [attitude_scout_3]: [scout_3] Landed — tilt correction stopped, yaw-hold pinned to current heading.
[attitude_controller-14] [INFO] [1786779774.531900471] [attitude_scout_3]: [scout_3] Landed — tilt correction stopped, yaw-hold pinned to current heading.
[attitude_controller-14] [INFO] [1786779774.536789803] [attitude_scout_3]: [scout_3] Landed — tilt correction stopped, yaw-hold pinned to current heading.
[attitude_controller-14] [INFO] [1786779774.538324669] [attitude_scout_3]: [scout_3] Landed — tilt correction stopped, yaw-hold pinned to current heading.
[attitude_controller-14] [INFO] [1786779774.556979043] [attitude_scout_3]: [scout_3] Landed — tilt correction stopped, yaw-hold pinned to current heading.
[attitude_controller-14] [INFO] [1786779774.559553890] [attitude_scout_3]: [scout_3] Landed — tilt correction stopped, yaw-hold pinned to current heading.
[attitude_controller-14] [INFO] [1786779774.560911502] [attitude_scout_3]: [scout_3] Landed — tilt correction stopped, yaw-hold pinned to current heading.
[attitude_controller-14] [INFO] [1786779774.575267527] [attitude_scout_3]: [scout_3] Landed — tilt correction stopped, yaw-hold pinned to current heading.
[attitude_controller-14] [INFO] [1786779774.578962671] [attitude_scout_3]: [scout_3] Landed — tilt correction stopped, yaw-hold pinned to current heading.
[attitude_controller-14] [INFO] [1786779774.580702656] [attitude_scout_3]: [scout_3] Landed — tilt correction stopped, yaw-hold pinned to current heading.
[attitude_controller-14] [INFO] [1786779774.594654797] [attitude_scout_3]: [scout_3] Landed — tilt correction stopped, yaw-hold pinned to current heading.
[attitude_controller-14] [INFO] [1786779774.596124852] [attitude_scout_3]: [scout_3] Landed — tilt correction stopped, yaw-hold pinned to current heading.
[attitude_controller-14] [INFO] [1786779774.598034966] [attitude_scout_3]: [scout_3] Landed — tilt correction stopped, yaw-hold pinned to current heading.
[attitude_controller-14] [INFO] [1786779774.615194422] [attitude_scout_3]: [scout_3] Landed — tilt correction stopped, yaw-hold pinned to current heading.
[attitude_controller-14] [INFO] [1786779774.619613175] [attitude_scout_3]: [scout_3] Landed — tilt correction stopped, yaw-hold pinned to current heading.
[attitude_controller-14] [INFO] [1786779774.621424466] [attitude_scout_3]: [scout_3] Landed — tilt correction stopped, yaw-hold pinned to current heading.
[attitude_controller-14] [INFO] [1786779774.632207774] [attitude_scout_3]: [scout_3] Landed — tilt correction stopped, yaw-hold pinned to current heading.
[attitude_controller-14] [INFO] [1786779774.637944052] [attitude_scout_3]: [scout_3] Landed — tilt correction stopped, yaw-hold pinned to current heading.
[attitude_controller-14] [INFO] [1786779774.639354463] [attitude_scout_3]: [scout_3] Landed — tilt correction stopped, yaw-hold pinned to current heading.
[attitude_controller-14] [INFO] [1786779774.652290788] [attitude_scout_3]: [scout_3] Landed — tilt correction stopped, yaw-hold pinned to current heading.
[attitude_controller-14] [INFO] [1786779774.655652867] [attitude_scout_3]: [scout_3] Landed — tilt correction stopped, yaw-hold pinned to current heading.
[attitude_controller-14] [INFO] [1786779774.657853514] [attitude_scout_3]: [scout_3] Landed — tilt correction stopped, yaw-hold pinned to current heading.
[attitude_controller-14] [INFO] [1786779774.666930081] [attitude_scout_3]: [scout_3] Landed — tilt correction stopped, yaw-hold pinned to current heading.
[attitude_controller-14] [INFO] [1786779774.675308252] [attitude_scout_3]: [scout_3] Landed — tilt correction stopped, yaw-hold pinned to current heading.
[attitude_controller-14] [INFO] [1786779774.676335663] [attitude_scout_3]: [scout_3] Landed — tilt correction stopped, yaw-hold pinned to current heading.
[attitude_controller-14] [INFO] [1786779774.685182388] [attitude_scout_3]: [scout_3] Landed — tilt correction stopped, yaw-hold pinned to current heading.
[attitude_controller-14] [INFO] [1786779774.687928901] [attitude_scout_3]: [scout_3] Landed — tilt correction stopped, yaw-hold pinned to current heading.
[attitude_controller-14] [INFO] [1786779774.689539054] [attitude_scout_3]: [scout_3] Landed — tilt correction stopped, yaw-hold pinned to current heading.
[attitude_controller-14] [INFO] [1786779774.697727261] [attitude_scout_3]: [scout_3] Landed — tilt correction stopped, yaw-hold pinned to current heading.
[attitude_controller-14] [INFO] [1786779774.703027670] [attitude_scout_3]: [scout_3] Landed — tilt correction stopped, yaw-hold pinned to current heading.
[attitude_controller-14] [INFO] [1786779774.704296935] [attitude_scout_3]: [scout_3] Landed — tilt correction stopped, yaw-hold pinned to current heading.
[attitude_controller-14] [INFO] [1786779774.820446520] [attitude_scout_3]: [scout_3] Landed — tilt correction stopped, yaw-hold pinned to current heading.
[attitude_controller-14] [INFO] [1786779774.822219399] [attitude_scout_3]: [scout_3] Landed — tilt correction stopped, yaw-hold pinned to current heading.
[attitude_controller-14] [INFO] [1786779774.825008165] [attitude_scout_3]: [scout_3] Landed — tilt correction stopped, yaw-hold pinned to current heading.
[attitude_controller-14] [INFO] [1786779774.840449008] [attitude_scout_3]: [scout_3] Landed — tilt correction stopped, yaw-hold pinned to current heading.
[attitude_controller-14] [INFO] [1786779774.842745964] [attitude_scout_3]: [scout_3] Landed — tilt correction stopped, yaw-hold pinned to current heading.
[attitude_controller-14] [INFO] [1786779774.844162940] [attitude_scout_3]: [scout_3] Landed — tilt correction stopped, yaw-hold pinned to current heading.
[attitude_controller-14] [INFO] [1786779774.865836341] [attitude_scout_3]: [scout_3] Landed — tilt correction stopped, yaw-hold pinned to current heading.
[attitude_controller-14] [INFO] [1786779774.869145832] [attitude_scout_3]: [scout_3] Landed — tilt correction stopped, yaw-hold pinned to current heading.
[attitude_controller-14] [INFO] [1786779774.871773548] [attitude_scout_3]: [scout_3] Landed — tilt correction stopped, yaw-hold pinned to current heading.
[attitude_controller-14] [INFO] [1786779774.896643718] [attitude_scout_3]: [scout_3] Landed — tilt correction stopped, yaw-hold pinned to current heading.
[attitude_controller-14] [INFO] [1786779774.897867169] [attitude_scout_3]: [scout_3] Landed — tilt correction stopped, yaw-hold pinned to current heading.
[attitude_controller-14] [INFO] [1786779774.898960229] [attitude_scout_3]: [scout_3] Landed — tilt correction stopped, yaw-hold pinned to current heading.
[attitude_controller-14] [INFO] [1786779774.912812569] [attitude_scout_3]: [scout_3] Landed — tilt correction stopped, yaw-hold pinned to current heading.
[attitude_controller-14] [INFO] [1786779774.916719049] [attitude_scout_3]: [scout_3] Landed — tilt correction stopped, yaw-hold pinned to current heading.
[attitude_controller-14] [INFO] [1786779774.918172062] [attitude_scout_3]: [scout_3] Landed — tilt correction stopped, yaw-hold pinned to current heading.
[attitude_controller-14] [INFO] [1786779774.934528154] [attitude_scout_3]: [scout_3] Landed — tilt correction stopped, yaw-hold pinned to current heading.
[attitude_controller-14] [INFO] [1786779774.937187228] [attitude_scout_3]: [scout_3] Landed — tilt correction stopped, yaw-hold pinned to current heading.
[attitude_controller-14] [INFO] [1786779774.938676837] [attitude_scout_3]: [scout_3] Landed — tilt correction stopped, yaw-hold pinned to current heading.
[attitude_controller-14] [INFO] [1786779774.958243875] [attitude_scout_3]: [scout_3] Landed — tilt correction stopped, yaw-hold pinned to current heading.
[attitude_controller-14] [INFO] [1786779774.959845787] [attitude_scout_3]: [scout_3] Landed — tilt correction stopped, yaw-hold pinned to current heading.
[attitude_controller-14] [INFO] [1786779774.962628896] [attitude_scout_3]: [scout_3] Landed — tilt correction stopped, yaw-hold pinned to current heading.
[attitude_controller-14] [INFO] [1786779774.979741350] [attitude_scout_3]: [scout_3] Landed — tilt correction stopped, yaw-hold pinned to current heading.
[attitude_controller-14] [INFO] [1786779774.980930649] [attitude_scout_3]: [scout_3] Landed — tilt correction stopped, yaw-hold pinned to current heading.
[attitude_controller-14] [INFO] [1786779774.982260186] [attitude_scout_3]: [scout_3] Landed — tilt correction stopped, yaw-hold pinned to current heading.
[attitude_controller-14] [INFO] [1786779774.995480758] [attitude_scout_3]: [scout_3] Landed — tilt correction stopped, yaw-hold pinned to current heading.
[attitude_controller-14] [INFO] [1786779774.998702530] [attitude_scout_3]: [scout_3] Landed — tilt correction stopped, yaw-hold pinned to current heading.
[attitude_controller-14] [INFO] [1786779775.000235160] [attitude_scout_3]: [scout_3] Landed — tilt correction stopped, yaw-hold pinned to current heading.
[attitude_controller-14] [INFO] [1786779775.017650021] [attitude_scout_3]: [scout_3] Landed — tilt correction stopped, yaw-hold pinned to current heading.
[attitude_controller-14] [INFO] [1786779775.024552690] [attitude_scout_3]: [scout_3] Landed — tilt correction stopped, yaw-hold pinned to current heading.
[attitude_controller-14] [INFO] [1786779775.027781586] [attitude_scout_3]: [scout_3] Landed — tilt correction stopped, yaw-hold pinned to current heading.
[attitude_controller-14] [INFO] [1786779775.046275329] [attitude_scout_3]: [scout_3] Landed — tilt correction stopped, yaw-hold pinned to current heading.
[attitude_controller-14] [INFO] [1786779775.048609648] [attitude_scout_3]: [scout_3] Landed — tilt correction stopped, yaw-hold pinned to current heading.
[attitude_controller-14] [INFO] [1786779775.051045934] [attitude_scout_3]: [scout_3] Landed — tilt correction stopped, yaw-hold pinned to current heading.
[attitude_controller-14] [INFO] [1786779775.058876074] [attitude_scout_3]: [scout_3] Landed — tilt correction stopped, yaw-hold pinned to current heading.
[attitude_controller-14] [INFO] [1786779775.060141428] [attitude_scout_3]: [scout_3] Landed — tilt correction stopped, yaw-hold pinned to current heading.
[attitude_controller-14] [INFO] [1786779775.061480324] [attitude_scout_3]: [scout_3] Landed — tilt correction stopped, yaw-hold pinned to current heading.
[attitude_controller-14] [INFO] [1786779775.078198883] [attitude_scout_3]: [scout_3] Landed — tilt correction stopped, yaw-hold pinned to current heading.
[attitude_controller-14] [INFO] [1786779775.084131829] [attitude_scout_3]: [scout_3] Landed — tilt correction stopped, yaw-hold pinned to current heading.
[attitude_controller-14] [INFO] [1786779775.085463112] [attitude_scout_3]: [scout_3] Landed — tilt correction stopped, yaw-hold pinned to current heading.
[attitude_controller-14] [INFO] [1786779775.096965978] [attitude_scout_3]: [scout_3] Landed — tilt correction stopped, yaw-hold pinned to current heading.
[attitude_controller-14] [INFO] [1786779775.100750588] [attitude_scout_3]: [scout_3] Landed — tilt correction stopped, yaw-hold pinned to current heading.
[attitude_controller-14] [INFO] [1786779775.101931227] [attitude_scout_3]: [scout_3] Landed — tilt correction stopped, yaw-hold pinned to current heading.
[attitude_controller-14] [INFO] [1786779775.118631628] [attitude_scout_3]: [scout_3] Landed — tilt correction stopped, yaw-hold pinned to current heading.
[attitude_controller-14] [INFO] [1786779775.121593177] [attitude_scout_3]: [scout_3] Landed — tilt correction stopped, yaw-hold pinned to current heading.
[attitude_controller-14] [INFO] [1786779775.124062497] [attitude_scout_3]: [scout_3] Landed — tilt correction stopped, yaw-hold pinned to current heading.
[attitude_controller-14] [INFO] [1786779775.132884918] [attitude_scout_3]: [scout_3] Landed — tilt correction stopped, yaw-hold pinned to current heading.
[attitude_controller-14] [INFO] [1786779775.135604403] [attitude_scout_3]: [scout_3] Landed — tilt correction stopped, yaw-hold pinned to current heading.
[attitude_controller-14] [INFO] [1786779775.137358286] [attitude_scout_3]: [scout_3] Landed — tilt correction stopped, yaw-hold pinned to current heading.
[attitude_controller-14] [INFO] [1786779775.152297052] [attitude_scout_3]: [scout_3] Landed — tilt correction stopped, yaw-hold pinned to current heading.
[attitude_controller-14] [INFO] [1786779775.154378482] [attitude_scout_3]: [scout_3] Landed — tilt correction stopped, yaw-hold pinned to current heading.
[attitude_controller-14] [INFO] [1786779775.155853705] [attitude_scout_3]: [scout_3] Landed — tilt correction stopped, yaw-hold pinned to current heading.
[attitude_controller-14] [INFO] [1786779775.174115091] [attitude_scout_3]: [scout_3] Landed — tilt correction stopped, yaw-hold pinned to current heading.
[attitude_controller-14] [INFO] [1786779775.175797109] [attitude_scout_3]: [scout_3] Landed — tilt correction stopped, yaw-hold pinned to current heading.
[attitude_controller-14] [INFO] [1786779775.177244535] [attitude_scout_3]: [scout_3] Landed — tilt correction stopped, yaw-hold pinned to current heading.
[attitude_controller-14] [INFO] [1786779775.192014709] [attitude_scout_3]: [scout_3] Landed — tilt correction stopped, yaw-hold pinned to current heading.
[attitude_controller-14] [INFO] [1786779775.195300593] [attitude_scout_3]: [scout_3] Landed — tilt correction stopped, yaw-hold pinned to current heading.
[attitude_controller-14] [INFO] [1786779775.196802914] [attitude_scout_3]: [scout_3] Landed — tilt correction stopped, yaw-hold pinned to current heading.
[attitude_controller-14] [INFO] [1786779775.203135971] [attitude_scout_3]: [scout_3] Landed — tilt correction stopped, yaw-hold pinned to current heading.
[attitude_controller-14] [INFO] [1786779775.207794274] [attitude_scout_3]: [scout_3] Landed — tilt correction stopped, yaw-hold pinned to current heading.
[attitude_controller-14] [INFO] [1786779775.209511281] [attitude_scout_3]: [scout_3] Landed — tilt correction stopped, yaw-hold pinned to current heading.
[attitude_controller-14] [INFO] [1786779775.221575798] [attitude_scout_3]: [scout_3] Landed — tilt correction stopped, yaw-hold pinned to current heading.
[attitude_controller-14] [INFO] [1786779775.224558858] [attitude_scout_3]: [scout_3] Landed — tilt correction stopped, yaw-hold pinned to current heading.
[attitude_controller-14] [INFO] [1786779775.225961936] [attitude_scout_3]: [scout_3] Landed — tilt correction stopped, yaw-hold pinned to current heading.
[attitude_controller-14] [INFO] [1786779775.245340198] [attitude_scout_3]: [scout_3] Landed — tilt correction stopped, yaw-hold pinned to current heading.
[attitude_controller-14] [INFO] [1786779775.249278315] [attitude_scout_3]: [scout_3] Landed — tilt correction stopped, yaw-hold pinned to current heading.
[attitude_controller-14] [INFO] [1786779775.251863638] [attitude_scout_3]: [scout_3] Landed — tilt correction stopped, yaw-hold pinned to current heading.
[attitude_controller-14] [INFO] [1786779775.256281414] [attitude_scout_3]: [scout_3] Landed — tilt correction stopped, yaw-hold pinned to current heading.
[attitude_controller-14] [INFO] [1786779775.258470607] [attitude_scout_3]: [scout_3] Landed — tilt correction stopped, yaw-hold pinned to current heading.
[attitude_controller-14] [INFO] [1786779775.259608643] [attitude_scout_3]: [scout_3] Landed — tilt correction stopped, yaw-hold pinned to current heading.
[attitude_controller-14] [INFO] [1786779775.284407508] [attitude_scout_3]: [scout_3] Landed — tilt correction stopped, yaw-hold pinned to current heading.
[attitude_controller-14] [INFO] [1786779775.290156427] [attitude_scout_3]: [scout_3] Landed — tilt correction stopped, yaw-hold pinned to current heading.
[attitude_controller-14] [INFO] [1786779775.291520185] [attitude_scout_3]: [scout_3] Landed — tilt correction stopped, yaw-hold pinned to current heading.
[attitude_controller-14] [INFO] [1786779775.303505922] [attitude_scout_3]: [scout_3] Landed — tilt correction stopped, yaw-hold pinned to current heading.
[attitude_controller-14] [INFO] [1786779775.304826450] [attitude_scout_3]: [scout_3] Landed — tilt correction stopped, yaw-hold pinned to current heading.
[attitude_controller-14] [INFO] [1786779775.307046372] [attitude_scout_3]: [scout_3] Landed — tilt correction stopped, yaw-hold pinned to current heading.
[attitude_controller-14] [INFO] [1786779775.323624973] [attitude_scout_3]: [scout_3] Landed — tilt correction stopped, yaw-hold pinned to current heading.
[attitude_controller-14] [INFO] [1786779775.325225977] [attitude_scout_3]: [scout_3] Landed — tilt correction stopped, yaw-hold pinned to current heading.
[attitude_controller-14] [INFO] [1786779775.327155785] [attitude_scout_3]: [scout_3] Landed — tilt correction stopped, yaw-hold pinned to current heading.
[attitude_controller-14] [INFO] [1786779775.345566768] [attitude_scout_3]: [scout_3] Landed — tilt correction stopped, yaw-hold pinned to current heading.
[attitude_controller-14] [INFO] [1786779775.350518677] [attitude_scout_3]: [scout_3] Landed — tilt correction stopped, yaw-hold pinned to current heading.
[attitude_controller-14] [INFO] [1786779775.352283245] [attitude_scout_3]: [scout_3] Landed — tilt correction stopped, yaw-hold pinned to current heading.
[attitude_controller-14] [INFO] [1786779775.364340079] [attitude_scout_3]: [scout_3] Landed — tilt correction stopped, yaw-hold pinned to current heading.
[attitude_controller-14] [INFO] [1786779775.368048005] [attitude_scout_3]: [scout_3] Landed — tilt correction stopped, yaw-hold pinned to current heading.
[attitude_controller-14] [INFO] [1786779775.371070315] [attitude_scout_3]: [scout_3] Landed — tilt correction stopped, yaw-hold pinned to current heading.
[attitude_controller-14] [INFO] [1786779775.380742964] [attitude_scout_3]: [scout_3] Landed — tilt correction stopped, yaw-hold pinned to current heading.
[attitude_controller-14] [INFO] [1786779775.384419741] [attitude_scout_3]: [scout_3] Landed — tilt correction stopped, yaw-hold pinned to current heading.
[attitude_controller-14] [INFO] [1786779775.385784896] [attitude_scout_3]: [scout_3] Landed — tilt correction stopped, yaw-hold pinned to current heading.
[attitude_controller-14] [INFO] [1786779775.399862260] [attitude_scout_3]: [scout_3] Landed — tilt correction stopped, yaw-hold pinned to current heading.
[attitude_controller-14] [INFO] [1786779775.402195393] [attitude_scout_3]: [scout_3] Landed — tilt correction stopped, yaw-hold pinned to current heading.
[attitude_controller-14] [INFO] [1786779775.406705985] [attitude_scout_3]: [scout_3] Landed — tilt correction stopped, yaw-hold pinned to current heading.
[attitude_controller-14] [INFO] [1786779775.419778357] [attitude_scout_3]: [scout_3] Landed — tilt correction stopped, yaw-hold pinned to current heading.
[attitude_controller-14] [INFO] [1786779775.423291849] [attitude_scout_3]: [scout_3] Landed — tilt correction stopped, yaw-hold pinned to current heading.
[attitude_controller-14] [INFO] [1786779775.424646458] [attitude_scout_3]: [scout_3] Landed — tilt correction stopped, yaw-hold pinned to current heading.
[attitude_controller-14] [INFO] [1786779775.440841570] [attitude_scout_3]: [scout_3] Landed — tilt correction stopped, yaw-hold pinned to current heading.
[attitude_controller-14] [INFO] [1786779775.445773225] [attitude_scout_3]: [scout_3] Landed — tilt correction stopped, yaw-hold pinned to current heading.
[attitude_controller-14] [INFO] [1786779775.447510207] [attitude_scout_3]: [scout_3] Landed — tilt correction stopped, yaw-hold pinned to current heading.
[attitude_controller-14] [INFO] [1786779775.461056231] [attitude_scout_3]: [scout_3] Landed — tilt correction stopped, yaw-hold pinned to current heading.
[attitude_controller-14] [INFO] [1786779775.464320395] [attitude_scout_3]: [scout_3] Landed — tilt correction stopped, yaw-hold pinned to current heading.
[attitude_controller-14] [INFO] [1786779775.465677868] [attitude_scout_3]: [scout_3] Landed — tilt correction stopped, yaw-hold pinned to current heading.
[attitude_controller-14] [INFO] [1786779775.483461901] [attitude_scout_3]: [scout_3] Landed — tilt correction stopped, yaw-hold pinned to current heading.
[attitude_controller-14] [INFO] [1786779775.486928112] [attitude_scout_3]: [scout_3] Landed — tilt correction stopped, yaw-hold pinned to current heading.
[attitude_controller-14] [INFO] [1786779775.490041143] [attitude_scout_3]: [scout_3] Landed — tilt correction stopped, yaw-hold pinned to current heading.
[attitude_controller-14] [INFO] [1786779775.508276130] [attitude_scout_3]: [scout_3] Landed — tilt correction stopped, yaw-hold pinned to current heading.
[attitude_controller-14] [INFO] [1786779775.511608668] [attitude_scout_3]: [scout_3] Landed — tilt correction stopped, yaw-hold pinned to current heading.
[attitude_controller-14] [INFO] [1786779775.512551922] [attitude_scout_3]: [scout_3] Landed — tilt correction stopped, yaw-hold pinned to current heading.
[attitude_controller-14] [INFO] [1786779775.524295036] [attitude_scout_3]: [scout_3] Landed — tilt correction stopped, yaw-hold pinned to current heading.
[attitude_controller-14] [INFO] [1786779775.528279527] [attitude_scout_3]: [scout_3] Landed — tilt correction stopped, yaw-hold pinned to current heading.
[attitude_controller-14] [INFO] [1786779775.529576379] [attitude_scout_3]: [scout_3] Landed — tilt correction stopped, yaw-hold pinned to current heading.
[attitude_controller-14] [INFO] [1786779775.543915921] [attitude_scout_3]: [scout_3] Landed — tilt correction stopped, yaw-hold pinned to current heading.
[attitude_controller-14] [INFO] [1786779775.545981637] [attitude_scout_3]: [scout_3] Landed — tilt correction stopped, yaw-hold pinned to current heading.
[attitude_controller-14] [INFO] [1786779775.549981283] [attitude_scout_3]: [scout_3] Landed — tilt correction stopped, yaw-hold pinned to current heading.
[attitude_controller-14] [INFO] [1786779775.576347279] [attitude_scout_3]: [scout_3] Landed — tilt correction stopped, yaw-hold pinned to current heading.
[attitude_controller-14] [INFO] [1786779775.587076811] [attitude_scout_3]: [scout_3] Landed — tilt correction stopped, yaw-hold pinned to current heading.
[attitude_controller-14] [INFO] [1786779775.589928712] [attitude_scout_3]: [scout_3] Landed — tilt correction stopped, yaw-hold pinned to current heading.
[attitude_controller-14] [INFO] [1786779775.592240823] [attitude_scout_3]: [scout_3] Landed — tilt correction stopped, yaw-hold pinned to current heading.
[attitude_controller-14] [INFO] [1786779775.594867491] [attitude_scout_3]: [scout_3] Landed — tilt correction stopped, yaw-hold pinned to current heading.
[attitude_controller-14] [INFO] [1786779775.597652416] [attitude_scout_3]: [scout_3] Landed — tilt correction stopped, yaw-hold pinned to current heading.
[attitude_controller-14] [INFO] [1786779775.601871987] [attitude_scout_3]: [scout_3] Landed — tilt correction stopped, yaw-hold pinned to current heading.
[attitude_controller-14] [INFO] [1786779775.603153335] [attitude_scout_3]: [scout_3] Landed — tilt correction stopped, yaw-hold pinned to current heading.
[attitude_controller-14] [INFO] [1786779775.610034563] [attitude_scout_3]: [scout_3] Landed — tilt correction stopped, yaw-hold pinned to current heading.
[attitude_controller-14] [INFO] [1786779775.618058438] [attitude_scout_3]: [scout_3] Landed — tilt correction stopped, yaw-hold pinned to current heading.
[attitude_controller-14] [INFO] [1786779775.621054488] [attitude_scout_3]: [scout_3] Landed — tilt correction stopped, yaw-hold pinned to current heading.
[attitude_controller-14] [INFO] [1786779775.622636775] [attitude_scout_3]: [scout_3] Landed — tilt correction stopped, yaw-hold pinned to current heading.
[attitude_controller-14] [INFO] [1786779775.637475950] [attitude_scout_3]: [scout_3] Landed — tilt correction stopped, yaw-hold pinned to current heading.
[attitude_controller-14] [INFO] [1786779775.643881990] [attitude_scout_3]: [scout_3] Landed — tilt correction stopped, yaw-hold pinned to current heading.
[attitude_controller-14] [INFO] [1786779775.646735777] [attitude_scout_3]: [scout_3] Landed — tilt correction stopped, yaw-hold pinned to current heading.
[attitude_controller-14] [INFO] [1786779775.667619082] [attitude_scout_3]: [scout_3] Landed — tilt correction stopped, yaw-hold pinned to current heading.
[attitude_controller-14] [INFO] [1786779775.670130865] [attitude_scout_3]: [scout_3] Landed — tilt correction stopped, yaw-hold pinned to current heading.
[attitude_controller-14] [INFO] [1786779775.672129675] [attitude_scout_3]: [scout_3] Landed — tilt correction stopped, yaw-hold pinned to current heading.
[attitude_controller-14] [INFO] [1786779775.687068790] [attitude_scout_3]: [scout_3] Landed — tilt correction stopped, yaw-hold pinned to current heading.
[attitude_controller-14] [INFO] [1786779775.693360433] [attitude_scout_3]: [scout_3] Landed — tilt correction stopped, yaw-hold pinned to current heading.
[attitude_controller-14] [INFO] [1786779775.698043878] [attitude_scout_3]: [scout_3] Landed — tilt correction stopped, yaw-hold pinned to current heading.
[attitude_controller-14] [INFO] [1786779775.713308935] [attitude_scout_3]: [scout_3] Landed — tilt correction stopped, yaw-hold pinned to current heading.
[attitude_controller-14] [INFO] [1786779775.715279740] [attitude_scout_3]: [scout_3] Landed — tilt correction stopped, yaw-hold pinned to current heading.
[attitude_controller-14] [INFO] [1786779775.717636757] [attitude_scout_3]: [scout_3] Landed — tilt correction stopped, yaw-hold pinned to current heading.
[attitude_controller-14] [INFO] [1786779775.733418837] [attitude_scout_3]: [scout_3] Landed — tilt correction stopped, yaw-hold pinned to current heading.
[attitude_controller-14] [INFO] [1786779775.734663868] [attitude_scout_3]: [scout_3] Landed — tilt correction stopped, yaw-hold pinned to current heading.
[attitude_controller-14] [INFO] [1786779775.735883547] [attitude_scout_3]: [scout_3] Landed — tilt correction stopped, yaw-hold pinned to current heading.
[attitude_controller-14] [INFO] [1786779775.754611183] [attitude_scout_3]: [scout_3] Landed — tilt correction stopped, yaw-hold pinned to current heading.
[attitude_controller-14] [INFO] [1786779775.758411088] [attitude_scout_3]: [scout_3] Landed — tilt correction stopped, yaw-hold pinned to current heading.
[attitude_controller-14] [INFO] [1786779775.759979686] [attitude_scout_3]: [scout_3] Landed — tilt correction stopped, yaw-hold pinned to current heading.
[attitude_controller-14] [INFO] [1786779775.775119171] [attitude_scout_3]: [scout_3] Landed — tilt correction stopped, yaw-hold pinned to current heading.
[attitude_controller-14] [INFO] [1786779775.776563804] [attitude_scout_3]: [scout_3] Landed — tilt correction stopped, yaw-hold pinned to current heading.
[attitude_controller-14] [INFO] [1786779775.778027153] [attitude_scout_3]: [scout_3] Landed — tilt correction stopped, yaw-hold pinned to current heading.
[attitude_controller-14] [INFO] [1786779775.793187591] [attitude_scout_3]: [scout_3] Landed — tilt correction stopped, yaw-hold pinned to current heading.
[attitude_controller-14] [INFO] [1786779775.795975309] [attitude_scout_3]: [scout_3] Landed — tilt correction stopped, yaw-hold pinned to current heading.
[attitude_controller-14] [INFO] [1786779775.797313646] [attitude_scout_3]: [scout_3] Landed — tilt correction stopped, yaw-hold pinned to current heading.
[attitude_controller-14] [INFO] [1786779775.811299939] [attitude_scout_3]: [scout_3] Landed — tilt correction stopped, yaw-hold pinned to current heading.
[attitude_controller-14] [INFO] [1786779775.817531380] [attitude_scout_3]: [scout_3] Landed — tilt correction stopped, yaw-hold pinned to current heading.
[attitude_controller-14] [INFO] [1786779775.819314945] [attitude_scout_3]: [scout_3] Landed — tilt correction stopped, yaw-hold pinned to current heading.
[attitude_controller-14] [INFO] [1786779775.830799163] [attitude_scout_3]: [scout_3] Landed — tilt correction stopped, yaw-hold pinned to current heading.
[attitude_controller-14] [INFO] [1786779775.834181706] [attitude_scout_3]: [scout_3] Landed — tilt correction stopped, yaw-hold pinned to current heading.
[attitude_controller-14] [INFO] [1786779775.836635172] [attitude_scout_3]: [scout_3] Landed — tilt correction stopped, yaw-hold pinned to current heading.
[attitude_controller-14] [INFO] [1786779775.945342439] [attitude_scout_3]: [scout_3] Landed — tilt correction stopped, yaw-hold pinned to current heading.
[attitude_controller-14] [INFO] [1786779775.949355563] [attitude_scout_3]: [scout_3] Landed — tilt correction stopped, yaw-hold pinned to current heading.
[attitude_controller-14] [INFO] [1786779775.952285336] [attitude_scout_3]: [scout_3] Landed — tilt correction stopped, yaw-hold pinned to current heading.
[attitude_controller-14] [INFO] [1786779775.967666676] [attitude_scout_3]: [scout_3] Landed — tilt correction stopped, yaw-hold pinned to current heading.
[attitude_controller-14] [INFO] [1786779775.971893440] [attitude_scout_3]: [scout_3] Landed — tilt correction stopped, yaw-hold pinned to current heading.
[attitude_controller-14] [INFO] [1786779775.973913411] [attitude_scout_3]: [scout_3] Landed — tilt correction stopped, yaw-hold pinned to current heading.
[attitude_controller-14] [INFO] [1786779775.987298106] [attitude_scout_3]: [scout_3] Landed — tilt correction stopped, yaw-hold pinned to current heading.
[attitude_controller-14] [INFO] [1786779775.994583008] [attitude_scout_3]: [scout_3] Landed — tilt correction stopped, yaw-hold pinned to current heading.
[attitude_controller-14] [INFO] [1786779775.998624767] [attitude_scout_3]: [scout_3] Landed — tilt correction stopped, yaw-hold pinned to current heading.
[attitude_controller-14] [INFO] [1786779776.005536865] [attitude_scout_3]: [scout_3] Landed — tilt correction stopped, yaw-hold pinned to current heading.
[attitude_controller-14] [INFO] [1786779776.008691032] [attitude_scout_3]: [scout_3] Landed — tilt correction stopped, yaw-hold pinned to current heading.
[attitude_controller-14] [INFO] [1786779776.012412507] [attitude_scout_3]: [scout_3] Landed — tilt correction stopped, yaw-hold pinned to current heading.
[attitude_controller-14] [INFO] [1786779776.028642468] [attitude_scout_3]: [scout_3] Landed — tilt correction stopped, yaw-hold pinned to current heading.
[attitude_controller-14] [INFO] [1786779776.030280417] [attitude_scout_3]: [scout_3] Landed — tilt correction stopped, yaw-hold pinned to current heading.
[attitude_controller-14] [INFO] [1786779776.031673368] [attitude_scout_3]: [scout_3] Landed — tilt correction stopped, yaw-hold pinned to current heading.
[attitude_controller-14] [INFO] [1786779776.046337805] [attitude_scout_3]: [scout_3] Landed — tilt correction stopped, yaw-hold pinned to current heading.
[attitude_controller-14] [INFO] [1786779776.048664861] [attitude_scout_3]: [scout_3] Landed — tilt correction stopped, yaw-hold pinned to current heading.
[attitude_controller-14] [INFO] [1786779776.049757083] [attitude_scout_3]: [scout_3] Landed — tilt correction stopped, yaw-hold pinned to current heading.
[attitude_controller-14] [INFO] [1786779776.075175216] [attitude_scout_3]: [scout_3] Landed — tilt correction stopped, yaw-hold pinned to current heading.
[attitude_controller-14] [INFO] [1786779776.076668317] [attitude_scout_3]: [scout_3] Landed — tilt correction stopped, yaw-hold pinned to current heading.
[attitude_controller-14] [INFO] [1786779776.080072231] [attitude_scout_3]: [scout_3] Landed — tilt correction stopped, yaw-hold pinned to current heading.
[attitude_controller-14] [INFO] [1786779776.089312922] [attitude_scout_3]: [scout_3] Landed — tilt correction stopped, yaw-hold pinned to current heading.
[attitude_controller-14] [INFO] [1786779776.092306528] [attitude_scout_3]: [scout_3] Landed — tilt correction stopped, yaw-hold pinned to current heading.
[attitude_controller-14] [INFO] [1786779776.093852777] [attitude_scout_3]: [scout_3] Landed — tilt correction stopped, yaw-hold pinned to current heading.
[attitude_controller-14] [INFO] [1786779776.104058372] [attitude_scout_3]: [scout_3] Landed — tilt correction stopped, yaw-hold pinned to current heading.
[attitude_controller-14] [INFO] [1786779776.107834252] [attitude_scout_3]: [scout_3] Landed — tilt correction stopped, yaw-hold pinned to current heading.
[attitude_controller-14] [INFO] [1786779776.109408926] [attitude_scout_3]: [scout_3] Landed — tilt correction stopped, yaw-hold pinned to current heading.
[attitude_controller-14] [INFO] [1786779776.124014208] [attitude_scout_3]: [scout_3] Landed — tilt correction stopped, yaw-hold pinned to current heading.
[attitude_controller-14] [INFO] [1786779776.127805313] [attitude_scout_3]: [scout_3] Landed — tilt correction stopped, yaw-hold pinned to current heading.
[attitude_controller-14] [INFO] [1786779776.129024224] [attitude_scout_3]: [scout_3] Landed — tilt correction stopped, yaw-hold pinned to current heading.
[attitude_controller-14] [INFO] [1786779776.145687680] [attitude_scout_3]: [scout_3] Landed — tilt correction stopped, yaw-hold pinned to current heading.
[attitude_controller-14] [INFO] [1786779776.146702520] [attitude_scout_3]: [scout_3] Landed — tilt correction stopped, yaw-hold pinned to current heading.
[attitude_controller-14] [INFO] [1786779776.147573979] [attitude_scout_3]: [scout_3] Landed — tilt correction stopped, yaw-hold pinned to current heading.
[attitude_controller-14] [INFO] [1786779776.162180029] [attitude_scout_3]: [scout_3] Landed — tilt correction stopped, yaw-hold pinned to current heading.
[attitude_controller-14] [INFO] [1786779776.168191475] [attitude_scout_3]: [scout_3] Landed — tilt correction stopped, yaw-hold pinned to current heading.
[attitude_controller-14] [INFO] [1786779776.169618508] [attitude_scout_3]: [scout_3] Landed — tilt correction stopped, yaw-hold pinned to current heading.
[attitude_controller-14] [INFO] [1786779776.184903330] [attitude_scout_3]: [scout_3] Landed — tilt correction stopped, yaw-hold pinned to current heading.
[attitude_controller-14] [INFO] [1786779776.186654698] [attitude_scout_3]: [scout_3] Landed — tilt correction stopped, yaw-hold pinned to current heading.
[attitude_controller-14] [INFO] [1786779776.188188167] [attitude_scout_3]: [scout_3] Landed — tilt correction stopped, yaw-hold pinned to current heading.
[attitude_controller-14] [INFO] [1786779776.210357430] [attitude_scout_3]: [scout_3] Landed — tilt correction stopped, yaw-hold pinned to current heading.
[attitude_controller-14] [INFO] [1786779776.211718325] [attitude_scout_3]: [scout_3] Landed — tilt correction stopped, yaw-hold pinned to current heading.
[attitude_controller-14] [INFO] [1786779776.214359451] [attitude_scout_3]: [scout_3] Landed — tilt correction stopped, yaw-hold pinned to current heading.
[attitude_controller-14] [INFO] [1786779776.227117545] [attitude_scout_3]: [scout_3] Landed — tilt correction stopped, yaw-hold pinned to current heading.
[attitude_controller-14] [INFO] [1786779776.230798791] [attitude_scout_3]: [scout_3] Landed — tilt correction stopped, yaw-hold pinned to current heading.
[attitude_controller-14] [INFO] [1786779776.231949120] [attitude_scout_3]: [scout_3] Landed — tilt correction stopped, yaw-hold pinned to current heading.
[attitude_controller-14] [INFO] [1786779776.250940610] [attitude_scout_3]: [scout_3] Landed — tilt correction stopped, yaw-hold pinned to current heading.
[attitude_controller-14] [INFO] [1786779776.252300528] [attitude_scout_3]: [scout_3] Landed — tilt correction stopped, yaw-hold pinned to current heading.
[attitude_controller-14] [INFO] [1786779776.255002762] [attitude_scout_3]: [scout_3] Landed — tilt correction stopped, yaw-hold pinned to current heading.
[attitude_controller-14] [INFO] [1786779776.263275895] [attitude_scout_3]: [scout_3] Landed — tilt correction stopped, yaw-hold pinned to current heading.
[attitude_controller-14] [INFO] [1786779776.266661930] [attitude_scout_3]: [scout_3] Landed — tilt correction stopped, yaw-hold pinned to current heading.
[attitude_controller-14] [INFO] [1786779776.268036793] [attitude_scout_3]: [scout_3] Landed — tilt correction stopped, yaw-hold pinned to current heading.
[attitude_controller-14] [INFO] [1786779776.282017359] [attitude_scout_3]: [scout_3] Landed — tilt correction stopped, yaw-hold pinned to current heading.
[attitude_controller-14] [INFO] [1786779776.284348257] [attitude_scout_3]: [scout_3] Landed — tilt correction stopped, yaw-hold pinned to current heading.
[attitude_controller-14] [INFO] [1786779776.285782414] [attitude_scout_3]: [scout_3] Landed — tilt correction stopped, yaw-hold pinned to current heading.
[attitude_controller-14] [INFO] [1786779776.296394545] [attitude_scout_3]: [scout_3] Landed — tilt correction stopped, yaw-hold pinned to current heading.
[attitude_controller-14] [INFO] [1786779776.299421535] [attitude_scout_3]: [scout_3] Landed — tilt correction stopped, yaw-hold pinned to current heading.
[attitude_controller-14] [INFO] [1786779776.301149158] [attitude_scout_3]: [scout_3] Landed — tilt correction stopped, yaw-hold pinned to current heading.
[attitude_controller-14] [INFO] [1786779776.313079442] [attitude_scout_3]: [scout_3] Landed — tilt correction stopped, yaw-hold pinned to current heading.
[attitude_controller-14] [INFO] [1786779776.318345560] [attitude_scout_3]: [scout_3] Landed — tilt correction stopped, yaw-hold pinned to current heading.
[attitude_controller-14] [INFO] [1786779776.319742422] [attitude_scout_3]: [scout_3] Landed — tilt correction stopped, yaw-hold pinned to current heading.
[attitude_controller-14] [INFO] [1786779776.332653954] [attitude_scout_3]: [scout_3] Landed — tilt correction stopped, yaw-hold pinned to current heading.
[attitude_controller-14] [INFO] [1786779776.337242418] [attitude_scout_3]: [scout_3] Landed — tilt correction stopped, yaw-hold pinned to current heading.
[attitude_controller-14] [INFO] [1786779776.339942697] [attitude_scout_3]: [scout_3] Landed — tilt correction stopped, yaw-hold pinned to current heading.
[attitude_controller-14] [INFO] [1786779776.351279624] [attitude_scout_3]: [scout_3] Landed — tilt correction stopped, yaw-hold pinned to current heading.
[attitude_controller-14] [INFO] [1786779776.355195951] [attitude_scout_3]: [scout_3] Landed — tilt correction stopped, yaw-hold pinned to current heading.
[attitude_controller-14] [INFO] [1786779776.356492245] [attitude_scout_3]: [scout_3] Landed — tilt correction stopped, yaw-hold pinned to current heading.
[hopper_locomotion-9] [INFO] [1786779776.360323158] [loco_scout_2]: 2. IGNITION (stroke fraction=0.90, ramp=1.2s)
[attitude_controller-10] [INFO] [1786779776.362021378] [attitude_scout_2]: [scout_2] Jump initiated. Flight mode active (tilt-PD held for stroke).
[landing_controller-11] [INFO] [1786779776.362477920] [landing_scout_2]: [scout_2] 🚀 Jump detected → FLIGHT mode (contact detection blanked 100 s for launch)
[attitude_controller-14] [INFO] [1786779776.371750388] [attitude_scout_3]: [scout_3] Landed — tilt correction stopped, yaw-hold pinned to current heading.
[attitude_controller-14] [INFO] [1786779776.374141906] [attitude_scout_3]: [scout_3] Landed — tilt correction stopped, yaw-hold pinned to current heading.
[attitude_controller-14] [INFO] [1786779776.375382956] [attitude_scout_3]: [scout_3] Landed — tilt correction stopped, yaw-hold pinned to current heading.
[attitude_controller-14] [INFO] [1786779776.382490954] [attitude_scout_3]: [scout_3] Landed — tilt correction stopped, yaw-hold pinned to current heading.
[attitude_controller-14] [INFO] [1786779776.385964638] [attitude_scout_3]: [scout_3] Landed — tilt correction stopped, yaw-hold pinned to current heading.
[attitude_controller-14] [INFO] [1786779776.387215535] [attitude_scout_3]: [scout_3] Landed — tilt correction stopped, yaw-hold pinned to current heading.
[attitude_controller-14] [INFO] [1786779776.403322090] [attitude_scout_3]: [scout_3] Landed — tilt correction stopped, yaw-hold pinned to current heading.
[attitude_controller-14] [INFO] [1786779776.406241317] [attitude_scout_3]: [scout_3] Landed — tilt correction stopped, yaw-hold pinned to current heading.
[attitude_controller-14] [INFO] [1786779776.407642160] [attitude_scout_3]: [scout_3] Landed — tilt correction stopped, yaw-hold pinned to current heading.
[attitude_controller-14] [INFO] [1786779776.418771385] [attitude_scout_3]: [scout_3] Landed — tilt correction stopped, yaw-hold pinned to current heading.
[attitude_controller-14] [INFO] [1786779776.422005169] [attitude_scout_3]: [scout_3] Landed — tilt correction stopped, yaw-hold pinned to current heading.
[attitude_controller-14] [INFO] [1786779776.423357683] [attitude_scout_3]: [scout_3] Landed — tilt correction stopped, yaw-hold pinned to current heading.
[attitude_controller-14] [INFO] [1786779776.440775547] [attitude_scout_3]: [scout_3] Landed — tilt correction stopped, yaw-hold pinned to current heading.
[landing_controller-11] [INFO] [1786779776.442435425] [landing_scout_2]: [scout_2] 📏 CALIBSERIES t=0.1s v=0.00076 m/s (vx=-0.00009 vy=0.00014 vz=-0.00075)
[attitude_controller-14] [INFO] [1786779776.448198103] [attitude_scout_3]: [scout_3] Landed — tilt correction stopped, yaw-hold pinned to current heading.
[attitude_controller-14] [INFO] [1786779776.449565842] [attitude_scout_3]: [scout_3] Landed — tilt correction stopped, yaw-hold pinned to current heading.
[attitude_controller-14] [INFO] [1786779776.456261716] [attitude_scout_3]: [scout_3] Landed — tilt correction stopped, yaw-hold pinned to current heading.
[attitude_controller-14] [INFO] [1786779776.460096471] [attitude_scout_3]: [scout_3] Landed — tilt correction stopped, yaw-hold pinned to current heading.
[attitude_controller-14] [INFO] [1786779776.461314055] [attitude_scout_3]: [scout_3] Landed — tilt correction stopped, yaw-hold pinned to current heading.
[attitude_controller-14] [INFO] [1786779776.472491678] [attitude_scout_3]: [scout_3] Landed — tilt correction stopped, yaw-hold pinned to current heading.
[attitude_controller-14] [INFO] [1786779776.476565284] [attitude_scout_3]: [scout_3] Landed — tilt correction stopped, yaw-hold pinned to current heading.
[attitude_controller-14] [INFO] [1786779776.483938533] [attitude_scout_3]: [scout_3] Landed — tilt correction stopped, yaw-hold pinned to current heading.
[attitude_controller-14] [INFO] [1786779776.503455846] [attitude_scout_3]: [scout_3] Landed — tilt correction stopped, yaw-hold pinned to current heading.
[attitude_controller-14] [INFO] [1786779776.504825750] [attitude_scout_3]: [scout_3] Landed — tilt correction stopped, yaw-hold pinned to current heading.
[attitude_controller-14] [INFO] [1786779776.506473127] [attitude_scout_3]: [scout_3] Landed — tilt correction stopped, yaw-hold pinned to current heading.
[attitude_controller-14] [INFO] [1786779776.516337835] [attitude_scout_3]: [scout_3] Landed — tilt correction stopped, yaw-hold pinned to current heading.
[attitude_controller-14] [INFO] [1786779776.519452403] [attitude_scout_3]: [scout_3] Landed — tilt correction stopped, yaw-hold pinned to current heading.
[attitude_controller-14] [INFO] [1786779776.520731656] [attitude_scout_3]: [scout_3] Landed — tilt correction stopped, yaw-hold pinned to current heading.
[attitude_controller-14] [INFO] [1786779776.535352163] [attitude_scout_3]: [scout_3] Landed — tilt correction stopped, yaw-hold pinned to current heading.
[attitude_controller-14] [INFO] [1786779776.540532727] [attitude_scout_3]: [scout_3] Landed — tilt correction stopped, yaw-hold pinned to current heading.
[attitude_controller-14] [INFO] [1786779776.542718847] [attitude_scout_3]: [scout_3] Landed — tilt correction stopped, yaw-hold pinned to current heading.
[attitude_controller-14] [INFO] [1786779776.555724732] [attitude_scout_3]: [scout_3] Landed — tilt correction stopped, yaw-hold pinned to current heading.
[attitude_controller-14] [INFO] [1786779776.557132769] [attitude_scout_3]: [scout_3] Landed — tilt correction stopped, yaw-hold pinned to current heading.
[attitude_controller-14] [INFO] [1786779776.558996230] [attitude_scout_3]: [scout_3] Landed — tilt correction stopped, yaw-hold pinned to current heading.
[attitude_controller-14] [INFO] [1786779776.570026491] [attitude_scout_3]: [scout_3] Landed — tilt correction stopped, yaw-hold pinned to current heading.
[attitude_controller-14] [INFO] [1786779776.574924065] [attitude_scout_3]: [scout_3] Landed — tilt correction stopped, yaw-hold pinned to current heading.
[attitude_controller-14] [INFO] [1786779776.577257337] [attitude_scout_3]: [scout_3] Landed — tilt correction stopped, yaw-hold pinned to current heading.
[attitude_controller-14] [INFO] [1786779776.592468269] [attitude_scout_3]: [scout_3] Landed — tilt correction stopped, yaw-hold pinned to current heading.
[attitude_controller-14] [INFO] [1786779776.600180240] [attitude_scout_3]: [scout_3] Landed — tilt correction stopped, yaw-hold pinned to current heading.
[attitude_controller-14] [INFO] [1786779776.603829779] [attitude_scout_3]: [scout_3] Landed — tilt correction stopped, yaw-hold pinned to current heading.
[attitude_controller-14] [INFO] [1786779776.614208786] [attitude_scout_3]: [scout_3] Landed — tilt correction stopped, yaw-hold pinned to current heading.
[attitude_controller-14] [INFO] [1786779776.617548727] [attitude_scout_3]: [scout_3] Landed — tilt correction stopped, yaw-hold pinned to current heading.
[attitude_controller-14] [INFO] [1786779776.618868626] [attitude_scout_3]: [scout_3] Landed — tilt correction stopped, yaw-hold pinned to current heading.
[attitude_controller-14] [INFO] [1786779776.630198639] [attitude_scout_3]: [scout_3] Landed — tilt correction stopped, yaw-hold pinned to current heading.
[attitude_controller-14] [INFO] [1786779776.633600318] [attitude_scout_3]: [scout_3] Landed — tilt correction stopped, yaw-hold pinned to current heading.
[attitude_controller-14] [INFO] [1786779776.634802258] [attitude_scout_3]: [scout_3] Landed — tilt correction stopped, yaw-hold pinned to current heading.
[attitude_controller-14] [INFO] [1786779776.648315458] [attitude_scout_3]: [scout_3] Landed — tilt correction stopped, yaw-hold pinned to current heading.
[attitude_controller-14] [INFO] [1786779776.652093782] [attitude_scout_3]: [scout_3] Landed — tilt correction stopped, yaw-hold pinned to current heading.
[attitude_controller-14] [INFO] [1786779776.653378971] [attitude_scout_3]: [scout_3] Landed — tilt correction stopped, yaw-hold pinned to current heading.
[attitude_controller-14] [INFO] [1786779776.666009747] [attitude_scout_3]: [scout_3] Landed — tilt correction stopped, yaw-hold pinned to current heading.
[attitude_controller-14] [INFO] [1786779776.671138560] [attitude_scout_3]: [scout_3] Landed — tilt correction stopped, yaw-hold pinned to current heading.
[attitude_controller-14] [INFO] [1786779776.672554349] [attitude_scout_3]: [scout_3] Landed — tilt correction stopped, yaw-hold pinned to current heading.
[attitude_controller-14] [INFO] [1786779776.685499543] [attitude_scout_3]: [scout_3] Landed — tilt correction stopped, yaw-hold pinned to current heading.
[attitude_controller-14] [INFO] [1786779776.686683814] [attitude_scout_3]: [scout_3] Landed — tilt correction stopped, yaw-hold pinned to current heading.
[attitude_controller-14] [INFO] [1786779776.687856701] [attitude_scout_3]: [scout_3] Landed — tilt correction stopped, yaw-hold pinned to current heading.
[attitude_controller-14] [INFO] [1786779776.796681718] [attitude_scout_3]: [scout_3] Landed — tilt correction stopped, yaw-hold pinned to current heading.
[attitude_controller-14] [INFO] [1786779776.799967533] [attitude_scout_3]: [scout_3] Landed — tilt correction stopped, yaw-hold pinned to current heading.
[attitude_controller-14] [INFO] [1786779776.805464261] [attitude_scout_3]: [scout_3] Landed — tilt correction stopped, yaw-hold pinned to current heading.
[attitude_controller-14] [INFO] [1786779776.824241623] [attitude_scout_3]: [scout_3] Landed — tilt correction stopped, yaw-hold pinned to current heading.
[attitude_controller-14] [INFO] [1786779776.826469368] [attitude_scout_3]: [scout_3] Landed — tilt correction stopped, yaw-hold pinned to current heading.
[attitude_controller-14] [INFO] [1786779776.827964494] [attitude_scout_3]: [scout_3] Landed — tilt correction stopped, yaw-hold pinned to current heading.
[attitude_controller-14] [INFO] [1786779776.844322751] [attitude_scout_3]: [scout_3] Landed — tilt correction stopped, yaw-hold pinned to current heading.
[attitude_controller-14] [INFO] [1786779776.847410152] [attitude_scout_3]: [scout_3] Landed — tilt correction stopped, yaw-hold pinned to current heading.
[attitude_controller-14] [INFO] [1786779776.848749676] [attitude_scout_3]: [scout_3] Landed — tilt correction stopped, yaw-hold pinned to current heading.
[attitude_controller-14] [INFO] [1786779776.861064498] [attitude_scout_3]: [scout_3] Landed — tilt correction stopped, yaw-hold pinned to current heading.
[attitude_controller-14] [INFO] [1786779776.864535946] [attitude_scout_3]: [scout_3] Landed — tilt correction stopped, yaw-hold pinned to current heading.
[attitude_controller-14] [INFO] [1786779776.866289829] [attitude_scout_3]: [scout_3] Landed — tilt correction stopped, yaw-hold pinned to current heading.
[attitude_controller-14] [INFO] [1786779776.878932897] [attitude_scout_3]: [scout_3] Landed — tilt correction stopped, yaw-hold pinned to current heading.
[attitude_controller-14] [INFO] [1786779776.882221505] [attitude_scout_3]: [scout_3] Landed — tilt correction stopped, yaw-hold pinned to current heading.
[attitude_controller-14] [INFO] [1786779776.885602093] [attitude_scout_3]: [scout_3] Landed — tilt correction stopped, yaw-hold pinned to current heading.
[attitude_controller-14] [INFO] [1786779776.903823112] [attitude_scout_3]: [scout_3] Landed — tilt correction stopped, yaw-hold pinned to current heading.
[attitude_controller-14] [INFO] [1786779776.905256361] [attitude_scout_3]: [scout_3] Landed — tilt correction stopped, yaw-hold pinned to current heading.
[attitude_controller-14] [INFO] [1786779776.906691076] [attitude_scout_3]: [scout_3] Landed — tilt correction stopped, yaw-hold pinned to current heading.
[attitude_controller-14] [INFO] [1786779776.922662143] [attitude_scout_3]: [scout_3] Landed — tilt correction stopped, yaw-hold pinned to current heading.
[attitude_controller-14] [INFO] [1786779776.923977153] [attitude_scout_3]: [scout_3] Landed — tilt correction stopped, yaw-hold pinned to current heading.
[attitude_controller-14] [INFO] [1786779776.925185309] [attitude_scout_3]: [scout_3] Landed — tilt correction stopped, yaw-hold pinned to current heading.
[attitude_controller-14] [INFO] [1786779776.949552006] [attitude_scout_3]: [scout_3] Landed — tilt correction stopped, yaw-hold pinned to current heading.
[attitude_controller-14] [INFO] [1786779776.952742769] [attitude_scout_3]: [scout_3] Landed — tilt correction stopped, yaw-hold pinned to current heading.
[attitude_controller-14] [INFO] [1786779776.954509921] [attitude_scout_3]: [scout_3] Landed — tilt correction stopped, yaw-hold pinned to current heading.
[attitude_controller-14] [INFO] [1786779776.963800547] [attitude_scout_3]: [scout_3] Landed — tilt correction stopped, yaw-hold pinned to current heading.
[attitude_controller-14] [INFO] [1786779776.967068483] [attitude_scout_3]: [scout_3] Landed — tilt correction stopped, yaw-hold pinned to current heading.
[attitude_controller-14] [INFO] [1786779776.968851559] [attitude_scout_3]: [scout_3] Landed — tilt correction stopped, yaw-hold pinned to current heading.
[attitude_controller-14] [INFO] [1786779776.985236215] [attitude_scout_3]: [scout_3] Landed — tilt correction stopped, yaw-hold pinned to current heading.
[attitude_controller-14] [INFO] [1786779776.987665866] [attitude_scout_3]: [scout_3] Landed — tilt correction stopped, yaw-hold pinned to current heading.
[attitude_controller-14] [INFO] [1786779776.988848041] [attitude_scout_3]: [scout_3] Landed — tilt correction stopped, yaw-hold pinned to current heading.
[attitude_controller-14] [INFO] [1786779777.006004775] [attitude_scout_3]: [scout_3] Landed — tilt correction stopped, yaw-hold pinned to current heading.
[attitude_controller-14] [INFO] [1786779777.012205207] [attitude_scout_3]: [scout_3] Landed — tilt correction stopped, yaw-hold pinned to current heading.
[attitude_controller-14] [INFO] [1786779777.013502269] [attitude_scout_3]: [scout_3] Landed — tilt correction stopped, yaw-hold pinned to current heading.
[attitude_controller-14] [INFO] [1786779777.027116247] [attitude_scout_3]: [scout_3] Landed — tilt correction stopped, yaw-hold pinned to current heading.
[attitude_controller-14] [INFO] [1786779777.033215482] [attitude_scout_3]: [scout_3] Landed — tilt correction stopped, yaw-hold pinned to current heading.
[attitude_controller-14] [INFO] [1786779777.039276305] [attitude_scout_3]: [scout_3] Landed — tilt correction stopped, yaw-hold pinned to current heading.
[attitude_controller-14] [INFO] [1786779777.046996587] [attitude_scout_3]: [scout_3] Landed — tilt correction stopped, yaw-hold pinned to current heading.
[attitude_controller-14] [INFO] [1786779777.051806931] [attitude_scout_3]: [scout_3] Landed — tilt correction stopped, yaw-hold pinned to current heading.
[attitude_controller-14] [INFO] [1786779777.053345708] [attitude_scout_3]: [scout_3] Landed — tilt correction stopped, yaw-hold pinned to current heading.
[attitude_controller-14] [INFO] [1786779777.066709381] [attitude_scout_3]: [scout_3] Landed — tilt correction stopped, yaw-hold pinned to current heading.
[attitude_controller-14] [INFO] [1786779777.069170181] [attitude_scout_3]: [scout_3] Landed — tilt correction stopped, yaw-hold pinned to current heading.
[attitude_controller-14] [INFO] [1786779777.070402501] [attitude_scout_3]: [scout_3] Landed — tilt correction stopped, yaw-hold pinned to current heading.
[attitude_controller-14] [INFO] [1786779777.083629638] [attitude_scout_3]: [scout_3] Landed — tilt correction stopped, yaw-hold pinned to current heading.
[attitude_controller-14] [INFO] [1786779777.085025453] [attitude_scout_3]: [scout_3] Landed — tilt correction stopped, yaw-hold pinned to current heading.
[attitude_controller-14] [INFO] [1786779777.086573099] [attitude_scout_3]: [scout_3] Landed — tilt correction stopped, yaw-hold pinned to current heading.
[attitude_controller-14] [INFO] [1786779777.097091087] [attitude_scout_3]: [scout_3] Landed — tilt correction stopped, yaw-hold pinned to current heading.
[attitude_controller-14] [INFO] [1786779777.099493291] [attitude_scout_3]: [scout_3] Landed — tilt correction stopped, yaw-hold pinned to current heading.
[attitude_controller-14] [INFO] [1786779777.102357694] [attitude_scout_3]: [scout_3] Landed — tilt correction stopped, yaw-hold pinned to current heading.
[attitude_controller-14] [INFO] [1786779777.118164916] [attitude_scout_3]: [scout_3] Landed — tilt correction stopped, yaw-hold pinned to current heading.
[attitude_controller-14] [INFO] [1786779777.121684694] [attitude_scout_3]: [scout_3] Landed — tilt correction stopped, yaw-hold pinned to current heading.
[attitude_controller-14] [INFO] [1786779777.132104557] [attitude_scout_3]: [scout_3] Landed — tilt correction stopped, yaw-hold pinned to current heading.
[attitude_controller-14] [INFO] [1786779777.135240007] [attitude_scout_3]: [scout_3] Landed — tilt correction stopped, yaw-hold pinned to current heading.
[attitude_controller-14] [INFO] [1786779777.138190871] [attitude_scout_3]: [scout_3] Landed — tilt correction stopped, yaw-hold pinned to current heading.
[attitude_controller-14] [INFO] [1786779777.141912066] [attitude_scout_3]: [scout_3] Landed — tilt correction stopped, yaw-hold pinned to current heading.
[attitude_controller-14] [INFO] [1786779777.152635523] [attitude_scout_3]: [scout_3] Landed — tilt correction stopped, yaw-hold pinned to current heading.
[attitude_controller-14] [INFO] [1786779777.158273397] [attitude_scout_3]: [scout_3] Landed — tilt correction stopped, yaw-hold pinned to current heading.
[attitude_controller-14] [INFO] [1786779777.161211620] [attitude_scout_3]: [scout_3] Landed — tilt correction stopped, yaw-hold pinned to current heading.
[attitude_controller-14] [INFO] [1786779777.165302057] [attitude_scout_3]: [scout_3] Landed — tilt correction stopped, yaw-hold pinned to current heading.
[attitude_controller-14] [INFO] [1786779777.170548061] [attitude_scout_3]: [scout_3] Landed — tilt correction stopped, yaw-hold pinned to current heading.
[attitude_controller-14] [INFO] [1786779777.173879900] [attitude_scout_3]: [scout_3] Landed — tilt correction stopped, yaw-hold pinned to current heading.
[attitude_controller-14] [INFO] [1786779777.190446489] [attitude_scout_3]: [scout_3] Landed — tilt correction stopped, yaw-hold pinned to current heading.
[attitude_controller-14] [INFO] [1786779777.192643085] [attitude_scout_3]: [scout_3] Landed — tilt correction stopped, yaw-hold pinned to current heading.
[attitude_controller-14] [INFO] [1786779777.193526207] [attitude_scout_3]: [scout_3] Landed — tilt correction stopped, yaw-hold pinned to current heading.
[attitude_controller-14] [INFO] [1786779777.213585895] [attitude_scout_3]: [scout_3] Landed — tilt correction stopped, yaw-hold pinned to current heading.
[attitude_controller-14] [INFO] [1786779777.214904676] [attitude_scout_3]: [scout_3] Landed — tilt correction stopped, yaw-hold pinned to current heading.
[attitude_controller-14] [INFO] [1786779777.216219896] [attitude_scout_3]: [scout_3] Landed — tilt correction stopped, yaw-hold pinned to current heading.
[attitude_controller-14] [INFO] [1786779777.231478319] [attitude_scout_3]: [scout_3] Landed — tilt correction stopped, yaw-hold pinned to current heading.
[attitude_controller-14] [INFO] [1786779777.236811203] [attitude_scout_3]: [scout_3] Landed — tilt correction stopped, yaw-hold pinned to current heading.
[attitude_controller-14] [INFO] [1786779777.238410810] [attitude_scout_3]: [scout_3] Landed — tilt correction stopped, yaw-hold pinned to current heading.
[attitude_controller-14] [INFO] [1786779777.250916155] [attitude_scout_3]: [scout_3] Landed — tilt correction stopped, yaw-hold pinned to current heading.
[attitude_controller-14] [INFO] [1786779777.254317135] [attitude_scout_3]: [scout_3] Landed — tilt correction stopped, yaw-hold pinned to current heading.
[attitude_controller-14] [INFO] [1786779777.256378452] [attitude_scout_3]: [scout_3] Landed — tilt correction stopped, yaw-hold pinned to current heading.
[attitude_controller-14] [INFO] [1786779777.274792858] [attitude_scout_3]: [scout_3] Landed — tilt correction stopped, yaw-hold pinned to current heading.
[attitude_controller-14] [INFO] [1786779777.275985160] [attitude_scout_3]: [scout_3] Landed — tilt correction stopped, yaw-hold pinned to current heading.
[attitude_controller-14] [INFO] [1786779777.278950481] [attitude_scout_3]: [scout_3] Landed — tilt correction stopped, yaw-hold pinned to current heading.
[attitude_controller-14] [INFO] [1786779777.285154614] [attitude_scout_3]: [scout_3] Landed — tilt correction stopped, yaw-hold pinned to current heading.
[attitude_controller-14] [INFO] [1786779777.287223613] [attitude_scout_3]: [scout_3] Landed — tilt correction stopped, yaw-hold pinned to current heading.
[attitude_controller-14] [INFO] [1786779777.290197385] [attitude_scout_3]: [scout_3] Landed — tilt correction stopped, yaw-hold pinned to current heading.
[attitude_controller-14] [INFO] [1786779777.307540940] [attitude_scout_3]: [scout_3] Landed — tilt correction stopped, yaw-hold pinned to current heading.
[attitude_controller-14] [INFO] [1786779777.308977541] [attitude_scout_3]: [scout_3] Landed — tilt correction stopped, yaw-hold pinned to current heading.
[attitude_controller-14] [INFO] [1786779777.310247644] [attitude_scout_3]: [scout_3] Landed — tilt correction stopped, yaw-hold pinned to current heading.
[attitude_controller-14] [INFO] [1786779777.326207396] [attitude_scout_3]: [scout_3] Landed — tilt correction stopped, yaw-hold pinned to current heading.
[attitude_controller-14] [INFO] [1786779777.328650526] [attitude_scout_3]: [scout_3] Landed — tilt correction stopped, yaw-hold pinned to current heading.
[attitude_controller-14] [INFO] [1786779777.330143349] [attitude_scout_3]: [scout_3] Landed — tilt correction stopped, yaw-hold pinned to current heading.
[attitude_controller-14] [INFO] [1786779777.337986269] [attitude_scout_3]: [scout_3] Landed — tilt correction stopped, yaw-hold pinned to current heading.
[attitude_controller-14] [INFO] [1786779777.343885832] [attitude_scout_3]: [scout_3] Landed — tilt correction stopped, yaw-hold pinned to current heading.
[attitude_controller-14] [INFO] [1786779777.345113264] [attitude_scout_3]: [scout_3] Landed — tilt correction stopped, yaw-hold pinned to current heading.
[attitude_controller-14] [INFO] [1786779777.353157113] [attitude_scout_3]: [scout_3] Landed — tilt correction stopped, yaw-hold pinned to current heading.
[attitude_controller-14] [INFO] [1786779777.357250064] [attitude_scout_3]: [scout_3] Landed — tilt correction stopped, yaw-hold pinned to current heading.
[attitude_controller-14] [INFO] [1786779777.360026050] [attitude_scout_3]: [scout_3] Landed — tilt correction stopped, yaw-hold pinned to current heading.
[attitude_controller-14] [INFO] [1786779777.372686927] [attitude_scout_3]: [scout_3] Landed — tilt correction stopped, yaw-hold pinned to current heading.
[attitude_controller-14] [INFO] [1786779777.377044431] [attitude_scout_3]: [scout_3] Landed — tilt correction stopped, yaw-hold pinned to current heading.
[attitude_controller-14] [INFO] [1786779777.378557437] [attitude_scout_3]: [scout_3] Landed — tilt correction stopped, yaw-hold pinned to current heading.
[attitude_controller-14] [INFO] [1786779777.399779117] [attitude_scout_3]: [scout_3] Landed — tilt correction stopped, yaw-hold pinned to current heading.
[attitude_controller-14] [INFO] [1786779777.402087386] [attitude_scout_3]: [scout_3] Landed — tilt correction stopped, yaw-hold pinned to current heading.
[attitude_controller-14] [INFO] [1786779777.404506910] [attitude_scout_3]: [scout_3] Landed — tilt correction stopped, yaw-hold pinned to current heading.
[attitude_controller-14] [INFO] [1786779777.423647439] [attitude_scout_3]: [scout_3] Landed — tilt correction stopped, yaw-hold pinned to current heading.
[attitude_controller-14] [INFO] [1786779777.426272920] [attitude_scout_3]: [scout_3] Landed — tilt correction stopped, yaw-hold pinned to current heading.
[attitude_controller-14] [INFO] [1786779777.428134216] [attitude_scout_3]: [scout_3] Landed — tilt correction stopped, yaw-hold pinned to current heading.
[attitude_controller-14] [INFO] [1786779777.441685549] [attitude_scout_3]: [scout_3] Landed — tilt correction stopped, yaw-hold pinned to current heading.
[attitude_controller-14] [INFO] [1786779777.446426821] [attitude_scout_3]: [scout_3] Landed — tilt correction stopped, yaw-hold pinned to current heading.
[attitude_controller-14] [INFO] [1786779777.447886330] [attitude_scout_3]: [scout_3] Landed — tilt correction stopped, yaw-hold pinned to current heading.
[attitude_controller-14] [INFO] [1786779777.464695612] [attitude_scout_3]: [scout_3] Landed — tilt correction stopped, yaw-hold pinned to current heading.
[attitude_controller-14] [INFO] [1786779777.465881628] [attitude_scout_3]: [scout_3] Landed — tilt correction stopped, yaw-hold pinned to current heading.
[attitude_controller-14] [INFO] [1786779777.467127637] [attitude_scout_3]: [scout_3] Landed — tilt correction stopped, yaw-hold pinned to current heading.
[hopper_locomotion-13] [INFO] [1786779777.467568744] [loco_scout_3]: 2. IGNITION (stroke fraction=0.90, ramp=1.2s)
[landing_controller-15] [INFO] [1786779777.471638718] [landing_scout_3]: [scout_3] 🚀 Jump detected → FLIGHT mode (contact detection blanked 100 s for launch)
[attitude_controller-14] [INFO] [1786779777.472136186] [attitude_scout_3]: [scout_3] Jump initiated. Flight mode active (tilt-PD held for stroke).
[landing_controller-15] [INFO] [1786779777.546310622] [landing_scout_3]: [scout_3] 📏 CALIBSERIES t=0.1s v=0.00059 m/s (vx=-0.00001 vy=-0.00000 vz=-0.00059)
[swarm_manager-3] [INFO] [1786779778.148395840] [swarm_manager_node]: 📍 scout_3 detected high-value spectral anomaly at [-10.6, -15.4]!
[landing_controller-11] [INFO] [1786779778.558123376] [landing_scout_2]: [scout_2] 📏 CALIBSERIES t=2.2s v=0.00109 m/s (vx=0.00026 vy=0.00012 vz=-0.00105)
[landing_controller-11] [INFO] [1786779779.162073392] [landing_scout_2]: [scout_2] Landing controller state: FLIGHT
[landing_controller-15] [INFO] [1786779779.190046818] [landing_scout_3]: [scout_3] Landing controller state: FLIGHT
[landing_controller-7] [INFO] [1786779779.190328551] [landing_scout_1]: [scout_1] Landing controller state: IDLE
[landing_controller-15] [INFO] [1786779779.674818372] [landing_scout_3]: [scout_3] 📏 CALIBSERIES t=2.2s v=0.00114 m/s (vx=0.00029 vy=-0.00000 vz=-0.00110)
[landing_controller-11] [INFO] [1786779780.609125648] [landing_scout_2]: [scout_2] 📏 CALIBSERIES t=4.2s v=0.00081 m/s (vx=0.00000 vy=0.00012 vz=-0.00080)
[landing_controller-15] [INFO] [1786779781.727494038] [landing_scout_3]: [scout_3] 📏 CALIBSERIES t=4.3s v=0.00079 m/s (vx=0.00001 vy=-0.00000 vz=-0.00079)
[hopper_locomotion-9] [INFO] [1786779781.772112136] [loco_scout_2]: 3. Separation confirmed (genuine ground clearance) — holding extension for clearance, then slow retract (FLIGHT)
[attitude_controller-10] [INFO] [1786779781.773291727] [attitude_scout_2]: [scout_2] Separation — tilt correction engaged.
[landing_controller-11] [INFO] [1786779782.648656198] [landing_scout_2]: [scout_2] 📏 CALIBSERIES t=6.3s v=0.00091 m/s (vx=0.00000 vy=0.00004 vz=-0.00091)
[landing_controller-15] [INFO] [1786779783.779094308] [landing_scout_3]: [scout_3] 📏 CALIBSERIES t=6.3s v=0.00091 m/s (vx=0.00001 vy=-0.00000 vz=-0.00091)
[swarm_manager-3] [INFO] [1786779784.149012377] [swarm_manager_node]: 📍 scout_2 detected high-value spectral anomaly at [15.5, -1.1]!
[landing_controller-11] [INFO] [1786779784.158136926] [landing_scout_2]: [scout_2] Landing controller state: FLIGHT
[hopper_locomotion-13] [INFO] [1786779784.176444758] [loco_scout_3]: 3. Separation confirmed (genuine ground clearance) — holding extension for clearance, then slow retract (FLIGHT)
[attitude_controller-14] [INFO] [1786779784.177842319] [attitude_scout_3]: [scout_3] Separation — tilt correction engaged.
[landing_controller-15] [INFO] [1786779784.190687225] [landing_scout_3]: [scout_3] Landing controller state: FLIGHT
[landing_controller-7] [INFO] [1786779784.192746866] [landing_scout_1]: [scout_1] Landing controller state: IDLE
[landing_controller-11] [INFO] [1786779784.696302386] [landing_scout_2]: [scout_2] 📏 CALIBSERIES t=8.3s v=0.00103 m/s (vx=-0.00000 vy=0.00001 vz=-0.00103)
[landing_controller-15] [INFO] [1786779785.859529126] [landing_scout_3]: [scout_3] 📏 CALIBSERIES t=8.4s v=0.00103 m/s (vx=0.00001 vy=-0.00000 vz=-0.00103)
[landing_controller-11] [INFO] [1786779786.748801657] [landing_scout_2]: [scout_2] 📏 CALIBSERIES t=10.4s v=0.00116 m/s (vx=-0.00000 vy=0.00001 vz=-0.00116)
[landing_controller-15] [INFO] [1786779787.902311783] [landing_scout_3]: [scout_3] 📏 CALIBSERIES t=10.4s v=0.00115 m/s (vx=0.00001 vy=-0.00000 vz=-0.00115)
[landing_controller-11] [INFO] [1786779788.814923494] [landing_scout_2]: [scout_2] 📏 CALIBSERIES t=12.5s v=0.00128 m/s (vx=-0.00000 vy=0.00002 vz=-0.00128)
[landing_controller-11] [INFO] [1786779789.157797796] [landing_scout_2]: [scout_2] Landing controller state: FLIGHT
[landing_controller-15] [INFO] [1786779789.190150941] [landing_scout_3]: [scout_3] Landing controller state: FLIGHT
[landing_controller-7] [INFO] [1786779789.192277348] [landing_scout_1]: [scout_1] Landing controller state: IDLE
[landing_controller-15] [INFO] [1786779789.908022854] [landing_scout_3]: [scout_3] 📏 CALIBSERIES t=12.4s v=0.00127 m/s (vx=0.00001 vy=-0.00000 vz=-0.00127)
[landing_controller-11] [INFO] [1786779790.914318957] [landing_scout_2]: [scout_2] 📏 CALIBSERIES t=14.6s v=0.00178 m/s (vx=-0.00146 vy=0.00006 vz=-0.00101)
[landing_controller-15] [INFO] [1786779791.916224118] [landing_scout_3]: [scout_3] 📏 CALIBSERIES t=14.4s v=0.00139 m/s (vx=0.00001 vy=-0.00000 vz=-0.00139)
[landing_controller-11] [INFO] [1786779792.946610950] [landing_scout_2]: [scout_2] 📏 CALIBSERIES t=16.6s v=0.00188 m/s (vx=-0.00152 vy=0.00000 vz=-0.00111)
[landing_controller-15] [INFO] [1786779793.930843987] [landing_scout_3]: [scout_3] 📏 CALIBSERIES t=16.5s v=0.00180 m/s (vx=-0.00144 vy=0.00001 vz=-0.00108)
[landing_controller-11] [INFO] [1786779794.157648244] [landing_scout_2]: [scout_2] Landing controller state: FLIGHT
[landing_controller-15] [INFO] [1786779794.190523442] [landing_scout_3]: [scout_3] Landing controller state: FLIGHT
[landing_controller-7] [INFO] [1786779794.190982638] [landing_scout_1]: [scout_1] Landing controller state: IDLE
[landing_controller-11] [INFO] [1786779795.033412711] [landing_scout_2]: [scout_2] 📏 CALIBSERIES t=18.7s v=0.00165 m/s (vx=0.00001 vy=0.00000 vz=-0.00165)
[landing_controller-15] [INFO] [1786779796.021059541] [landing_scout_3]: [scout_3] 📏 CALIBSERIES t=18.5s v=0.00196 m/s (vx=-0.00153 vy=0.00002 vz=-0.00122)
[landing_controller-11] [INFO] [1786779797.083819909] [landing_scout_2]: [scout_2] 📏 CALIBSERIES t=20.7s v=0.00178 m/s (vx=0.00001 vy=0.00001 vz=-0.00178)
[landing_controller-15] [INFO] [1786779798.050843959] [landing_scout_3]: [scout_3] 📏 CALIBSERIES t=20.6s v=0.00176 m/s (vx=0.00004 vy=-0.00000 vz=-0.00176)
[landing_controller-11] [INFO] [1786779799.117120227] [landing_scout_2]: [scout_2] 📏 CALIBSERIES t=22.8s v=0.00190 m/s (vx=0.00001 vy=0.00002 vz=-0.00190)
[landing_controller-11] [INFO] [1786779799.157808879] [landing_scout_2]: [scout_2] Landing controller state: FLIGHT
[landing_controller-15] [INFO] [1786779799.190169501] [landing_scout_3]: [scout_3] Landing controller state: FLIGHT
[landing_controller-7] [INFO] [1786779799.190568914] [landing_scout_1]: [scout_1] Landing controller state: IDLE
[landing_controller-15] [INFO] [1786779800.090191372] [landing_scout_3]: [scout_3] 📏 CALIBSERIES t=22.6s v=0.00189 m/s (vx=0.00004 vy=-0.00000 vz=-0.00189)
[landing_controller-11] [INFO] [1786779801.194491385] [landing_scout_2]: [scout_2] 📏 CALIBSERIES t=24.8s v=0.00203 m/s (vx=0.00002 vy=0.00001 vz=-0.00203)
[landing_controller-15] [INFO] [1786779802.174786425] [landing_scout_3]: [scout_3] 📏 CALIBSERIES t=24.7s v=0.00201 m/s (vx=0.00004 vy=-0.00000 vz=-0.00201)
[landing_controller-11] [INFO] [1786779803.257650656] [landing_scout_2]: [scout_2] 📏 CALIBSERIES t=26.9s v=0.00215 m/s (vx=0.00002 vy=-0.00000 vz=-0.00215)
[landing_controller-11] [INFO] [1786779804.157819035] [landing_scout_2]: [scout_2] Landing controller state: FLIGHT
[landing_controller-7] [INFO] [1786779804.191061106] [landing_scout_1]: [scout_1] Landing controller state: IDLE
[landing_controller-15] [INFO] [1786779804.192030830] [landing_scout_3]: [scout_3] Landing controller state: FLIGHT
[landing_controller-15] [INFO] [1786779804.248232968] [landing_scout_3]: [scout_3] 📏 CALIBSERIES t=26.8s v=0.00214 m/s (vx=0.00004 vy=-0.00000 vz=-0.00214)
[landing_controller-11] [INFO] [1786779805.269463872] [landing_scout_2]: [scout_2] 📏 CALIBSERIES t=28.9s v=0.00227 m/s (vx=0.00002 vy=0.00002 vz=-0.00227)
[landing_controller-15] [INFO] [1786779806.255586463] [landing_scout_3]: [scout_3] 📏 CALIBSERIES t=28.8s v=0.00226 m/s (vx=0.00005 vy=-0.00000 vz=-0.00226)
[landing_controller-11] [INFO] [1786779807.283969048] [landing_scout_2]: [scout_2] 📏 CALIBSERIES t=30.9s v=0.00239 m/s (vx=0.00002 vy=0.00002 vz=-0.00239)
[landing_controller-15] [INFO] [1786779808.312272869] [landing_scout_3]: [scout_3] 📏 CALIBSERIES t=30.8s v=0.00238 m/s (vx=0.00005 vy=-0.00000 vz=-0.00238)
[landing_controller-11] [INFO] [1786779809.159038976] [landing_scout_2]: [scout_2] Landing controller state: FLIGHT
[landing_controller-7] [INFO] [1786779809.190947321] [landing_scout_1]: [scout_1] Landing controller state: IDLE
[landing_controller-15] [INFO] [1786779809.191164523] [landing_scout_3]: [scout_3] Landing controller state: FLIGHT
[landing_controller-11] [INFO] [1786779809.332903352] [landing_scout_2]: [scout_2] 📏 CALIBSERIES t=33.0s v=0.00251 m/s (vx=0.00002 vy=0.00000 vz=-0.00251)
[landing_controller-15] [INFO] [1786779810.347926005] [landing_scout_3]: [scout_3] 📏 CALIBSERIES t=32.9s v=0.00250 m/s (vx=0.00005 vy=-0.00000 vz=-0.00250)
[landing_controller-11] [INFO] [1786779811.417124140] [landing_scout_2]: [scout_2] 📏 CALIBSERIES t=35.1s v=0.00263 m/s (vx=0.00002 vy=0.00001 vz=-0.00263)
[swarm_manager-3] [INFO] [1786779812.149531811] [swarm_manager_node]: 📍 scout_3 detected high-value spectral anomaly at [-3.3, 4.3]!
[landing_controller-15] [INFO] [1786779812.452322526] [landing_scout_3]: [scout_3] 📏 CALIBSERIES t=35.0s v=0.00262 m/s (vx=0.00005 vy=-0.00000 vz=-0.00262)
[landing_controller-11] [INFO] [1786779813.497283186] [landing_scout_2]: [scout_2] 📏 CALIBSERIES t=37.1s v=0.00275 m/s (vx=0.00002 vy=0.00001 vz=-0.00275)
[swarm_manager-3] [INFO] [1786779814.151263725] [swarm_manager_node]: 📍 scout_2 detected high-value spectral anomaly at [11.6, -8.6]!
[landing_controller-11] [INFO] [1786779814.158340579] [landing_scout_2]: [scout_2] Landing controller state: FLIGHT
[landing_controller-7] [INFO] [1786779814.191444023] [landing_scout_1]: [scout_1] Landing controller state: IDLE
[landing_controller-15] [INFO] [1786779814.192671106] [landing_scout_3]: [scout_3] Landing controller state: FLIGHT
[landing_controller-15] [INFO] [1786779814.523059044] [landing_scout_3]: [scout_3] 📏 CALIBSERIES t=37.1s v=0.00274 m/s (vx=0.00006 vy=-0.00000 vz=-0.00274)
[landing_controller-11] [INFO] [1786779815.565516612] [landing_scout_2]: [scout_2] 📏 CALIBSERIES t=39.2s v=0.00287 m/s (vx=0.00002 vy=0.00002 vz=-0.00287)
[landing_controller-15] [INFO] [1786779816.586939116] [landing_scout_3]: [scout_3] 📏 CALIBSERIES t=39.1s v=0.00286 m/s (vx=0.00006 vy=-0.00000 vz=-0.00285)
[landing_controller-11] [INFO] [1786779817.652944138] [landing_scout_2]: [scout_2] 📏 CALIBSERIES t=41.3s v=0.00299 m/s (vx=0.00002 vy=0.00001 vz=-0.00299)
[swarm_manager-3] [INFO] [1786779818.149706255] [swarm_manager_node]: 📍 scout_2 detected high-value spectral anomaly at [9.5, 0.8]!
[landing_controller-15] [INFO] [1786779818.625516614] [landing_scout_3]: [scout_3] 📏 CALIBSERIES t=41.2s v=0.00297 m/s (vx=0.00006 vy=-0.00000 vz=-0.00297)
[landing_controller-11] [INFO] [1786779819.159065808] [landing_scout_2]: [scout_2] Landing controller state: FLIGHT
[landing_controller-7] [INFO] [1786779819.191152390] [landing_scout_1]: [scout_1] Landing controller state: IDLE
[landing_controller-15] [INFO] [1786779819.191454027] [landing_scout_3]: [scout_3] Landing controller state: FLIGHT
[landing_controller-11] [INFO] [1786779819.680534211] [landing_scout_2]: [scout_2] 📏 CALIBSERIES t=43.3s v=0.00311 m/s (vx=0.00002 vy=-0.00000 vz=-0.00311)
[landing_controller-15] [INFO] [1786779820.719148509] [landing_scout_3]: [scout_3] 📏 CALIBSERIES t=43.2s v=0.00309 m/s (vx=0.00006 vy=-0.00000 vz=-0.00309)
[landing_controller-11] [INFO] [1786779821.766668010] [landing_scout_2]: [scout_2] 📏 CALIBSERIES t=45.4s v=0.00323 m/s (vx=0.00002 vy=0.00001 vz=-0.00323)
[swarm_manager-3] [INFO] [1786779822.148967466] [swarm_manager_node]: 📍 scout_3 detected high-value spectral anomaly at [-13.3, -12.0]!
[landing_controller-15] [INFO] [1786779822.795134216] [landing_scout_3]: [scout_3] 📏 CALIBSERIES t=45.3s v=0.00321 m/s (vx=0.00007 vy=-0.00000 vz=-0.00321)
[landing_controller-11] [INFO] [1786779823.850338278] [landing_scout_2]: [scout_2] 📏 CALIBSERIES t=47.5s v=0.00335 m/s (vx=0.00002 vy=0.00001 vz=-0.00335)
[landing_controller-11] [INFO] [1786779824.158489168] [landing_scout_2]: [scout_2] Landing controller state: FLIGHT
[landing_controller-15] [INFO] [1786779824.190716548] [landing_scout_3]: [scout_3] Landing controller state: FLIGHT
[landing_controller-7] [INFO] [1786779824.191309836] [landing_scout_1]: [scout_1] Landing controller state: IDLE
[landing_controller-15] [INFO] [1786779824.806743583] [landing_scout_3]: [scout_3] 📏 CALIBSERIES t=47.3s v=0.00332 m/s (vx=0.00007 vy=-0.00000 vz=-0.00332)
[landing_controller-11] [INFO] [1786779825.950156099] [landing_scout_2]: [scout_2] 📏 CALIBSERIES t=49.6s v=0.00347 m/s (vx=0.00002 vy=0.00000 vz=-0.00347)
[landing_controller-15] [INFO] [1786779826.900625759] [landing_scout_3]: [scout_3] 📏 CALIBSERIES t=49.4s v=0.00344 m/s (vx=0.00007 vy=-0.00000 vz=-0.00344)
[landing_controller-11] [INFO] [1786779827.962115105] [landing_scout_2]: [scout_2] 📏 CALIBSERIES t=51.6s v=0.00358 m/s (vx=0.00002 vy=0.00003 vz=-0.00358)
[landing_controller-15] [INFO] [1786779828.958092609] [landing_scout_3]: [scout_3] 📏 CALIBSERIES t=51.5s v=0.00356 m/s (vx=0.00007 vy=-0.00000 vz=-0.00356)
[landing_controller-11] [INFO] [1786779829.157894446] [landing_scout_2]: [scout_2] Landing controller state: FLIGHT
[landing_controller-15] [INFO] [1786779829.190167225] [landing_scout_3]: [scout_3] Landing controller state: FLIGHT
[landing_controller-7] [INFO] [1786779829.192393853] [landing_scout_1]: [scout_1] Landing controller state: IDLE
[landing_controller-11] [INFO] [1786779830.027841227] [landing_scout_2]: [scout_2] 📏 CALIBSERIES t=53.7s v=0.00369 m/s (vx=0.00002 vy=0.00003 vz=-0.00369)
[landing_controller-15] [INFO] [1786779831.021897749] [landing_scout_3]: [scout_3] 📏 CALIBSERIES t=53.6s v=0.00368 m/s (vx=0.00008 vy=-0.00000 vz=-0.00368)
[landing_controller-11] [INFO] [1786779832.037590342] [landing_scout_2]: [scout_2] 📏 CALIBSERIES t=55.7s v=0.00381 m/s (vx=0.00002 vy=0.00003 vz=-0.00381)
[swarm_manager-3] [INFO] [1786779832.148693481] [swarm_manager_node]: 📍 scout_2 detected high-value spectral anomaly at [9.3, 2.9]!
[landing_controller-15] [INFO] [1786779833.079398382] [landing_scout_3]: [scout_3] 📏 CALIBSERIES t=55.6s v=0.00379 m/s (vx=0.00008 vy=-0.00000 vz=-0.00379)
[landing_controller-11] [INFO] [1786779834.101112512] [landing_scout_2]: [scout_2] 📏 CALIBSERIES t=57.7s v=0.00393 m/s (vx=0.00002 vy=0.00002 vz=-0.00393)
[landing_controller-11] [INFO] [1786779834.158162459] [landing_scout_2]: [scout_2] Landing controller state: FLIGHT
[landing_controller-15] [INFO] [1786779834.191350209] [landing_scout_3]: [scout_3] Landing controller state: FLIGHT
[landing_controller-7] [INFO] [1786779834.191618323] [landing_scout_1]: [scout_1] Landing controller state: IDLE
[landing_controller-15] [INFO] [1786779835.083512358] [landing_scout_3]: [scout_3] 📏 CALIBSERIES t=57.6s v=0.00390 m/s (vx=0.00008 vy=-0.00000 vz=-0.00390)
[swarm_manager-3] [INFO] [1786779836.150147894] [swarm_manager_node]: 📍 scout_2 detected high-value spectral anomaly at [0.4, 1.8]!
[landing_controller-11] [INFO] [1786779836.161356187] [landing_scout_2]: [scout_2] 📏 CALIBSERIES t=59.8s v=0.00404 m/s (vx=0.00002 vy=0.00003 vz=-0.00404)
[landing_controller-15] [INFO] [1786779837.108926030] [landing_scout_3]: [scout_3] 📏 CALIBSERIES t=59.6s v=0.00402 m/s (vx=0.00008 vy=-0.00000 vz=-0.00402)
[landing_controller-11] [INFO] [1786779838.187186343] [landing_scout_2]: [scout_2] 📏 CALIBSERIES t=61.8s v=0.00415 m/s (vx=0.00003 vy=0.00003 vz=-0.00415)
[landing_controller-11] [INFO] [1786779839.160092866] [landing_scout_2]: [scout_2] Landing controller state: FLIGHT
[landing_controller-7] [INFO] [1786779839.191510811] [landing_scout_1]: [scout_1] Landing controller state: IDLE
[landing_controller-15] [INFO] [1786779839.193505852] [landing_scout_3]: [scout_3] Landing controller state: FLIGHT
[landing_controller-15] [INFO] [1786779839.212235461] [landing_scout_3]: [scout_3] 📏 CALIBSERIES t=61.7s v=0.00414 m/s (vx=0.00009 vy=-0.00000 vz=-0.00414)
[landing_controller-11] [INFO] [1786779840.298625146] [landing_scout_2]: [scout_2] 📏 CALIBSERIES t=63.9s v=0.00427 m/s (vx=0.00002 vy=0.00004 vz=-0.00427)
[landing_controller-15] [INFO] [1786779841.210521415] [landing_scout_3]: [scout_3] 📏 CALIBSERIES t=63.7s v=0.00425 m/s (vx=0.00009 vy=-0.00000 vz=-0.00425)
[landing_controller-11] [INFO] [1786779842.350829541] [landing_scout_2]: [scout_2] 📏 CALIBSERIES t=66.0s v=0.00439 m/s (vx=0.00003 vy=0.00001 vz=-0.00439)
[landing_controller-15] [INFO] [1786779843.307704557] [landing_scout_3]: [scout_3] 📏 CALIBSERIES t=65.8s v=0.00437 m/s (vx=0.00009 vy=-0.00000 vz=-0.00437)
[landing_controller-11] [INFO] [1786779844.157914182] [landing_scout_2]: [scout_2] Landing controller state: FLIGHT
[landing_controller-15] [INFO] [1786779844.191075049] [landing_scout_3]: [scout_3] Landing controller state: FLIGHT
[landing_controller-7] [INFO] [1786779844.193416006] [landing_scout_1]: [scout_1] Landing controller state: IDLE
[landing_controller-11] [INFO] [1786779844.417617013] [landing_scout_2]: [scout_2] 📏 CALIBSERIES t=68.1s v=0.00451 m/s (vx=0.00003 vy=0.00001 vz=-0.00451)
[landing_controller-15] [INFO] [1786779845.353860361] [landing_scout_3]: [scout_3] 📏 CALIBSERIES t=67.9s v=0.00449 m/s (vx=0.00009 vy=-0.00000 vz=-0.00449)
[landing_controller-11] [INFO] [1786779846.470563711] [landing_scout_2]: [scout_2] 📏 CALIBSERIES t=70.1s v=0.00463 m/s (vx=0.00003 vy=0.00003 vz=-0.00463)
[landing_controller-15] [INFO] [1786779847.423633914] [landing_scout_3]: [scout_3] 📏 CALIBSERIES t=70.0s v=0.00461 m/s (vx=0.00010 vy=-0.00000 vz=-0.00461)
[landing_controller-11] [INFO] [1786779848.492213270] [landing_scout_2]: [scout_2] 📏 CALIBSERIES t=72.1s v=0.00475 m/s (vx=0.00003 vy=0.00001 vz=-0.00475)
[landing_controller-11] [INFO] [1786779848.492844621] [landing_scout_2]: [scout_2] 📏 CALIBSTABLE t=72.1s v=0.00475 m/s (vx=0.00003 vy=0.00001 vz=-0.00475) -- 3 consecutive samples steady
[landing_controller-11] [INFO] [1786779849.157856804] [landing_scout_2]: [scout_2] Landing controller state: FLIGHT
[landing_controller-7] [INFO] [1786779849.191643855] [landing_scout_1]: [scout_1] Landing controller state: IDLE
[landing_controller-15] [INFO] [1786779849.191674864] [landing_scout_3]: [scout_3] Landing controller state: FLIGHT
[landing_controller-15] [INFO] [1786779849.445179369] [landing_scout_3]: [scout_3] 📏 CALIBSERIES t=72.0s v=0.00473 m/s (vx=0.00010 vy=-0.00000 vz=-0.00472)
[landing_controller-15] [INFO] [1786779849.445814770] [landing_scout_3]: [scout_3] 📏 CALIBSTABLE t=72.0s v=0.00473 m/s (vx=0.00010 vy=-0.00000 vz=-0.00472) -- 3 consecutive samples steady
[landing_controller-11] [INFO] [1786779854.158091904] [landing_scout_2]: [scout_2] Landing controller state: FLIGHT
[landing_controller-7] [INFO] [1786779854.191886501] [landing_scout_1]: [scout_1] Landing controller state: IDLE
[landing_controller-15] [INFO] [1786779854.191996149] [landing_scout_3]: [scout_3] Landing controller state: FLIGHT
[landing_controller-11] [INFO] [1786779859.158451307] [landing_scout_2]: [scout_2] Landing controller state: FLIGHT
[landing_controller-7] [INFO] [1786779859.190867968] [landing_scout_1]: [scout_1] Landing controller state: IDLE
[landing_controller-15] [INFO] [1786779859.192045466] [landing_scout_3]: [scout_3] Landing controller state: FLIGHT
[landing_controller-11] [INFO] [1786779864.160401921] [landing_scout_2]: [scout_2] Landing controller state: FLIGHT
[landing_controller-7] [INFO] [1786779864.192250578] [landing_scout_1]: [scout_1] Landing controller state: IDLE
[landing_controller-15] [INFO] [1786779864.194783595] [landing_scout_3]: [scout_3] Landing controller state: FLIGHT
[landing_controller-11] [INFO] [1786779869.157812656] [landing_scout_2]: [scout_2] Landing controller state: FLIGHT
[landing_controller-7] [INFO] [1786779869.190832946] [landing_scout_1]: [scout_1] Landing controller state: IDLE
[landing_controller-15] [INFO] [1786779869.196785456] [landing_scout_3]: [scout_3] Landing controller state: FLIGHT
[swarm_manager-3] [INFO] [1786779874.151854299] [swarm_manager_node]: 📍 scout_3 detected high-value spectral anomaly at [-5.9, 6.6]!
[landing_controller-11] [INFO] [1786779874.160924385] [landing_scout_2]: [scout_2] Landing controller state: FLIGHT
[landing_controller-7] [INFO] [1786779874.192418609] [landing_scout_1]: [scout_1] Landing controller state: IDLE
[landing_controller-15] [INFO] [1786779874.193681661] [landing_scout_3]: [scout_3] Landing controller state: FLIGHT
[landing_controller-11] [INFO] [1786779879.157942153] [landing_scout_2]: [scout_2] Landing controller state: FLIGHT
[landing_controller-7] [INFO] [1786779879.191999358] [landing_scout_1]: [scout_1] Landing controller state: IDLE
[landing_controller-15] [INFO] [1786779879.193247603] [landing_scout_3]: [scout_3] Landing controller state: FLIGHT
[landing_controller-11] [INFO] [1786779884.157907198] [landing_scout_2]: [scout_2] Landing controller state: FLIGHT
[landing_controller-15] [INFO] [1786779884.190182095] [landing_scout_3]: [scout_3] Landing controller state: FLIGHT
[landing_controller-7] [INFO] [1786779884.192348943] [landing_scout_1]: [scout_1] Landing controller state: IDLE
[swarm_manager-3] [INFO] [1786779886.148893645] [swarm_manager_node]: 📍 scout_3 detected high-value spectral anomaly at [-12.0, -14.7]!
[landing_controller-11] [INFO] [1786779889.161684205] [landing_scout_2]: [scout_2] Landing controller state: FLIGHT
[landing_controller-7] [INFO] [1786779889.190685645] [landing_scout_1]: [scout_1] Landing controller state: IDLE
[landing_controller-15] [INFO] [1786779889.190793268] [landing_scout_3]: [scout_3] Landing controller state: FLIGHT
[swarm_manager-3] [INFO] [1786779890.152736236] [swarm_manager_node]: 📍 scout_2 detected high-value spectral anomaly at [2.5, 3.0]!
[landing_controller-11] [INFO] [1786779894.160277321] [landing_scout_2]: [scout_2] Landing controller state: FLIGHT
[landing_controller-7] [INFO] [1786779894.190629325] [landing_scout_1]: [scout_1] Landing controller state: IDLE
[landing_controller-15] [INFO] [1786779894.190731850] [landing_scout_3]: [scout_3] Landing controller state: FLIGHT
[landing_controller-11] [INFO] [1786779899.157975962] [landing_scout_2]: [scout_2] Landing controller state: FLIGHT
[landing_controller-15] [INFO] [1786779899.190821038] [landing_scout_3]: [scout_3] Landing controller state: FLIGHT
[landing_controller-7] [INFO] [1786779899.190838567] [landing_scout_1]: [scout_1] Landing controller state: IDLE
[landing_controller-11] [INFO] [1786779904.159583004] [landing_scout_2]: [scout_2] Landing controller state: FLIGHT
[landing_controller-15] [INFO] [1786779904.190169324] [landing_scout_3]: [scout_3] Landing controller state: FLIGHT
[landing_controller-7] [INFO] [1786779904.190519291] [landing_scout_1]: [scout_1] Landing controller state: IDLE
[landing_controller-11] [INFO] [1786779909.158798619] [landing_scout_2]: [scout_2] Landing controller state: FLIGHT
[landing_controller-15] [INFO] [1786779909.190215545] [landing_scout_3]: [scout_3] Landing controller state: FLIGHT
[landing_controller-7] [INFO] [1786779909.192609163] [landing_scout_1]: [scout_1] Landing controller state: IDLE
[swarm_manager-3] [INFO] [1786779910.151109058] [swarm_manager_node]: 📍 scout_2 detected high-value spectral anomaly at [16.9, -5.3]!
[swarm_manager-3] [INFO] [1786779910.153961942] [swarm_manager_node]: 📍 scout_3 detected high-value spectral anomaly at [-10.1, -12.6]!
[landing_controller-11] [INFO] [1786779914.161100476] [landing_scout_2]: [scout_2] Landing controller state: FLIGHT
[landing_controller-7] [INFO] [1786779914.190578652] [landing_scout_1]: [scout_1] Landing controller state: IDLE
[landing_controller-15] [INFO] [1786779914.192255086] [landing_scout_3]: [scout_3] Landing controller state: FLIGHT
[landing_controller-11] [INFO] [1786779919.157604954] [landing_scout_2]: [scout_2] Landing controller state: FLIGHT
[landing_controller-7] [INFO] [1786779919.190907976] [landing_scout_1]: [scout_1] Landing controller state: IDLE
[landing_controller-15] [INFO] [1786779919.193165896] [landing_scout_3]: [scout_3] Landing controller state: FLIGHT
[landing_controller-11] [INFO] [1786779924.159325851] [landing_scout_2]: [scout_2] Landing controller state: FLIGHT
[landing_controller-7] [INFO] [1786779924.191054337] [landing_scout_1]: [scout_1] Landing controller state: IDLE
[landing_controller-15] [INFO] [1786779924.191655309] [landing_scout_3]: [scout_3] Landing controller state: FLIGHT
[landing_controller-11] [INFO] [1786779929.158656426] [landing_scout_2]: [scout_2] Landing controller state: FLIGHT
[landing_controller-7] [INFO] [1786779929.190743053] [landing_scout_1]: [scout_1] Landing controller state: IDLE
[landing_controller-15] [INFO] [1786779929.192943704] [landing_scout_3]: [scout_3] Landing controller state: FLIGHT
[swarm_manager-3] [INFO] [1786779930.149213143] [swarm_manager_node]: 📍 scout_3 detected high-value spectral anomaly at [-14.6, -0.5]!
[landing_controller-11] [INFO] [1786779934.157918988] [landing_scout_2]: [scout_2] Landing controller state: FLIGHT
[landing_controller-15] [INFO] [1786779934.190295242] [landing_scout_3]: [scout_3] Landing controller state: FLIGHT
[landing_controller-7] [INFO] [1786779934.193075564] [landing_scout_1]: [scout_1] Landing controller state: IDLE
[landing_controller-11] [INFO] [1786779939.158062727] [landing_scout_2]: [scout_2] Landing controller state: FLIGHT
[landing_controller-15] [INFO] [1786779939.190673296] [landing_scout_3]: [scout_3] Landing controller state: FLIGHT
[landing_controller-7] [INFO] [1786779939.197303955] [landing_scout_1]: [scout_1] Landing controller state: IDLE
[landing_controller-11] [INFO] [1786779944.157844004] [landing_scout_2]: [scout_2] Landing controller state: FLIGHT
[landing_controller-7] [INFO] [1786779944.191560976] [landing_scout_1]: [scout_1] Landing controller state: IDLE
[landing_controller-15] [INFO] [1786779944.194322790] [landing_scout_3]: [scout_3] Landing controller state: FLIGHT
[landing_controller-11] [INFO] [1786779949.157887461] [landing_scout_2]: [scout_2] Landing controller state: FLIGHT
[landing_controller-15] [INFO] [1786779949.190509348] [landing_scout_3]: [scout_3] Landing controller state: FLIGHT
[landing_controller-7] [INFO] [1786779949.190513259] [landing_scout_1]: [scout_1] Landing controller state: IDLE
[swarm_manager-3] [INFO] [1786779950.148871614] [swarm_manager_node]: 📍 scout_3 detected high-value spectral anomaly at [-5.5, 3.2]!
[landing_controller-11] [INFO] [1786779954.158716407] [landing_scout_2]: [scout_2] Landing controller state: FLIGHT
[landing_controller-15] [INFO] [1786779954.190852141] [landing_scout_3]: [scout_3] Landing controller state: FLIGHT
[landing_controller-7] [INFO] [1786779954.192264720] [landing_scout_1]: [scout_1] Landing controller state: IDLE
[swarm_manager-3] [INFO] [1786779958.148851261] [swarm_manager_node]: 📍 scout_3 detected high-value spectral anomaly at [0.1, -11.5]!
[landing_controller-11] [INFO] [1786779959.158066284] [landing_scout_2]: [scout_2] Landing controller state: FLIGHT
[landing_controller-15] [INFO] [1786779959.191482392] [landing_scout_3]: [scout_3] Landing controller state: FLIGHT
[landing_controller-7] [INFO] [1786779959.191579469] [landing_scout_1]: [scout_1] Landing controller state: IDLE
[swarm_manager-3] [INFO] [1786779962.151641959] [swarm_manager_node]: 📍 scout_3 detected high-value spectral anomaly at [-0.7, -9.6]!
[landing_controller-11] [INFO] [1786779964.159478035] [landing_scout_2]: [scout_2] Landing controller state: FLIGHT
[landing_controller-15] [INFO] [1786779964.196013540] [landing_scout_3]: [scout_3] Landing controller state: FLIGHT
[landing_controller-7] [INFO] [1786779964.196061659] [landing_scout_1]: [scout_1] Landing controller state: IDLE
[swarm_manager-3] [INFO] [1786779966.149408836] [swarm_manager_node]: 📍 scout_3 detected high-value spectral anomaly at [-0.8, -7.6]!
[landing_controller-11] [INFO] [1786779969.160809812] [landing_scout_2]: [scout_2] Landing controller state: FLIGHT
[landing_controller-15] [INFO] [1786779969.193222885] [landing_scout_3]: [scout_3] Landing controller state: FLIGHT
[landing_controller-7] [INFO] [1786779969.195615107] [landing_scout_1]: [scout_1] Landing controller state: IDLE
[landing_controller-11] [INFO] [1786779974.160474293] [landing_scout_2]: [scout_2] Landing controller state: FLIGHT
[landing_controller-15] [INFO] [1786779974.190440599] [landing_scout_3]: [scout_3] Landing controller state: FLIGHT
[landing_controller-7] [INFO] [1786779974.194272849] [landing_scout_1]: [scout_1] Landing controller state: IDLE
[swarm_manager-3] [INFO] [1786779976.148774897] [swarm_manager_node]: 📍 scout_2 detected high-value spectral anomaly at [14.4, -11.4]!
[swarm_manager-3] [INFO] [1786779976.149509402] [swarm_manager_node]: 📍 scout_3 detected high-value spectral anomaly at [-9.8, 6.8]!
[landing_controller-11] [INFO] [1786779979.158752091] [landing_scout_2]: [scout_2] Landing controller state: FLIGHT
[landing_controller-7] [INFO] [1786779979.190684529] [landing_scout_1]: [scout_1] Landing controller state: IDLE
[landing_controller-15] [INFO] [1786779979.192145648] [landing_scout_3]: [scout_3] Landing controller state: FLIGHT
[swarm_manager-3] [INFO] [1786779980.148846039] [swarm_manager_node]: 📍 scout_2 detected high-value spectral anomaly at [19.8, -6.5]!
[swarm_manager-3] [INFO] [1786779980.149592836] [swarm_manager_node]: 📍 scout_3 detected high-value spectral anomaly at [-2.5, -11.4]!
[landing_controller-11] [INFO] [1786779984.159239954] [landing_scout_2]: [scout_2] Landing controller state: FLIGHT
[landing_controller-15] [INFO] [1786779984.190332361] [landing_scout_3]: [scout_3] Landing controller state: FLIGHT
[landing_controller-7] [INFO] [1786779984.191102135] [landing_scout_1]: [scout_1] Landing controller state: IDLE
[landing_controller-11] [INFO] [1786779989.158808148] [landing_scout_2]: [scout_2] Landing controller state: FLIGHT
[landing_controller-15] [INFO] [1786779989.190998648] [landing_scout_3]: [scout_3] Landing controller state: FLIGHT
[landing_controller-7] [INFO] [1786779989.192276088] [landing_scout_1]: [scout_1] Landing controller state: IDLE
[landing_controller-11] [INFO] [1786779994.160877285] [landing_scout_2]: [scout_2] Landing controller state: FLIGHT
[landing_controller-15] [INFO] [1786779994.191556034] [landing_scout_3]: [scout_3] Landing controller state: FLIGHT
[landing_controller-7] [INFO] [1786779994.191844193] [landing_scout_1]: [scout_1] Landing controller state: IDLE
[swarm_manager-3] [INFO] [1786779998.150300278] [swarm_manager_node]: 📍 scout_2 detected high-value spectral anomaly at [-0.4, -2.4]!
[landing_controller-11] [INFO] [1786779999.157828816] [landing_scout_2]: [scout_2] Landing controller state: FLIGHT
[landing_controller-15] [INFO] [1786779999.190385070] [landing_scout_3]: [scout_3] Landing controller state: FLIGHT
[landing_controller-7] [INFO] [1786779999.192989118] [landing_scout_1]: [scout_1] Landing controller state: IDLE
[swarm_manager-3] [INFO] [1786780000.148885641] [swarm_manager_node]: 📍 scout_2 detected high-value spectral anomaly at [3.9, -3.6]!
[landing_controller-11] [INFO] [1786780004.157978007] [landing_scout_2]: [scout_2] Landing controller state: FLIGHT
[landing_controller-15] [INFO] [1786780004.191119241] [landing_scout_3]: [scout_3] Landing controller state: FLIGHT
[landing_controller-7] [INFO] [1786780004.191498751] [landing_scout_1]: [scout_1] Landing controller state: IDLE
[swarm_manager-3] [INFO] [1786780006.149853489] [swarm_manager_node]: 📍 scout_2 detected high-value spectral anomaly at [15.0, -10.7]!
[landing_controller-11] [INFO] [1786780009.161122949] [landing_scout_2]: [scout_2] Landing controller state: FLIGHT
[landing_controller-7] [INFO] [1786780009.191390486] [landing_scout_1]: [scout_1] Landing controller state: IDLE
[landing_controller-15] [INFO] [1786780009.191721108] [landing_scout_3]: [scout_3] Landing controller state: FLIGHT
[landing_controller-11] [INFO] [1786780014.158027183] [landing_scout_2]: [scout_2] Landing controller state: FLIGHT
[landing_controller-15] [INFO] [1786780014.191052556] [landing_scout_3]: [scout_3] Landing controller state: FLIGHT
[landing_controller-7] [INFO] [1786780014.193397010] [landing_scout_1]: [scout_1] Landing controller state: IDLE
[swarm_manager-3] [INFO] [1786780016.148569760] [swarm_manager_node]: 📍 scout_3 detected high-value spectral anomaly at [-4.2, 2.3]!
[landing_controller-11] [INFO] [1786780019.158014183] [landing_scout_2]: [scout_2] Landing controller state: FLIGHT
[landing_controller-15] [INFO] [1786780019.190334455] [landing_scout_3]: [scout_3] Landing controller state: FLIGHT
[landing_controller-7] [INFO] [1786780019.193342108] [landing_scout_1]: [scout_1] Landing controller state: IDLE
[landing_controller-11] [INFO] [1786780024.161262180] [landing_scout_2]: [scout_2] Landing controller state: FLIGHT
[landing_controller-7] [INFO] [1786780024.190784320] [landing_scout_1]: [scout_1] Landing controller state: IDLE
[landing_controller-15] [INFO] [1786780024.192390148] [landing_scout_3]: [scout_3] Landing controller state: FLIGHT
[landing_controller-11] [INFO] [1786780029.160056801] [landing_scout_2]: [scout_2] Landing controller state: FLIGHT
[landing_controller-15] [INFO] [1786780029.190457807] [landing_scout_3]: [scout_3] Landing controller state: FLIGHT
[landing_controller-7] [INFO] [1786780029.193664015] [landing_scout_1]: [scout_1] Landing controller state: IDLE
[swarm_manager-3] [INFO] [1786780032.148659645] [swarm_manager_node]: 📍 scout_3 detected high-value spectral anomaly at [-11.6, 1.0]!
[landing_controller-11] [INFO] [1786780034.158742222] [landing_scout_2]: [scout_2] Landing controller state: FLIGHT
[landing_controller-15] [INFO] [1786780034.190697376] [landing_scout_3]: [scout_3] Landing controller state: FLIGHT
[landing_controller-7] [INFO] [1786780034.191201550] [landing_scout_1]: [scout_1] Landing controller state: IDLE
[landing_controller-11] [INFO] [1786780039.157819611] [landing_scout_2]: [scout_2] Landing controller state: FLIGHT
[landing_controller-15] [INFO] [1786780039.191098721] [landing_scout_3]: [scout_3] Landing controller state: FLIGHT
[landing_controller-7] [INFO] [1786780039.191719387] [landing_scout_1]: [scout_1] Landing controller state: IDLE
[swarm_manager-3] [INFO] [1786780042.149563995] [swarm_manager_node]: 📍 scout_2 detected high-value spectral anomaly at [10.1, -1.5]!
[landing_controller-11] [INFO] [1786780044.157815908] [landing_scout_2]: [scout_2] Landing controller state: FLIGHT
[landing_controller-15] [INFO] [1786780044.193414191] [landing_scout_3]: [scout_3] Landing controller state: FLIGHT
[landing_controller-7] [INFO] [1786780044.193461752] [landing_scout_1]: [scout_1] Landing controller state: IDLE
[landing_controller-11] [INFO] [1786780049.163768031] [landing_scout_2]: [scout_2] Landing controller state: FLIGHT
[landing_controller-15] [INFO] [1786780049.190869739] [landing_scout_3]: [scout_3] Landing controller state: FLIGHT
[landing_controller-7] [INFO] [1786780049.194049687] [landing_scout_1]: [scout_1] Landing controller state: IDLE
[swarm_manager-3] [INFO] [1786780050.151211960] [swarm_manager_node]: 📍 scout_2 detected high-value spectral anomaly at [9.9, -15.0]!
[swarm_manager-3] [INFO] [1786780050.151941088] [swarm_manager_node]: 📍 scout_3 detected high-value spectral anomaly at [-3.5, -1.1]!
[landing_controller-11] [INFO] [1786780054.158355833] [landing_scout_2]: [scout_2] Landing controller state: FLIGHT
[landing_controller-7] [INFO] [1786780054.190671297] [landing_scout_1]: [scout_1] Landing controller state: IDLE
[landing_controller-15] [INFO] [1786780054.190825433] [landing_scout_3]: [scout_3] Landing controller state: FLIGHT
[swarm_manager-3] [INFO] [1786780056.148579506] [swarm_manager_node]: 📍 scout_2 detected high-value spectral anomaly at [8.8, -16.2]!
[landing_controller-11] [INFO] [1786780059.158603964] [landing_scout_2]: [scout_2] Landing controller state: FLIGHT
[landing_controller-15] [INFO] [1786780059.190498574] [landing_scout_3]: [scout_3] Landing controller state: FLIGHT
[landing_controller-7] [INFO] [1786780059.193260601] [landing_scout_1]: [scout_1] Landing controller state: IDLE
[landing_controller-11] [INFO] [1786780064.158306940] [landing_scout_2]: [scout_2] Landing controller state: FLIGHT
[landing_controller-15] [INFO] [1786780064.191045148] [landing_scout_3]: [scout_3] Landing controller state: FLIGHT
[landing_controller-7] [INFO] [1786780064.192278729] [landing_scout_1]: [scout_1] Landing controller state: IDLE
[swarm_manager-3] [INFO] [1786780068.149512604] [swarm_manager_node]: 📍 scout_2 detected high-value spectral anomaly at [7.8, 5.3]!
[landing_controller-11] [INFO] [1786780069.158050019] [landing_scout_2]: [scout_2] Landing controller state: FLIGHT
[landing_controller-7] [INFO] [1786780069.190846404] [landing_scout_1]: [scout_1] Landing controller state: IDLE
[landing_controller-15] [INFO] [1786780069.194385330] [landing_scout_3]: [scout_3] Landing controller state: FLIGHT
[landing_controller-11] [INFO] [1786780074.158625810] [landing_scout_2]: [scout_2] Landing controller state: FLIGHT
[landing_controller-15] [INFO] [1786780074.190705430] [landing_scout_3]: [scout_3] Landing controller state: FLIGHT
[landing_controller-7] [INFO] [1786780074.193391332] [landing_scout_1]: [scout_1] Landing controller state: IDLE
[swarm_manager-3] [INFO] [1786780078.148573100] [swarm_manager_node]: 📍 scout_2 detected high-value spectral anomaly at [3.7, 1.0]!
[swarm_manager-3] [INFO] [1786780078.149253271] [swarm_manager_node]: 📍 scout_3 detected high-value spectral anomaly at [-17.3, 0.7]!
[landing_controller-11] [INFO] [1786780079.161441445] [landing_scout_2]: [scout_2] Landing controller state: FLIGHT
[landing_controller-15] [INFO] [1786780079.190175666] [landing_scout_3]: [scout_3] Landing controller state: FLIGHT
[landing_controller-7] [INFO] [1786780079.190577385] [landing_scout_1]: [scout_1] Landing controller state: IDLE
[swarm_manager-3] [INFO] [1786780082.148772116] [swarm_manager_node]: 📍 scout_3 detected high-value spectral anomaly at [-5.1, -7.9]!
[landing_controller-11] [INFO] [1786780084.159436668] [landing_scout_2]: [scout_2] Landing controller state: FLIGHT
[landing_controller-7] [INFO] [1786780084.190897720] [landing_scout_1]: [scout_1] Landing controller state: IDLE
[landing_controller-15] [INFO] [1786780084.190954430] [landing_scout_3]: [scout_3] Landing controller state: FLIGHT
[landing_controller-11] [INFO] [1786780089.158494581] [landing_scout_2]: [scout_2] Landing controller state: FLIGHT
[landing_controller-15] [INFO] [1786780089.191062875] [landing_scout_3]: [scout_3] Landing controller state: FLIGHT
[landing_controller-7] [INFO] [1786780089.193032360] [landing_scout_1]: [scout_1] Landing controller state: IDLE
[swarm_manager-3] [INFO] [1786780094.150114898] [swarm_manager_node]: 📍 scout_2 detected high-value spectral anomaly at [14.7, -3.1]!
[swarm_manager-3] [INFO] [1786780094.151896862] [swarm_manager_node]: 📍 scout_3 detected high-value spectral anomaly at [-3.5, 1.3]!
[landing_controller-11] [INFO] [1786780094.160006880] [landing_scout_2]: [scout_2] Landing controller state: FLIGHT
[landing_controller-7] [INFO] [1786780094.191221678] [landing_scout_1]: [scout_1] Landing controller state: IDLE
[landing_controller-15] [INFO] [1786780094.193008881] [landing_scout_3]: [scout_3] Landing controller state: FLIGHT
[swarm_manager-3] [INFO] [1786780098.149285158] [swarm_manager_node]: 📍 scout_3 detected high-value spectral anomaly at [-13.9, -5.1]!
[landing_controller-11] [INFO] [1786780099.163929983] [landing_scout_2]: [scout_2] Landing controller state: FLIGHT
[landing_controller-7] [INFO] [1786780099.190642833] [landing_scout_1]: [scout_1] Landing controller state: IDLE
[landing_controller-15] [INFO] [1786780099.190706737] [landing_scout_3]: [scout_3] Landing controller state: FLIGHT
[landing_controller-11] [INFO] [1786780102.634429881] [landing_scout_2]: [scout_2] 🎯 Contact detected! accel=0.1357 m/s² → hands-off settle (no posture commands at contact)
[attitude_controller-10] [INFO] [1786780102.771133789] [attitude_scout_2]: [scout_2] Contact — commanded-flight latch cleared (full attitude PD locked out until next ignition).
[landing_controller-11] [INFO] [1786780104.114475641] [landing_scout_2]: [scout_2] ✅ LANDED — stable contact confirmed
[swarm_manager-3] [INFO] [1786780104.116028322] [swarm_manager_node]: 🧭 scout_2 heading calibration: measured offset 148°, bias now 74°
[swarm_manager-3] [INFO] [1786780104.149707493] [swarm_manager_node]: 🏷️ [fifo] Dispatch for [5.3, -9.7]: scout_2 wins at cost n/a (39 target(s), 1 bidder(s) considered)
[swarm_manager-3] [INFO] [1786780104.150688534] [swarm_manager_node]: 🚀 scout_2 accepting bid for SAMPLER. Navigating to [5.3, -9.7] via 5.4m jump.
[attitude_controller-10] [INFO] [1786780104.155052759] [attitude_scout_2]: [scout_2] New target yaw received: 2.89 rad
[landing_controller-11] [INFO] [1786780104.160655385] [landing_scout_2]: [scout_2] Landing controller state: LANDED
[landing_controller-15] [INFO] [1786780104.191323200] [landing_scout_3]: [scout_3] Landing controller state: FLIGHT
[landing_controller-7] [INFO] [1786780104.192909614] [landing_scout_1]: [scout_1] Landing controller state: IDLE
[attitude_controller-10] [INFO] [1786780104.234998207] [attitude_scout_2]: [scout_2] Landed — tilt correction stopped, yaw-hold pinned to current heading.
[attitude_controller-10] [INFO] [1786780104.249464353] [attitude_scout_2]: [scout_2] Landed — tilt correction stopped, yaw-hold pinned to current heading.
[attitude_controller-10] [INFO] [1786780104.262633643] [attitude_scout_2]: [scout_2] Landed — tilt correction stopped, yaw-hold pinned to current heading.
[attitude_controller-10] [INFO] [1786780104.282946367] [attitude_scout_2]: [scout_2] Landed — tilt correction stopped, yaw-hold pinned to current heading.
[attitude_controller-10] [INFO] [1786780104.284626295] [attitude_scout_2]: [scout_2] Landed — tilt correction stopped, yaw-hold pinned to current heading.
[attitude_controller-10] [INFO] [1786780104.293800185] [attitude_scout_2]: [scout_2] Landed — tilt correction stopped, yaw-hold pinned to current heading.
[attitude_controller-10] [INFO] [1786780104.295453714] [attitude_scout_2]: [scout_2] Landed — tilt correction stopped, yaw-hold pinned to current heading.
[attitude_controller-10] [INFO] [1786780104.338833297] [attitude_scout_2]: [scout_2] Landed — tilt correction stopped, yaw-hold pinned to current heading.
[attitude_controller-10] [INFO] [1786780104.390313331] [attitude_scout_2]: [scout_2] Landed — tilt correction stopped, yaw-hold pinned to current heading.
[attitude_controller-10] [INFO] [1786780104.391810349] [attitude_scout_2]: [scout_2] Landed — tilt correction stopped, yaw-hold pinned to current heading.
[attitude_controller-10] [INFO] [1786780104.394949233] [attitude_scout_2]: [scout_2] Landed — tilt correction stopped, yaw-hold pinned to current heading.
[attitude_controller-10] [INFO] [1786780104.396404557] [attitude_scout_2]: [scout_2] Landed — tilt correction stopped, yaw-hold pinned to current heading.
[attitude_controller-10] [INFO] [1786780104.403809192] [attitude_scout_2]: [scout_2] Landed — tilt correction stopped, yaw-hold pinned to current heading.
[attitude_controller-10] [INFO] [1786780104.423253875] [attitude_scout_2]: [scout_2] Landed — tilt correction stopped, yaw-hold pinned to current heading.
[attitude_controller-10] [INFO] [1786780104.426763610] [attitude_scout_2]: [scout_2] Landed — tilt correction stopped, yaw-hold pinned to current heading.
[attitude_controller-10] [INFO] [1786780104.496959128] [attitude_scout_2]: [scout_2] Landed — tilt correction stopped, yaw-hold pinned to current heading.
[attitude_controller-10] [INFO] [1786780104.510068705] [attitude_scout_2]: [scout_2] Landed — tilt correction stopped, yaw-hold pinned to current heading.
[attitude_controller-10] [INFO] [1786780104.511479960] [attitude_scout_2]: [scout_2] Landed — tilt correction stopped, yaw-hold pinned to current heading.
[attitude_controller-10] [INFO] [1786780104.512697339] [attitude_scout_2]: [scout_2] Landed — tilt correction stopped, yaw-hold pinned to current heading.
[attitude_controller-10] [INFO] [1786780104.609260351] [attitude_scout_2]: [scout_2] Landed — tilt correction stopped, yaw-hold pinned to current heading.
[attitude_controller-10] [INFO] [1786780104.618981365] [attitude_scout_2]: [scout_2] Landed — tilt correction stopped, yaw-hold pinned to current heading.
[attitude_controller-10] [INFO] [1786780104.620176326] [attitude_scout_2]: [scout_2] Landed — tilt correction stopped, yaw-hold pinned to current heading.
[attitude_controller-10] [INFO] [1786780104.622760961] [attitude_scout_2]: [scout_2] Landed — tilt correction stopped, yaw-hold pinned to current heading.
[attitude_controller-10] [INFO] [1786780104.624598239] [attitude_scout_2]: [scout_2] Landed — tilt correction stopped, yaw-hold pinned to current heading.
[attitude_controller-10] [INFO] [1786780104.705146893] [attitude_scout_2]: [scout_2] Landed — tilt correction stopped, yaw-hold pinned to current heading.
[attitude_controller-10] [INFO] [1786780104.796171043] [attitude_scout_2]: [scout_2] Landed — tilt correction stopped, yaw-hold pinned to current heading.
[attitude_controller-10] [INFO] [1786780104.797469995] [attitude_scout_2]: [scout_2] Landed — tilt correction stopped, yaw-hold pinned to current heading.
[attitude_controller-10] [INFO] [1786780104.798702599] [attitude_scout_2]: [scout_2] Landed — tilt correction stopped, yaw-hold pinned to current heading.
[attitude_controller-10] [INFO] [1786780104.799922283] [attitude_scout_2]: [scout_2] Landed — tilt correction stopped, yaw-hold pinned to current heading.
[attitude_controller-10] [INFO] [1786780104.819735302] [attitude_scout_2]: [scout_2] Landed — tilt correction stopped, yaw-hold pinned to current heading.
[attitude_controller-10] [INFO] [1786780104.886666574] [attitude_scout_2]: [scout_2] Landed — tilt correction stopped, yaw-hold pinned to current heading.
[attitude_controller-10] [INFO] [1786780104.904568495] [attitude_scout_2]: [scout_2] Landed — tilt correction stopped, yaw-hold pinned to current heading.
[attitude_controller-10] [INFO] [1786780104.916536818] [attitude_scout_2]: [scout_2] Landed — tilt correction stopped, yaw-hold pinned to current heading.
[attitude_controller-10] [INFO] [1786780104.929608262] [attitude_scout_2]: [scout_2] Landed — tilt correction stopped, yaw-hold pinned to current heading.
[attitude_controller-10] [INFO] [1786780104.940189355] [attitude_scout_2]: [scout_2] Landed — tilt correction stopped, yaw-hold pinned to current heading.
[attitude_controller-10] [INFO] [1786780104.951065940] [attitude_scout_2]: [scout_2] Landed — tilt correction stopped, yaw-hold pinned to current heading.
[attitude_controller-10] [INFO] [1786780104.959604985] [attitude_scout_2]: [scout_2] Landed — tilt correction stopped, yaw-hold pinned to current heading.
[attitude_controller-10] [INFO] [1786780104.975351087] [attitude_scout_2]: [scout_2] Landed — tilt correction stopped, yaw-hold pinned to current heading.
[attitude_controller-10] [INFO] [1786780104.990210014] [attitude_scout_2]: [scout_2] Landed — tilt correction stopped, yaw-hold pinned to current heading.
[attitude_controller-10] [INFO] [1786780105.010258393] [attitude_scout_2]: [scout_2] Landed — tilt correction stopped, yaw-hold pinned to current heading.
[attitude_controller-10] [INFO] [1786780105.031573180] [attitude_scout_2]: [scout_2] Landed — tilt correction stopped, yaw-hold pinned to current heading.
[attitude_controller-10] [INFO] [1786780105.033056929] [attitude_scout_2]: [scout_2] Landed — tilt correction stopped, yaw-hold pinned to current heading.
[attitude_controller-10] [INFO] [1786780105.038681205] [attitude_scout_2]: [scout_2] Landed — tilt correction stopped, yaw-hold pinned to current heading.
[attitude_controller-10] [INFO] [1786780105.040256514] [attitude_scout_2]: [scout_2] Landed — tilt correction stopped, yaw-hold pinned to current heading.
[attitude_controller-10] [INFO] [1786780105.049064582] [attitude_scout_2]: [scout_2] Landed — tilt correction stopped, yaw-hold pinned to current heading.
[attitude_controller-10] [INFO] [1786780105.054327646] [attitude_scout_2]: [scout_2] Landed — tilt correction stopped, yaw-hold pinned to current heading.
[attitude_controller-10] [INFO] [1786780105.107978723] [attitude_scout_2]: [scout_2] Landed — tilt correction stopped, yaw-hold pinned to current heading.
[attitude_controller-10] [INFO] [1786780105.121227560] [attitude_scout_2]: [scout_2] Landed — tilt correction stopped, yaw-hold pinned to current heading.
[attitude_controller-10] [INFO] [1786780105.132005602] [attitude_scout_2]: [scout_2] Landed — tilt correction stopped, yaw-hold pinned to current heading.
[attitude_controller-10] [INFO] [1786780105.152639240] [attitude_scout_2]: [scout_2] Landed — tilt correction stopped, yaw-hold pinned to current heading.
[attitude_controller-10] [INFO] [1786780105.164820016] [attitude_scout_2]: [scout_2] Landed — tilt correction stopped, yaw-hold pinned to current heading.
[attitude_controller-10] [INFO] [1786780105.174536282] [attitude_scout_2]: [scout_2] Landed — tilt correction stopped, yaw-hold pinned to current heading.
[attitude_controller-10] [INFO] [1786780105.187126739] [attitude_scout_2]: [scout_2] Landed — tilt correction stopped, yaw-hold pinned to current heading.
[attitude_controller-10] [INFO] [1786780105.198032518] [attitude_scout_2]: [scout_2] Landed — tilt correction stopped, yaw-hold pinned to current heading.
[attitude_controller-10] [INFO] [1786780105.209326606] [attitude_scout_2]: [scout_2] Landed — tilt correction stopped, yaw-hold pinned to current heading.
[attitude_controller-10] [INFO] [1786780105.219994301] [attitude_scout_2]: [scout_2] Landed — tilt correction stopped, yaw-hold pinned to current heading.
[attitude_controller-10] [INFO] [1786780105.234290248] [attitude_scout_2]: [scout_2] Landed — tilt correction stopped, yaw-hold pinned to current heading.
[attitude_controller-10] [INFO] [1786780105.246954805] [attitude_scout_2]: [scout_2] Landed — tilt correction stopped, yaw-hold pinned to current heading.
[attitude_controller-10] [INFO] [1786780105.259445251] [attitude_scout_2]: [scout_2] Landed — tilt correction stopped, yaw-hold pinned to current heading.
[attitude_controller-10] [INFO] [1786780105.271397302] [attitude_scout_2]: [scout_2] Landed — tilt correction stopped, yaw-hold pinned to current heading.
[attitude_controller-10] [INFO] [1786780105.283332660] [attitude_scout_2]: [scout_2] Landed — tilt correction stopped, yaw-hold pinned to current heading.
[attitude_controller-10] [INFO] [1786780105.300472977] [attitude_scout_2]: [scout_2] Landed — tilt correction stopped, yaw-hold pinned to current heading.
[attitude_controller-10] [INFO] [1786780105.311615094] [attitude_scout_2]: [scout_2] Landed — tilt correction stopped, yaw-hold pinned to current heading.
[attitude_controller-10] [INFO] [1786780105.322579189] [attitude_scout_2]: [scout_2] Landed — tilt correction stopped, yaw-hold pinned to current heading.
[hopper_locomotion-9] [INFO] [1786780105.330587869] [loco_scout_2]: [scout_2] Landing controller reported LANDED. Settling to IDLE.
[attitude_controller-10] [INFO] [1786780105.340842112] [attitude_scout_2]: [scout_2] Landed — tilt correction stopped, yaw-hold pinned to current heading.
[attitude_controller-10] [INFO] [1786780105.356048631] [attitude_scout_2]: [scout_2] Landed — tilt correction stopped, yaw-hold pinned to current heading.
[attitude_controller-10] [INFO] [1786780105.367109874] [attitude_scout_2]: [scout_2] Landed — tilt correction stopped, yaw-hold pinned to current heading.
[attitude_controller-10] [INFO] [1786780105.378877407] [attitude_scout_2]: [scout_2] Landed — tilt correction stopped, yaw-hold pinned to current heading.
[attitude_controller-10] [INFO] [1786780105.391653079] [attitude_scout_2]: [scout_2] Landed — tilt correction stopped, yaw-hold pinned to current heading.
[attitude_controller-10] [INFO] [1786780105.405603878] [attitude_scout_2]: [scout_2] Landed — tilt correction stopped, yaw-hold pinned to current heading.
[attitude_controller-10] [INFO] [1786780105.408618796] [attitude_scout_2]: [scout_2] Landed — tilt correction stopped, yaw-hold pinned to current heading.
[attitude_controller-10] [INFO] [1786780105.411359034] [attitude_scout_2]: [scout_2] Landed — tilt correction stopped, yaw-hold pinned to current heading.
[attitude_controller-10] [INFO] [1786780105.412992939] [attitude_scout_2]: [scout_2] Landed — tilt correction stopped, yaw-hold pinned to current heading.
[attitude_controller-10] [INFO] [1786780105.415230818] [attitude_scout_2]: [scout_2] Landed — tilt correction stopped, yaw-hold pinned to current heading.
[attitude_controller-10] [INFO] [1786780105.416713170] [attitude_scout_2]: [scout_2] Landed — tilt correction stopped, yaw-hold pinned to current heading.
[attitude_controller-10] [INFO] [1786780105.528730564] [attitude_scout_2]: [scout_2] Landed — tilt correction stopped, yaw-hold pinned to current heading.
[attitude_controller-10] [INFO] [1786780105.539008832] [attitude_scout_2]: [scout_2] Landed — tilt correction stopped, yaw-hold pinned to current heading.
[attitude_controller-10] [INFO] [1786780105.552334842] [attitude_scout_2]: [scout_2] Landed — tilt correction stopped, yaw-hold pinned to current heading.
[attitude_controller-10] [INFO] [1786780105.553677025] [attitude_scout_2]: [scout_2] Landed — tilt correction stopped, yaw-hold pinned to current heading.
[attitude_controller-10] [INFO] [1786780105.554850405] [attitude_scout_2]: [scout_2] Landed — tilt correction stopped, yaw-hold pinned to current heading.
[attitude_controller-10] [INFO] [1786780105.556351055] [attitude_scout_2]: [scout_2] Landed — tilt correction stopped, yaw-hold pinned to current heading.
[attitude_controller-10] [INFO] [1786780105.557559495] [attitude_scout_2]: [scout_2] Landed — tilt correction stopped, yaw-hold pinned to current heading.
[attitude_controller-10] [INFO] [1786780105.612099843] [attitude_scout_2]: [scout_2] Landed — tilt correction stopped, yaw-hold pinned to current heading.
[attitude_controller-10] [INFO] [1786780105.613320435] [attitude_scout_2]: [scout_2] Landed — tilt correction stopped, yaw-hold pinned to current heading.
[attitude_controller-10] [INFO] [1786780105.614661081] [attitude_scout_2]: [scout_2] Landed — tilt correction stopped, yaw-hold pinned to current heading.
[attitude_controller-10] [INFO] [1786780105.616334236] [attitude_scout_2]: [scout_2] Landed — tilt correction stopped, yaw-hold pinned to current heading.
[attitude_controller-10] [INFO] [1786780105.640539416] [attitude_scout_2]: [scout_2] Landed — tilt correction stopped, yaw-hold pinned to current heading.
[attitude_controller-10] [INFO] [1786780105.642606398] [attitude_scout_2]: [scout_2] Landed — tilt correction stopped, yaw-hold pinned to current heading.
[attitude_controller-10] [INFO] [1786780105.645196690] [attitude_scout_2]: [scout_2] Landed — tilt correction stopped, yaw-hold pinned to current heading.
[attitude_controller-10] [INFO] [1786780105.670753342] [attitude_scout_2]: [scout_2] Landed — tilt correction stopped, yaw-hold pinned to current heading.
[attitude_controller-10] [INFO] [1786780105.682161130] [attitude_scout_2]: [scout_2] Landed — tilt correction stopped, yaw-hold pinned to current heading.
[attitude_controller-10] [INFO] [1786780105.701130763] [attitude_scout_2]: [scout_2] Landed — tilt correction stopped, yaw-hold pinned to current heading.
[attitude_controller-10] [INFO] [1786780105.702554519] [attitude_scout_2]: [scout_2] Landed — tilt correction stopped, yaw-hold pinned to current heading.
[attitude_controller-10] [INFO] [1786780105.704357296] [attitude_scout_2]: [scout_2] Landed — tilt correction stopped, yaw-hold pinned to current heading.
[attitude_controller-10] [INFO] [1786780105.706284248] [attitude_scout_2]: [scout_2] Landed — tilt correction stopped, yaw-hold pinned to current heading.
[attitude_controller-10] [INFO] [1786780105.707981637] [attitude_scout_2]: [scout_2] Landed — tilt correction stopped, yaw-hold pinned to current heading.
[attitude_controller-10] [INFO] [1786780105.709530058] [attitude_scout_2]: [scout_2] Landed — tilt correction stopped, yaw-hold pinned to current heading.
[attitude_controller-10] [INFO] [1786780105.710821886] [attitude_scout_2]: [scout_2] Landed — tilt correction stopped, yaw-hold pinned to current heading.
[attitude_controller-10] [INFO] [1786780105.712087874] [attitude_scout_2]: [scout_2] Landed — tilt correction stopped, yaw-hold pinned to current heading.
[attitude_controller-10] [INFO] [1786780105.734501452] [attitude_scout_2]: [scout_2] Landed — tilt correction stopped, yaw-hold pinned to current heading.
[attitude_controller-10] [INFO] [1786780105.897995457] [attitude_scout_2]: [scout_2] Landed — tilt correction stopped, yaw-hold pinned to current heading.
[attitude_controller-10] [INFO] [1786780105.899209833] [attitude_scout_2]: [scout_2] Landed — tilt correction stopped, yaw-hold pinned to current heading.
[attitude_controller-10] [INFO] [1786780105.904496434] [attitude_scout_2]: [scout_2] Landed — tilt correction stopped, yaw-hold pinned to current heading.
[attitude_controller-10] [INFO] [1786780105.938708135] [attitude_scout_2]: [scout_2] Landed — tilt correction stopped, yaw-hold pinned to current heading.
[attitude_controller-10] [INFO] [1786780105.944648856] [attitude_scout_2]: [scout_2] Landed — tilt correction stopped, yaw-hold pinned to current heading.
[attitude_controller-10] [INFO] [1786780105.954050493] [attitude_scout_2]: [scout_2] Landed — tilt correction stopped, yaw-hold pinned to current heading.
[attitude_controller-10] [INFO] [1786780105.965403457] [attitude_scout_2]: [scout_2] Landed — tilt correction stopped, yaw-hold pinned to current heading.
[attitude_controller-10] [INFO] [1786780105.973343624] [attitude_scout_2]: [scout_2] Landed — tilt correction stopped, yaw-hold pinned to current heading.
[attitude_controller-10] [INFO] [1786780105.974300710] [attitude_scout_2]: [scout_2] Landed — tilt correction stopped, yaw-hold pinned to current heading.
[attitude_controller-10] [INFO] [1786780105.975576196] [attitude_scout_2]: [scout_2] Landed — tilt correction stopped, yaw-hold pinned to current heading.
[attitude_controller-10] [INFO] [1786780105.976926760] [attitude_scout_2]: [scout_2] Landed — tilt correction stopped, yaw-hold pinned to current heading.
[attitude_controller-10] [INFO] [1786780105.978403036] [attitude_scout_2]: [scout_2] Landed — tilt correction stopped, yaw-hold pinned to current heading.
[attitude_controller-10] [INFO] [1786780105.980269786] [attitude_scout_2]: [scout_2] Landed — tilt correction stopped, yaw-hold pinned to current heading.
[hopper_locomotion-9] [INFO] [1786780105.981772531] [loco_scout_2]: [scout_2] 🦵 Idle 300s with no jump command -- self-initiating recovery hop (legs).
[hopper_locomotion-9] [INFO] [1786780105.982582395] [loco_scout_2]: 1. Crouching (waking physics, planting feet under body)
[attitude_controller-10] [INFO] [1786780106.084336398] [attitude_scout_2]: [scout_2] Landed — tilt correction stopped, yaw-hold pinned to current heading.
[attitude_controller-10] [INFO] [1786780106.126685075] [attitude_scout_2]: [scout_2] Landed — tilt correction stopped, yaw-hold pinned to current heading.
[attitude_controller-10] [INFO] [1786780106.128683684] [attitude_scout_2]: [scout_2] Landed — tilt correction stopped, yaw-hold pinned to current heading.
[attitude_controller-10] [INFO] [1786780106.132241188] [attitude_scout_2]: [scout_2] Landed — tilt correction stopped, yaw-hold pinned to current heading.
[attitude_controller-10] [INFO] [1786780106.133597688] [attitude_scout_2]: [scout_2] Landed — tilt correction stopped, yaw-hold pinned to current heading.
[swarm_manager-3] [INFO] [1786780106.154492528] [swarm_manager_node]: 📍 scout_3 detected high-value spectral anomaly at [-9.9, -1.2]!
[attitude_controller-10] [INFO] [1786780106.166259084] [attitude_scout_2]: [scout_2] Landed — tilt correction stopped, yaw-hold pinned to current heading.
[attitude_controller-10] [INFO] [1786780106.182245645] [attitude_scout_2]: [scout_2] Landed — tilt correction stopped, yaw-hold pinned to current heading.
[attitude_controller-10] [INFO] [1786780106.199161915] [attitude_scout_2]: [scout_2] Landed — tilt correction stopped, yaw-hold pinned to current heading.
[attitude_controller-10] [INFO] [1786780106.221233697] [attitude_scout_2]: [scout_2] Landed — tilt correction stopped, yaw-hold pinned to current heading.
[attitude_controller-10] [INFO] [1786780106.223269460] [attitude_scout_2]: [scout_2] Landed — tilt correction stopped, yaw-hold pinned to current heading.
[attitude_controller-10] [INFO] [1786780106.228072140] [attitude_scout_2]: [scout_2] Landed — tilt correction stopped, yaw-hold pinned to current heading.
[attitude_controller-10] [INFO] [1786780106.230417154] [attitude_scout_2]: [scout_2] Landed — tilt correction stopped, yaw-hold pinned to current heading.
[attitude_controller-10] [INFO] [1786780106.231656742] [attitude_scout_2]: [scout_2] Landed — tilt correction stopped, yaw-hold pinned to current heading.
[attitude_controller-10] [INFO] [1786780106.237611990] [attitude_scout_2]: [scout_2] Landed — tilt correction stopped, yaw-hold pinned to current heading.
[attitude_controller-10] [INFO] [1786780106.252626590] [attitude_scout_2]: [scout_2] Landed — tilt correction stopped, yaw-hold pinned to current heading.
[attitude_controller-10] [INFO] [1786780106.270300204] [attitude_scout_2]: [scout_2] Landed — tilt correction stopped, yaw-hold pinned to current heading.
[attitude_controller-10] [INFO] [1786780106.297443689] [attitude_scout_2]: [scout_2] Landed — tilt correction stopped, yaw-hold pinned to current heading.
[attitude_controller-10] [INFO] [1786780106.300793978] [attitude_scout_2]: [scout_2] Landed — tilt correction stopped, yaw-hold pinned to current heading.
[attitude_controller-10] [INFO] [1786780106.306780165] [attitude_scout_2]: [scout_2] Landed — tilt correction stopped, yaw-hold pinned to current heading.
[attitude_controller-10] [INFO] [1786780106.309596948] [attitude_scout_2]: [scout_2] Landed — tilt correction stopped, yaw-hold pinned to current heading.
[attitude_controller-10] [INFO] [1786780106.321703135] [attitude_scout_2]: [scout_2] Landed — tilt correction stopped, yaw-hold pinned to current heading.
[attitude_controller-10] [INFO] [1786780106.324872050] [attitude_scout_2]: [scout_2] Landed — tilt correction stopped, yaw-hold pinned to current heading.
[attitude_controller-10] [INFO] [1786780106.329827470] [attitude_scout_2]: [scout_2] Landed — tilt correction stopped, yaw-hold pinned to current heading.
[attitude_controller-10] [INFO] [1786780106.331206948] [attitude_scout_2]: [scout_2] Landed — tilt correction stopped, yaw-hold pinned to current heading.
[attitude_controller-10] [INFO] [1786780106.332658291] [attitude_scout_2]: [scout_2] Landed — tilt correction stopped, yaw-hold pinned to current heading.
[attitude_controller-10] [INFO] [1786780106.399482080] [attitude_scout_2]: [scout_2] Landed — tilt correction stopped, yaw-hold pinned to current heading.
[attitude_controller-10] [INFO] [1786780106.401460854] [attitude_scout_2]: [scout_2] Landed — tilt correction stopped, yaw-hold pinned to current heading.
[attitude_controller-10] [INFO] [1786780106.403091196] [attitude_scout_2]: [scout_2] Landed — tilt correction stopped, yaw-hold pinned to current heading.
[attitude_controller-10] [INFO] [1786780106.403977534] [attitude_scout_2]: [scout_2] Landed — tilt correction stopped, yaw-hold pinned to current heading.
[attitude_controller-10] [INFO] [1786780106.405290175] [attitude_scout_2]: [scout_2] Landed — tilt correction stopped, yaw-hold pinned to current heading.
[attitude_controller-10] [INFO] [1786780106.407011310] [attitude_scout_2]: [scout_2] Landed — tilt correction stopped, yaw-hold pinned to current heading.
[attitude_controller-10] [INFO] [1786780106.408290078] [attitude_scout_2]: [scout_2] Landed — tilt correction stopped, yaw-hold pinned to current heading.
[attitude_controller-10] [INFO] [1786780106.423037051] [attitude_scout_2]: [scout_2] Landed — tilt correction stopped, yaw-hold pinned to current heading.
[attitude_controller-10] [INFO] [1786780106.424078294] [attitude_scout_2]: [scout_2] Landed — tilt correction stopped, yaw-hold pinned to current heading.
[attitude_controller-10] [INFO] [1786780106.425292461] [attitude_scout_2]: [scout_2] Landed — tilt correction stopped, yaw-hold pinned to current heading.
[attitude_controller-10] [INFO] [1786780106.594728586] [attitude_scout_2]: [scout_2] Landed — tilt correction stopped, yaw-hold pinned to current heading.
[attitude_controller-10] [INFO] [1786780106.601429375] [attitude_scout_2]: [scout_2] Landed — tilt correction stopped, yaw-hold pinned to current heading.
[attitude_controller-10] [INFO] [1786780106.614534831] [attitude_scout_2]: [scout_2] Landed — tilt correction stopped, yaw-hold pinned to current heading.
[attitude_controller-10] [INFO] [1786780106.615483815] [attitude_scout_2]: [scout_2] Landed — tilt correction stopped, yaw-hold pinned to current heading.
[attitude_controller-10] [INFO] [1786780106.645709335] [attitude_scout_2]: [scout_2] Landed — tilt correction stopped, yaw-hold pinned to current heading.
[attitude_controller-10] [INFO] [1786780106.655884239] [attitude_scout_2]: [scout_2] Landed — tilt correction stopped, yaw-hold pinned to current heading.
[attitude_controller-10] [INFO] [1786780106.657129694] [attitude_scout_2]: [scout_2] Landed — tilt correction stopped, yaw-hold pinned to current heading.
[attitude_controller-10] [INFO] [1786780106.658351962] [attitude_scout_2]: [scout_2] Landed — tilt correction stopped, yaw-hold pinned to current heading.
[attitude_controller-10] [INFO] [1786780106.659521082] [attitude_scout_2]: [scout_2] Landed — tilt correction stopped, yaw-hold pinned to current heading.
[attitude_controller-10] [INFO] [1786780106.686012611] [attitude_scout_2]: [scout_2] Landed — tilt correction stopped, yaw-hold pinned to current heading.
[attitude_controller-10] [INFO] [1786780106.687293265] [attitude_scout_2]: [scout_2] Landed — tilt correction stopped, yaw-hold pinned to current heading.
[attitude_controller-10] [INFO] [1786780106.688601855] [attitude_scout_2]: [scout_2] Landed — tilt correction stopped, yaw-hold pinned to current heading.
[attitude_controller-10] [INFO] [1786780106.689889284] [attitude_scout_2]: [scout_2] Landed — tilt correction stopped, yaw-hold pinned to current heading.
[attitude_controller-10] [INFO] [1786780106.691876299] [attitude_scout_2]: [scout_2] Landed — tilt correction stopped, yaw-hold pinned to current heading.
[attitude_controller-10] [INFO] [1786780106.694676110] [attitude_scout_2]: [scout_2] Landed — tilt correction stopped, yaw-hold pinned to current heading.
[attitude_controller-10] [INFO] [1786780106.725000453] [attitude_scout_2]: [scout_2] Landed — tilt correction stopped, yaw-hold pinned to current heading.
[attitude_controller-10] [INFO] [1786780106.734259407] [attitude_scout_2]: [scout_2] Landed — tilt correction stopped, yaw-hold pinned to current heading.
[attitude_controller-10] [INFO] [1786780106.856303856] [attitude_scout_2]: [scout_2] Landed — tilt correction stopped, yaw-hold pinned to current heading.
[attitude_controller-10] [INFO] [1786780106.857621455] [attitude_scout_2]: [scout_2] Landed — tilt correction stopped, yaw-hold pinned to current heading.
[attitude_controller-10] [INFO] [1786780106.880476002] [attitude_scout_2]: [scout_2] Landed — tilt correction stopped, yaw-hold pinned to current heading.
[attitude_controller-10] [INFO] [1786780106.882196648] [attitude_scout_2]: [scout_2] Landed — tilt correction stopped, yaw-hold pinned to current heading.
[attitude_controller-10] [INFO] [1786780106.883906608] [attitude_scout_2]: [scout_2] Landed — tilt correction stopped, yaw-hold pinned to current heading.
[attitude_controller-10] [INFO] [1786780106.930928692] [attitude_scout_2]: [scout_2] Landed — tilt correction stopped, yaw-hold pinned to current heading.
[attitude_controller-10] [INFO] [1786780106.936847134] [attitude_scout_2]: [scout_2] Landed — tilt correction stopped, yaw-hold pinned to current heading.
[attitude_controller-10] [INFO] [1786780106.938521894] [attitude_scout_2]: [scout_2] Landed — tilt correction stopped, yaw-hold pinned to current heading.
[attitude_controller-10] [INFO] [1786780106.945168557] [attitude_scout_2]: [scout_2] Landed — tilt correction stopped, yaw-hold pinned to current heading.
[attitude_controller-10] [INFO] [1786780106.946678985] [attitude_scout_2]: [scout_2] Landed — tilt correction stopped, yaw-hold pinned to current heading.
[attitude_controller-10] [INFO] [1786780106.950580521] [attitude_scout_2]: [scout_2] Landed — tilt correction stopped, yaw-hold pinned to current heading.
[attitude_controller-10] [INFO] [1786780107.002512000] [attitude_scout_2]: [scout_2] Landed — tilt correction stopped, yaw-hold pinned to current heading.
[attitude_controller-10] [INFO] [1786780107.004119994] [attitude_scout_2]: [scout_2] Landed — tilt correction stopped, yaw-hold pinned to current heading.
[attitude_controller-10] [INFO] [1786780107.006057702] [attitude_scout_2]: [scout_2] Landed — tilt correction stopped, yaw-hold pinned to current heading.
[attitude_controller-10] [INFO] [1786780107.007646489] [attitude_scout_2]: [scout_2] Landed — tilt correction stopped, yaw-hold pinned to current heading.
[attitude_controller-10] [INFO] [1786780107.031199086] [attitude_scout_2]: [scout_2] Landed — tilt correction stopped, yaw-hold pinned to current heading.
[attitude_controller-10] [INFO] [1786780107.054014174] [attitude_scout_2]: [scout_2] Landed — tilt correction stopped, yaw-hold pinned to current heading.
[attitude_controller-10] [INFO] [1786780107.065111524] [attitude_scout_2]: [scout_2] Landed — tilt correction stopped, yaw-hold pinned to current heading.
[attitude_controller-10] [INFO] [1786780107.129387973] [attitude_scout_2]: [scout_2] Landed — tilt correction stopped, yaw-hold pinned to current heading.
[attitude_controller-10] [INFO] [1786780107.148668953] [attitude_scout_2]: [scout_2] Landed — tilt correction stopped, yaw-hold pinned to current heading.
[attitude_controller-10] [INFO] [1786780107.150147324] [attitude_scout_2]: [scout_2] Landed — tilt correction stopped, yaw-hold pinned to current heading.
[attitude_controller-10] [INFO] [1786780107.151893600] [attitude_scout_2]: [scout_2] Landed — tilt correction stopped, yaw-hold pinned to current heading.
[attitude_controller-10] [INFO] [1786780107.174279452] [attitude_scout_2]: [scout_2] Landed — tilt correction stopped, yaw-hold pinned to current heading.
[attitude_controller-10] [INFO] [1786780107.187551267] [attitude_scout_2]: [scout_2] Landed — tilt correction stopped, yaw-hold pinned to current heading.
[attitude_controller-10] [INFO] [1786780107.200385884] [attitude_scout_2]: [scout_2] Landed — tilt correction stopped, yaw-hold pinned to current heading.
[attitude_controller-10] [INFO] [1786780107.247710166] [attitude_scout_2]: [scout_2] Landed — tilt correction stopped, yaw-hold pinned to current heading.
[attitude_controller-10] [INFO] [1786780107.250435249] [attitude_scout_2]: [scout_2] Landed — tilt correction stopped, yaw-hold pinned to current heading.
[attitude_controller-10] [INFO] [1786780107.252822097] [attitude_scout_2]: [scout_2] Landed — tilt correction stopped, yaw-hold pinned to current heading.
[attitude_controller-10] [INFO] [1786780107.254172940] [attitude_scout_2]: [scout_2] Landed — tilt correction stopped, yaw-hold pinned to current heading.
[attitude_controller-10] [INFO] [1786780107.258688229] [attitude_scout_2]: [scout_2] Landed — tilt correction stopped, yaw-hold pinned to current heading.
[attitude_controller-10] [INFO] [1786780107.261333415] [attitude_scout_2]: [scout_2] Landed — tilt correction stopped, yaw-hold pinned to current heading.
[attitude_controller-10] [INFO] [1786780107.262701299] [attitude_scout_2]: [scout_2] Landed — tilt correction stopped, yaw-hold pinned to current heading.
[attitude_controller-10] [INFO] [1786780107.309998553] [attitude_scout_2]: [scout_2] Landed — tilt correction stopped, yaw-hold pinned to current heading.
[attitude_controller-10] [INFO] [1786780107.397384325] [attitude_scout_2]: [scout_2] Landed — tilt correction stopped, yaw-hold pinned to current heading.
[attitude_controller-10] [INFO] [1786780107.398955095] [attitude_scout_2]: [scout_2] Landed — tilt correction stopped, yaw-hold pinned to current heading.
[attitude_controller-10] [INFO] [1786780107.404684061] [attitude_scout_2]: [scout_2] Landed — tilt correction stopped, yaw-hold pinned to current heading.
[attitude_controller-10] [INFO] [1786780107.432628680] [attitude_scout_2]: [scout_2] Landed — tilt correction stopped, yaw-hold pinned to current heading.
[attitude_controller-10] [INFO] [1786780107.434132333] [attitude_scout_2]: [scout_2] Landed — tilt correction stopped, yaw-hold pinned to current heading.
[attitude_controller-10] [INFO] [1786780107.436679394] [attitude_scout_2]: [scout_2] Landed — tilt correction stopped, yaw-hold pinned to current heading.
[attitude_controller-10] [INFO] [1786780107.439082724] [attitude_scout_2]: [scout_2] Landed — tilt correction stopped, yaw-hold pinned to current heading.
[attitude_controller-10] [INFO] [1786780107.441878625] [attitude_scout_2]: [scout_2] Landed — tilt correction stopped, yaw-hold pinned to current heading.
[attitude_controller-10] [INFO] [1786780107.444567880] [attitude_scout_2]: [scout_2] Landed — tilt correction stopped, yaw-hold pinned to current heading.
[landing_controller-11] [WARN] [1786780107.445307973] [landing_scout_2]: [scout_2] ⚠️ Liftoff detected while LANDED (v=0.050 m/s sustained) → back to FLIGHT
[attitude_controller-10] [INFO] [1786780107.447198050] [attitude_scout_2]: [scout_2] Landed — tilt correction stopped, yaw-hold pinned to current heading.
[landing_controller-11] [INFO] [1786780107.464944158] [landing_scout_2]: [scout_2] 🎯 Contact detected! accel=0.1104 m/s² → hands-off settle (no posture commands at contact)
[attitude_controller-10] [INFO] [1786780107.526847797] [attitude_scout_2]: [scout_2] Landed — tilt correction stopped, yaw-hold pinned to current heading.
[attitude_controller-10] [INFO] [1786780107.553342609] [attitude_scout_2]: [scout_2] Landed — tilt correction stopped, yaw-hold pinned to current heading.
[attitude_controller-10] [INFO] [1786780107.571563419] [attitude_scout_2]: [scout_2] Landed — tilt correction stopped, yaw-hold pinned to current heading.
[attitude_controller-10] [INFO] [1786780107.581267882] [attitude_scout_2]: [scout_2] Landed — tilt correction stopped, yaw-hold pinned to current heading.
[attitude_controller-10] [INFO] [1786780107.625672157] [attitude_scout_2]: [scout_2] Airborne (landed=False) — tilt correction armed.
[landing_controller-11] [INFO] [1786780107.879590672] [landing_scout_2]: [scout_2] ⚠️ Bounce detected (v=0.0925 m/s) → back to FLIGHT
[landing_controller-11] [INFO] [1786780107.998536675] [landing_scout_2]: [scout_2] 🎯 Contact detected! accel=0.1204 m/s² → hands-off settle (no posture commands at contact)
[landing_controller-11] [INFO] [1786780108.365137953] [landing_scout_2]: [scout_2] ⚠️ Bounce detected (v=0.0307 m/s) → back to FLIGHT
[landing_controller-11] [INFO] [1786780109.158920336] [landing_scout_2]: [scout_2] Landing controller state: FLIGHT
[landing_controller-15] [INFO] [1786780109.190834515] [landing_scout_3]: [scout_3] Landing controller state: FLIGHT
[landing_controller-7] [INFO] [1786780109.194151700] [landing_scout_1]: [scout_1] Landing controller state: IDLE
[swarm_manager-3] [INFO] [1786780112.149084465] [swarm_manager_node]: 📍 scout_3 detected high-value spectral anomaly at [-2.3, -4.9]!
[landing_controller-11] [INFO] [1786780114.161639320] [landing_scout_2]: [scout_2] Landing controller state: FLIGHT
[landing_controller-15] [INFO] [1786780114.192125484] [landing_scout_3]: [scout_3] Landing controller state: FLIGHT
[landing_controller-7] [INFO] [1786780114.190665830] [landing_scout_1]: [scout_1] Landing controller state: IDLE
[hopper_locomotion-9] [WARN] [1786780114.601527674] [loco_scout_2]: [scout_2] Ignoring jump command, currently not IDLE (state=1)
[swarm_manager-3] [INFO] [1786780118.150145057] [swarm_manager_node]: 📍 scout_3 detected high-value spectral anomaly at [2.6, -3.0]!
[landing_controller-11] [INFO] [1786780119.161813821] [landing_scout_2]: [scout_2] Landing controller state: FLIGHT
[landing_controller-15] [INFO] [1786780119.191902108] [landing_scout_3]: [scout_3] Landing controller state: FLIGHT
[landing_controller-7] [INFO] [1786780119.192001280] [landing_scout_1]: [scout_1] Landing controller state: IDLE
[hopper_locomotion-9] [INFO] [1786780120.887646513] [loco_scout_2]: 2. IGNITION (stroke fraction=0.90, ramp=4.0s)
[landing_controller-11] [INFO] [1786780120.891245852] [landing_scout_2]: [scout_2] 🚀 Jump detected → FLIGHT mode (contact detection blanked 100 s for launch)
[attitude_controller-10] [INFO] [1786780120.891879999] [attitude_scout_2]: [scout_2] Jump initiated. Flight mode active (tilt-PD held for stroke).
[landing_controller-11] [INFO] [1786780120.921671117] [landing_scout_2]: [scout_2] 📏 CALIBSERIES t=0.0s v=0.01553 m/s (vx=-0.00266 vy=0.00627 vz=0.01396)
[landing_controller-7] [INFO] [1786780121.774617687] [landing_scout_1]: [scout_1] 🛫 Airborne while IDLE (v=0.027 m/s, free-fall accel) → FLIGHT mode armed
[landing_controller-11] [INFO] [1786780122.989398521] [landing_scout_2]: [scout_2] 📏 CALIBSERIES t=2.1s v=0.01413 m/s (vx=-0.00146 vy=0.00487 vz=0.01318)
[landing_controller-11] [INFO] [1786780124.157907776] [landing_scout_2]: [scout_2] Landing controller state: FLIGHT
[landing_controller-15] [INFO] [1786780124.190544871] [landing_scout_3]: [scout_3] Landing controller state: FLIGHT
[landing_controller-7] [INFO] [1786780124.191004627] [landing_scout_1]: [scout_1] Landing controller state: FLIGHT
[landing_controller-11] [INFO] [1786780125.055225475] [landing_scout_2]: [scout_2] 📏 CALIBSERIES t=4.2s v=0.01470 m/s (vx=-0.00084 vy=0.00556 vz=0.01358)
[hopper_locomotion-9] [INFO] [1786780125.396689885] [loco_scout_2]: 3. Separation confirmed (genuine ground clearance) — holding extension for clearance, then slow retract (FLIGHT)
[attitude_controller-10] [INFO] [1786780125.398422613] [attitude_scout_2]: [scout_2] Separation — tilt correction engaged.
[landing_controller-11] [INFO] [1786780127.155635718] [landing_scout_2]: [scout_2] 📏 CALIBSERIES t=6.3s v=0.04907 m/s (vx=0.04711 vy=-0.00176 vz=0.01360)
[landing_controller-11] [INFO] [1786780129.156679452] [landing_scout_2]: [scout_2] 📏 CALIBSERIES t=8.3s v=0.09439 m/s (vx=0.09037 vy=-0.02382 vz=0.01324)
[landing_controller-11] [INFO] [1786780129.158792807] [landing_scout_2]: [scout_2] Landing controller state: FLIGHT
[landing_controller-7] [INFO] [1786780129.191497719] [landing_scout_1]: [scout_1] Landing controller state: FLIGHT
[landing_controller-15] [INFO] [1786780129.191616796] [landing_scout_3]: [scout_3] Landing controller state: FLIGHT
[landing_controller-15] [INFO] [1786780130.712407616] [landing_scout_3]: [scout_3] 🎯 Contact detected! accel=0.0916 m/s² → hands-off settle (no posture commands at contact)
[attitude_controller-14] [INFO] [1786780130.884865188] [attitude_scout_3]: [scout_3] Contact — commanded-flight latch cleared (full attitude PD locked out until next ignition).
[landing_controller-11] [INFO] [1786780131.227263512] [landing_scout_2]: [scout_2] 📏 CALIBSERIES t=10.3s v=0.16476 m/s (vx=0.15114 vy=-0.06471 vz=0.01064)
[landing_controller-15] [INFO] [1786780132.077301738] [landing_scout_3]: [scout_3] ✅ LANDED — stable contact confirmed
[attitude_controller-14] [INFO] [1786780132.134079698] [attitude_scout_3]: [scout_3] Landed — tilt correction stopped, yaw-hold pinned to current heading.
[swarm_manager-3] [INFO] [1786780132.148460923] [swarm_manager_node]: 🏷️ [fifo] Dispatch for [-10.6, -15.4]: scout_3 wins at cost n/a (41 target(s), 1 bidder(s) considered)
[swarm_manager-3] [INFO] [1786780132.149195080] [swarm_manager_node]: 🚀 scout_3 accepting bid for SAMPLER. Navigating to [-10.6, -15.4] via 10.7m jump.
[attitude_controller-14] [INFO] [1786780132.153397627] [attitude_scout_3]: [scout_3] Landed — tilt correction stopped, yaw-hold pinned to current heading.
[attitude_controller-14] [INFO] [1786780132.168984847] [attitude_scout_3]: [scout_3] Landed — tilt correction stopped, yaw-hold pinned to current heading.
[attitude_controller-14] [INFO] [1786780132.169734020] [attitude_scout_3]: [scout_3] New target yaw received: -1.31 rad
[attitude_controller-14] [INFO] [1786780132.184909953] [attitude_scout_3]: [scout_3] Landed — tilt correction stopped, yaw-hold pinned to current heading.
[attitude_controller-14] [INFO] [1786780132.194685934] [attitude_scout_3]: [scout_3] Landed — tilt correction stopped, yaw-hold pinned to current heading.
[attitude_controller-14] [INFO] [1786780132.213409036] [attitude_scout_3]: [scout_3] Landed — tilt correction stopped, yaw-hold pinned to current heading.
[attitude_controller-14] [INFO] [1786780132.215021989] [attitude_scout_3]: [scout_3] Landed — tilt correction stopped, yaw-hold pinned to current heading.
[attitude_controller-14] [INFO] [1786780132.216946008] [attitude_scout_3]: [scout_3] Landed — tilt correction stopped, yaw-hold pinned to current heading.
[attitude_controller-14] [INFO] [1786780132.218666445] [attitude_scout_3]: [scout_3] Landed — tilt correction stopped, yaw-hold pinned to current heading.
[attitude_controller-14] [INFO] [1786780132.220808435] [attitude_scout_3]: [scout_3] Landed — tilt correction stopped, yaw-hold pinned to current heading.
[attitude_controller-14] [INFO] [1786780132.231999652] [attitude_scout_3]: [scout_3] Landed — tilt correction stopped, yaw-hold pinned to current heading.
[attitude_controller-14] [INFO] [1786780132.235267112] [attitude_scout_3]: [scout_3] Landed — tilt correction stopped, yaw-hold pinned to current heading.
[attitude_controller-14] [INFO] [1786780132.371843106] [attitude_scout_3]: [scout_3] Landed — tilt correction stopped, yaw-hold pinned to current heading.
[attitude_controller-14] [INFO] [1786780132.372932958] [attitude_scout_3]: [scout_3] Landed — tilt correction stopped, yaw-hold pinned to current heading.
[attitude_controller-14] [INFO] [1786780132.386621091] [attitude_scout_3]: [scout_3] Landed — tilt correction stopped, yaw-hold pinned to current heading.
[attitude_controller-14] [INFO] [1786780132.402177372] [attitude_scout_3]: [scout_3] Landed — tilt correction stopped, yaw-hold pinned to current heading.
[attitude_controller-14] [INFO] [1786780132.420563217] [attitude_scout_3]: [scout_3] Landed — tilt correction stopped, yaw-hold pinned to current heading.
[attitude_controller-14] [INFO] [1786780132.421827320] [attitude_scout_3]: [scout_3] Landed — tilt correction stopped, yaw-hold pinned to current heading.
[attitude_controller-14] [INFO] [1786780132.434778153] [attitude_scout_3]: [scout_3] Landed — tilt correction stopped, yaw-hold pinned to current heading.
[attitude_controller-14] [INFO] [1786780132.483013645] [attitude_scout_3]: [scout_3] Landed — tilt correction stopped, yaw-hold pinned to current heading.
[attitude_controller-14] [INFO] [1786780132.485712888] [attitude_scout_3]: [scout_3] Landed — tilt correction stopped, yaw-hold pinned to current heading.
[attitude_controller-14] [INFO] [1786780132.489320469] [attitude_scout_3]: [scout_3] Landed — tilt correction stopped, yaw-hold pinned to current heading.
[attitude_controller-14] [INFO] [1786780132.490845353] [attitude_scout_3]: [scout_3] Landed — tilt correction stopped, yaw-hold pinned to current heading.
[attitude_controller-14] [INFO] [1786780132.492044016] [attitude_scout_3]: [scout_3] Landed — tilt correction stopped, yaw-hold pinned to current heading.
[attitude_controller-14] [INFO] [1786780132.493420630] [attitude_scout_3]: [scout_3] Landed — tilt correction stopped, yaw-hold pinned to current heading.
[attitude_controller-14] [INFO] [1786780132.547959384] [attitude_scout_3]: [scout_3] Landed — tilt correction stopped, yaw-hold pinned to current heading.
[attitude_controller-14] [INFO] [1786780132.552761227] [attitude_scout_3]: [scout_3] Landed — tilt correction stopped, yaw-hold pinned to current heading.
[attitude_controller-14] [INFO] [1786780132.555723836] [attitude_scout_3]: [scout_3] Landed — tilt correction stopped, yaw-hold pinned to current heading.
[attitude_controller-14] [INFO] [1786780132.557588980] [attitude_scout_3]: [scout_3] Landed — tilt correction stopped, yaw-hold pinned to current heading.
[attitude_controller-14] [INFO] [1786780132.559052825] [attitude_scout_3]: [scout_3] Landed — tilt correction stopped, yaw-hold pinned to current heading.
[attitude_controller-14] [INFO] [1786780132.560796238] [attitude_scout_3]: [scout_3] Landed — tilt correction stopped, yaw-hold pinned to current heading.
[attitude_controller-14] [INFO] [1786780132.562301707] [attitude_scout_3]: [scout_3] Landed — tilt correction stopped, yaw-hold pinned to current heading.
[attitude_controller-14] [INFO] [1786780132.582645794] [attitude_scout_3]: [scout_3] Landed — tilt correction stopped, yaw-hold pinned to current heading.
[attitude_controller-14] [INFO] [1786780132.583799689] [attitude_scout_3]: [scout_3] Landed — tilt correction stopped, yaw-hold pinned to current heading.
[attitude_controller-14] [INFO] [1786780132.585048287] [attitude_scout_3]: [scout_3] Landed — tilt correction stopped, yaw-hold pinned to current heading.
[attitude_controller-14] [INFO] [1786780132.586564022] [attitude_scout_3]: [scout_3] Landed — tilt correction stopped, yaw-hold pinned to current heading.
[attitude_controller-14] [INFO] [1786780132.643753061] [attitude_scout_3]: [scout_3] Landed — tilt correction stopped, yaw-hold pinned to current heading.
[attitude_controller-14] [INFO] [1786780132.653919307] [attitude_scout_3]: [scout_3] Landed — tilt correction stopped, yaw-hold pinned to current heading.
[attitude_controller-14] [INFO] [1786780132.655301718] [attitude_scout_3]: [scout_3] Landed — tilt correction stopped, yaw-hold pinned to current heading.
[attitude_controller-14] [INFO] [1786780132.656713392] [attitude_scout_3]: [scout_3] Landed — tilt correction stopped, yaw-hold pinned to current heading.
[attitude_controller-14] [INFO] [1786780132.664748963] [attitude_scout_3]: [scout_3] Landed — tilt correction stopped, yaw-hold pinned to current heading.
[attitude_controller-14] [INFO] [1786780132.677956039] [attitude_scout_3]: [scout_3] Landed — tilt correction stopped, yaw-hold pinned to current heading.
[attitude_controller-14] [INFO] [1786780132.679182288] [attitude_scout_3]: [scout_3] Landed — tilt correction stopped, yaw-hold pinned to current heading.
[attitude_controller-14] [INFO] [1786780132.680662196] [attitude_scout_3]: [scout_3] Landed — tilt correction stopped, yaw-hold pinned to current heading.
[attitude_controller-14] [INFO] [1786780132.683155201] [attitude_scout_3]: [scout_3] Landed — tilt correction stopped, yaw-hold pinned to current heading.
[attitude_controller-14] [INFO] [1786780132.717037195] [attitude_scout_3]: [scout_3] Landed — tilt correction stopped, yaw-hold pinned to current heading.
[attitude_controller-14] [INFO] [1786780132.808078965] [attitude_scout_3]: [scout_3] Landed — tilt correction stopped, yaw-hold pinned to current heading.
[attitude_controller-14] [INFO] [1786780132.809392793] [attitude_scout_3]: [scout_3] Landed — tilt correction stopped, yaw-hold pinned to current heading.
[attitude_controller-14] [INFO] [1786780132.811136277] [attitude_scout_3]: [scout_3] Landed — tilt correction stopped, yaw-hold pinned to current heading.
[attitude_controller-14] [INFO] [1786780132.847385634] [attitude_scout_3]: [scout_3] Landed — tilt correction stopped, yaw-hold pinned to current heading.
[attitude_controller-14] [INFO] [1786780132.859778168] [attitude_scout_3]: [scout_3] Landed — tilt correction stopped, yaw-hold pinned to current heading.
[attitude_controller-14] [INFO] [1786780132.861131525] [attitude_scout_3]: [scout_3] Landed — tilt correction stopped, yaw-hold pinned to current heading.
[attitude_controller-14] [INFO] [1786780132.862491867] [attitude_scout_3]: [scout_3] Landed — tilt correction stopped, yaw-hold pinned to current heading.
[attitude_controller-14] [INFO] [1786780132.865910670] [attitude_scout_3]: [scout_3] Landed — tilt correction stopped, yaw-hold pinned to current heading.
[attitude_controller-14] [INFO] [1786780132.868562422] [attitude_scout_3]: [scout_3] Landed — tilt correction stopped, yaw-hold pinned to current heading.
[attitude_controller-14] [INFO] [1786780132.869717714] [attitude_scout_3]: [scout_3] Landed — tilt correction stopped, yaw-hold pinned to current heading.
[attitude_controller-14] [INFO] [1786780132.918001815] [attitude_scout_3]: [scout_3] Landed — tilt correction stopped, yaw-hold pinned to current heading.
[attitude_controller-14] [INFO] [1786780132.938173676] [attitude_scout_3]: [scout_3] Landed — tilt correction stopped, yaw-hold pinned to current heading.
[attitude_controller-14] [INFO] [1786780132.948793043] [attitude_scout_3]: [scout_3] Landed — tilt correction stopped, yaw-hold pinned to current heading.
[attitude_controller-14] [INFO] [1786780132.958847057] [attitude_scout_3]: [scout_3] Landed — tilt correction stopped, yaw-hold pinned to current heading.
[attitude_controller-14] [INFO] [1786780132.978994614] [attitude_scout_3]: [scout_3] Landed — tilt correction stopped, yaw-hold pinned to current heading.
[attitude_controller-14] [INFO] [1786780132.989593938] [attitude_scout_3]: [scout_3] Landed — tilt correction stopped, yaw-hold pinned to current heading.
[attitude_controller-14] [INFO] [1786780133.001452405] [attitude_scout_3]: [scout_3] Landed — tilt correction stopped, yaw-hold pinned to current heading.
[attitude_controller-14] [INFO] [1786780133.015348871] [attitude_scout_3]: [scout_3] Landed — tilt correction stopped, yaw-hold pinned to current heading.
[attitude_controller-14] [INFO] [1786780133.028928404] [attitude_scout_3]: [scout_3] Landed — tilt correction stopped, yaw-hold pinned to current heading.
[attitude_controller-14] [INFO] [1786780133.040161734] [attitude_scout_3]: [scout_3] Landed — tilt correction stopped, yaw-hold pinned to current heading.
[attitude_controller-14] [INFO] [1786780133.054135024] [attitude_scout_3]: [scout_3] Landed — tilt correction stopped, yaw-hold pinned to current heading.
[attitude_controller-14] [INFO] [1786780133.071533752] [attitude_scout_3]: [scout_3] Landed — tilt correction stopped, yaw-hold pinned to current heading.
[attitude_controller-14] [INFO] [1786780133.085961700] [attitude_scout_3]: [scout_3] Landed — tilt correction stopped, yaw-hold pinned to current heading.
[attitude_controller-14] [INFO] [1786780133.096563398] [attitude_scout_3]: [scout_3] Landed — tilt correction stopped, yaw-hold pinned to current heading.
[attitude_controller-14] [INFO] [1786780133.116541244] [attitude_scout_3]: [scout_3] Landed — tilt correction stopped, yaw-hold pinned to current heading.
[attitude_controller-14] [INFO] [1786780133.132463836] [attitude_scout_3]: [scout_3] Landed — tilt correction stopped, yaw-hold pinned to current heading.
[attitude_controller-14] [INFO] [1786780133.144847220] [attitude_scout_3]: [scout_3] Landed — tilt correction stopped, yaw-hold pinned to current heading.
[attitude_controller-14] [INFO] [1786780133.155837857] [attitude_scout_3]: [scout_3] Landed — tilt correction stopped, yaw-hold pinned to current heading.
[attitude_controller-14] [INFO] [1786780133.166295266] [attitude_scout_3]: [scout_3] Landed — tilt correction stopped, yaw-hold pinned to current heading.
[attitude_controller-14] [INFO] [1786780133.180316955] [attitude_scout_3]: [scout_3] Landed — tilt correction stopped, yaw-hold pinned to current heading.
[attitude_controller-14] [INFO] [1786780133.195321501] [attitude_scout_3]: [scout_3] Landed — tilt correction stopped, yaw-hold pinned to current heading.
[attitude_controller-14] [INFO] [1786780133.206523473] [attitude_scout_3]: [scout_3] Landed — tilt correction stopped, yaw-hold pinned to current heading.
[attitude_controller-14] [INFO] [1786780133.216287721] [attitude_scout_3]: [scout_3] Landed — tilt correction stopped, yaw-hold pinned to current heading.
[attitude_controller-14] [INFO] [1786780133.230148778] [attitude_scout_3]: [scout_3] Landed — tilt correction stopped, yaw-hold pinned to current heading.
[attitude_controller-14] [INFO] [1786780133.241397194] [attitude_scout_3]: [scout_3] Landed — tilt correction stopped, yaw-hold pinned to current heading.
[attitude_controller-14] [INFO] [1786780133.255778559] [attitude_scout_3]: [scout_3] Landed — tilt correction stopped, yaw-hold pinned to current heading.
[attitude_controller-14] [INFO] [1786780133.266546057] [attitude_scout_3]: [scout_3] Landed — tilt correction stopped, yaw-hold pinned to current heading.
[attitude_controller-14] [INFO] [1786780133.279541239] [attitude_scout_3]: [scout_3] Landed — tilt correction stopped, yaw-hold pinned to current heading.
[attitude_controller-14] [INFO] [1786780133.289798138] [attitude_scout_3]: [scout_3] Landed — tilt correction stopped, yaw-hold pinned to current heading.
[attitude_controller-14] [INFO] [1786780133.299957679] [attitude_scout_3]: [scout_3] Landed — tilt correction stopped, yaw-hold pinned to current heading.
[attitude_controller-14] [INFO] [1786780133.311101964] [attitude_scout_3]: [scout_3] Landed — tilt correction stopped, yaw-hold pinned to current heading.
[landing_controller-11] [INFO] [1786780133.311553200] [landing_scout_2]: [scout_2] 📏 CALIBSERIES t=12.4s v=0.19701 m/s (vx=0.15689 vy=-0.11910 vz=0.00391)
[attitude_controller-14] [INFO] [1786780133.326812801] [attitude_scout_3]: [scout_3] Landed — tilt correction stopped, yaw-hold pinned to current heading.
[attitude_controller-14] [INFO] [1786780133.337025980] [attitude_scout_3]: [scout_3] Landed — tilt correction stopped, yaw-hold pinned to current heading.
[attitude_controller-14] [INFO] [1786780133.349874498] [attitude_scout_3]: [scout_3] Landed — tilt correction stopped, yaw-hold pinned to current heading.
[attitude_controller-14] [INFO] [1786780133.364636560] [attitude_scout_3]: [scout_3] Landed — tilt correction stopped, yaw-hold pinned to current heading.
[attitude_controller-14] [INFO] [1786780133.374348498] [attitude_scout_3]: [scout_3] Landed — tilt correction stopped, yaw-hold pinned to current heading.
[attitude_controller-14] [INFO] [1786780133.385474554] [attitude_scout_3]: [scout_3] Landed — tilt correction stopped, yaw-hold pinned to current heading.
[attitude_controller-14] [INFO] [1786780133.395860727] [attitude_scout_3]: [scout_3] Landed — tilt correction stopped, yaw-hold pinned to current heading.
[attitude_controller-14] [INFO] [1786780133.409435859] [attitude_scout_3]: [scout_3] Landed — tilt correction stopped, yaw-hold pinned to current heading.
[attitude_controller-14] [INFO] [1786780133.423930015] [attitude_scout_3]: [scout_3] Landed — tilt correction stopped, yaw-hold pinned to current heading.
[attitude_controller-14] [INFO] [1786780133.426633867] [attitude_scout_3]: [scout_3] Landed — tilt correction stopped, yaw-hold pinned to current heading.
[attitude_controller-14] [INFO] [1786780133.428301784] [attitude_scout_3]: [scout_3] Landed — tilt correction stopped, yaw-hold pinned to current heading.
[attitude_controller-14] [INFO] [1786780133.431409101] [attitude_scout_3]: [scout_3] Landed — tilt correction stopped, yaw-hold pinned to current heading.
[attitude_controller-14] [INFO] [1786780133.432949351] [attitude_scout_3]: [scout_3] Landed — tilt correction stopped, yaw-hold pinned to current heading.
[hopper_locomotion-13] [INFO] [1786780133.586505872] [loco_scout_3]: [scout_3] Landing controller reported LANDED. Settling to IDLE.
[attitude_controller-14] [INFO] [1786780133.605416774] [attitude_scout_3]: [scout_3] Landed — tilt correction stopped, yaw-hold pinned to current heading.
[attitude_controller-14] [INFO] [1786780133.648088680] [attitude_scout_3]: [scout_3] Landed — tilt correction stopped, yaw-hold pinned to current heading.
[attitude_controller-14] [INFO] [1786780133.659125062] [attitude_scout_3]: [scout_3] Landed — tilt correction stopped, yaw-hold pinned to current heading.
[attitude_controller-14] [INFO] [1786780133.669568503] [attitude_scout_3]: [scout_3] Landed — tilt correction stopped, yaw-hold pinned to current heading.
[attitude_controller-14] [INFO] [1786780133.729555119] [attitude_scout_3]: [scout_3] Landed — tilt correction stopped, yaw-hold pinned to current heading.
[attitude_controller-14] [INFO] [1786780133.730985929] [attitude_scout_3]: [scout_3] Landed — tilt correction stopped, yaw-hold pinned to current heading.
[attitude_controller-14] [INFO] [1786780133.733601923] [attitude_scout_3]: [scout_3] Landed — tilt correction stopped, yaw-hold pinned to current heading.
[attitude_controller-14] [INFO] [1786780133.735214177] [attitude_scout_3]: [scout_3] Landed — tilt correction stopped, yaw-hold pinned to current heading.
[attitude_controller-14] [INFO] [1786780133.789609829] [attitude_scout_3]: [scout_3] Landed — tilt correction stopped, yaw-hold pinned to current heading.
[attitude_controller-14] [INFO] [1786780133.791196801] [attitude_scout_3]: [scout_3] Landed — tilt correction stopped, yaw-hold pinned to current heading.
[attitude_controller-14] [INFO] [1786780133.792813176] [attitude_scout_3]: [scout_3] Landed — tilt correction stopped, yaw-hold pinned to current heading.
[attitude_controller-14] [INFO] [1786780133.794282189] [attitude_scout_3]: [scout_3] Landed — tilt correction stopped, yaw-hold pinned to current heading.
[attitude_controller-14] [INFO] [1786780133.795800369] [attitude_scout_3]: [scout_3] Landed — tilt correction stopped, yaw-hold pinned to current heading.
[attitude_controller-14] [INFO] [1786780133.820665542] [attitude_scout_3]: [scout_3] Landed — tilt correction stopped, yaw-hold pinned to current heading.
[attitude_controller-14] [INFO] [1786780133.821982234] [attitude_scout_3]: [scout_3] Landed — tilt correction stopped, yaw-hold pinned to current heading.
[attitude_controller-14] [INFO] [1786780133.823314011] [attitude_scout_3]: [scout_3] Landed — tilt correction stopped, yaw-hold pinned to current heading.
[attitude_controller-14] [INFO] [1786780133.824589358] [attitude_scout_3]: [scout_3] Landed — tilt correction stopped, yaw-hold pinned to current heading.
[attitude_controller-14] [INFO] [1786780133.912237607] [attitude_scout_3]: [scout_3] Landed — tilt correction stopped, yaw-hold pinned to current heading.
[attitude_controller-14] [INFO] [1786780133.913570222] [attitude_scout_3]: [scout_3] Landed — tilt correction stopped, yaw-hold pinned to current heading.
[attitude_controller-14] [INFO] [1786780133.915090916] [attitude_scout_3]: [scout_3] Landed — tilt correction stopped, yaw-hold pinned to current heading.
[attitude_controller-14] [INFO] [1786780134.024856068] [attitude_scout_3]: [scout_3] Landed — tilt correction stopped, yaw-hold pinned to current heading.
[attitude_controller-14] [INFO] [1786780134.026353017] [attitude_scout_3]: [scout_3] Landed — tilt correction stopped, yaw-hold pinned to current heading.
[attitude_controller-14] [INFO] [1786780134.156872775] [attitude_scout_3]: [scout_3] Landed — tilt correction stopped, yaw-hold pinned to current heading.
[attitude_controller-14] [INFO] [1786780134.158664379] [attitude_scout_3]: [scout_3] Landed — tilt correction stopped, yaw-hold pinned to current heading.
[landing_controller-11] [INFO] [1786780134.160494394] [landing_scout_2]: [scout_2] Landing controller state: FLIGHT
[attitude_controller-14] [INFO] [1786780134.165563305] [attitude_scout_3]: [scout_3] Landed — tilt correction stopped, yaw-hold pinned to current heading.
[attitude_controller-14] [INFO] [1786780134.167274732] [attitude_scout_3]: [scout_3] Landed — tilt correction stopped, yaw-hold pinned to current heading.
[attitude_controller-14] [INFO] [1786780134.172024265] [attitude_scout_3]: [scout_3] Landed — tilt correction stopped, yaw-hold pinned to current heading.
[attitude_controller-14] [INFO] [1786780134.173501868] [attitude_scout_3]: [scout_3] Landed — tilt correction stopped, yaw-hold pinned to current heading.
[attitude_controller-14] [INFO] [1786780134.179829573] [attitude_scout_3]: [scout_3] Landed — tilt correction stopped, yaw-hold pinned to current heading.
[attitude_controller-14] [INFO] [1786780134.183910040] [attitude_scout_3]: [scout_3] Landed — tilt correction stopped, yaw-hold pinned to current heading.
[landing_controller-15] [INFO] [1786780134.190594837] [landing_scout_3]: [scout_3] Landing controller state: LANDED
[landing_controller-7] [INFO] [1786780134.192603782] [landing_scout_1]: [scout_1] Landing controller state: FLIGHT
[attitude_controller-14] [INFO] [1786780134.200500999] [attitude_scout_3]: [scout_3] Landed — tilt correction stopped, yaw-hold pinned to current heading.
[attitude_controller-14] [INFO] [1786780134.224136571] [attitude_scout_3]: [scout_3] Landed — tilt correction stopped, yaw-hold pinned to current heading.
[attitude_controller-14] [INFO] [1786780134.244422202] [attitude_scout_3]: [scout_3] Landed — tilt correction stopped, yaw-hold pinned to current heading.
[attitude_controller-14] [INFO] [1786780134.282894983] [attitude_scout_3]: [scout_3] Landed — tilt correction stopped, yaw-hold pinned to current heading.
[attitude_controller-14] [INFO] [1786780134.284463099] [attitude_scout_3]: [scout_3] Landed — tilt correction stopped, yaw-hold pinned to current heading.
[attitude_controller-14] [INFO] [1786780134.310450530] [attitude_scout_3]: [scout_3] Landed — tilt correction stopped, yaw-hold pinned to current heading.
[attitude_controller-14] [INFO] [1786780134.327141151] [attitude_scout_3]: [scout_3] Landed — tilt correction stopped, yaw-hold pinned to current heading.
[attitude_controller-14] [INFO] [1786780134.341473977] [attitude_scout_3]: [scout_3] Landed — tilt correction stopped, yaw-hold pinned to current heading.
[attitude_controller-14] [INFO] [1786780134.347032465] [attitude_scout_3]: [scout_3] Landed — tilt correction stopped, yaw-hold pinned to current heading.
[attitude_controller-14] [INFO] [1786780134.471504856] [attitude_scout_3]: [scout_3] Landed — tilt correction stopped, yaw-hold pinned to current heading.
[attitude_controller-14] [INFO] [1786780134.483073557] [attitude_scout_3]: [scout_3] Landed — tilt correction stopped, yaw-hold pinned to current heading.
[attitude_controller-14] [INFO] [1786780134.502069664] [attitude_scout_3]: [scout_3] Landed — tilt correction stopped, yaw-hold pinned to current heading.
[hopper_locomotion-13] [INFO] [1786780134.520522765] [loco_scout_3]: [scout_3] 🦵 Idle 300s with no jump command -- self-initiating recovery hop (legs).
[hopper_locomotion-13] [INFO] [1786780134.521476918] [loco_scout_3]: 1. Crouching (waking physics, planting feet under body)
[attitude_controller-14] [INFO] [1786780134.578902086] [attitude_scout_3]: [scout_3] Landed — tilt correction stopped, yaw-hold pinned to current heading.
[attitude_controller-14] [INFO] [1786780134.580580060] [attitude_scout_3]: [scout_3] Landed — tilt correction stopped, yaw-hold pinned to current heading.
[attitude_controller-14] [INFO] [1786780134.586621492] [attitude_scout_3]: [scout_3] Landed — tilt correction stopped, yaw-hold pinned to current heading.
[attitude_controller-14] [INFO] [1786780134.602715470] [attitude_scout_3]: [scout_3] Landed — tilt correction stopped, yaw-hold pinned to current heading.
[attitude_controller-14] [INFO] [1786780134.624466482] [attitude_scout_3]: [scout_3] Landed — tilt correction stopped, yaw-hold pinned to current heading.
[attitude_controller-14] [INFO] [1786780134.642311487] [attitude_scout_3]: [scout_3] Landed — tilt correction stopped, yaw-hold pinned to current heading.
[attitude_controller-14] [INFO] [1786780134.667478509] [attitude_scout_3]: [scout_3] Landed — tilt correction stopped, yaw-hold pinned to current heading.
[attitude_controller-14] [INFO] [1786780134.669345748] [attitude_scout_3]: [scout_3] Landed — tilt correction stopped, yaw-hold pinned to current heading.
[attitude_controller-14] [INFO] [1786780134.699153143] [attitude_scout_3]: [scout_3] Landed — tilt correction stopped, yaw-hold pinned to current heading.
[attitude_controller-14] [INFO] [1786780134.721021486] [attitude_scout_3]: [scout_3] Landed — tilt correction stopped, yaw-hold pinned to current heading.
[attitude_controller-14] [INFO] [1786780134.733784799] [attitude_scout_3]: [scout_3] Landed — tilt correction stopped, yaw-hold pinned to current heading.
[attitude_controller-14] [INFO] [1786780134.742359464] [attitude_scout_3]: [scout_3] Landed — tilt correction stopped, yaw-hold pinned to current heading.
[attitude_controller-14] [INFO] [1786780134.745900836] [attitude_scout_3]: [scout_3] Landed — tilt correction stopped, yaw-hold pinned to current heading.
[attitude_controller-14] [INFO] [1786780134.748474577] [attitude_scout_3]: [scout_3] Landed — tilt correction stopped, yaw-hold pinned to current heading.
[attitude_controller-14] [INFO] [1786780134.753442499] [attitude_scout_3]: [scout_3] Landed — tilt correction stopped, yaw-hold pinned to current heading.
[attitude_controller-14] [INFO] [1786780134.784962578] [attitude_scout_3]: [scout_3] Landed — tilt correction stopped, yaw-hold pinned to current heading.
[attitude_controller-14] [INFO] [1786780134.829631905] [attitude_scout_3]: [scout_3] Landed — tilt correction stopped, yaw-hold pinned to current heading.
[attitude_controller-14] [INFO] [1786780134.831212103] [attitude_scout_3]: [scout_3] Landed — tilt correction stopped, yaw-hold pinned to current heading.
[attitude_controller-14] [INFO] [1786780134.845523907] [attitude_scout_3]: [scout_3] Landed — tilt correction stopped, yaw-hold pinned to current heading.
[attitude_controller-14] [INFO] [1786780134.857741282] [attitude_scout_3]: [scout_3] Landed — tilt correction stopped, yaw-hold pinned to current heading.
[attitude_controller-14] [INFO] [1786780134.869227782] [attitude_scout_3]: [scout_3] Landed — tilt correction stopped, yaw-hold pinned to current heading.
[attitude_controller-14] [INFO] [1786780134.871995119] [attitude_scout_3]: [scout_3] Landed — tilt correction stopped, yaw-hold pinned to current heading.
[attitude_controller-14] [INFO] [1786780134.894356112] [attitude_scout_3]: [scout_3] Landed — tilt correction stopped, yaw-hold pinned to current heading.
[attitude_controller-14] [INFO] [1786780134.909864833] [attitude_scout_3]: [scout_3] Landed — tilt correction stopped, yaw-hold pinned to current heading.
[attitude_controller-14] [INFO] [1786780134.920665994] [attitude_scout_3]: [scout_3] Landed — tilt correction stopped, yaw-hold pinned to current heading.
[attitude_controller-14] [INFO] [1786780134.922295638] [attitude_scout_3]: [scout_3] Landed — tilt correction stopped, yaw-hold pinned to current heading.
[attitude_controller-14] [INFO] [1786780134.924014608] [attitude_scout_3]: [scout_3] Landed — tilt correction stopped, yaw-hold pinned to current heading.
[attitude_controller-14] [INFO] [1786780134.935016978] [attitude_scout_3]: [scout_3] Landed — tilt correction stopped, yaw-hold pinned to current heading.
[attitude_controller-14] [INFO] [1786780134.971322767] [attitude_scout_3]: [scout_3] Landed — tilt correction stopped, yaw-hold pinned to current heading.
[attitude_controller-14] [INFO] [1786780134.996602091] [attitude_scout_3]: [scout_3] Landed — tilt correction stopped, yaw-hold pinned to current heading.
[attitude_controller-14] [INFO] [1786780134.998952413] [attitude_scout_3]: [scout_3] Landed — tilt correction stopped, yaw-hold pinned to current heading.
[attitude_controller-14] [INFO] [1786780135.023312784] [attitude_scout_3]: [scout_3] Landed — tilt correction stopped, yaw-hold pinned to current heading.
[attitude_controller-14] [INFO] [1786780135.028622014] [attitude_scout_3]: [scout_3] Landed — tilt correction stopped, yaw-hold pinned to current heading.
[attitude_controller-14] [INFO] [1786780135.030094658] [attitude_scout_3]: [scout_3] Landed — tilt correction stopped, yaw-hold pinned to current heading.
[attitude_controller-14] [INFO] [1786780135.031577779] [attitude_scout_3]: [scout_3] Landed — tilt correction stopped, yaw-hold pinned to current heading.
[attitude_controller-14] [INFO] [1786780135.036067367] [attitude_scout_3]: [scout_3] Landed — tilt correction stopped, yaw-hold pinned to current heading.
[attitude_controller-14] [INFO] [1786780135.037501879] [attitude_scout_3]: [scout_3] Landed — tilt correction stopped, yaw-hold pinned to current heading.
[attitude_controller-14] [INFO] [1786780135.051985210] [attitude_scout_3]: [scout_3] Landed — tilt correction stopped, yaw-hold pinned to current heading.
[attitude_controller-14] [INFO] [1786780135.074464932] [attitude_scout_3]: [scout_3] Landed — tilt correction stopped, yaw-hold pinned to current heading.
[attitude_controller-14] [INFO] [1786780135.088698934] [attitude_scout_3]: [scout_3] Landed — tilt correction stopped, yaw-hold pinned to current heading.
[attitude_controller-14] [INFO] [1786780135.092198193] [attitude_scout_3]: [scout_3] Landed — tilt correction stopped, yaw-hold pinned to current heading.
[attitude_controller-14] [INFO] [1786780135.093809120] [attitude_scout_3]: [scout_3] Landed — tilt correction stopped, yaw-hold pinned to current heading.
[attitude_controller-14] [INFO] [1786780135.095123717] [attitude_scout_3]: [scout_3] Landed — tilt correction stopped, yaw-hold pinned to current heading.
[attitude_controller-14] [INFO] [1786780135.158776371] [attitude_scout_3]: [scout_3] Landed — tilt correction stopped, yaw-hold pinned to current heading.
[attitude_controller-14] [INFO] [1786780135.160146211] [attitude_scout_3]: [scout_3] Landed — tilt correction stopped, yaw-hold pinned to current heading.
[attitude_controller-14] [INFO] [1786780135.241191866] [attitude_scout_3]: [scout_3] Landed — tilt correction stopped, yaw-hold pinned to current heading.
[attitude_controller-14] [INFO] [1786780135.267328824] [attitude_scout_3]: [scout_3] Landed — tilt correction stopped, yaw-hold pinned to current heading.
[attitude_controller-14] [INFO] [1786780135.281856364] [attitude_scout_3]: [scout_3] Landed — tilt correction stopped, yaw-hold pinned to current heading.
[attitude_controller-14] [INFO] [1786780135.283420638] [attitude_scout_3]: [scout_3] Landed — tilt correction stopped, yaw-hold pinned to current heading.
[attitude_controller-14] [INFO] [1786780135.285076263] [attitude_scout_3]: [scout_3] Landed — tilt correction stopped, yaw-hold pinned to current heading.
[attitude_controller-14] [INFO] [1786780135.291354452] [attitude_scout_3]: [scout_3] Landed — tilt correction stopped, yaw-hold pinned to current heading.
[attitude_controller-14] [INFO] [1786780135.293137884] [attitude_scout_3]: [scout_3] Landed — tilt correction stopped, yaw-hold pinned to current heading.
[attitude_controller-14] [INFO] [1786780135.294582453] [attitude_scout_3]: [scout_3] Landed — tilt correction stopped, yaw-hold pinned to current heading.
[attitude_controller-14] [INFO] [1786780135.329880871] [attitude_scout_3]: [scout_3] Landed — tilt correction stopped, yaw-hold pinned to current heading.
[attitude_controller-14] [INFO] [1786780135.340084552] [attitude_scout_3]: [scout_3] Landed — tilt correction stopped, yaw-hold pinned to current heading.
[landing_controller-11] [INFO] [1786780135.363616412] [landing_scout_2]: [scout_2] 📏 CALIBSERIES t=14.5s v=0.16195 m/s (vx=0.07157 vy=-0.14427 vz=-0.01706)
[attitude_controller-14] [INFO] [1786780135.422580223] [attitude_scout_3]: [scout_3] Landed — tilt correction stopped, yaw-hold pinned to current heading.
[attitude_controller-14] [INFO] [1786780135.443923789] [attitude_scout_3]: [scout_3] Landed — tilt correction stopped, yaw-hold pinned to current heading.
[attitude_controller-14] [INFO] [1786780135.453201742] [attitude_scout_3]: [scout_3] Landed — tilt correction stopped, yaw-hold pinned to current heading.
[attitude_controller-14] [INFO] [1786780135.518566242] [attitude_scout_3]: [scout_3] Landed — tilt correction stopped, yaw-hold pinned to current heading.
[attitude_controller-14] [INFO] [1786780135.519998100] [attitude_scout_3]: [scout_3] Landed — tilt correction stopped, yaw-hold pinned to current heading.
[attitude_controller-14] [INFO] [1786780135.530014819] [attitude_scout_3]: [scout_3] Landed — tilt correction stopped, yaw-hold pinned to current heading.
[attitude_controller-14] [INFO] [1786780135.531351764] [attitude_scout_3]: [scout_3] Landed — tilt correction stopped, yaw-hold pinned to current heading.
[attitude_controller-14] [INFO] [1786780135.568512603] [attitude_scout_3]: [scout_3] Landed — tilt correction stopped, yaw-hold pinned to current heading.
[attitude_controller-14] [INFO] [1786780135.579127292] [attitude_scout_3]: [scout_3] Landed — tilt correction stopped, yaw-hold pinned to current heading.
[attitude_controller-14] [INFO] [1786780135.610488346] [attitude_scout_3]: [scout_3] Landed — tilt correction stopped, yaw-hold pinned to current heading.
[attitude_controller-14] [INFO] [1786780135.652946821] [attitude_scout_3]: [scout_3] Landed — tilt correction stopped, yaw-hold pinned to current heading.
[attitude_controller-14] [INFO] [1786780135.695902697] [attitude_scout_3]: [scout_3] Landed — tilt correction stopped, yaw-hold pinned to current heading.
[attitude_controller-14] [INFO] [1786780135.699353976] [attitude_scout_3]: [scout_3] Landed — tilt correction stopped, yaw-hold pinned to current heading.
[attitude_controller-14] [INFO] [1786780135.715520588] [attitude_scout_3]: [scout_3] Landed — tilt correction stopped, yaw-hold pinned to current heading.
[attitude_controller-14] [INFO] [1786780135.729154037] [attitude_scout_3]: [scout_3] Landed — tilt correction stopped, yaw-hold pinned to current heading.
[attitude_controller-14] [INFO] [1786780135.730331748] [attitude_scout_3]: [scout_3] Landed — tilt correction stopped, yaw-hold pinned to current heading.
[attitude_controller-14] [INFO] [1786780135.731726032] [attitude_scout_3]: [scout_3] Landed — tilt correction stopped, yaw-hold pinned to current heading.
[attitude_controller-14] [INFO] [1786780135.737039731] [attitude_scout_3]: [scout_3] Landed — tilt correction stopped, yaw-hold pinned to current heading.
[attitude_controller-14] [INFO] [1786780135.738403845] [attitude_scout_3]: [scout_3] Landed — tilt correction stopped, yaw-hold pinned to current heading.
[attitude_controller-14] [INFO] [1786780135.739754968] [attitude_scout_3]: [scout_3] Landed — tilt correction stopped, yaw-hold pinned to current heading.
[attitude_controller-14] [INFO] [1786780135.741048822] [attitude_scout_3]: [scout_3] Landed — tilt correction stopped, yaw-hold pinned to current heading.
[attitude_controller-14] [INFO] [1786780135.789048466] [attitude_scout_3]: [scout_3] Landed — tilt correction stopped, yaw-hold pinned to current heading.
[attitude_controller-14] [INFO] [1786780135.790482908] [attitude_scout_3]: [scout_3] Landed — tilt correction stopped, yaw-hold pinned to current heading.
[attitude_controller-14] [INFO] [1786780135.792157669] [attitude_scout_3]: [scout_3] Landed — tilt correction stopped, yaw-hold pinned to current heading.
[attitude_controller-14] [INFO] [1786780135.855069391] [attitude_scout_3]: [scout_3] Landed — tilt correction stopped, yaw-hold pinned to current heading.
[attitude_controller-14] [INFO] [1786780135.856652662] [attitude_scout_3]: [scout_3] Landed — tilt correction stopped, yaw-hold pinned to current heading.
[attitude_controller-14] [INFO] [1786780135.859044818] [attitude_scout_3]: [scout_3] Landed — tilt correction stopped, yaw-hold pinned to current heading.
[attitude_controller-14] [INFO] [1786780135.860310248] [attitude_scout_3]: [scout_3] Landed — tilt correction stopped, yaw-hold pinned to current heading.
[attitude_controller-14] [INFO] [1786780135.931648085] [attitude_scout_3]: [scout_3] Landed — tilt correction stopped, yaw-hold pinned to current heading.
[attitude_controller-14] [INFO] [1786780135.933065766] [attitude_scout_3]: [scout_3] Landed — tilt correction stopped, yaw-hold pinned to current heading.
[attitude_controller-14] [INFO] [1786780135.935080158] [attitude_scout_3]: [scout_3] Landed — tilt correction stopped, yaw-hold pinned to current heading.
[attitude_controller-14] [INFO] [1786780135.936494137] [attitude_scout_3]: [scout_3] Landed — tilt correction stopped, yaw-hold pinned to current heading.
[attitude_controller-14] [INFO] [1786780135.937922433] [attitude_scout_3]: [scout_3] Landed — tilt correction stopped, yaw-hold pinned to current heading.
[attitude_controller-14] [INFO] [1786780135.939264407] [attitude_scout_3]: [scout_3] Landed — tilt correction stopped, yaw-hold pinned to current heading.
[attitude_controller-14] [INFO] [1786780135.975410123] [attitude_scout_3]: [scout_3] Landed — tilt correction stopped, yaw-hold pinned to current heading.
[attitude_controller-14] [INFO] [1786780135.995586803] [attitude_scout_3]: [scout_3] Landed — tilt correction stopped, yaw-hold pinned to current heading.
[attitude_controller-14] [INFO] [1786780136.010080820] [attitude_scout_3]: [scout_3] Landed — tilt correction stopped, yaw-hold pinned to current heading.
[attitude_controller-14] [INFO] [1786780136.011799929] [attitude_scout_3]: [scout_3] Landed — tilt correction stopped, yaw-hold pinned to current heading.
[attitude_controller-14] [INFO] [1786780136.016299505] [attitude_scout_3]: [scout_3] Landed — tilt correction stopped, yaw-hold pinned to current heading.
[attitude_controller-14] [INFO] [1786780136.017847228] [attitude_scout_3]: [scout_3] Landed — tilt correction stopped, yaw-hold pinned to current heading.
[attitude_controller-14] [INFO] [1786780136.024441163] [attitude_scout_3]: [scout_3] Landed — tilt correction stopped, yaw-hold pinned to current heading.
[attitude_controller-14] [INFO] [1786780136.026112362] [attitude_scout_3]: [scout_3] Landed — tilt correction stopped, yaw-hold pinned to current heading.
[attitude_controller-14] [INFO] [1786780136.197676690] [attitude_scout_3]: [scout_3] Landed — tilt correction stopped, yaw-hold pinned to current heading.
[attitude_controller-14] [INFO] [1786780136.199290061] [attitude_scout_3]: [scout_3] Landed — tilt correction stopped, yaw-hold pinned to current heading.
[attitude_controller-14] [INFO] [1786780136.208201774] [attitude_scout_3]: [scout_3] Landed — tilt correction stopped, yaw-hold pinned to current heading.
[attitude_controller-14] [INFO] [1786780136.210871963] [attitude_scout_3]: [scout_3] Landed — tilt correction stopped, yaw-hold pinned to current heading.
[attitude_controller-14] [INFO] [1786780136.274018069] [attitude_scout_3]: [scout_3] Landed — tilt correction stopped, yaw-hold pinned to current heading.
[attitude_controller-14] [INFO] [1786780136.291272438] [attitude_scout_3]: [scout_3] Landed — tilt correction stopped, yaw-hold pinned to current heading.
[attitude_controller-14] [INFO] [1786780136.292833709] [attitude_scout_3]: [scout_3] Landed — tilt correction stopped, yaw-hold pinned to current heading.
[attitude_controller-14] [INFO] [1786780136.315930606] [attitude_scout_3]: [scout_3] Landed — tilt correction stopped, yaw-hold pinned to current heading.
[attitude_controller-14] [INFO] [1786780136.317405276] [attitude_scout_3]: [scout_3] Landed — tilt correction stopped, yaw-hold pinned to current heading.
[attitude_controller-14] [INFO] [1786780136.318741104] [attitude_scout_3]: [scout_3] Landed — tilt correction stopped, yaw-hold pinned to current heading.
[attitude_controller-14] [INFO] [1786780136.321890185] [attitude_scout_3]: [scout_3] Landed — tilt correction stopped, yaw-hold pinned to current heading.
[attitude_controller-14] [INFO] [1786780136.349166722] [attitude_scout_3]: [scout_3] Landed — tilt correction stopped, yaw-hold pinned to current heading.
[attitude_controller-14] [INFO] [1786780136.370282051] [attitude_scout_3]: [scout_3] Landed — tilt correction stopped, yaw-hold pinned to current heading.
[attitude_controller-14] [INFO] [1786780136.388158833] [attitude_scout_3]: [scout_3] Landed — tilt correction stopped, yaw-hold pinned to current heading.
[attitude_controller-14] [INFO] [1786780136.400174301] [attitude_scout_3]: [scout_3] Landed — tilt correction stopped, yaw-hold pinned to current heading.
[attitude_controller-14] [INFO] [1786780136.487406935] [attitude_scout_3]: [scout_3] Landed — tilt correction stopped, yaw-hold pinned to current heading.
[attitude_controller-14] [INFO] [1786780136.498143355] [attitude_scout_3]: [scout_3] Landed — tilt correction stopped, yaw-hold pinned to current heading.
[attitude_controller-14] [INFO] [1786780136.499923155] [attitude_scout_3]: [scout_3] Landed — tilt correction stopped, yaw-hold pinned to current heading.
[attitude_controller-14] [INFO] [1786780136.501842635] [attitude_scout_3]: [scout_3] Landed — tilt correction stopped, yaw-hold pinned to current heading.
[attitude_controller-14] [INFO] [1786780136.503791797] [attitude_scout_3]: [scout_3] Landed — tilt correction stopped, yaw-hold pinned to current heading.
[attitude_controller-14] [INFO] [1786780136.505216532] [attitude_scout_3]: [scout_3] Landed — tilt correction stopped, yaw-hold pinned to current heading.
[attitude_controller-14] [INFO] [1786780136.506839192] [attitude_scout_3]: [scout_3] Landed — tilt correction stopped, yaw-hold pinned to current heading.
[attitude_controller-14] [INFO] [1786780136.514152898] [attitude_scout_3]: [scout_3] Landed — tilt correction stopped, yaw-hold pinned to current heading.
[attitude_controller-14] [INFO] [1786780136.546488428] [attitude_scout_3]: [scout_3] Landed — tilt correction stopped, yaw-hold pinned to current heading.
[attitude_controller-14] [INFO] [1786780136.549021731] [attitude_scout_3]: [scout_3] Landed — tilt correction stopped, yaw-hold pinned to current heading.
[attitude_controller-14] [INFO] [1786780136.561996310] [attitude_scout_3]: [scout_3] Landed — tilt correction stopped, yaw-hold pinned to current heading.
[attitude_controller-14] [INFO] [1786780136.574353644] [attitude_scout_3]: [scout_3] Landed — tilt correction stopped, yaw-hold pinned to current heading.
[attitude_controller-14] [INFO] [1786780136.618565940] [attitude_scout_3]: [scout_3] Landed — tilt correction stopped, yaw-hold pinned to current heading.
[attitude_controller-14] [INFO] [1786780136.624167730] [attitude_scout_3]: [scout_3] Landed — tilt correction stopped, yaw-hold pinned to current heading.
[attitude_controller-14] [INFO] [1786780136.641619327] [attitude_scout_3]: [scout_3] Landed — tilt correction stopped, yaw-hold pinned to current heading.
[attitude_controller-14] [INFO] [1786780136.654157686] [attitude_scout_3]: [scout_3] Landed — tilt correction stopped, yaw-hold pinned to current heading.
[attitude_controller-14] [INFO] [1786780136.666821408] [attitude_scout_3]: [scout_3] Landed — tilt correction stopped, yaw-hold pinned to current heading.
[attitude_controller-14] [INFO] [1786780136.680145536] [attitude_scout_3]: [scout_3] Landed — tilt correction stopped, yaw-hold pinned to current heading.
[attitude_controller-14] [INFO] [1786780136.681597089] [attitude_scout_3]: [scout_3] Landed — tilt correction stopped, yaw-hold pinned to current heading.
[attitude_controller-14] [INFO] [1786780136.684244720] [attitude_scout_3]: [scout_3] Landed — tilt correction stopped, yaw-hold pinned to current heading.
[attitude_controller-14] [INFO] [1786780136.685969068] [attitude_scout_3]: [scout_3] Landed — tilt correction stopped, yaw-hold pinned to current heading.
[attitude_controller-14] [INFO] [1786780136.687716951] [attitude_scout_3]: [scout_3] Landed — tilt correction stopped, yaw-hold pinned to current heading.
[attitude_controller-14] [INFO] [1786780136.689479291] [attitude_scout_3]: [scout_3] Landed — tilt correction stopped, yaw-hold pinned to current heading.
[attitude_controller-14] [INFO] [1786780136.691085470] [attitude_scout_3]: [scout_3] Landed — tilt correction stopped, yaw-hold pinned to current heading.
[attitude_controller-14] [INFO] [1786780136.692694023] [attitude_scout_3]: [scout_3] Landed — tilt correction stopped, yaw-hold pinned to current heading.
[attitude_controller-14] [INFO] [1786780136.694495892] [attitude_scout_3]: [scout_3] Landed — tilt correction stopped, yaw-hold pinned to current heading.
[attitude_controller-14] [INFO] [1786780136.787304126] [attitude_scout_3]: [scout_3] Landed — tilt correction stopped, yaw-hold pinned to current heading.
[attitude_controller-14] [INFO] [1786780136.788940754] [attitude_scout_3]: [scout_3] Landed — tilt correction stopped, yaw-hold pinned to current heading.
[attitude_controller-14] [INFO] [1786780136.802685319] [attitude_scout_3]: [scout_3] Landed — tilt correction stopped, yaw-hold pinned to current heading.
[attitude_controller-14] [INFO] [1786780136.814166511] [attitude_scout_3]: [scout_3] Landed — tilt correction stopped, yaw-hold pinned to current heading.
[attitude_controller-14] [INFO] [1786780136.829497629] [attitude_scout_3]: [scout_3] Landed — tilt correction stopped, yaw-hold pinned to current heading.
[attitude_controller-14] [INFO] [1786780136.831243348] [attitude_scout_3]: [scout_3] Landed — tilt correction stopped, yaw-hold pinned to current heading.
[attitude_controller-14] [INFO] [1786780136.832888846] [attitude_scout_3]: [scout_3] Landed — tilt correction stopped, yaw-hold pinned to current heading.
[attitude_controller-14] [INFO] [1786780136.834838567] [attitude_scout_3]: [scout_3] Landed — tilt correction stopped, yaw-hold pinned to current heading.
[attitude_controller-14] [INFO] [1786780136.902324943] [attitude_scout_3]: [scout_3] Landed — tilt correction stopped, yaw-hold pinned to current heading.
[attitude_controller-14] [INFO] [1786780136.915567149] [attitude_scout_3]: [scout_3] Landed — tilt correction stopped, yaw-hold pinned to current heading.
[attitude_controller-14] [INFO] [1786780136.926145940] [attitude_scout_3]: [scout_3] Landed — tilt correction stopped, yaw-hold pinned to current heading.
[attitude_controller-14] [INFO] [1786780136.935934563] [attitude_scout_3]: [scout_3] Landed — tilt correction stopped, yaw-hold pinned to current heading.
[attitude_controller-14] [INFO] [1786780136.946877848] [attitude_scout_3]: [scout_3] Landed — tilt correction stopped, yaw-hold pinned to current heading.
[attitude_controller-14] [INFO] [1786780136.948429412] [attitude_scout_3]: [scout_3] Landed — tilt correction stopped, yaw-hold pinned to current heading.
[attitude_controller-14] [INFO] [1786780136.968798641] [attitude_scout_3]: [scout_3] Landed — tilt correction stopped, yaw-hold pinned to current heading.
[attitude_controller-14] [INFO] [1786780136.970179446] [attitude_scout_3]: [scout_3] Landed — tilt correction stopped, yaw-hold pinned to current heading.
[attitude_controller-14] [INFO] [1786780136.973863501] [attitude_scout_3]: [scout_3] Landed — tilt correction stopped, yaw-hold pinned to current heading.
[attitude_controller-14] [INFO] [1786780136.975299340] [attitude_scout_3]: [scout_3] Landed — tilt correction stopped, yaw-hold pinned to current heading.
[attitude_controller-14] [INFO] [1786780136.983471448] [attitude_scout_3]: [scout_3] Landed — tilt correction stopped, yaw-hold pinned to current heading.
[attitude_controller-14] [INFO] [1786780137.007586680] [attitude_scout_3]: [scout_3] Landed — tilt correction stopped, yaw-hold pinned to current heading.
[attitude_controller-14] [INFO] [1786780137.028904964] [attitude_scout_3]: [scout_3] Landed — tilt correction stopped, yaw-hold pinned to current heading.
[attitude_controller-14] [INFO] [1786780137.046686136] [attitude_scout_3]: [scout_3] Landed — tilt correction stopped, yaw-hold pinned to current heading.
[attitude_controller-14] [INFO] [1786780137.048102909] [attitude_scout_3]: [scout_3] Landed — tilt correction stopped, yaw-hold pinned to current heading.
[attitude_controller-14] [INFO] [1786780137.050137695] [attitude_scout_3]: [scout_3] Landed — tilt correction stopped, yaw-hold pinned to current heading.
[attitude_controller-14] [INFO] [1786780137.071481470] [attitude_scout_3]: [scout_3] Landed — tilt correction stopped, yaw-hold pinned to current heading.
[attitude_controller-14] [INFO] [1786780137.115218645] [attitude_scout_3]: [scout_3] Landed — tilt correction stopped, yaw-hold pinned to current heading.
[attitude_controller-14] [INFO] [1786780137.116831389] [attitude_scout_3]: [scout_3] Landed — tilt correction stopped, yaw-hold pinned to current heading.
[attitude_controller-14] [INFO] [1786780137.118580529] [attitude_scout_3]: [scout_3] Landed — tilt correction stopped, yaw-hold pinned to current heading.
[attitude_controller-14] [INFO] [1786780137.119913843] [attitude_scout_3]: [scout_3] Landed — tilt correction stopped, yaw-hold pinned to current heading.
[attitude_controller-14] [INFO] [1786780137.121215938] [attitude_scout_3]: [scout_3] Landed — tilt correction stopped, yaw-hold pinned to current heading.
[attitude_controller-14] [INFO] [1786780137.122337148] [attitude_scout_3]: [scout_3] Landed — tilt correction stopped, yaw-hold pinned to current heading.
[attitude_controller-14] [INFO] [1786780137.123503615] [attitude_scout_3]: [scout_3] Landed — tilt correction stopped, yaw-hold pinned to current heading.
[attitude_controller-14] [INFO] [1786780137.125017395] [attitude_scout_3]: [scout_3] Landed — tilt correction stopped, yaw-hold pinned to current heading.
[attitude_controller-14] [INFO] [1786780137.126642011] [attitude_scout_3]: [scout_3] Landed — tilt correction stopped, yaw-hold pinned to current heading.
[attitude_controller-14] [INFO] [1786780137.137135667] [attitude_scout_3]: [scout_3] Landed — tilt correction stopped, yaw-hold pinned to current heading.
[attitude_controller-14] [INFO] [1786780137.274894126] [attitude_scout_3]: [scout_3] Landed — tilt correction stopped, yaw-hold pinned to current heading.
[attitude_controller-14] [INFO] [1786780137.290834248] [attitude_scout_3]: [scout_3] Landed — tilt correction stopped, yaw-hold pinned to current heading.
[attitude_controller-14] [INFO] [1786780137.292770280] [attitude_scout_3]: [scout_3] Landed — tilt correction stopped, yaw-hold pinned to current heading.
[attitude_controller-14] [INFO] [1786780137.296876448] [attitude_scout_3]: [scout_3] Landed — tilt correction stopped, yaw-hold pinned to current heading.
[attitude_controller-14] [INFO] [1786780137.365021345] [attitude_scout_3]: [scout_3] Landed — tilt correction stopped, yaw-hold pinned to current heading.
[attitude_controller-14] [INFO] [1786780137.366681789] [attitude_scout_3]: [scout_3] Landed — tilt correction stopped, yaw-hold pinned to current heading.
[attitude_controller-14] [INFO] [1786780137.370563562] [attitude_scout_3]: [scout_3] Landed — tilt correction stopped, yaw-hold pinned to current heading.
[attitude_controller-14] [INFO] [1786780137.372175187] [attitude_scout_3]: [scout_3] Landed — tilt correction stopped, yaw-hold pinned to current heading.
[attitude_controller-14] [INFO] [1786780137.374229040] [attitude_scout_3]: [scout_3] Landed — tilt correction stopped, yaw-hold pinned to current heading.
[landing_controller-11] [INFO] [1786780137.394229235] [landing_scout_2]: [scout_2] 📏 CALIBSERIES t=16.5s v=0.12539 m/s (vx=-0.01922 vy=-0.11811 vz=0.03745)
[attitude_controller-14] [INFO] [1786780137.435535422] [attitude_scout_3]: [scout_3] Landed — tilt correction stopped, yaw-hold pinned to current heading.
[attitude_controller-14] [INFO] [1786780137.483095425] [attitude_scout_3]: [scout_3] Landed — tilt correction stopped, yaw-hold pinned to current heading.
[attitude_controller-14] [INFO] [1786780137.496346780] [attitude_scout_3]: [scout_3] Landed — tilt correction stopped, yaw-hold pinned to current heading.
[attitude_controller-14] [INFO] [1786780137.683691507] [attitude_scout_3]: [scout_3] Landed — tilt correction stopped, yaw-hold pinned to current heading.
[attitude_controller-14] [INFO] [1786780137.685211642] [attitude_scout_3]: [scout_3] Landed — tilt correction stopped, yaw-hold pinned to current heading.
[attitude_controller-14] [INFO] [1786780137.691060456] [attitude_scout_3]: [scout_3] Landed — tilt correction stopped, yaw-hold pinned to current heading.
[attitude_controller-14] [INFO] [1786780137.696568799] [attitude_scout_3]: [scout_3] Landed — tilt correction stopped, yaw-hold pinned to current heading.
[attitude_controller-14] [INFO] [1786780137.698767639] [attitude_scout_3]: [scout_3] Landed — tilt correction stopped, yaw-hold pinned to current heading.
[attitude_controller-14] [INFO] [1786780137.700157034] [attitude_scout_3]: [scout_3] Landed — tilt correction stopped, yaw-hold pinned to current heading.
[attitude_controller-14] [INFO] [1786780137.704181839] [attitude_scout_3]: [scout_3] Landed — tilt correction stopped, yaw-hold pinned to current heading.
[attitude_controller-14] [INFO] [1786780137.730141125] [attitude_scout_3]: [scout_3] Landed — tilt correction stopped, yaw-hold pinned to current heading.
[attitude_controller-14] [INFO] [1786780137.749738064] [attitude_scout_3]: [scout_3] Landed — tilt correction stopped, yaw-hold pinned to current heading.
[attitude_controller-14] [INFO] [1786780137.769608427] [attitude_scout_3]: [scout_3] Landed — tilt correction stopped, yaw-hold pinned to current heading.
[attitude_controller-14] [INFO] [1786780137.811774554] [attitude_scout_3]: [scout_3] Landed — tilt correction stopped, yaw-hold pinned to current heading.
[attitude_controller-14] [INFO] [1786780137.813356777] [attitude_scout_3]: [scout_3] Landed — tilt correction stopped, yaw-hold pinned to current heading.
[attitude_controller-14] [INFO] [1786780137.814936765] [attitude_scout_3]: [scout_3] Landed — tilt correction stopped, yaw-hold pinned to current heading.
[attitude_controller-14] [INFO] [1786780137.817781764] [attitude_scout_3]: [scout_3] Landed — tilt correction stopped, yaw-hold pinned to current heading.
[attitude_controller-14] [INFO] [1786780137.839287708] [attitude_scout_3]: [scout_3] Landed — tilt correction stopped, yaw-hold pinned to current heading.
[attitude_controller-14] [INFO] [1786780137.840826491] [attitude_scout_3]: [scout_3] Landed — tilt correction stopped, yaw-hold pinned to current heading.
[attitude_controller-14] [INFO] [1786780137.842316455] [attitude_scout_3]: [scout_3] Landed — tilt correction stopped, yaw-hold pinned to current heading.
[attitude_controller-14] [INFO] [1786780137.843843575] [attitude_scout_3]: [scout_3] Landed — tilt correction stopped, yaw-hold pinned to current heading.
[attitude_controller-14] [INFO] [1786780137.845310213] [attitude_scout_3]: [scout_3] Landed — tilt correction stopped, yaw-hold pinned to current heading.
[attitude_controller-14] [INFO] [1786780137.846782229] [attitude_scout_3]: [scout_3] Landed — tilt correction stopped, yaw-hold pinned to current heading.
[attitude_controller-14] [INFO] [1786780137.923125634] [attitude_scout_3]: [scout_3] Landed — tilt correction stopped, yaw-hold pinned to current heading.
[attitude_controller-14] [INFO] [1786780137.924203124] [attitude_scout_3]: [scout_3] Landed — tilt correction stopped, yaw-hold pinned to current heading.
[attitude_controller-14] [INFO] [1786780137.938664944] [attitude_scout_3]: [scout_3] Landed — tilt correction stopped, yaw-hold pinned to current heading.
[attitude_controller-14] [INFO] [1786780137.949549076] [attitude_scout_3]: [scout_3] Landed — tilt correction stopped, yaw-hold pinned to current heading.
[attitude_controller-14] [INFO] [1786780138.048967029] [attitude_scout_3]: [scout_3] Landed — tilt correction stopped, yaw-hold pinned to current heading.
[attitude_controller-14] [INFO] [1786780138.050550719] [attitude_scout_3]: [scout_3] Landed — tilt correction stopped, yaw-hold pinned to current heading.
[attitude_controller-14] [INFO] [1786780138.058756211] [attitude_scout_3]: [scout_3] Landed — tilt correction stopped, yaw-hold pinned to current heading.
[attitude_controller-14] [INFO] [1786780138.085881544] [attitude_scout_3]: [scout_3] Landed — tilt correction stopped, yaw-hold pinned to current heading.
[attitude_controller-14] [INFO] [1786780138.097597329] [attitude_scout_3]: [scout_3] Landed — tilt correction stopped, yaw-hold pinned to current heading.
[attitude_controller-14] [INFO] [1786780138.107737456] [attitude_scout_3]: [scout_3] Landed — tilt correction stopped, yaw-hold pinned to current heading.
[attitude_controller-14] [INFO] [1786780138.109220297] [attitude_scout_3]: [scout_3] Landed — tilt correction stopped, yaw-hold pinned to current heading.
[attitude_controller-14] [INFO] [1786780138.110668707] [attitude_scout_3]: [scout_3] Landed — tilt correction stopped, yaw-hold pinned to current heading.
[attitude_controller-14] [INFO] [1786780138.189470896] [attitude_scout_3]: [scout_3] Landed — tilt correction stopped, yaw-hold pinned to current heading.
[attitude_controller-14] [INFO] [1786780138.191106477] [attitude_scout_3]: [scout_3] Landed — tilt correction stopped, yaw-hold pinned to current heading.
[attitude_controller-14] [INFO] [1786780138.194560620] [attitude_scout_3]: [scout_3] Landed — tilt correction stopped, yaw-hold pinned to current heading.
[attitude_controller-14] [INFO] [1786780138.196739765] [attitude_scout_3]: [scout_3] Landed — tilt correction stopped, yaw-hold pinned to current heading.
[attitude_controller-14] [INFO] [1786780138.204608558] [attitude_scout_3]: [scout_3] Landed — tilt correction stopped, yaw-hold pinned to current heading.
[attitude_controller-14] [INFO] [1786780138.207765461] [attitude_scout_3]: [scout_3] Landed — tilt correction stopped, yaw-hold pinned to current heading.
[attitude_controller-14] [INFO] [1786780138.212280891] [attitude_scout_3]: [scout_3] Landed — tilt correction stopped, yaw-hold pinned to current heading.
[attitude_controller-14] [INFO] [1786780138.214140030] [attitude_scout_3]: [scout_3] Landed — tilt correction stopped, yaw-hold pinned to current heading.
[attitude_controller-14] [INFO] [1786780138.217725960] [attitude_scout_3]: [scout_3] Landed — tilt correction stopped, yaw-hold pinned to current heading.
[attitude_controller-14] [INFO] [1786780138.255216305] [attitude_scout_3]: [scout_3] Landed — tilt correction stopped, yaw-hold pinned to current heading.
[attitude_controller-14] [INFO] [1786780138.275216221] [attitude_scout_3]: [scout_3] Landed — tilt correction stopped, yaw-hold pinned to current heading.
[attitude_controller-14] [INFO] [1786780138.276847751] [attitude_scout_3]: [scout_3] Landed — tilt correction stopped, yaw-hold pinned to current heading.
[attitude_controller-14] [INFO] [1786780138.283123356] [attitude_scout_3]: [scout_3] Landed — tilt correction stopped, yaw-hold pinned to current heading.
[attitude_controller-14] [INFO] [1786780138.285300895] [attitude_scout_3]: [scout_3] Landed — tilt correction stopped, yaw-hold pinned to current heading.
[attitude_controller-14] [INFO] [1786780138.287145227] [attitude_scout_3]: [scout_3] Landed — tilt correction stopped, yaw-hold pinned to current heading.
[attitude_controller-14] [INFO] [1786780138.288670670] [attitude_scout_3]: [scout_3] Landed — tilt correction stopped, yaw-hold pinned to current heading.
[attitude_controller-14] [INFO] [1786780138.290197720] [attitude_scout_3]: [scout_3] Landed — tilt correction stopped, yaw-hold pinned to current heading.
[attitude_controller-14] [INFO] [1786780138.292914353] [attitude_scout_3]: [scout_3] Landed — tilt correction stopped, yaw-hold pinned to current heading.
[attitude_controller-14] [INFO] [1786780138.434841697] [attitude_scout_3]: [scout_3] Landed — tilt correction stopped, yaw-hold pinned to current heading.
[attitude_controller-14] [INFO] [1786780138.479760913] [attitude_scout_3]: [scout_3] Landed — tilt correction stopped, yaw-hold pinned to current heading.
[attitude_controller-14] [INFO] [1786780138.488794147] [attitude_scout_3]: [scout_3] Landed — tilt correction stopped, yaw-hold pinned to current heading.
[attitude_controller-14] [INFO] [1786780138.565226040] [attitude_scout_3]: [scout_3] Landed — tilt correction stopped, yaw-hold pinned to current heading.
[attitude_controller-14] [INFO] [1786780138.566354653] [attitude_scout_3]: [scout_3] Landed — tilt correction stopped, yaw-hold pinned to current heading.
[attitude_controller-14] [INFO] [1786780138.567967466] [attitude_scout_3]: [scout_3] Landed — tilt correction stopped, yaw-hold pinned to current heading.
[attitude_controller-14] [INFO] [1786780138.586485728] [attitude_scout_3]: [scout_3] Landed — tilt correction stopped, yaw-hold pinned to current heading.
[attitude_controller-14] [INFO] [1786780138.599124797] [attitude_scout_3]: [scout_3] Landed — tilt correction stopped, yaw-hold pinned to current heading.
[attitude_controller-14] [INFO] [1786780138.616893258] [attitude_scout_3]: [scout_3] Landed — tilt correction stopped, yaw-hold pinned to current heading.
[attitude_controller-14] [INFO] [1786780138.627658382] [attitude_scout_3]: [scout_3] Landed — tilt correction stopped, yaw-hold pinned to current heading.
[attitude_controller-14] [INFO] [1786780138.641456305] [attitude_scout_3]: [scout_3] Landed — tilt correction stopped, yaw-hold pinned to current heading.
[attitude_controller-14] [INFO] [1786780138.676616441] [attitude_scout_3]: [scout_3] Landed — tilt correction stopped, yaw-hold pinned to current heading.
[attitude_controller-14] [INFO] [1786780138.679130887] [attitude_scout_3]: [scout_3] Landed — tilt correction stopped, yaw-hold pinned to current heading.
[attitude_controller-14] [INFO] [1786780138.681033187] [attitude_scout_3]: [scout_3] Landed — tilt correction stopped, yaw-hold pinned to current heading.
[attitude_controller-14] [INFO] [1786780138.682681478] [attitude_scout_3]: [scout_3] Landed — tilt correction stopped, yaw-hold pinned to current heading.
[attitude_controller-14] [INFO] [1786780138.684269848] [attitude_scout_3]: [scout_3] Landed — tilt correction stopped, yaw-hold pinned to current heading.
[attitude_controller-14] [INFO] [1786780138.694956262] [attitude_scout_3]: [scout_3] Landed — tilt correction stopped, yaw-hold pinned to current heading.
[attitude_controller-14] [INFO] [1786780138.696354317] [attitude_scout_3]: [scout_3] Landed — tilt correction stopped, yaw-hold pinned to current heading.
[attitude_controller-14] [INFO] [1786780138.697909373] [attitude_scout_3]: [scout_3] Landed — tilt correction stopped, yaw-hold pinned to current heading.
[attitude_controller-14] [INFO] [1786780138.699631067] [attitude_scout_3]: [scout_3] Landed — tilt correction stopped, yaw-hold pinned to current heading.
[attitude_controller-14] [INFO] [1786780138.701432657] [attitude_scout_3]: [scout_3] Landed — tilt correction stopped, yaw-hold pinned to current heading.
[attitude_controller-14] [INFO] [1786780138.703094288] [attitude_scout_3]: [scout_3] Landed — tilt correction stopped, yaw-hold pinned to current heading.
[attitude_controller-14] [INFO] [1786780138.704538647] [attitude_scout_3]: [scout_3] Landed — tilt correction stopped, yaw-hold pinned to current heading.
[attitude_controller-14] [INFO] [1786780138.789432623] [attitude_scout_3]: [scout_3] Landed — tilt correction stopped, yaw-hold pinned to current heading.
[attitude_controller-14] [INFO] [1786780138.800719102] [attitude_scout_3]: [scout_3] Landed — tilt correction stopped, yaw-hold pinned to current heading.
[attitude_controller-14] [INFO] [1786780138.812433630] [attitude_scout_3]: [scout_3] Landed — tilt correction stopped, yaw-hold pinned to current heading.
[attitude_controller-14] [INFO] [1786780138.813988756] [attitude_scout_3]: [scout_3] Landed — tilt correction stopped, yaw-hold pinned to current heading.
[attitude_controller-14] [INFO] [1786780138.815823171] [attitude_scout_3]: [scout_3] Landed — tilt correction stopped, yaw-hold pinned to current heading.
[attitude_controller-14] [INFO] [1786780138.817422016] [attitude_scout_3]: [scout_3] Landed — tilt correction stopped, yaw-hold pinned to current heading.
[attitude_controller-14] [INFO] [1786780138.818952348] [attitude_scout_3]: [scout_3] Landed — tilt correction stopped, yaw-hold pinned to current heading.
[attitude_controller-14] [INFO] [1786780138.820539320] [attitude_scout_3]: [scout_3] Landed — tilt correction stopped, yaw-hold pinned to current heading.
[attitude_controller-14] [INFO] [1786780138.822194806] [attitude_scout_3]: [scout_3] Landed — tilt correction stopped, yaw-hold pinned to current heading.
[attitude_controller-14] [INFO] [1786780138.823786248] [attitude_scout_3]: [scout_3] Landed — tilt correction stopped, yaw-hold pinned to current heading.
[attitude_controller-14] [INFO] [1786780138.897966572] [attitude_scout_3]: [scout_3] Landed — tilt correction stopped, yaw-hold pinned to current heading.
[attitude_controller-14] [INFO] [1786780138.910905044] [attitude_scout_3]: [scout_3] Landed — tilt correction stopped, yaw-hold pinned to current heading.
[attitude_controller-14] [INFO] [1786780138.974503434] [attitude_scout_3]: [scout_3] Landed — tilt correction stopped, yaw-hold pinned to current heading.
[attitude_controller-14] [INFO] [1786780138.976121694] [attitude_scout_3]: [scout_3] Landed — tilt correction stopped, yaw-hold pinned to current heading.
[attitude_controller-14] [INFO] [1786780138.977870346] [attitude_scout_3]: [scout_3] Landed — tilt correction stopped, yaw-hold pinned to current heading.
[attitude_controller-14] [INFO] [1786780139.051423857] [attitude_scout_3]: [scout_3] Landed — tilt correction stopped, yaw-hold pinned to current heading.
[attitude_controller-14] [INFO] [1786780139.071988569] [attitude_scout_3]: [scout_3] Landed — tilt correction stopped, yaw-hold pinned to current heading.
[attitude_controller-14] [INFO] [1786780139.140266932] [attitude_scout_3]: [scout_3] Landed — tilt correction stopped, yaw-hold pinned to current heading.
[attitude_controller-14] [INFO] [1786780139.149861888] [attitude_scout_3]: [scout_3] Landed — tilt correction stopped, yaw-hold pinned to current heading.
[landing_controller-11] [INFO] [1786780139.160730725] [landing_scout_2]: [scout_2] Landing controller state: FLIGHT
[attitude_controller-14] [INFO] [1786780139.164144220] [attitude_scout_3]: [scout_3] Landed — tilt correction stopped, yaw-hold pinned to current heading.
[attitude_controller-14] [INFO] [1786780139.180546752] [attitude_scout_3]: [scout_3] Landed — tilt correction stopped, yaw-hold pinned to current heading.
[landing_controller-15] [INFO] [1786780139.190658594] [landing_scout_3]: [scout_3] Landing controller state: LANDED
[attitude_controller-14] [INFO] [1786780139.192961845] [attitude_scout_3]: [scout_3] Landed — tilt correction stopped, yaw-hold pinned to current heading.
[landing_controller-7] [INFO] [1786780139.194640377] [landing_scout_1]: [scout_1] Landing controller state: FLIGHT
[attitude_controller-14] [INFO] [1786780139.204444015] [attitude_scout_3]: [scout_3] Landed — tilt correction stopped, yaw-hold pinned to current heading.
[attitude_controller-14] [INFO] [1786780139.206048936] [attitude_scout_3]: [scout_3] Landed — tilt correction stopped, yaw-hold pinned to current heading.
[attitude_controller-14] [INFO] [1786780139.208779258] [attitude_scout_3]: [scout_3] Landed — tilt correction stopped, yaw-hold pinned to current heading.
[attitude_controller-14] [INFO] [1786780139.211567547] [attitude_scout_3]: [scout_3] Landed — tilt correction stopped, yaw-hold pinned to current heading.
[attitude_controller-14] [INFO] [1786780139.213204036] [attitude_scout_3]: [scout_3] Landed — tilt correction stopped, yaw-hold pinned to current heading.
[attitude_controller-14] [INFO] [1786780139.269059694] [attitude_scout_3]: [scout_3] Landed — tilt correction stopped, yaw-hold pinned to current heading.
[attitude_controller-14] [INFO] [1786780139.270804295] [attitude_scout_3]: [scout_3] Landed — tilt correction stopped, yaw-hold pinned to current heading.
[attitude_controller-14] [INFO] [1786780139.295111937] [attitude_scout_3]: [scout_3] Landed — tilt correction stopped, yaw-hold pinned to current heading.
[attitude_controller-14] [INFO] [1786780139.296314231] [attitude_scout_3]: [scout_3] Landed — tilt correction stopped, yaw-hold pinned to current heading.
[attitude_controller-14] [INFO] [1786780139.299024648] [attitude_scout_3]: [scout_3] Landed — tilt correction stopped, yaw-hold pinned to current heading.
[attitude_controller-14] [INFO] [1786780139.300522994] [attitude_scout_3]: [scout_3] Landed — tilt correction stopped, yaw-hold pinned to current heading.
[attitude_controller-14] [INFO] [1786780139.313156126] [attitude_scout_3]: [scout_3] Landed — tilt correction stopped, yaw-hold pinned to current heading.
[attitude_controller-14] [INFO] [1786780139.324662601] [attitude_scout_3]: [scout_3] Landed — tilt correction stopped, yaw-hold pinned to current heading.
[attitude_controller-14] [INFO] [1786780139.336966857] [attitude_scout_3]: [scout_3] Landed — tilt correction stopped, yaw-hold pinned to current heading.
[landing_controller-11] [INFO] [1786780139.430212919] [landing_scout_2]: [scout_2] 📏 CALIBSERIES t=18.5s v=0.13672 m/s (vx=-0.08289 vy=-0.08320 vz=0.07001)
[attitude_controller-14] [INFO] [1786780139.450256485] [attitude_scout_3]: [scout_3] Landed — tilt correction stopped, yaw-hold pinned to current heading.
[attitude_controller-14] [INFO] [1786780139.452862632] [attitude_scout_3]: [scout_3] Landed — tilt correction stopped, yaw-hold pinned to current heading.
[attitude_controller-14] [INFO] [1786780139.500341062] [attitude_scout_3]: [scout_3] Landed — tilt correction stopped, yaw-hold pinned to current heading.
[attitude_controller-14] [INFO] [1786780139.502385835] [attitude_scout_3]: [scout_3] Landed — tilt correction stopped, yaw-hold pinned to current heading.
[attitude_controller-14] [INFO] [1786780139.508202452] [attitude_scout_3]: [scout_3] Landed — tilt correction stopped, yaw-hold pinned to current heading.
[attitude_controller-14] [INFO] [1786780139.582758096] [attitude_scout_3]: [scout_3] Landed — tilt correction stopped, yaw-hold pinned to current heading.
[attitude_controller-14] [INFO] [1786780139.595741895] [attitude_scout_3]: [scout_3] Landed — tilt correction stopped, yaw-hold pinned to current heading.
[landing_controller-15] [WARN] [1786780139.618685075] [landing_scout_3]: [scout_3] ⚠️ Liftoff detected while LANDED (v=0.040 m/s sustained) → back to FLIGHT
[landing_controller-15] [INFO] [1786780139.623754335] [landing_scout_3]: [scout_3] 🎯 Contact detected! accel=0.1278 m/s² → hands-off settle (no posture commands at contact)
[attitude_controller-14] [INFO] [1786780139.639345886] [attitude_scout_3]: [scout_3] Landed — tilt correction stopped, yaw-hold pinned to current heading.
[attitude_controller-14] [INFO] [1786780139.640452011] [attitude_scout_3]: [scout_3] Landed — tilt correction stopped, yaw-hold pinned to current heading.
[attitude_controller-14] [INFO] [1786780139.662703845] [attitude_scout_3]: [scout_3] Landed — tilt correction stopped, yaw-hold pinned to current heading.
[attitude_controller-14] [INFO] [1786780139.664033737] [attitude_scout_3]: [scout_3] Landed — tilt correction stopped, yaw-hold pinned to current heading.
[attitude_controller-14] [INFO] [1786780139.665385837] [attitude_scout_3]: [scout_3] Landed — tilt correction stopped, yaw-hold pinned to current heading.
[attitude_controller-14] [INFO] [1786780139.686413937] [attitude_scout_3]: [scout_3] Landed — tilt correction stopped, yaw-hold pinned to current heading.
[attitude_controller-14] [INFO] [1786780139.687953348] [attitude_scout_3]: [scout_3] Landed — tilt correction stopped, yaw-hold pinned to current heading.
[attitude_controller-14] [INFO] [1786780139.689427110] [attitude_scout_3]: [scout_3] Landed — tilt correction stopped, yaw-hold pinned to current heading.
[attitude_controller-14] [INFO] [1786780139.758929208] [attitude_scout_3]: [scout_3] Landed — tilt correction stopped, yaw-hold pinned to current heading.
[attitude_controller-14] [INFO] [1786780139.760333898] [attitude_scout_3]: [scout_3] Landed — tilt correction stopped, yaw-hold pinned to current heading.
[attitude_controller-14] [INFO] [1786780139.771940174] [attitude_scout_3]: [scout_3] Airborne (landed=False) — tilt correction armed.
[landing_controller-15] [INFO] [1786780140.131590168] [landing_scout_3]: [scout_3] ⚠️ Bounce detected (v=0.0701 m/s) → back to FLIGHT
[landing_controller-15] [INFO] [1786780140.176999731] [landing_scout_3]: [scout_3] 🎯 Contact detected! accel=0.2788 m/s² → hands-off settle (no posture commands at contact)
[landing_controller-15] [INFO] [1786780141.452293045] [landing_scout_3]: [scout_3] ⚠️ Bounce detected (v=0.0226 m/s) → back to FLIGHT
[landing_controller-11] [INFO] [1786780141.455002624] [landing_scout_2]: [scout_2] 📏 CALIBSERIES t=20.6s v=0.18619 m/s (vx=-0.00115 vy=-0.17719 vz=0.05718)
[landing_controller-11] [INFO] [1786780143.514004840] [landing_scout_2]: [scout_2] 📏 CALIBSERIES t=22.6s v=0.26296 m/s (vx=0.12115 vy=-0.23304 vz=0.01269)
[hopper_locomotion-13] [WARN] [1786780143.685498010] [loco_scout_3]: [scout_3] Ignoring jump command, currently not IDLE (state=1)
[landing_controller-7] [INFO] [1786780144.082732923] [landing_scout_1]: [scout_1] 🎯 Contact detected! accel=0.0952 m/s² → hands-off settle (no posture commands at contact)
[landing_controller-11] [INFO] [1786780144.157896666] [landing_scout_2]: [scout_2] Landing controller state: FLIGHT
[landing_controller-7] [INFO] [1786780144.190759839] [landing_scout_1]: [scout_1] Landing controller state: CONTACT
[landing_controller-15] [INFO] [1786780144.191634095] [landing_scout_3]: [scout_3] Landing controller state: FLIGHT
[attitude_controller-6] [INFO] [1786780144.230425000] [attitude_scout_1]: [scout_1] Contact — commanded-flight latch cleared (full attitude PD locked out until next ignition).
[hopper_locomotion-13] [INFO] [1786780144.522775657] [loco_scout_3]: 2. IGNITION (stroke fraction=0.90, ramp=4.0s)
[attitude_controller-14] [INFO] [1786780144.525198264] [attitude_scout_3]: [scout_3] Jump initiated. Flight mode active (tilt-PD held for stroke).
[landing_controller-15] [INFO] [1786780144.526726361] [landing_scout_3]: [scout_3] 🚀 Jump detected → FLIGHT mode (contact detection blanked 100 s for launch)
[landing_controller-15] [INFO] [1786780144.560139942] [landing_scout_3]: [scout_3] 📏 CALIBSERIES t=0.0s v=0.01604 m/s (vx=-0.00864 vy=0.00395 vz=0.01292)
[landing_controller-11] [INFO] [1786780145.536055696] [landing_scout_2]: [scout_2] 📏 CALIBSERIES t=24.6s v=0.25983 m/s (vx=0.18995 vy=-0.17119 vz=-0.04606)
[landing_controller-7] [INFO] [1786780145.639816581] [landing_scout_1]: [scout_1] ✅ LANDED — stable contact confirmed
[attitude_controller-6] [INFO] [1786780145.687503066] [attitude_scout_1]: [scout_1] Landed — tilt correction stopped, yaw-hold pinned to current heading.
[attitude_controller-6] [INFO] [1786780145.719221982] [attitude_scout_1]: [scout_1] Landed — tilt correction stopped, yaw-hold pinned to current heading.
[attitude_controller-6] [INFO] [1786780145.731784088] [attitude_scout_1]: [scout_1] Landed — tilt correction stopped, yaw-hold pinned to current heading.
[attitude_controller-6] [INFO] [1786780145.816731286] [attitude_scout_1]: [scout_1] Landed — tilt correction stopped, yaw-hold pinned to current heading.
[attitude_controller-6] [INFO] [1786780145.837534642] [attitude_scout_1]: [scout_1] Landed — tilt correction stopped, yaw-hold pinned to current heading.
[attitude_controller-6] [INFO] [1786780145.838909720] [attitude_scout_1]: [scout_1] Landed — tilt correction stopped, yaw-hold pinned to current heading.
[attitude_controller-6] [INFO] [1786780145.840650690] [attitude_scout_1]: [scout_1] Landed — tilt correction stopped, yaw-hold pinned to current heading.
[attitude_controller-6] [INFO] [1786780145.863696535] [attitude_scout_1]: [scout_1] Landed — tilt correction stopped, yaw-hold pinned to current heading.
[attitude_controller-6] [INFO] [1786780145.921579648] [attitude_scout_1]: [scout_1] Landed — tilt correction stopped, yaw-hold pinned to current heading.
[attitude_controller-6] [INFO] [1786780145.922958358] [attitude_scout_1]: [scout_1] Landed — tilt correction stopped, yaw-hold pinned to current heading.
[attitude_controller-6] [INFO] [1786780145.926589266] [attitude_scout_1]: [scout_1] Landed — tilt correction stopped, yaw-hold pinned to current heading.
[attitude_controller-6] [INFO] [1786780145.927911265] [attitude_scout_1]: [scout_1] Landed — tilt correction stopped, yaw-hold pinned to current heading.
[attitude_controller-6] [INFO] [1786780145.931347529] [attitude_scout_1]: [scout_1] Landed — tilt correction stopped, yaw-hold pinned to current heading.
[attitude_controller-6] [INFO] [1786780145.991335198] [attitude_scout_1]: [scout_1] Landed — tilt correction stopped, yaw-hold pinned to current heading.
[attitude_controller-6] [INFO] [1786780146.102358877] [attitude_scout_1]: [scout_1] Landed — tilt correction stopped, yaw-hold pinned to current heading.
[attitude_controller-6] [INFO] [1786780146.104940300] [attitude_scout_1]: [scout_1] Landed — tilt correction stopped, yaw-hold pinned to current heading.
[attitude_controller-6] [INFO] [1786780146.107495812] [attitude_scout_1]: [scout_1] Landed — tilt correction stopped, yaw-hold pinned to current heading.
[attitude_controller-6] [INFO] [1786780146.109027401] [attitude_scout_1]: [scout_1] Landed — tilt correction stopped, yaw-hold pinned to current heading.
[attitude_controller-6] [INFO] [1786780146.111473963] [attitude_scout_1]: [scout_1] Landed — tilt correction stopped, yaw-hold pinned to current heading.
[attitude_controller-6] [INFO] [1786780146.113361457] [attitude_scout_1]: [scout_1] Landed — tilt correction stopped, yaw-hold pinned to current heading.
[attitude_controller-6] [INFO] [1786780146.114382656] [attitude_scout_1]: [scout_1] Landed — tilt correction stopped, yaw-hold pinned to current heading.
[attitude_controller-6] [INFO] [1786780146.172050174] [attitude_scout_1]: [scout_1] Landed — tilt correction stopped, yaw-hold pinned to current heading.
[attitude_controller-6] [INFO] [1786780146.218858423] [attitude_scout_1]: [scout_1] Landed — tilt correction stopped, yaw-hold pinned to current heading.
[attitude_controller-6] [INFO] [1786780146.232708657] [attitude_scout_1]: [scout_1] Landed — tilt correction stopped, yaw-hold pinned to current heading.
[attitude_controller-6] [INFO] [1786780146.242471648] [attitude_scout_1]: [scout_1] Landed — tilt correction stopped, yaw-hold pinned to current heading.
[attitude_controller-6] [INFO] [1786780146.253268550] [attitude_scout_1]: [scout_1] Landed — tilt correction stopped, yaw-hold pinned to current heading.
[attitude_controller-6] [INFO] [1786780146.256437886] [attitude_scout_1]: [scout_1] Landed — tilt correction stopped, yaw-hold pinned to current heading.
[attitude_controller-6] [INFO] [1786780146.257935743] [attitude_scout_1]: [scout_1] Landed — tilt correction stopped, yaw-hold pinned to current heading.
[attitude_controller-6] [INFO] [1786780146.259538639] [attitude_scout_1]: [scout_1] Landed — tilt correction stopped, yaw-hold pinned to current heading.
[attitude_controller-6] [INFO] [1786780146.322617353] [attitude_scout_1]: [scout_1] Landed — tilt correction stopped, yaw-hold pinned to current heading.
[attitude_controller-6] [INFO] [1786780146.353766655] [attitude_scout_1]: [scout_1] Landed — tilt correction stopped, yaw-hold pinned to current heading.
[attitude_controller-6] [INFO] [1786780146.366990424] [attitude_scout_1]: [scout_1] Landed — tilt correction stopped, yaw-hold pinned to current heading.
[attitude_controller-6] [INFO] [1786780146.383705072] [attitude_scout_1]: [scout_1] Landed — tilt correction stopped, yaw-hold pinned to current heading.
[attitude_controller-6] [INFO] [1786780146.393329850] [attitude_scout_1]: [scout_1] Landed — tilt correction stopped, yaw-hold pinned to current heading.
[attitude_controller-6] [INFO] [1786780146.404008444] [attitude_scout_1]: [scout_1] Landed — tilt correction stopped, yaw-hold pinned to current heading.
[attitude_controller-6] [INFO] [1786780146.416046471] [attitude_scout_1]: [scout_1] Landed — tilt correction stopped, yaw-hold pinned to current heading.
[attitude_controller-6] [INFO] [1786780146.427922679] [attitude_scout_1]: [scout_1] Landed — tilt correction stopped, yaw-hold pinned to current heading.
[attitude_controller-6] [INFO] [1786780146.442731186] [attitude_scout_1]: [scout_1] Landed — tilt correction stopped, yaw-hold pinned to current heading.
[attitude_controller-6] [INFO] [1786780146.458095688] [attitude_scout_1]: [scout_1] Landed — tilt correction stopped, yaw-hold pinned to current heading.
[attitude_controller-6] [INFO] [1786780146.469506832] [attitude_scout_1]: [scout_1] Landed — tilt correction stopped, yaw-hold pinned to current heading.
[attitude_controller-6] [INFO] [1786780146.479820651] [attitude_scout_1]: [scout_1] Landed — tilt correction stopped, yaw-hold pinned to current heading.
[attitude_controller-6] [INFO] [1786780146.494562950] [attitude_scout_1]: [scout_1] Landed — tilt correction stopped, yaw-hold pinned to current heading.
[attitude_controller-6] [INFO] [1786780146.509242672] [attitude_scout_1]: [scout_1] Landed — tilt correction stopped, yaw-hold pinned to current heading.
[attitude_controller-6] [INFO] [1786780146.519608801] [attitude_scout_1]: [scout_1] Landed — tilt correction stopped, yaw-hold pinned to current heading.
[attitude_controller-6] [INFO] [1786780146.530143804] [attitude_scout_1]: [scout_1] Landed — tilt correction stopped, yaw-hold pinned to current heading.
[attitude_controller-6] [INFO] [1786780146.540486537] [attitude_scout_1]: [scout_1] Landed — tilt correction stopped, yaw-hold pinned to current heading.
[attitude_controller-6] [INFO] [1786780146.550848755] [attitude_scout_1]: [scout_1] Landed — tilt correction stopped, yaw-hold pinned to current heading.
[attitude_controller-6] [INFO] [1786780146.563063547] [attitude_scout_1]: [scout_1] Landed — tilt correction stopped, yaw-hold pinned to current heading.
[attitude_controller-6] [INFO] [1786780146.579148518] [attitude_scout_1]: [scout_1] Landed — tilt correction stopped, yaw-hold pinned to current heading.
[attitude_controller-6] [INFO] [1786780146.598598725] [attitude_scout_1]: [scout_1] Landed — tilt correction stopped, yaw-hold pinned to current heading.
[attitude_controller-6] [INFO] [1786780146.612709182] [attitude_scout_1]: [scout_1] Landed — tilt correction stopped, yaw-hold pinned to current heading.
[attitude_controller-6] [INFO] [1786780146.614103117] [attitude_scout_1]: [scout_1] Landed — tilt correction stopped, yaw-hold pinned to current heading.
[attitude_controller-6] [INFO] [1786780146.616858162] [attitude_scout_1]: [scout_1] Landed — tilt correction stopped, yaw-hold pinned to current heading.
[attitude_controller-6] [INFO] [1786780146.618333740] [attitude_scout_1]: [scout_1] Landed — tilt correction stopped, yaw-hold pinned to current heading.
[attitude_controller-6] [INFO] [1786780146.619860510] [attitude_scout_1]: [scout_1] Landed — tilt correction stopped, yaw-hold pinned to current heading.
[attitude_controller-6] [INFO] [1786780146.621458168] [attitude_scout_1]: [scout_1] Landed — tilt correction stopped, yaw-hold pinned to current heading.
[landing_controller-15] [INFO] [1786780146.634354877] [landing_scout_3]: [scout_3] 📏 CALIBSERIES t=2.1s v=0.01906 m/s (vx=-0.00877 vy=0.01222 vz=0.01172)
[attitude_controller-6] [INFO] [1786780146.650104687] [attitude_scout_1]: [scout_1] Landed — tilt correction stopped, yaw-hold pinned to current heading.
[attitude_controller-6] [INFO] [1786780146.660136981] [attitude_scout_1]: [scout_1] Landed — tilt correction stopped, yaw-hold pinned to current heading.
[attitude_controller-6] [INFO] [1786780146.670529021] [attitude_scout_1]: [scout_1] Landed — tilt correction stopped, yaw-hold pinned to current heading.
[attitude_controller-6] [INFO] [1786780146.680509774] [attitude_scout_1]: [scout_1] Landed — tilt correction stopped, yaw-hold pinned to current heading.
[attitude_controller-6] [INFO] [1786780146.690848875] [attitude_scout_1]: [scout_1] Landed — tilt correction stopped, yaw-hold pinned to current heading.
[attitude_controller-6] [INFO] [1786780146.701626082] [attitude_scout_1]: [scout_1] Landed — tilt correction stopped, yaw-hold pinned to current heading.
[attitude_controller-6] [INFO] [1786780146.713299336] [attitude_scout_1]: [scout_1] Landed — tilt correction stopped, yaw-hold pinned to current heading.
[attitude_controller-6] [INFO] [1786780146.723975903] [attitude_scout_1]: [scout_1] Landed — tilt correction stopped, yaw-hold pinned to current heading.
[attitude_controller-6] [INFO] [1786780146.737306318] [attitude_scout_1]: [scout_1] Landed — tilt correction stopped, yaw-hold pinned to current heading.
[attitude_controller-6] [INFO] [1786780146.748316441] [attitude_scout_1]: [scout_1] Landed — tilt correction stopped, yaw-hold pinned to current heading.
[attitude_controller-6] [INFO] [1786780146.759595099] [attitude_scout_1]: [scout_1] Landed — tilt correction stopped, yaw-hold pinned to current heading.
[attitude_controller-6] [INFO] [1786780146.771437714] [attitude_scout_1]: [scout_1] Landed — tilt correction stopped, yaw-hold pinned to current heading.
[attitude_controller-6] [INFO] [1786780146.787663902] [attitude_scout_1]: [scout_1] Landed — tilt correction stopped, yaw-hold pinned to current heading.
[attitude_controller-6] [INFO] [1786780146.800963307] [attitude_scout_1]: [scout_1] Landed — tilt correction stopped, yaw-hold pinned to current heading.
[attitude_controller-6] [INFO] [1786780146.813325881] [attitude_scout_1]: [scout_1] Landed — tilt correction stopped, yaw-hold pinned to current heading.
[attitude_controller-6] [INFO] [1786780146.823533264] [attitude_scout_1]: [scout_1] Landed — tilt correction stopped, yaw-hold pinned to current heading.
[attitude_controller-6] [INFO] [1786780146.835213501] [attitude_scout_1]: [scout_1] Landed — tilt correction stopped, yaw-hold pinned to current heading.
[attitude_controller-6] [INFO] [1786780146.846101125] [attitude_scout_1]: [scout_1] Landed — tilt correction stopped, yaw-hold pinned to current heading.
[attitude_controller-6] [INFO] [1786780146.858581588] [attitude_scout_1]: [scout_1] Landed — tilt correction stopped, yaw-hold pinned to current heading.
[attitude_controller-6] [INFO] [1786780146.870085969] [attitude_scout_1]: [scout_1] Landed — tilt correction stopped, yaw-hold pinned to current heading.
[attitude_controller-6] [INFO] [1786780146.881953656] [attitude_scout_1]: [scout_1] Landed — tilt correction stopped, yaw-hold pinned to current heading.
[attitude_controller-6] [INFO] [1786780146.892254416] [attitude_scout_1]: [scout_1] Landed — tilt correction stopped, yaw-hold pinned to current heading.
[attitude_controller-6] [INFO] [1786780146.902765183] [attitude_scout_1]: [scout_1] Landed — tilt correction stopped, yaw-hold pinned to current heading.
[attitude_controller-6] [INFO] [1786780146.912974801] [attitude_scout_1]: [scout_1] Landed — tilt correction stopped, yaw-hold pinned to current heading.
[attitude_controller-6] [INFO] [1786780146.925450236] [attitude_scout_1]: [scout_1] Landed — tilt correction stopped, yaw-hold pinned to current heading.
[attitude_controller-6] [INFO] [1786780146.937854364] [attitude_scout_1]: [scout_1] Landed — tilt correction stopped, yaw-hold pinned to current heading.
[attitude_controller-6] [INFO] [1786780146.939391052] [attitude_scout_1]: [scout_1] Landed — tilt correction stopped, yaw-hold pinned to current heading.
[attitude_controller-6] [INFO] [1786780146.940965034] [attitude_scout_1]: [scout_1] Landed — tilt correction stopped, yaw-hold pinned to current heading.
[attitude_controller-6] [INFO] [1786780146.942502630] [attitude_scout_1]: [scout_1] Landed — tilt correction stopped, yaw-hold pinned to current heading.
[attitude_controller-6] [INFO] [1786780146.944026327] [attitude_scout_1]: [scout_1] Landed — tilt correction stopped, yaw-hold pinned to current heading.
[attitude_controller-6] [INFO] [1786780146.945596328] [attitude_scout_1]: [scout_1] Landed — tilt correction stopped, yaw-hold pinned to current heading.
[attitude_controller-6] [INFO] [1786780147.102188388] [attitude_scout_1]: [scout_1] Landed — tilt correction stopped, yaw-hold pinned to current heading.
[attitude_controller-6] [INFO] [1786780147.123805589] [attitude_scout_1]: [scout_1] Landed — tilt correction stopped, yaw-hold pinned to current heading.
[attitude_controller-6] [INFO] [1786780147.139217373] [attitude_scout_1]: [scout_1] Landed — tilt correction stopped, yaw-hold pinned to current heading.
[attitude_controller-6] [INFO] [1786780147.235358166] [attitude_scout_1]: [scout_1] Landed — tilt correction stopped, yaw-hold pinned to current heading.
[attitude_controller-6] [INFO] [1786780147.255683677] [attitude_scout_1]: [scout_1] Landed — tilt correction stopped, yaw-hold pinned to current heading.
[attitude_controller-6] [INFO] [1786780147.268715247] [attitude_scout_1]: [scout_1] Landed — tilt correction stopped, yaw-hold pinned to current heading.
[attitude_controller-6] [INFO] [1786780147.280809774] [attitude_scout_1]: [scout_1] Landed — tilt correction stopped, yaw-hold pinned to current heading.
[attitude_controller-6] [INFO] [1786780147.285184826] [attitude_scout_1]: [scout_1] Landed — tilt correction stopped, yaw-hold pinned to current heading.
[attitude_controller-6] [INFO] [1786780147.286728638] [attitude_scout_1]: [scout_1] Landed — tilt correction stopped, yaw-hold pinned to current heading.
[attitude_controller-6] [INFO] [1786780147.288183822] [attitude_scout_1]: [scout_1] Landed — tilt correction stopped, yaw-hold pinned to current heading.
[attitude_controller-6] [INFO] [1786780147.289645013] [attitude_scout_1]: [scout_1] Landed — tilt correction stopped, yaw-hold pinned to current heading.
[attitude_controller-6] [INFO] [1786780147.291078966] [attitude_scout_1]: [scout_1] Landed — tilt correction stopped, yaw-hold pinned to current heading.
[attitude_controller-6] [INFO] [1786780147.327180826] [attitude_scout_1]: [scout_1] Landed — tilt correction stopped, yaw-hold pinned to current heading.
[attitude_controller-6] [INFO] [1786780147.329017406] [attitude_scout_1]: [scout_1] Landed — tilt correction stopped, yaw-hold pinned to current heading.
[attitude_controller-6] [INFO] [1786780147.330513447] [attitude_scout_1]: [scout_1] Landed — tilt correction stopped, yaw-hold pinned to current heading.
[attitude_controller-6] [INFO] [1786780147.387093488] [attitude_scout_1]: [scout_1] Landed — tilt correction stopped, yaw-hold pinned to current heading.
[attitude_controller-6] [INFO] [1786780147.398551425] [attitude_scout_1]: [scout_1] Landed — tilt correction stopped, yaw-hold pinned to current heading.
[attitude_controller-6] [INFO] [1786780147.474910270] [attitude_scout_1]: [scout_1] Landed — tilt correction stopped, yaw-hold pinned to current heading.
[attitude_controller-6] [INFO] [1786780147.490394967] [attitude_scout_1]: [scout_1] Landed — tilt correction stopped, yaw-hold pinned to current heading.
[attitude_controller-6] [INFO] [1786780147.491938360] [attitude_scout_1]: [scout_1] Landed — tilt correction stopped, yaw-hold pinned to current heading.
[attitude_controller-6] [INFO] [1786780147.493344447] [attitude_scout_1]: [scout_1] Landed — tilt correction stopped, yaw-hold pinned to current heading.
[attitude_controller-6] [INFO] [1786780147.533560925] [attitude_scout_1]: [scout_1] Landed — tilt correction stopped, yaw-hold pinned to current heading.
[attitude_controller-6] [INFO] [1786780147.535072750] [attitude_scout_1]: [scout_1] Landed — tilt correction stopped, yaw-hold pinned to current heading.
[attitude_controller-6] [INFO] [1786780147.536676205] [attitude_scout_1]: [scout_1] Landed — tilt correction stopped, yaw-hold pinned to current heading.
[landing_controller-11] [INFO] [1786780147.558636389] [landing_scout_2]: [scout_2] 📏 CALIBSERIES t=26.7s v=0.10390 m/s (vx=0.05301 vy=-0.07015 vz=-0.05536)
[attitude_controller-6] [INFO] [1786780147.561711650] [attitude_scout_1]: [scout_1] Landed — tilt correction stopped, yaw-hold pinned to current heading.
[attitude_controller-6] [INFO] [1786780147.563145603] [attitude_scout_1]: [scout_1] Landed — tilt correction stopped, yaw-hold pinned to current heading.
[attitude_controller-6] [INFO] [1786780147.567258686] [attitude_scout_1]: [scout_1] Landed — tilt correction stopped, yaw-hold pinned to current heading.
[attitude_controller-6] [INFO] [1786780147.568844052] [attitude_scout_1]: [scout_1] Landed — tilt correction stopped, yaw-hold pinned to current heading.
[attitude_controller-6] [INFO] [1786780147.570617916] [attitude_scout_1]: [scout_1] Landed — tilt correction stopped, yaw-hold pinned to current heading.
[attitude_controller-6] [INFO] [1786780147.690299300] [attitude_scout_1]: [scout_1] Landed — tilt correction stopped, yaw-hold pinned to current heading.
[attitude_controller-6] [INFO] [1786780147.692913548] [attitude_scout_1]: [scout_1] Landed — tilt correction stopped, yaw-hold pinned to current heading.
[hopper_locomotion-5] [INFO] [1786780147.868357986] [loco_scout_1]: [scout_1] 🦵 Idle 300s with no jump command -- self-initiating recovery hop (legs).
[hopper_locomotion-5] [INFO] [1786780147.869278057] [loco_scout_1]: 1. Crouching (waking physics, planting feet under body)
[attitude_controller-6] [INFO] [1786780147.879046567] [attitude_scout_1]: [scout_1] Landed — tilt correction stopped, yaw-hold pinned to current heading.
[attitude_controller-6] [INFO] [1786780147.881837230] [attitude_scout_1]: [scout_1] Landed — tilt correction stopped, yaw-hold pinned to current heading.
[attitude_controller-6] [INFO] [1786780147.883307570] [attitude_scout_1]: [scout_1] Landed — tilt correction stopped, yaw-hold pinned to current heading.
[attitude_controller-6] [INFO] [1786780147.886602757] [attitude_scout_1]: [scout_1] Landed — tilt correction stopped, yaw-hold pinned to current heading.
[attitude_controller-6] [INFO] [1786780147.888056824] [attitude_scout_1]: [scout_1] Landed — tilt correction stopped, yaw-hold pinned to current heading.
[attitude_controller-6] [INFO] [1786780147.889614813] [attitude_scout_1]: [scout_1] Landed — tilt correction stopped, yaw-hold pinned to current heading.
[attitude_controller-6] [INFO] [1786780147.930284692] [attitude_scout_1]: [scout_1] Landed — tilt correction stopped, yaw-hold pinned to current heading.
[attitude_controller-6] [INFO] [1786780147.977042726] [attitude_scout_1]: [scout_1] Landed — tilt correction stopped, yaw-hold pinned to current heading.
[attitude_controller-6] [INFO] [1786780147.992732264] [attitude_scout_1]: [scout_1] Landed — tilt correction stopped, yaw-hold pinned to current heading.
[attitude_controller-6] [INFO] [1786780147.995177988] [attitude_scout_1]: [scout_1] Landed — tilt correction stopped, yaw-hold pinned to current heading.
[attitude_controller-6] [INFO] [1786780148.089030546] [attitude_scout_1]: [scout_1] Landed — tilt correction stopped, yaw-hold pinned to current heading.
[attitude_controller-6] [INFO] [1786780148.105994383] [attitude_scout_1]: [scout_1] Landed — tilt correction stopped, yaw-hold pinned to current heading.
[attitude_controller-6] [INFO] [1786780148.107879712] [attitude_scout_1]: [scout_1] Landed — tilt correction stopped, yaw-hold pinned to current heading.
[attitude_controller-6] [INFO] [1786780148.110503318] [attitude_scout_1]: [scout_1] Landed — tilt correction stopped, yaw-hold pinned to current heading.
[attitude_controller-6] [INFO] [1786780148.112138829] [attitude_scout_1]: [scout_1] Landed — tilt correction stopped, yaw-hold pinned to current heading.
[attitude_controller-6] [INFO] [1786780148.120132357] [attitude_scout_1]: [scout_1] Landed — tilt correction stopped, yaw-hold pinned to current heading.
[attitude_controller-6] [INFO] [1786780148.121702987] [attitude_scout_1]: [scout_1] Landed — tilt correction stopped, yaw-hold pinned to current heading.
[attitude_controller-6] [INFO] [1786780148.156010450] [attitude_scout_1]: [scout_1] Landed — tilt correction stopped, yaw-hold pinned to current heading.
[attitude_controller-6] [INFO] [1786780148.178074207] [attitude_scout_1]: [scout_1] Landed — tilt correction stopped, yaw-hold pinned to current heading.
[attitude_controller-6] [INFO] [1786780148.190402699] [attitude_scout_1]: [scout_1] Landed — tilt correction stopped, yaw-hold pinned to current heading.
[attitude_controller-6] [INFO] [1786780148.237905436] [attitude_scout_1]: [scout_1] Landed — tilt correction stopped, yaw-hold pinned to current heading.
[attitude_controller-6] [INFO] [1786780148.239423477] [attitude_scout_1]: [scout_1] Landed — tilt correction stopped, yaw-hold pinned to current heading.
[attitude_controller-6] [INFO] [1786780148.267850489] [attitude_scout_1]: [scout_1] Landed — tilt correction stopped, yaw-hold pinned to current heading.
[attitude_controller-6] [INFO] [1786780148.269390668] [attitude_scout_1]: [scout_1] Landed — tilt correction stopped, yaw-hold pinned to current heading.
[attitude_controller-6] [INFO] [1786780148.270918766] [attitude_scout_1]: [scout_1] Landed — tilt correction stopped, yaw-hold pinned to current heading.
[attitude_controller-6] [INFO] [1786780148.272438692] [attitude_scout_1]: [scout_1] Landed — tilt correction stopped, yaw-hold pinned to current heading.
[attitude_controller-6] [INFO] [1786780148.357217019] [attitude_scout_1]: [scout_1] Landed — tilt correction stopped, yaw-hold pinned to current heading.
[attitude_controller-6] [INFO] [1786780148.358425529] [attitude_scout_1]: [scout_1] Landed — tilt correction stopped, yaw-hold pinned to current heading.
[attitude_controller-6] [INFO] [1786780148.359793763] [attitude_scout_1]: [scout_1] Landed — tilt correction stopped, yaw-hold pinned to current heading.
[attitude_controller-6] [INFO] [1786780148.464324635] [attitude_scout_1]: [scout_1] Landed — tilt correction stopped, yaw-hold pinned to current heading.
[attitude_controller-6] [INFO] [1786780148.474531251] [attitude_scout_1]: [scout_1] Landed — tilt correction stopped, yaw-hold pinned to current heading.
[attitude_controller-6] [INFO] [1786780148.475906538] [attitude_scout_1]: [scout_1] Landed — tilt correction stopped, yaw-hold pinned to current heading.
[attitude_controller-6] [INFO] [1786780148.482973849] [attitude_scout_1]: [scout_1] Landed — tilt correction stopped, yaw-hold pinned to current heading.
[attitude_controller-6] [INFO] [1786780148.484766710] [attitude_scout_1]: [scout_1] Landed — tilt correction stopped, yaw-hold pinned to current heading.
[attitude_controller-6] [INFO] [1786780148.486093598] [attitude_scout_1]: [scout_1] Landed — tilt correction stopped, yaw-hold pinned to current heading.
[attitude_controller-6] [INFO] [1786780148.487602350] [attitude_scout_1]: [scout_1] Landed — tilt correction stopped, yaw-hold pinned to current heading.
[attitude_controller-6] [INFO] [1786780148.547137668] [attitude_scout_1]: [scout_1] Landed — tilt correction stopped, yaw-hold pinned to current heading.
[attitude_controller-6] [INFO] [1786780148.559177790] [attitude_scout_1]: [scout_1] Landed — tilt correction stopped, yaw-hold pinned to current heading.
[attitude_controller-6] [INFO] [1786780148.569871190] [attitude_scout_1]: [scout_1] Landed — tilt correction stopped, yaw-hold pinned to current heading.
[attitude_controller-6] [INFO] [1786780148.571618864] [attitude_scout_1]: [scout_1] Landed — tilt correction stopped, yaw-hold pinned to current heading.
[attitude_controller-6] [INFO] [1786780148.573310945] [attitude_scout_1]: [scout_1] Landed — tilt correction stopped, yaw-hold pinned to current heading.
[attitude_controller-6] [INFO] [1786780148.574931441] [attitude_scout_1]: [scout_1] Landed — tilt correction stopped, yaw-hold pinned to current heading.
[attitude_controller-6] [INFO] [1786780148.577097456] [attitude_scout_1]: [scout_1] Landed — tilt correction stopped, yaw-hold pinned to current heading.
[attitude_controller-6] [INFO] [1786780148.592056748] [attitude_scout_1]: [scout_1] Landed — tilt correction stopped, yaw-hold pinned to current heading.
[attitude_controller-6] [INFO] [1786780148.625405239] [attitude_scout_1]: [scout_1] Landed — tilt correction stopped, yaw-hold pinned to current heading.
[attitude_controller-6] [INFO] [1786780148.637749165] [attitude_scout_1]: [scout_1] Landed — tilt correction stopped, yaw-hold pinned to current heading.
[attitude_controller-6] [INFO] [1786780148.639110764] [attitude_scout_1]: [scout_1] Landed — tilt correction stopped, yaw-hold pinned to current heading.
[landing_controller-15] [INFO] [1786780148.737282572] [landing_scout_3]: [scout_3] 📏 CALIBSERIES t=4.2s v=0.01598 m/s (vx=-0.01028 vy=0.00250 vz=0.01197)
[attitude_controller-6] [INFO] [1786780148.748304568] [attitude_scout_1]: [scout_1] Landed — tilt correction stopped, yaw-hold pinned to current heading.
[attitude_controller-6] [INFO] [1786780148.750519471] [attitude_scout_1]: [scout_1] Landed — tilt correction stopped, yaw-hold pinned to current heading.
[attitude_controller-6] [INFO] [1786780148.752270637] [attitude_scout_1]: [scout_1] Landed — tilt correction stopped, yaw-hold pinned to current heading.
[attitude_controller-6] [INFO] [1786780148.766932271] [attitude_scout_1]: [scout_1] Landed — tilt correction stopped, yaw-hold pinned to current heading.
[attitude_controller-6] [INFO] [1786780148.768423423] [attitude_scout_1]: [scout_1] Landed — tilt correction stopped, yaw-hold pinned to current heading.
[attitude_controller-6] [INFO] [1786780148.833309526] [attitude_scout_1]: [scout_1] Landed — tilt correction stopped, yaw-hold pinned to current heading.
[attitude_controller-6] [INFO] [1786780148.835622834] [attitude_scout_1]: [scout_1] Landed — tilt correction stopped, yaw-hold pinned to current heading.
[attitude_controller-6] [INFO] [1786780148.837163782] [attitude_scout_1]: [scout_1] Landed — tilt correction stopped, yaw-hold pinned to current heading.
[attitude_controller-6] [INFO] [1786780148.839082494] [attitude_scout_1]: [scout_1] Landed — tilt correction stopped, yaw-hold pinned to current heading.
[attitude_controller-6] [INFO] [1786780148.840628051] [attitude_scout_1]: [scout_1] Landed — tilt correction stopped, yaw-hold pinned to current heading.
[attitude_controller-6] [INFO] [1786780148.852919388] [attitude_scout_1]: [scout_1] Landed — tilt correction stopped, yaw-hold pinned to current heading.
[attitude_controller-6] [INFO] [1786780148.864987027] [attitude_scout_1]: [scout_1] Landed — tilt correction stopped, yaw-hold pinned to current heading.
[attitude_controller-6] [INFO] [1786780148.876956192] [attitude_scout_1]: [scout_1] Landed — tilt correction stopped, yaw-hold pinned to current heading.
[attitude_controller-6] [INFO] [1786780148.985800238] [attitude_scout_1]: [scout_1] Landed — tilt correction stopped, yaw-hold pinned to current heading.
[attitude_controller-6] [INFO] [1786780149.021693487] [attitude_scout_1]: [scout_1] Landed — tilt correction stopped, yaw-hold pinned to current heading.
[attitude_controller-6] [INFO] [1786780149.024430443] [attitude_scout_1]: [scout_1] Landed — tilt correction stopped, yaw-hold pinned to current heading.
[attitude_controller-6] [INFO] [1786780149.026172181] [attitude_scout_1]: [scout_1] Landed — tilt correction stopped, yaw-hold pinned to current heading.
[attitude_controller-6] [INFO] [1786780149.028267239] [attitude_scout_1]: [scout_1] Landed — tilt correction stopped, yaw-hold pinned to current heading.
[attitude_controller-6] [INFO] [1786780149.031597136] [attitude_scout_1]: [scout_1] Landed — tilt correction stopped, yaw-hold pinned to current heading.
[hopper_locomotion-13] [INFO] [1786780149.033267917] [loco_scout_3]: 3. Separation confirmed (genuine ground clearance) — holding extension for clearance, then slow retract (FLIGHT)
[attitude_controller-14] [INFO] [1786780149.037399856] [attitude_scout_3]: [scout_3] Separation — tilt correction engaged.
[attitude_controller-6] [INFO] [1786780149.050304108] [attitude_scout_1]: [scout_1] Landed — tilt correction stopped, yaw-hold pinned to current heading.
[attitude_controller-6] [INFO] [1786780149.116816085] [attitude_scout_1]: [scout_1] Landed — tilt correction stopped, yaw-hold pinned to current heading.
[attitude_controller-6] [INFO] [1786780149.118115386] [attitude_scout_1]: [scout_1] Landed — tilt correction stopped, yaw-hold pinned to current heading.
[landing_controller-11] [INFO] [1786780149.159445882] [landing_scout_2]: [scout_2] Landing controller state: FLIGHT
[attitude_controller-6] [INFO] [1786780149.168558176] [attitude_scout_1]: [scout_1] Landed — tilt correction stopped, yaw-hold pinned to current heading.
[attitude_controller-6] [INFO] [1786780149.170173154] [attitude_scout_1]: [scout_1] Landed — tilt correction stopped, yaw-hold pinned to current heading.
[landing_controller-15] [INFO] [1786780149.190288308] [landing_scout_3]: [scout_3] Landing controller state: FLIGHT
[landing_controller-7] [INFO] [1786780149.191429771] [landing_scout_1]: [scout_1] Landing controller state: LANDED
[attitude_controller-6] [INFO] [1786780149.262121248] [attitude_scout_1]: [scout_1] Landed — tilt correction stopped, yaw-hold pinned to current heading.
[attitude_controller-6] [INFO] [1786780149.273547199] [attitude_scout_1]: [scout_1] Landed — tilt correction stopped, yaw-hold pinned to current heading.
[attitude_controller-6] [INFO] [1786780149.284030589] [attitude_scout_1]: [scout_1] Landed — tilt correction stopped, yaw-hold pinned to current heading.
[attitude_controller-6] [INFO] [1786780149.286232223] [attitude_scout_1]: [scout_1] Landed — tilt correction stopped, yaw-hold pinned to current heading.
[attitude_controller-6] [INFO] [1786780149.287904819] [attitude_scout_1]: [scout_1] Landed — tilt correction stopped, yaw-hold pinned to current heading.
[attitude_controller-6] [INFO] [1786780149.333739990] [attitude_scout_1]: [scout_1] Landed — tilt correction stopped, yaw-hold pinned to current heading.
[attitude_controller-6] [INFO] [1786780149.336237256] [attitude_scout_1]: [scout_1] Landed — tilt correction stopped, yaw-hold pinned to current heading.
[attitude_controller-6] [INFO] [1786780149.337573642] [attitude_scout_1]: [scout_1] Landed — tilt correction stopped, yaw-hold pinned to current heading.
[attitude_controller-6] [INFO] [1786780149.338980009] [attitude_scout_1]: [scout_1] Landed — tilt correction stopped, yaw-hold pinned to current heading.
[attitude_controller-6] [INFO] [1786780149.404424203] [attitude_scout_1]: [scout_1] Landed — tilt correction stopped, yaw-hold pinned to current heading.
[attitude_controller-6] [INFO] [1786780149.405724902] [attitude_scout_1]: [scout_1] Landed — tilt correction stopped, yaw-hold pinned to current heading.
[attitude_controller-6] [INFO] [1786780149.433611423] [attitude_scout_1]: [scout_1] Landed — tilt correction stopped, yaw-hold pinned to current heading.
[attitude_controller-6] [INFO] [1786780149.435153488] [attitude_scout_1]: [scout_1] Landed — tilt correction stopped, yaw-hold pinned to current heading.
[attitude_controller-6] [INFO] [1786780149.436914641] [attitude_scout_1]: [scout_1] Landed — tilt correction stopped, yaw-hold pinned to current heading.
[attitude_controller-6] [INFO] [1786780149.487870684] [attitude_scout_1]: [scout_1] Landed — tilt correction stopped, yaw-hold pinned to current heading.
[attitude_controller-6] [INFO] [1786780149.514307677] [attitude_scout_1]: [scout_1] Landed — tilt correction stopped, yaw-hold pinned to current heading.
[attitude_controller-6] [INFO] [1786780149.515896186] [attitude_scout_1]: [scout_1] Landed — tilt correction stopped, yaw-hold pinned to current heading.
[attitude_controller-6] [INFO] [1786780149.519455927] [attitude_scout_1]: [scout_1] Landed — tilt correction stopped, yaw-hold pinned to current heading.
[landing_controller-11] [INFO] [1786780149.581160682] [landing_scout_2]: [scout_2] 📏 CALIBSERIES t=28.7s v=0.14440 m/s (vx=-0.02597 vy=-0.14102 vz=-0.01710)
[attitude_controller-6] [INFO] [1786780149.623763941] [attitude_scout_1]: [scout_1] Landed — tilt correction stopped, yaw-hold pinned to current heading.
[attitude_controller-6] [INFO] [1786780149.625232185] [attitude_scout_1]: [scout_1] Landed — tilt correction stopped, yaw-hold pinned to current heading.
[attitude_controller-6] [INFO] [1786780149.715539251] [attitude_scout_1]: [scout_1] Landed — tilt correction stopped, yaw-hold pinned to current heading.
[attitude_controller-6] [INFO] [1786780149.717297541] [attitude_scout_1]: [scout_1] Landed — tilt correction stopped, yaw-hold pinned to current heading.
[attitude_controller-6] [INFO] [1786780149.719480597] [attitude_scout_1]: [scout_1] Landed — tilt correction stopped, yaw-hold pinned to current heading.
[attitude_controller-6] [INFO] [1786780149.721567833] [attitude_scout_1]: [scout_1] Landed — tilt correction stopped, yaw-hold pinned to current heading.
[attitude_controller-6] [INFO] [1786780149.723220734] [attitude_scout_1]: [scout_1] Landed — tilt correction stopped, yaw-hold pinned to current heading.
[attitude_controller-6] [INFO] [1786780149.727511978] [attitude_scout_1]: [scout_1] Landed — tilt correction stopped, yaw-hold pinned to current heading.
[attitude_controller-6] [INFO] [1786780149.728926725] [attitude_scout_1]: [scout_1] Landed — tilt correction stopped, yaw-hold pinned to current heading.
[attitude_controller-6] [INFO] [1786780149.750123560] [attitude_scout_1]: [scout_1] Landed — tilt correction stopped, yaw-hold pinned to current heading.
[attitude_controller-6] [INFO] [1786780149.769010299] [attitude_scout_1]: [scout_1] Landed — tilt correction stopped, yaw-hold pinned to current heading.
[attitude_controller-6] [INFO] [1786780149.804718681] [attitude_scout_1]: [scout_1] Landed — tilt correction stopped, yaw-hold pinned to current heading.
[attitude_controller-6] [INFO] [1786780149.828016021] [attitude_scout_1]: [scout_1] Landed — tilt correction stopped, yaw-hold pinned to current heading.
[attitude_controller-6] [INFO] [1786780149.829456469] [attitude_scout_1]: [scout_1] Landed — tilt correction stopped, yaw-hold pinned to current heading.
[attitude_controller-6] [INFO] [1786780149.830828125] [attitude_scout_1]: [scout_1] Landed — tilt correction stopped, yaw-hold pinned to current heading.
[attitude_controller-6] [INFO] [1786780149.832351194] [attitude_scout_1]: [scout_1] Landed — tilt correction stopped, yaw-hold pinned to current heading.
[attitude_controller-6] [INFO] [1786780149.845204184] [attitude_scout_1]: [scout_1] Landed — tilt correction stopped, yaw-hold pinned to current heading.
[attitude_controller-6] [INFO] [1786780149.855608306] [attitude_scout_1]: [scout_1] Landed — tilt correction stopped, yaw-hold pinned to current heading.
[attitude_controller-6] [INFO] [1786780149.871444578] [attitude_scout_1]: [scout_1] Landed — tilt correction stopped, yaw-hold pinned to current heading.
[attitude_controller-6] [INFO] [1786780149.896646662] [attitude_scout_1]: [scout_1] Landed — tilt correction stopped, yaw-hold pinned to current heading.
[attitude_controller-6] [INFO] [1786780149.946942019] [attitude_scout_1]: [scout_1] Landed — tilt correction stopped, yaw-hold pinned to current heading.
[attitude_controller-6] [INFO] [1786780149.958243095] [attitude_scout_1]: [scout_1] Landed — tilt correction stopped, yaw-hold pinned to current heading.
[attitude_controller-6] [INFO] [1786780149.959602809] [attitude_scout_1]: [scout_1] Landed — tilt correction stopped, yaw-hold pinned to current heading.
[attitude_controller-6] [INFO] [1786780149.961074266] [attitude_scout_1]: [scout_1] Landed — tilt correction stopped, yaw-hold pinned to current heading.
[attitude_controller-6] [INFO] [1786780149.962615284] [attitude_scout_1]: [scout_1] Landed — tilt correction stopped, yaw-hold pinned to current heading.
[attitude_controller-6] [INFO] [1786780150.010668989] [attitude_scout_1]: [scout_1] Landed — tilt correction stopped, yaw-hold pinned to current heading.
[attitude_controller-6] [INFO] [1786780150.023343189] [attitude_scout_1]: [scout_1] Landed — tilt correction stopped, yaw-hold pinned to current heading.
[attitude_controller-6] [INFO] [1786780150.035252920] [attitude_scout_1]: [scout_1] Landed — tilt correction stopped, yaw-hold pinned to current heading.
[attitude_controller-6] [INFO] [1786780150.053205551] [attitude_scout_1]: [scout_1] Landed — tilt correction stopped, yaw-hold pinned to current heading.
[attitude_controller-6] [INFO] [1786780150.054463507] [attitude_scout_1]: [scout_1] Landed — tilt correction stopped, yaw-hold pinned to current heading.
[attitude_controller-6] [INFO] [1786780150.093059351] [attitude_scout_1]: [scout_1] Landed — tilt correction stopped, yaw-hold pinned to current heading.
[attitude_controller-6] [INFO] [1786780150.108625692] [attitude_scout_1]: [scout_1] Landed — tilt correction stopped, yaw-hold pinned to current heading.
[attitude_controller-6] [INFO] [1786780150.225820848] [attitude_scout_1]: [scout_1] Landed — tilt correction stopped, yaw-hold pinned to current heading.
[attitude_controller-6] [INFO] [1786780150.228991161] [attitude_scout_1]: [scout_1] Landed — tilt correction stopped, yaw-hold pinned to current heading.
[attitude_controller-6] [INFO] [1786780150.232198070] [attitude_scout_1]: [scout_1] Landed — tilt correction stopped, yaw-hold pinned to current heading.
[attitude_controller-6] [INFO] [1786780150.233900069] [attitude_scout_1]: [scout_1] Landed — tilt correction stopped, yaw-hold pinned to current heading.
[attitude_controller-6] [INFO] [1786780150.235488089] [attitude_scout_1]: [scout_1] Landed — tilt correction stopped, yaw-hold pinned to current heading.
[attitude_controller-6] [INFO] [1786780150.237228989] [attitude_scout_1]: [scout_1] Landed — tilt correction stopped, yaw-hold pinned to current heading.
[attitude_controller-6] [INFO] [1786780150.277324296] [attitude_scout_1]: [scout_1] Landed — tilt correction stopped, yaw-hold pinned to current heading.
[attitude_controller-6] [INFO] [1786780150.278979432] [attitude_scout_1]: [scout_1] Landed — tilt correction stopped, yaw-hold pinned to current heading.
[attitude_controller-6] [INFO] [1786780150.281743836] [attitude_scout_1]: [scout_1] Landed — tilt correction stopped, yaw-hold pinned to current heading.
[attitude_controller-6] [INFO] [1786780150.283738813] [attitude_scout_1]: [scout_1] Landed — tilt correction stopped, yaw-hold pinned to current heading.
[attitude_controller-6] [INFO] [1786780150.328878658] [attitude_scout_1]: [scout_1] Landed — tilt correction stopped, yaw-hold pinned to current heading.
[attitude_controller-6] [INFO] [1786780150.344844971] [attitude_scout_1]: [scout_1] Landed — tilt correction stopped, yaw-hold pinned to current heading.
[attitude_controller-6] [INFO] [1786780150.346192533] [attitude_scout_1]: [scout_1] Landed — tilt correction stopped, yaw-hold pinned to current heading.
[attitude_controller-6] [INFO] [1786780150.347691367] [attitude_scout_1]: [scout_1] Landed — tilt correction stopped, yaw-hold pinned to current heading.
[attitude_controller-6] [INFO] [1786780150.360550293] [attitude_scout_1]: [scout_1] Landed — tilt correction stopped, yaw-hold pinned to current heading.
[attitude_controller-6] [INFO] [1786780150.362111774] [attitude_scout_1]: [scout_1] Landed — tilt correction stopped, yaw-hold pinned to current heading.
[attitude_controller-6] [INFO] [1786780150.363744980] [attitude_scout_1]: [scout_1] Landed — tilt correction stopped, yaw-hold pinned to current heading.
[attitude_controller-6] [INFO] [1786780150.365201562] [attitude_scout_1]: [scout_1] Landed — tilt correction stopped, yaw-hold pinned to current heading.
[attitude_controller-6] [INFO] [1786780150.401445826] [attitude_scout_1]: [scout_1] Landed — tilt correction stopped, yaw-hold pinned to current heading.
[attitude_controller-6] [INFO] [1786780150.415405080] [attitude_scout_1]: [scout_1] Landed — tilt correction stopped, yaw-hold pinned to current heading.
[attitude_controller-6] [INFO] [1786780150.416884638] [attitude_scout_1]: [scout_1] Landed — tilt correction stopped, yaw-hold pinned to current heading.
[attitude_controller-6] [INFO] [1786780150.418424958] [attitude_scout_1]: [scout_1] Landed — tilt correction stopped, yaw-hold pinned to current heading.
[attitude_controller-6] [INFO] [1786780150.419937271] [attitude_scout_1]: [scout_1] Landed — tilt correction stopped, yaw-hold pinned to current heading.
[attitude_controller-6] [INFO] [1786780150.421952921] [attitude_scout_1]: [scout_1] Landed — tilt correction stopped, yaw-hold pinned to current heading.
[attitude_controller-6] [INFO] [1786780150.452098973] [attitude_scout_1]: [scout_1] Landed — tilt correction stopped, yaw-hold pinned to current heading.
[attitude_controller-6] [INFO] [1786780150.459435587] [attitude_scout_1]: [scout_1] Landed — tilt correction stopped, yaw-hold pinned to current heading.
[attitude_controller-6] [INFO] [1786780150.476560754] [attitude_scout_1]: [scout_1] Landed — tilt correction stopped, yaw-hold pinned to current heading.
[attitude_controller-6] [INFO] [1786780150.487456061] [attitude_scout_1]: [scout_1] Landed — tilt correction stopped, yaw-hold pinned to current heading.
[attitude_controller-6] [INFO] [1786780150.500754280] [attitude_scout_1]: [scout_1] Landed — tilt correction stopped, yaw-hold pinned to current heading.
[attitude_controller-6] [INFO] [1786780150.502288104] [attitude_scout_1]: [scout_1] Landed — tilt correction stopped, yaw-hold pinned to current heading.
[attitude_controller-6] [INFO] [1786780150.504038083] [attitude_scout_1]: [scout_1] Landed — tilt correction stopped, yaw-hold pinned to current heading.
[attitude_controller-6] [INFO] [1786780150.505562200] [attitude_scout_1]: [scout_1] Landed — tilt correction stopped, yaw-hold pinned to current heading.
[attitude_controller-6] [INFO] [1786780150.507090158] [attitude_scout_1]: [scout_1] Landed — tilt correction stopped, yaw-hold pinned to current heading.
[attitude_controller-6] [INFO] [1786780150.571983245] [attitude_scout_1]: [scout_1] Landed — tilt correction stopped, yaw-hold pinned to current heading.
[attitude_controller-6] [INFO] [1786780150.586283388] [attitude_scout_1]: [scout_1] Landed — tilt correction stopped, yaw-hold pinned to current heading.
[attitude_controller-6] [INFO] [1786780150.587944251] [attitude_scout_1]: [scout_1] Landed — tilt correction stopped, yaw-hold pinned to current heading.
[attitude_controller-6] [INFO] [1786780150.589449930] [attitude_scout_1]: [scout_1] Landed — tilt correction stopped, yaw-hold pinned to current heading.
[attitude_controller-6] [INFO] [1786780150.705582821] [attitude_scout_1]: [scout_1] Landed — tilt correction stopped, yaw-hold pinned to current heading.
[attitude_controller-6] [INFO] [1786780150.707141368] [attitude_scout_1]: [scout_1] Landed — tilt correction stopped, yaw-hold pinned to current heading.
[attitude_controller-6] [INFO] [1786780150.709705681] [attitude_scout_1]: [scout_1] Landed — tilt correction stopped, yaw-hold pinned to current heading.
[landing_controller-15] [INFO] [1786780150.758339826] [landing_scout_3]: [scout_3] 📏 CALIBSERIES t=6.2s v=0.04589 m/s (vx=-0.04435 vy=-0.00136 vz=0.01173)
[attitude_controller-6] [INFO] [1786780150.760018009] [attitude_scout_1]: [scout_1] Landed — tilt correction stopped, yaw-hold pinned to current heading.
[attitude_controller-6] [INFO] [1786780150.777575067] [attitude_scout_1]: [scout_1] Landed — tilt correction stopped, yaw-hold pinned to current heading.
[attitude_controller-6] [INFO] [1786780150.779235650] [attitude_scout_1]: [scout_1] Landed — tilt correction stopped, yaw-hold pinned to current heading.
[attitude_controller-6] [INFO] [1786780150.780700962] [attitude_scout_1]: [scout_1] Landed — tilt correction stopped, yaw-hold pinned to current heading.
[attitude_controller-6] [INFO] [1786780150.782330117] [attitude_scout_1]: [scout_1] Landed — tilt correction stopped, yaw-hold pinned to current heading.
[attitude_controller-6] [INFO] [1786780150.783689551] [attitude_scout_1]: [scout_1] Landed — tilt correction stopped, yaw-hold pinned to current heading.
[attitude_controller-6] [INFO] [1786780150.785035157] [attitude_scout_1]: [scout_1] Landed — tilt correction stopped, yaw-hold pinned to current heading.
[attitude_controller-6] [INFO] [1786780150.791057034] [attitude_scout_1]: [scout_1] Landed — tilt correction stopped, yaw-hold pinned to current heading.
[attitude_controller-6] [INFO] [1786780150.792392164] [attitude_scout_1]: [scout_1] Landed — tilt correction stopped, yaw-hold pinned to current heading.
[attitude_controller-6] [INFO] [1786780150.839781692] [attitude_scout_1]: [scout_1] Landed — tilt correction stopped, yaw-hold pinned to current heading.
[attitude_controller-6] [INFO] [1786780150.841314189] [attitude_scout_1]: [scout_1] Landed — tilt correction stopped, yaw-hold pinned to current heading.
[attitude_controller-6] [INFO] [1786780150.846277154] [attitude_scout_1]: [scout_1] Landed — tilt correction stopped, yaw-hold pinned to current heading.
[attitude_controller-6] [INFO] [1786780150.849097360] [attitude_scout_1]: [scout_1] Landed — tilt correction stopped, yaw-hold pinned to current heading.
[attitude_controller-6] [INFO] [1786780150.871114045] [attitude_scout_1]: [scout_1] Landed — tilt correction stopped, yaw-hold pinned to current heading.
[attitude_controller-6] [INFO] [1786780150.874091111] [attitude_scout_1]: [scout_1] Landed — tilt correction stopped, yaw-hold pinned to current heading.
[attitude_controller-6] [INFO] [1786780150.875549648] [attitude_scout_1]: [scout_1] Landed — tilt correction stopped, yaw-hold pinned to current heading.
[attitude_controller-6] [INFO] [1786780150.880583011] [attitude_scout_1]: [scout_1] Landed — tilt correction stopped, yaw-hold pinned to current heading.
[attitude_controller-6] [INFO] [1786780150.882326215] [attitude_scout_1]: [scout_1] Landed — tilt correction stopped, yaw-hold pinned to current heading.
[attitude_controller-6] [INFO] [1786780150.883841602] [attitude_scout_1]: [scout_1] Landed — tilt correction stopped, yaw-hold pinned to current heading.
[attitude_controller-6] [INFO] [1786780150.885865772] [attitude_scout_1]: [scout_1] Landed — tilt correction stopped, yaw-hold pinned to current heading.
[attitude_controller-6] [INFO] [1786780150.902525177] [attitude_scout_1]: [scout_1] Landed — tilt correction stopped, yaw-hold pinned to current heading.
[attitude_controller-6] [INFO] [1786780150.916045208] [attitude_scout_1]: [scout_1] Landed — tilt correction stopped, yaw-hold pinned to current heading.
[attitude_controller-6] [INFO] [1786780151.016381426] [attitude_scout_1]: [scout_1] Landed — tilt correction stopped, yaw-hold pinned to current heading.
[attitude_controller-6] [INFO] [1786780151.022032733] [attitude_scout_1]: [scout_1] Landed — tilt correction stopped, yaw-hold pinned to current heading.
[attitude_controller-6] [INFO] [1786780151.024841206] [attitude_scout_1]: [scout_1] Landed — tilt correction stopped, yaw-hold pinned to current heading.
[attitude_controller-6] [INFO] [1786780151.026208462] [attitude_scout_1]: [scout_1] Landed — tilt correction stopped, yaw-hold pinned to current heading.
[attitude_controller-6] [INFO] [1786780151.125019447] [attitude_scout_1]: [scout_1] Landed — tilt correction stopped, yaw-hold pinned to current heading.
[attitude_controller-6] [INFO] [1786780151.150386353] [attitude_scout_1]: [scout_1] Landed — tilt correction stopped, yaw-hold pinned to current heading.
[attitude_controller-6] [INFO] [1786780151.151955866] [attitude_scout_1]: [scout_1] Landed — tilt correction stopped, yaw-hold pinned to current heading.
[attitude_controller-6] [INFO] [1786780151.153531874] [attitude_scout_1]: [scout_1] Landed — tilt correction stopped, yaw-hold pinned to current heading.
[attitude_controller-6] [INFO] [1786780151.215164904] [attitude_scout_1]: [scout_1] Landed — tilt correction stopped, yaw-hold pinned to current heading.
[attitude_controller-6] [INFO] [1786780151.216702290] [attitude_scout_1]: [scout_1] Landed — tilt correction stopped, yaw-hold pinned to current heading.
[attitude_controller-6] [INFO] [1786780151.218158243] [attitude_scout_1]: [scout_1] Landed — tilt correction stopped, yaw-hold pinned to current heading.
[attitude_controller-6] [INFO] [1786780151.260773305] [attitude_scout_1]: [scout_1] Landed — tilt correction stopped, yaw-hold pinned to current heading.
[attitude_controller-6] [INFO] [1786780151.262500865] [attitude_scout_1]: [scout_1] Landed — tilt correction stopped, yaw-hold pinned to current heading.
[attitude_controller-6] [INFO] [1786780151.264915581] [attitude_scout_1]: [scout_1] Landed — tilt correction stopped, yaw-hold pinned to current heading.
[attitude_controller-6] [INFO] [1786780151.267181118] [attitude_scout_1]: [scout_1] Landed — tilt correction stopped, yaw-hold pinned to current heading.
[attitude_controller-6] [INFO] [1786780151.269782096] [attitude_scout_1]: [scout_1] Landed — tilt correction stopped, yaw-hold pinned to current heading.
[attitude_controller-6] [INFO] [1786780151.271274017] [attitude_scout_1]: [scout_1] Landed — tilt correction stopped, yaw-hold pinned to current heading.
[attitude_controller-6] [INFO] [1786780151.273753753] [attitude_scout_1]: [scout_1] Landed — tilt correction stopped, yaw-hold pinned to current heading.
[attitude_controller-6] [INFO] [1786780151.275789866] [attitude_scout_1]: [scout_1] Landed — tilt correction stopped, yaw-hold pinned to current heading.
[attitude_controller-6] [INFO] [1786780151.286632024] [attitude_scout_1]: [scout_1] Landed — tilt correction stopped, yaw-hold pinned to current heading.
[attitude_controller-6] [INFO] [1786780151.288238273] [attitude_scout_1]: [scout_1] Landed — tilt correction stopped, yaw-hold pinned to current heading.
[attitude_controller-6] [INFO] [1786780151.322535330] [attitude_scout_1]: [scout_1] Landed — tilt correction stopped, yaw-hold pinned to current heading.
[attitude_controller-6] [INFO] [1786780151.372129216] [attitude_scout_1]: [scout_1] Landed — tilt correction stopped, yaw-hold pinned to current heading.
[attitude_controller-6] [INFO] [1786780151.373522103] [attitude_scout_1]: [scout_1] Landed — tilt correction stopped, yaw-hold pinned to current heading.
[attitude_controller-6] [INFO] [1786780151.375668494] [attitude_scout_1]: [scout_1] Landed — tilt correction stopped, yaw-hold pinned to current heading.
[attitude_controller-6] [INFO] [1786780151.377347166] [attitude_scout_1]: [scout_1] Landed — tilt correction stopped, yaw-hold pinned to current heading.
[attitude_controller-6] [INFO] [1786780151.378897961] [attitude_scout_1]: [scout_1] Landed — tilt correction stopped, yaw-hold pinned to current heading.
[attitude_controller-6] [INFO] [1786780151.380383387] [attitude_scout_1]: [scout_1] Landed — tilt correction stopped, yaw-hold pinned to current heading.
[attitude_controller-6] [INFO] [1786780151.382896716] [attitude_scout_1]: [scout_1] Landed — tilt correction stopped, yaw-hold pinned to current heading.
[attitude_controller-6] [INFO] [1786780151.384159142] [attitude_scout_1]: [scout_1] Landed — tilt correction stopped, yaw-hold pinned to current heading.
[attitude_controller-6] [INFO] [1786780151.388590695] [attitude_scout_1]: [scout_1] Landed — tilt correction stopped, yaw-hold pinned to current heading.
[attitude_controller-6] [INFO] [1786780151.390110481] [attitude_scout_1]: [scout_1] Landed — tilt correction stopped, yaw-hold pinned to current heading.
[attitude_controller-6] [INFO] [1786780151.428513079] [attitude_scout_1]: [scout_1] Landed — tilt correction stopped, yaw-hold pinned to current heading.
[attitude_controller-6] [INFO] [1786780151.431418419] [attitude_scout_1]: [scout_1] Landed — tilt correction stopped, yaw-hold pinned to current heading.
[attitude_controller-6] [INFO] [1786780151.437468512] [attitude_scout_1]: [scout_1] Landed — tilt correction stopped, yaw-hold pinned to current heading.
[attitude_controller-6] [INFO] [1786780151.561615814] [attitude_scout_1]: [scout_1] Landed — tilt correction stopped, yaw-hold pinned to current heading.
[attitude_controller-6] [INFO] [1786780151.562647070] [attitude_scout_1]: [scout_1] Landed — tilt correction stopped, yaw-hold pinned to current heading.
[attitude_controller-6] [INFO] [1786780151.612070546] [attitude_scout_1]: [scout_1] Landed — tilt correction stopped, yaw-hold pinned to current heading.
[attitude_controller-6] [INFO] [1786780151.613722470] [attitude_scout_1]: [scout_1] Landed — tilt correction stopped, yaw-hold pinned to current heading.
[landing_controller-11] [INFO] [1786780151.617705301] [landing_scout_2]: [scout_2] 📏 CALIBSERIES t=30.7s v=0.11905 m/s (vx=0.06944 vy=-0.08986 vz=0.03573)
[attitude_controller-6] [INFO] [1786780151.627652461] [attitude_scout_1]: [scout_1] Landed — tilt correction stopped, yaw-hold pinned to current heading.
[attitude_controller-6] [INFO] [1786780151.666845786] [attitude_scout_1]: [scout_1] Landed — tilt correction stopped, yaw-hold pinned to current heading.
[attitude_controller-6] [INFO] [1786780151.728511711] [attitude_scout_1]: [scout_1] Landed — tilt correction stopped, yaw-hold pinned to current heading.
[attitude_controller-6] [INFO] [1786780151.730741560] [attitude_scout_1]: [scout_1] Landed — tilt correction stopped, yaw-hold pinned to current heading.
[attitude_controller-6] [INFO] [1786780151.768457072] [attitude_scout_1]: [scout_1] Landed — tilt correction stopped, yaw-hold pinned to current heading.
[attitude_controller-6] [INFO] [1786780151.779569930] [attitude_scout_1]: [scout_1] Landed — tilt correction stopped, yaw-hold pinned to current heading.
[attitude_controller-6] [INFO] [1786780151.780986354] [attitude_scout_1]: [scout_1] Landed — tilt correction stopped, yaw-hold pinned to current heading.
[attitude_controller-6] [INFO] [1786780151.842307480] [attitude_scout_1]: [scout_1] Landed — tilt correction stopped, yaw-hold pinned to current heading.
[attitude_controller-6] [INFO] [1786780151.860735790] [attitude_scout_1]: [scout_1] Landed — tilt correction stopped, yaw-hold pinned to current heading.
[attitude_controller-6] [INFO] [1786780151.872494668] [attitude_scout_1]: [scout_1] Landed — tilt correction stopped, yaw-hold pinned to current heading.
[attitude_controller-6] [INFO] [1786780151.946042039] [attitude_scout_1]: [scout_1] Landed — tilt correction stopped, yaw-hold pinned to current heading.
[attitude_controller-6] [INFO] [1786780151.959609003] [attitude_scout_1]: [scout_1] Landed — tilt correction stopped, yaw-hold pinned to current heading.
[attitude_controller-6] [INFO] [1786780152.002686684] [attitude_scout_1]: [scout_1] Landed — tilt correction stopped, yaw-hold pinned to current heading.
[attitude_controller-6] [INFO] [1786780152.015622434] [attitude_scout_1]: [scout_1] Landed — tilt correction stopped, yaw-hold pinned to current heading.
[attitude_controller-6] [INFO] [1786780152.030491423] [attitude_scout_1]: [scout_1] Landed — tilt correction stopped, yaw-hold pinned to current heading.
[attitude_controller-6] [INFO] [1786780152.060313558] [attitude_scout_1]: [scout_1] Landed — tilt correction stopped, yaw-hold pinned to current heading.
[attitude_controller-6] [INFO] [1786780152.062716959] [attitude_scout_1]: [scout_1] Landed — tilt correction stopped, yaw-hold pinned to current heading.
[attitude_controller-6] [INFO] [1786780152.064408063] [attitude_scout_1]: [scout_1] Landed — tilt correction stopped, yaw-hold pinned to current heading.
[attitude_controller-6] [INFO] [1786780152.066095535] [attitude_scout_1]: [scout_1] Landed — tilt correction stopped, yaw-hold pinned to current heading.
[attitude_controller-6] [INFO] [1786780152.067669168] [attitude_scout_1]: [scout_1] Landed — tilt correction stopped, yaw-hold pinned to current heading.
[attitude_controller-6] [INFO] [1786780152.070643441] [attitude_scout_1]: [scout_1] Landed — tilt correction stopped, yaw-hold pinned to current heading.
[attitude_controller-6] [INFO] [1786780152.071945466] [attitude_scout_1]: [scout_1] Landed — tilt correction stopped, yaw-hold pinned to current heading.
[attitude_controller-6] [INFO] [1786780152.149969229] [attitude_scout_1]: [scout_1] Landed — tilt correction stopped, yaw-hold pinned to current heading.
[attitude_controller-6] [INFO] [1786780152.267649913] [attitude_scout_1]: [scout_1] Landed — tilt correction stopped, yaw-hold pinned to current heading.
[attitude_controller-6] [INFO] [1786780152.269288707] [attitude_scout_1]: [scout_1] Landed — tilt correction stopped, yaw-hold pinned to current heading.
[attitude_controller-6] [INFO] [1786780152.270818830] [attitude_scout_1]: [scout_1] Landed — tilt correction stopped, yaw-hold pinned to current heading.
[attitude_controller-6] [INFO] [1786780152.272432342] [attitude_scout_1]: [scout_1] Landed — tilt correction stopped, yaw-hold pinned to current heading.
[attitude_controller-6] [INFO] [1786780152.273809585] [attitude_scout_1]: [scout_1] Landed — tilt correction stopped, yaw-hold pinned to current heading.
[attitude_controller-6] [INFO] [1786780152.275068030] [attitude_scout_1]: [scout_1] Landed — tilt correction stopped, yaw-hold pinned to current heading.
[attitude_controller-6] [INFO] [1786780152.276505965] [attitude_scout_1]: [scout_1] Landed — tilt correction stopped, yaw-hold pinned to current heading.
[attitude_controller-6] [INFO] [1786780152.277660139] [attitude_scout_1]: [scout_1] Landed — tilt correction stopped, yaw-hold pinned to current heading.
[attitude_controller-6] [INFO] [1786780152.278854541] [attitude_scout_1]: [scout_1] Landed — tilt correction stopped, yaw-hold pinned to current heading.
[attitude_controller-6] [INFO] [1786780152.280253435] [attitude_scout_1]: [scout_1] Landed — tilt correction stopped, yaw-hold pinned to current heading.
[attitude_controller-6] [INFO] [1786780152.281754854] [attitude_scout_1]: [scout_1] Landed — tilt correction stopped, yaw-hold pinned to current heading.
[attitude_controller-6] [INFO] [1786780152.283274081] [attitude_scout_1]: [scout_1] Landed — tilt correction stopped, yaw-hold pinned to current heading.
[attitude_controller-6] [INFO] [1786780152.317115015] [attitude_scout_1]: [scout_1] Landed — tilt correction stopped, yaw-hold pinned to current heading.
[attitude_controller-6] [INFO] [1786780152.393574223] [attitude_scout_1]: [scout_1] Landed — tilt correction stopped, yaw-hold pinned to current heading.
[attitude_controller-6] [INFO] [1786780152.447411932] [attitude_scout_1]: [scout_1] Landed — tilt correction stopped, yaw-hold pinned to current heading.
[attitude_controller-6] [INFO] [1786780152.449350060] [attitude_scout_1]: [scout_1] Landed — tilt correction stopped, yaw-hold pinned to current heading.
[attitude_controller-6] [INFO] [1786780152.450889541] [attitude_scout_1]: [scout_1] Landed — tilt correction stopped, yaw-hold pinned to current heading.
[attitude_controller-6] [INFO] [1786780152.460159044] [attitude_scout_1]: [scout_1] Landed — tilt correction stopped, yaw-hold pinned to current heading.
[attitude_controller-6] [INFO] [1786780152.462204167] [attitude_scout_1]: [scout_1] Landed — tilt correction stopped, yaw-hold pinned to current heading.
[attitude_controller-6] [INFO] [1786780152.569828392] [attitude_scout_1]: [scout_1] Landed — tilt correction stopped, yaw-hold pinned to current heading.
[attitude_controller-6] [INFO] [1786780152.583113132] [attitude_scout_1]: [scout_1] Landed — tilt correction stopped, yaw-hold pinned to current heading.
[attitude_controller-6] [INFO] [1786780152.595076221] [attitude_scout_1]: [scout_1] Landed — tilt correction stopped, yaw-hold pinned to current heading.
[attitude_controller-6] [INFO] [1786780152.597571532] [attitude_scout_1]: [scout_1] Landed — tilt correction stopped, yaw-hold pinned to current heading.
[attitude_controller-6] [INFO] [1786780152.673704099] [attitude_scout_1]: [scout_1] Landed — tilt correction stopped, yaw-hold pinned to current heading.
[attitude_controller-6] [INFO] [1786780152.685678712] [attitude_scout_1]: [scout_1] Landed — tilt correction stopped, yaw-hold pinned to current heading.
[attitude_controller-6] [INFO] [1786780152.735359758] [attitude_scout_1]: [scout_1] Landed — tilt correction stopped, yaw-hold pinned to current heading.
[attitude_controller-6] [INFO] [1786780152.736867532] [attitude_scout_1]: [scout_1] Landed — tilt correction stopped, yaw-hold pinned to current heading.
[attitude_controller-6] [INFO] [1786780152.754215629] [attitude_scout_1]: [scout_1] Landed — tilt correction stopped, yaw-hold pinned to current heading.
[landing_controller-15] [INFO] [1786780152.785174688] [landing_scout_3]: [scout_3] 📏 CALIBSERIES t=8.3s v=0.02783 m/s (vx=-0.02573 vy=-0.00123 vz=0.01055)
[attitude_controller-6] [INFO] [1786780152.823418469] [attitude_scout_1]: [scout_1] Landed — tilt correction stopped, yaw-hold pinned to current heading.
[attitude_controller-6] [INFO] [1786780152.842823491] [attitude_scout_1]: [scout_1] Landed — tilt correction stopped, yaw-hold pinned to current heading.
[attitude_controller-6] [INFO] [1786780152.845352814] [attitude_scout_1]: [scout_1] Landed — tilt correction stopped, yaw-hold pinned to current heading.
[attitude_controller-6] [INFO] [1786780152.847096996] [attitude_scout_1]: [scout_1] Landed — tilt correction stopped, yaw-hold pinned to current heading.
[attitude_controller-6] [INFO] [1786780152.860171308] [attitude_scout_1]: [scout_1] Landed — tilt correction stopped, yaw-hold pinned to current heading.
[attitude_controller-6] [INFO] [1786780152.881283218] [attitude_scout_1]: [scout_1] Landed — tilt correction stopped, yaw-hold pinned to current heading.
[attitude_controller-6] [INFO] [1786780152.897461985] [attitude_scout_1]: [scout_1] Landed — tilt correction stopped, yaw-hold pinned to current heading.
[attitude_controller-6] [INFO] [1786780152.899142892] [attitude_scout_1]: [scout_1] Landed — tilt correction stopped, yaw-hold pinned to current heading.
[attitude_controller-6] [INFO] [1786780152.901180053] [attitude_scout_1]: [scout_1] Landed — tilt correction stopped, yaw-hold pinned to current heading.
[attitude_controller-6] [INFO] [1786780152.967959797] [attitude_scout_1]: [scout_1] Landed — tilt correction stopped, yaw-hold pinned to current heading.
[attitude_controller-6] [INFO] [1786780152.969527145] [attitude_scout_1]: [scout_1] Landed — tilt correction stopped, yaw-hold pinned to current heading.
[attitude_controller-6] [INFO] [1786780152.972320672] [attitude_scout_1]: [scout_1] Landed — tilt correction stopped, yaw-hold pinned to current heading.
[attitude_controller-6] [INFO] [1786780152.985161719] [attitude_scout_1]: [scout_1] Landed — tilt correction stopped, yaw-hold pinned to current heading.
[attitude_controller-6] [INFO] [1786780152.998132598] [attitude_scout_1]: [scout_1] Landed — tilt correction stopped, yaw-hold pinned to current heading.
[attitude_controller-6] [INFO] [1786780153.011434379] [attitude_scout_1]: [scout_1] Landed — tilt correction stopped, yaw-hold pinned to current heading.
[attitude_controller-6] [INFO] [1786780153.072826743] [attitude_scout_1]: [scout_1] Landed — tilt correction stopped, yaw-hold pinned to current heading.
[attitude_controller-6] [INFO] [1786780153.083613588] [attitude_scout_1]: [scout_1] Landed — tilt correction stopped, yaw-hold pinned to current heading.
[attitude_controller-6] [INFO] [1786780153.084875596] [attitude_scout_1]: [scout_1] Landed — tilt correction stopped, yaw-hold pinned to current heading.
[attitude_controller-6] [INFO] [1786780153.086502447] [attitude_scout_1]: [scout_1] Landed — tilt correction stopped, yaw-hold pinned to current heading.
[attitude_controller-6] [INFO] [1786780153.098088610] [attitude_scout_1]: [scout_1] Landed — tilt correction stopped, yaw-hold pinned to current heading.
[attitude_controller-6] [INFO] [1786780153.120695234] [attitude_scout_1]: [scout_1] Landed — tilt correction stopped, yaw-hold pinned to current heading.
[attitude_controller-6] [INFO] [1786780153.122483415] [attitude_scout_1]: [scout_1] Landed — tilt correction stopped, yaw-hold pinned to current heading.
[attitude_controller-6] [INFO] [1786780153.175182664] [attitude_scout_1]: [scout_1] Landed — tilt correction stopped, yaw-hold pinned to current heading.
[attitude_controller-6] [INFO] [1786780153.183423565] [attitude_scout_1]: [scout_1] Landed — tilt correction stopped, yaw-hold pinned to current heading.
[attitude_controller-6] [INFO] [1786780153.184796339] [attitude_scout_1]: [scout_1] Landed — tilt correction stopped, yaw-hold pinned to current heading.
[attitude_controller-6] [INFO] [1786780153.189416180] [attitude_scout_1]: [scout_1] Landed — tilt correction stopped, yaw-hold pinned to current heading.
[attitude_controller-6] [INFO] [1786780153.213161753] [attitude_scout_1]: [scout_1] Landed — tilt correction stopped, yaw-hold pinned to current heading.
[attitude_controller-6] [INFO] [1786780153.279626729] [attitude_scout_1]: [scout_1] Landed — tilt correction stopped, yaw-hold pinned to current heading.
[attitude_controller-6] [INFO] [1786780153.281113761] [attitude_scout_1]: [scout_1] Landed — tilt correction stopped, yaw-hold pinned to current heading.
[attitude_controller-6] [INFO] [1786780153.283016130] [attitude_scout_1]: [scout_1] Landed — tilt correction stopped, yaw-hold pinned to current heading.
[attitude_controller-6] [INFO] [1786780153.284533542] [attitude_scout_1]: [scout_1] Landed — tilt correction stopped, yaw-hold pinned to current heading.
[attitude_controller-6] [INFO] [1786780153.286054376] [attitude_scout_1]: [scout_1] Landed — tilt correction stopped, yaw-hold pinned to current heading.
[attitude_controller-6] [INFO] [1786780153.287624657] [attitude_scout_1]: [scout_1] Landed — tilt correction stopped, yaw-hold pinned to current heading.
[attitude_controller-6] [INFO] [1786780153.289097791] [attitude_scout_1]: [scout_1] Landed — tilt correction stopped, yaw-hold pinned to current heading.
[attitude_controller-6] [INFO] [1786780153.290623723] [attitude_scout_1]: [scout_1] Landed — tilt correction stopped, yaw-hold pinned to current heading.
[attitude_controller-6] [INFO] [1786780153.292192747] [attitude_scout_1]: [scout_1] Landed — tilt correction stopped, yaw-hold pinned to current heading.
[attitude_controller-6] [INFO] [1786780153.446790815] [attitude_scout_1]: [scout_1] Landed — tilt correction stopped, yaw-hold pinned to current heading.
[attitude_controller-6] [INFO] [1786780153.448833004] [attitude_scout_1]: [scout_1] Landed — tilt correction stopped, yaw-hold pinned to current heading.
[attitude_controller-6] [INFO] [1786780153.477055874] [attitude_scout_1]: [scout_1] Landed — tilt correction stopped, yaw-hold pinned to current heading.
[attitude_controller-6] [INFO] [1786780153.594445747] [attitude_scout_1]: [scout_1] Landed — tilt correction stopped, yaw-hold pinned to current heading.
[attitude_controller-6] [INFO] [1786780153.595884589] [attitude_scout_1]: [scout_1] Landed — tilt correction stopped, yaw-hold pinned to current heading.
[attitude_controller-6] [INFO] [1786780153.597221115] [attitude_scout_1]: [scout_1] Landed — tilt correction stopped, yaw-hold pinned to current heading.
[attitude_controller-6] [INFO] [1786780153.609169957] [attitude_scout_1]: [scout_1] Landed — tilt correction stopped, yaw-hold pinned to current heading.
[attitude_controller-6] [INFO] [1786780153.612125513] [attitude_scout_1]: [scout_1] Landed — tilt correction stopped, yaw-hold pinned to current heading.
[attitude_controller-6] [INFO] [1786780153.613460154] [attitude_scout_1]: [scout_1] Landed — tilt correction stopped, yaw-hold pinned to current heading.
[attitude_controller-6] [INFO] [1786780153.659416708] [attitude_scout_1]: [scout_1] Landed — tilt correction stopped, yaw-hold pinned to current heading.
[attitude_controller-6] [INFO] [1786780153.706892489] [attitude_scout_1]: [scout_1] Landed — tilt correction stopped, yaw-hold pinned to current heading.
[attitude_controller-6] [INFO] [1786780153.708885860] [attitude_scout_1]: [scout_1] Landed — tilt correction stopped, yaw-hold pinned to current heading.
[attitude_controller-6] [INFO] [1786780153.710483588] [attitude_scout_1]: [scout_1] Landed — tilt correction stopped, yaw-hold pinned to current heading.
[attitude_controller-6] [INFO] [1786780153.711945198] [attitude_scout_1]: [scout_1] Landed — tilt correction stopped, yaw-hold pinned to current heading.
[landing_controller-11] [INFO] [1786780153.723046672] [landing_scout_2]: [scout_2] 📏 CALIBSERIES t=32.8s v=0.19081 m/s (vx=0.01539 vy=-0.18333 vz=0.05062)
[attitude_controller-6] [INFO] [1786780153.795874484] [attitude_scout_1]: [scout_1] Landed — tilt correction stopped, yaw-hold pinned to current heading.
[attitude_controller-6] [INFO] [1786780153.800450466] [attitude_scout_1]: [scout_1] Landed — tilt correction stopped, yaw-hold pinned to current heading.
[attitude_controller-6] [INFO] [1786780153.805841200] [attitude_scout_1]: [scout_1] Landed — tilt correction stopped, yaw-hold pinned to current heading.
[attitude_controller-6] [INFO] [1786780153.807391087] [attitude_scout_1]: [scout_1] Landed — tilt correction stopped, yaw-hold pinned to current heading.
[attitude_controller-6] [INFO] [1786780153.808921629] [attitude_scout_1]: [scout_1] Landed — tilt correction stopped, yaw-hold pinned to current heading.
[attitude_controller-6] [INFO] [1786780153.810316961] [attitude_scout_1]: [scout_1] Landed — tilt correction stopped, yaw-hold pinned to current heading.
[attitude_controller-6] [INFO] [1786780153.818927036] [attitude_scout_1]: [scout_1] Landed — tilt correction stopped, yaw-hold pinned to current heading.
[attitude_controller-6] [INFO] [1786780153.822247296] [attitude_scout_1]: [scout_1] Landed — tilt correction stopped, yaw-hold pinned to current heading.
[attitude_controller-6] [INFO] [1786780153.836772183] [attitude_scout_1]: [scout_1] Landed — tilt correction stopped, yaw-hold pinned to current heading.
[attitude_controller-6] [INFO] [1786780153.895358868] [attitude_scout_1]: [scout_1] Landed — tilt correction stopped, yaw-hold pinned to current heading.
[attitude_controller-6] [INFO] [1786780153.906656453] [attitude_scout_1]: [scout_1] Landed — tilt correction stopped, yaw-hold pinned to current heading.
[attitude_controller-6] [INFO] [1786780153.908287285] [attitude_scout_1]: [scout_1] Landed — tilt correction stopped, yaw-hold pinned to current heading.
[attitude_controller-6] [INFO] [1786780153.910066107] [attitude_scout_1]: [scout_1] Landed — tilt correction stopped, yaw-hold pinned to current heading.
[attitude_controller-6] [INFO] [1786780153.911622979] [attitude_scout_1]: [scout_1] Landed — tilt correction stopped, yaw-hold pinned to current heading.
[attitude_controller-6] [INFO] [1786780153.940076042] [attitude_scout_1]: [scout_1] Landed — tilt correction stopped, yaw-hold pinned to current heading.
[attitude_controller-6] [INFO] [1786780153.957307296] [attitude_scout_1]: [scout_1] Landed — tilt correction stopped, yaw-hold pinned to current heading.
[attitude_controller-6] [INFO] [1786780153.958963410] [attitude_scout_1]: [scout_1] Landed — tilt correction stopped, yaw-hold pinned to current heading.
[attitude_controller-6] [INFO] [1786780154.031709510] [attitude_scout_1]: [scout_1] Landed — tilt correction stopped, yaw-hold pinned to current heading.
[attitude_controller-6] [INFO] [1786780154.033129635] [attitude_scout_1]: [scout_1] Landed — tilt correction stopped, yaw-hold pinned to current heading.
[attitude_controller-6] [INFO] [1786780154.043137347] [attitude_scout_1]: [scout_1] Landed — tilt correction stopped, yaw-hold pinned to current heading.
[attitude_controller-6] [INFO] [1786780154.089243777] [attitude_scout_1]: [scout_1] Landed — tilt correction stopped, yaw-hold pinned to current heading.
[attitude_controller-6] [INFO] [1786780154.099637704] [attitude_scout_1]: [scout_1] Landed — tilt correction stopped, yaw-hold pinned to current heading.
[attitude_controller-6] [INFO] [1786780154.100999303] [attitude_scout_1]: [scout_1] Landed — tilt correction stopped, yaw-hold pinned to current heading.
[attitude_controller-6] [INFO] [1786780154.134585600] [attitude_scout_1]: [scout_1] Landed — tilt correction stopped, yaw-hold pinned to current heading.
[attitude_controller-6] [INFO] [1786780154.145164532] [attitude_scout_1]: [scout_1] Landed — tilt correction stopped, yaw-hold pinned to current heading.
[landing_controller-11] [INFO] [1786780154.158834091] [landing_scout_2]: [scout_2] Landing controller state: FLIGHT
[landing_controller-15] [INFO] [1786780154.190247319] [landing_scout_3]: [scout_3] Landing controller state: FLIGHT
[landing_controller-7] [INFO] [1786780154.191388084] [landing_scout_1]: [scout_1] Landing controller state: LANDED
[attitude_controller-6] [INFO] [1786780154.201693104] [attitude_scout_1]: [scout_1] Landed — tilt correction stopped, yaw-hold pinned to current heading.
[attitude_controller-6] [INFO] [1786780154.205084810] [attitude_scout_1]: [scout_1] Landed — tilt correction stopped, yaw-hold pinned to current heading.
[attitude_controller-6] [INFO] [1786780154.224183445] [attitude_scout_1]: [scout_1] Landed — tilt correction stopped, yaw-hold pinned to current heading.
[attitude_controller-6] [INFO] [1786780154.242353697] [attitude_scout_1]: [scout_1] Landed — tilt correction stopped, yaw-hold pinned to current heading.
[attitude_controller-6] [INFO] [1786780154.243864125] [attitude_scout_1]: [scout_1] Landed — tilt correction stopped, yaw-hold pinned to current heading.
[attitude_controller-6] [INFO] [1786780154.258829773] [attitude_scout_1]: [scout_1] Landed — tilt correction stopped, yaw-hold pinned to current heading.
[attitude_controller-6] [INFO] [1786780154.274808099] [attitude_scout_1]: [scout_1] Landed — tilt correction stopped, yaw-hold pinned to current heading.
[attitude_controller-6] [INFO] [1786780154.320042788] [attitude_scout_1]: [scout_1] Landed — tilt correction stopped, yaw-hold pinned to current heading.
[attitude_controller-6] [INFO] [1786780154.335899872] [attitude_scout_1]: [scout_1] Landed — tilt correction stopped, yaw-hold pinned to current heading.
[attitude_controller-6] [INFO] [1786780154.408606512] [attitude_scout_1]: [scout_1] Landed — tilt correction stopped, yaw-hold pinned to current heading.
[attitude_controller-6] [INFO] [1786780154.410103741] [attitude_scout_1]: [scout_1] Landed — tilt correction stopped, yaw-hold pinned to current heading.
[attitude_controller-6] [INFO] [1786780154.413073753] [attitude_scout_1]: [scout_1] Landed — tilt correction stopped, yaw-hold pinned to current heading.
[attitude_controller-6] [INFO] [1786780154.418084139] [attitude_scout_1]: [scout_1] Landed — tilt correction stopped, yaw-hold pinned to current heading.
[attitude_controller-6] [INFO] [1786780154.459574919] [attitude_scout_1]: [scout_1] Landed — tilt correction stopped, yaw-hold pinned to current heading.
[attitude_controller-6] [INFO] [1786780154.501892464] [attitude_scout_1]: [scout_1] Landed — tilt correction stopped, yaw-hold pinned to current heading.
[attitude_controller-6] [INFO] [1786780154.510887636] [attitude_scout_1]: [scout_1] Landed — tilt correction stopped, yaw-hold pinned to current heading.
[attitude_controller-6] [INFO] [1786780154.550667338] [attitude_scout_1]: [scout_1] Landed — tilt correction stopped, yaw-hold pinned to current heading.
[attitude_controller-6] [INFO] [1786780154.610588733] [attitude_scout_1]: [scout_1] Landed — tilt correction stopped, yaw-hold pinned to current heading.
[attitude_controller-6] [INFO] [1786780154.629525199] [attitude_scout_1]: [scout_1] Landed — tilt correction stopped, yaw-hold pinned to current heading.
[attitude_controller-6] [INFO] [1786780154.641330381] [attitude_scout_1]: [scout_1] Landed — tilt correction stopped, yaw-hold pinned to current heading.
[attitude_controller-6] [INFO] [1786780154.653173206] [attitude_scout_1]: [scout_1] Landed — tilt correction stopped, yaw-hold pinned to current heading.
[attitude_controller-6] [INFO] [1786780154.665572586] [attitude_scout_1]: [scout_1] Landed — tilt correction stopped, yaw-hold pinned to current heading.
[attitude_controller-6] [INFO] [1786780154.667004374] [attitude_scout_1]: [scout_1] Landed — tilt correction stopped, yaw-hold pinned to current heading.
[attitude_controller-6] [INFO] [1786780154.668662234] [attitude_scout_1]: [scout_1] Landed — tilt correction stopped, yaw-hold pinned to current heading.
[attitude_controller-6] [INFO] [1786780154.685327017] [attitude_scout_1]: [scout_1] Landed — tilt correction stopped, yaw-hold pinned to current heading.
[attitude_controller-6] [INFO] [1786780154.689387859] [attitude_scout_1]: [scout_1] Landed — tilt correction stopped, yaw-hold pinned to current heading.
[attitude_controller-6] [INFO] [1786780154.710458843] [attitude_scout_1]: [scout_1] Landed — tilt correction stopped, yaw-hold pinned to current heading.
[attitude_controller-6] [INFO] [1786780154.734092952] [attitude_scout_1]: [scout_1] Landed — tilt correction stopped, yaw-hold pinned to current heading.
[attitude_controller-6] [INFO] [1786780154.736882847] [attitude_scout_1]: [scout_1] Landed — tilt correction stopped, yaw-hold pinned to current heading.
[attitude_controller-6] [INFO] [1786780154.739021765] [attitude_scout_1]: [scout_1] Landed — tilt correction stopped, yaw-hold pinned to current heading.
[attitude_controller-6] [INFO] [1786780154.780569534] [attitude_scout_1]: [scout_1] Landed — tilt correction stopped, yaw-hold pinned to current heading.
[attitude_controller-6] [INFO] [1786780154.786002940] [attitude_scout_1]: [scout_1] Landed — tilt correction stopped, yaw-hold pinned to current heading.
[attitude_controller-6] [INFO] [1786780154.791286679] [attitude_scout_1]: [scout_1] Landed — tilt correction stopped, yaw-hold pinned to current heading.
[attitude_controller-6] [INFO] [1786780154.792796618] [attitude_scout_1]: [scout_1] Landed — tilt correction stopped, yaw-hold pinned to current heading.
[attitude_controller-6] [INFO] [1786780154.794143551] [attitude_scout_1]: [scout_1] Landed — tilt correction stopped, yaw-hold pinned to current heading.
[attitude_controller-6] [INFO] [1786780154.843137932] [attitude_scout_1]: [scout_1] Landed — tilt correction stopped, yaw-hold pinned to current heading.
[attitude_controller-6] [INFO] [1786780154.844733774] [attitude_scout_1]: [scout_1] Landed — tilt correction stopped, yaw-hold pinned to current heading.
[attitude_controller-6] [INFO] [1786780154.847756446] [attitude_scout_1]: [scout_1] Landed — tilt correction stopped, yaw-hold pinned to current heading.
[attitude_controller-6] [INFO] [1786780154.849441893] [attitude_scout_1]: [scout_1] Landed — tilt correction stopped, yaw-hold pinned to current heading.
[landing_controller-15] [INFO] [1786780154.881649550] [landing_scout_3]: [scout_3] 📏 CALIBSERIES t=10.4s v=0.01956 m/s (vx=-0.01678 vy=-0.00115 vz=0.00998)
[attitude_controller-6] [INFO] [1786780154.940263263] [attitude_scout_1]: [scout_1] Landed — tilt correction stopped, yaw-hold pinned to current heading.
[attitude_controller-6] [INFO] [1786780155.021943286] [attitude_scout_1]: [scout_1] Landed — tilt correction stopped, yaw-hold pinned to current heading.
[attitude_controller-6] [INFO] [1786780155.023461466] [attitude_scout_1]: [scout_1] Landed — tilt correction stopped, yaw-hold pinned to current heading.
[attitude_controller-6] [INFO] [1786780155.046236405] [attitude_scout_1]: [scout_1] Landed — tilt correction stopped, yaw-hold pinned to current heading.
[attitude_controller-6] [INFO] [1786780155.052114621] [attitude_scout_1]: [scout_1] Landed — tilt correction stopped, yaw-hold pinned to current heading.
[attitude_controller-6] [INFO] [1786780155.058211926] [attitude_scout_1]: [scout_1] Landed — tilt correction stopped, yaw-hold pinned to current heading.
[attitude_controller-6] [INFO] [1786780155.062463082] [attitude_scout_1]: [scout_1] Landed — tilt correction stopped, yaw-hold pinned to current heading.
[attitude_controller-6] [INFO] [1786780155.064064092] [attitude_scout_1]: [scout_1] Landed — tilt correction stopped, yaw-hold pinned to current heading.
[attitude_controller-6] [INFO] [1786780155.080189990] [attitude_scout_1]: [scout_1] Landed — tilt correction stopped, yaw-hold pinned to current heading.
[attitude_controller-6] [INFO] [1786780155.081689733] [attitude_scout_1]: [scout_1] Landed — tilt correction stopped, yaw-hold pinned to current heading.
[attitude_controller-6] [INFO] [1786780155.085297174] [attitude_scout_1]: [scout_1] Landed — tilt correction stopped, yaw-hold pinned to current heading.
[attitude_controller-6] [INFO] [1786780155.087460466] [attitude_scout_1]: [scout_1] Landed — tilt correction stopped, yaw-hold pinned to current heading.
[attitude_controller-6] [INFO] [1786780155.088989890] [attitude_scout_1]: [scout_1] Landed — tilt correction stopped, yaw-hold pinned to current heading.
[attitude_controller-6] [INFO] [1786780155.091577320] [attitude_scout_1]: [scout_1] Landed — tilt correction stopped, yaw-hold pinned to current heading.
[attitude_controller-6] [INFO] [1786780155.094618848] [attitude_scout_1]: [scout_1] Landed — tilt correction stopped, yaw-hold pinned to current heading.
[attitude_controller-6] [INFO] [1786780155.109451102] [attitude_scout_1]: [scout_1] Landed — tilt correction stopped, yaw-hold pinned to current heading.
[attitude_controller-6] [INFO] [1786780155.121886519] [attitude_scout_1]: [scout_1] Landed — tilt correction stopped, yaw-hold pinned to current heading.
[attitude_controller-6] [INFO] [1786780155.131059294] [attitude_scout_1]: [scout_1] Landed — tilt correction stopped, yaw-hold pinned to current heading.
[attitude_controller-6] [INFO] [1786780155.147856703] [attitude_scout_1]: [scout_1] Landed — tilt correction stopped, yaw-hold pinned to current heading.
[attitude_controller-6] [INFO] [1786780155.163315281] [attitude_scout_1]: [scout_1] Landed — tilt correction stopped, yaw-hold pinned to current heading.
[attitude_controller-6] [INFO] [1786780155.180211444] [attitude_scout_1]: [scout_1] Landed — tilt correction stopped, yaw-hold pinned to current heading.
[attitude_controller-6] [INFO] [1786780155.183818397] [attitude_scout_1]: [scout_1] Landed — tilt correction stopped, yaw-hold pinned to current heading.
[attitude_controller-6] [INFO] [1786780155.186853430] [attitude_scout_1]: [scout_1] Landed — tilt correction stopped, yaw-hold pinned to current heading.
[attitude_controller-6] [INFO] [1786780155.188596216] [attitude_scout_1]: [scout_1] Landed — tilt correction stopped, yaw-hold pinned to current heading.
[attitude_controller-6] [INFO] [1786780155.334756366] [attitude_scout_1]: [scout_1] Landed — tilt correction stopped, yaw-hold pinned to current heading.
[attitude_controller-6] [INFO] [1786780155.336309117] [attitude_scout_1]: [scout_1] Landed — tilt correction stopped, yaw-hold pinned to current heading.
[attitude_controller-6] [INFO] [1786780155.337407420] [attitude_scout_1]: [scout_1] Landed — tilt correction stopped, yaw-hold pinned to current heading.
[attitude_controller-6] [INFO] [1786780155.338623542] [attitude_scout_1]: [scout_1] Landed — tilt correction stopped, yaw-hold pinned to current heading.
[attitude_controller-6] [INFO] [1786780155.357262002] [attitude_scout_1]: [scout_1] Landed — tilt correction stopped, yaw-hold pinned to current heading.
[attitude_controller-6] [INFO] [1786780155.358673396] [attitude_scout_1]: [scout_1] Landed — tilt correction stopped, yaw-hold pinned to current heading.
[attitude_controller-6] [INFO] [1786780155.368857803] [attitude_scout_1]: [scout_1] Landed — tilt correction stopped, yaw-hold pinned to current heading.
[attitude_controller-6] [INFO] [1786780155.370204736] [attitude_scout_1]: [scout_1] Landed — tilt correction stopped, yaw-hold pinned to current heading.
[attitude_controller-6] [INFO] [1786780155.371797575] [attitude_scout_1]: [scout_1] Landed — tilt correction stopped, yaw-hold pinned to current heading.
[attitude_controller-6] [INFO] [1786780155.373570042] [attitude_scout_1]: [scout_1] Landed — tilt correction stopped, yaw-hold pinned to current heading.
[attitude_controller-6] [INFO] [1786780155.375153732] [attitude_scout_1]: [scout_1] Landed — tilt correction stopped, yaw-hold pinned to current heading.
[attitude_controller-6] [INFO] [1786780155.428613120] [attitude_scout_1]: [scout_1] Landed — tilt correction stopped, yaw-hold pinned to current heading.
[attitude_controller-6] [INFO] [1786780155.430145757] [attitude_scout_1]: [scout_1] Landed — tilt correction stopped, yaw-hold pinned to current heading.
[attitude_controller-6] [INFO] [1786780155.431662400] [attitude_scout_1]: [scout_1] Landed — tilt correction stopped, yaw-hold pinned to current heading.
[attitude_controller-6] [INFO] [1786780155.433351828] [attitude_scout_1]: [scout_1] Landed — tilt correction stopped, yaw-hold pinned to current heading.
[attitude_controller-6] [INFO] [1786780155.434919944] [attitude_scout_1]: [scout_1] Landed — tilt correction stopped, yaw-hold pinned to current heading.
[attitude_controller-6] [INFO] [1786780155.436526541] [attitude_scout_1]: [scout_1] Landed — tilt correction stopped, yaw-hold pinned to current heading.
[attitude_controller-6] [INFO] [1786780155.447237890] [attitude_scout_1]: [scout_1] Landed — tilt correction stopped, yaw-hold pinned to current heading.
[attitude_controller-6] [INFO] [1786780155.448715982] [attitude_scout_1]: [scout_1] Landed — tilt correction stopped, yaw-hold pinned to current heading.
[attitude_controller-6] [INFO] [1786780155.450221801] [attitude_scout_1]: [scout_1] Landed — tilt correction stopped, yaw-hold pinned to current heading.
[attitude_controller-6] [INFO] [1786780155.451626701] [attitude_scout_1]: [scout_1] Landed — tilt correction stopped, yaw-hold pinned to current heading.
[attitude_controller-6] [INFO] [1786780155.534768893] [attitude_scout_1]: [scout_1] Landed — tilt correction stopped, yaw-hold pinned to current heading.
[attitude_controller-6] [INFO] [1786780155.554764761] [attitude_scout_1]: [scout_1] Landed — tilt correction stopped, yaw-hold pinned to current heading.
[attitude_controller-6] [INFO] [1786780155.569832026] [attitude_scout_1]: [scout_1] Landed — tilt correction stopped, yaw-hold pinned to current heading.
[attitude_controller-6] [INFO] [1786780155.571345527] [attitude_scout_1]: [scout_1] Landed — tilt correction stopped, yaw-hold pinned to current heading.
[attitude_controller-6] [INFO] [1786780155.572846666] [attitude_scout_1]: [scout_1] Landed — tilt correction stopped, yaw-hold pinned to current heading.
[attitude_controller-6] [INFO] [1786780155.574361284] [attitude_scout_1]: [scout_1] Landed — tilt correction stopped, yaw-hold pinned to current heading.
[attitude_controller-6] [INFO] [1786780155.575879046] [attitude_scout_1]: [scout_1] Landed — tilt correction stopped, yaw-hold pinned to current heading.
[attitude_controller-6] [INFO] [1786780155.627274803] [attitude_scout_1]: [scout_1] Landed — tilt correction stopped, yaw-hold pinned to current heading.
[attitude_controller-6] [INFO] [1786780155.645461049] [attitude_scout_1]: [scout_1] Landed — tilt correction stopped, yaw-hold pinned to current heading.
[attitude_controller-6] [INFO] [1786780155.647196152] [attitude_scout_1]: [scout_1] Landed — tilt correction stopped, yaw-hold pinned to current heading.
[attitude_controller-6] [INFO] [1786780155.648727881] [attitude_scout_1]: [scout_1] Landed — tilt correction stopped, yaw-hold pinned to current heading.
[attitude_controller-6] [INFO] [1786780155.650516691] [attitude_scout_1]: [scout_1] Landed — tilt correction stopped, yaw-hold pinned to current heading.
[attitude_controller-6] [INFO] [1786780155.652225115] [attitude_scout_1]: [scout_1] Landed — tilt correction stopped, yaw-hold pinned to current heading.
[attitude_controller-6] [INFO] [1786780155.654770710] [attitude_scout_1]: [scout_1] Landed — tilt correction stopped, yaw-hold pinned to current heading.
[attitude_controller-6] [INFO] [1786780155.656486747] [attitude_scout_1]: [scout_1] Landed — tilt correction stopped, yaw-hold pinned to current heading.
[attitude_controller-6] [INFO] [1786780155.668888711] [attitude_scout_1]: [scout_1] Landed — tilt correction stopped, yaw-hold pinned to current heading.
[attitude_controller-6] [INFO] [1786780155.680021683] [attitude_scout_1]: [scout_1] Landed — tilt correction stopped, yaw-hold pinned to current heading.
[landing_controller-11] [INFO] [1786780155.730224714] [landing_scout_2]: [scout_2] 📏 CALIBSERIES t=34.8s v=0.23884 m/s (vx=-0.11878 vy=-0.20443 vz=0.03379)
[attitude_controller-6] [INFO] [1786780155.739292031] [attitude_scout_1]: [scout_1] Landed — tilt correction stopped, yaw-hold pinned to current heading.
[attitude_controller-6] [INFO] [1786780155.740608514] [attitude_scout_1]: [scout_1] Landed — tilt correction stopped, yaw-hold pinned to current heading.
[attitude_controller-6] [INFO] [1786780155.742096872] [attitude_scout_1]: [scout_1] Landed — tilt correction stopped, yaw-hold pinned to current heading.
[attitude_controller-6] [INFO] [1786780155.743476281] [attitude_scout_1]: [scout_1] Landed — tilt correction stopped, yaw-hold pinned to current heading.
[attitude_controller-6] [INFO] [1786780155.744808896] [attitude_scout_1]: [scout_1] Landed — tilt correction stopped, yaw-hold pinned to current heading.
[attitude_controller-6] [INFO] [1786780155.746512222] [attitude_scout_1]: [scout_1] Landed — tilt correction stopped, yaw-hold pinned to current heading.
[attitude_controller-6] [INFO] [1786780155.762297022] [attitude_scout_1]: [scout_1] Landed — tilt correction stopped, yaw-hold pinned to current heading.
[attitude_controller-6] [INFO] [1786780155.763647796] [attitude_scout_1]: [scout_1] Landed — tilt correction stopped, yaw-hold pinned to current heading.
[attitude_controller-6] [INFO] [1786780155.781710146] [attitude_scout_1]: [scout_1] Landed — tilt correction stopped, yaw-hold pinned to current heading.
[attitude_controller-6] [INFO] [1786780155.782928364] [attitude_scout_1]: [scout_1] Landed — tilt correction stopped, yaw-hold pinned to current heading.
[attitude_controller-6] [INFO] [1786780155.817885340] [attitude_scout_1]: [scout_1] Landed — tilt correction stopped, yaw-hold pinned to current heading.
[attitude_controller-6] [INFO] [1786780155.856460932] [attitude_scout_1]: [scout_1] Landed — tilt correction stopped, yaw-hold pinned to current heading.
[attitude_controller-6] [INFO] [1786780155.858823896] [attitude_scout_1]: [scout_1] Landed — tilt correction stopped, yaw-hold pinned to current heading.
[attitude_controller-6] [INFO] [1786780155.861602058] [attitude_scout_1]: [scout_1] Landed — tilt correction stopped, yaw-hold pinned to current heading.
[attitude_controller-6] [INFO] [1786780155.863083782] [attitude_scout_1]: [scout_1] Landed — tilt correction stopped, yaw-hold pinned to current heading.
[attitude_controller-6] [INFO] [1786780155.875415067] [attitude_scout_1]: [scout_1] Landed — tilt correction stopped, yaw-hold pinned to current heading.
[attitude_controller-6] [INFO] [1786780155.894205219] [attitude_scout_1]: [scout_1] Landed — tilt correction stopped, yaw-hold pinned to current heading.
[attitude_controller-6] [INFO] [1786780155.912530935] [attitude_scout_1]: [scout_1] Landed — tilt correction stopped, yaw-hold pinned to current heading.
[attitude_controller-6] [INFO] [1786780155.929261019] [attitude_scout_1]: [scout_1] Landed — tilt correction stopped, yaw-hold pinned to current heading.
[attitude_controller-6] [INFO] [1786780155.945186407] [attitude_scout_1]: [scout_1] Landed — tilt correction stopped, yaw-hold pinned to current heading.
[attitude_controller-6] [INFO] [1786780155.962408233] [attitude_scout_1]: [scout_1] Landed — tilt correction stopped, yaw-hold pinned to current heading.
[attitude_controller-6] [INFO] [1786780155.975068395] [attitude_scout_1]: [scout_1] Landed — tilt correction stopped, yaw-hold pinned to current heading.
[attitude_controller-6] [INFO] [1786780155.994417894] [attitude_scout_1]: [scout_1] Landed — tilt correction stopped, yaw-hold pinned to current heading.
[attitude_controller-6] [INFO] [1786780156.010834257] [attitude_scout_1]: [scout_1] Landed — tilt correction stopped, yaw-hold pinned to current heading.
[attitude_controller-6] [INFO] [1786780156.022160546] [attitude_scout_1]: [scout_1] Landed — tilt correction stopped, yaw-hold pinned to current heading.
[attitude_controller-6] [INFO] [1786780156.023731735] [attitude_scout_1]: [scout_1] Landed — tilt correction stopped, yaw-hold pinned to current heading.
[attitude_controller-6] [INFO] [1786780156.025175117] [attitude_scout_1]: [scout_1] Landed — tilt correction stopped, yaw-hold pinned to current heading.
[attitude_controller-6] [INFO] [1786780156.026975101] [attitude_scout_1]: [scout_1] Landed — tilt correction stopped, yaw-hold pinned to current heading.
[attitude_controller-6] [INFO] [1786780156.028563121] [attitude_scout_1]: [scout_1] Landed — tilt correction stopped, yaw-hold pinned to current heading.
[attitude_controller-6] [INFO] [1786780156.051700738] [attitude_scout_1]: [scout_1] Landed — tilt correction stopped, yaw-hold pinned to current heading.
[attitude_controller-6] [INFO] [1786780156.091443076] [attitude_scout_1]: [scout_1] Landed — tilt correction stopped, yaw-hold pinned to current heading.
[attitude_controller-6] [INFO] [1786780156.108867089] [attitude_scout_1]: [scout_1] Landed — tilt correction stopped, yaw-hold pinned to current heading.
[attitude_controller-6] [INFO] [1786780156.136008769] [attitude_scout_1]: [scout_1] Landed — tilt correction stopped, yaw-hold pinned to current heading.
[attitude_controller-6] [INFO] [1786780156.148308208] [attitude_scout_1]: [scout_1] Landed — tilt correction stopped, yaw-hold pinned to current heading.
[attitude_controller-6] [INFO] [1786780156.159089606] [attitude_scout_1]: [scout_1] Landed — tilt correction stopped, yaw-hold pinned to current heading.
[attitude_controller-6] [INFO] [1786780156.183059226] [attitude_scout_1]: [scout_1] Landed — tilt correction stopped, yaw-hold pinned to current heading.
[attitude_controller-6] [INFO] [1786780156.184680770] [attitude_scout_1]: [scout_1] Landed — tilt correction stopped, yaw-hold pinned to current heading.
[attitude_controller-6] [INFO] [1786780156.199407006] [attitude_scout_1]: [scout_1] Landed — tilt correction stopped, yaw-hold pinned to current heading.
[attitude_controller-6] [INFO] [1786780156.200767627] [attitude_scout_1]: [scout_1] Landed — tilt correction stopped, yaw-hold pinned to current heading.
[attitude_controller-6] [INFO] [1786780156.207324130] [attitude_scout_1]: [scout_1] Landed — tilt correction stopped, yaw-hold pinned to current heading.
[attitude_controller-6] [INFO] [1786780156.270682907] [attitude_scout_1]: [scout_1] Landed — tilt correction stopped, yaw-hold pinned to current heading.
[attitude_controller-6] [INFO] [1786780156.271978927] [attitude_scout_1]: [scout_1] Landed — tilt correction stopped, yaw-hold pinned to current heading.
[attitude_controller-6] [INFO] [1786780156.273499970] [attitude_scout_1]: [scout_1] Landed — tilt correction stopped, yaw-hold pinned to current heading.
[attitude_controller-6] [INFO] [1786780156.275074511] [attitude_scout_1]: [scout_1] Landed — tilt correction stopped, yaw-hold pinned to current heading.
[attitude_controller-6] [INFO] [1786780156.276600583] [attitude_scout_1]: [scout_1] Landed — tilt correction stopped, yaw-hold pinned to current heading.
[attitude_controller-6] [INFO] [1786780156.278002829] [attitude_scout_1]: [scout_1] Landed — tilt correction stopped, yaw-hold pinned to current heading.
[attitude_controller-6] [INFO] [1786780156.293733853] [attitude_scout_1]: [scout_1] Landed — tilt correction stopped, yaw-hold pinned to current heading.
[attitude_controller-6] [INFO] [1786780156.307493575] [attitude_scout_1]: [scout_1] Landed — tilt correction stopped, yaw-hold pinned to current heading.
[attitude_controller-6] [INFO] [1786780156.325286762] [attitude_scout_1]: [scout_1] Landed — tilt correction stopped, yaw-hold pinned to current heading.
[attitude_controller-6] [INFO] [1786780156.337646053] [attitude_scout_1]: [scout_1] Landed — tilt correction stopped, yaw-hold pinned to current heading.
[attitude_controller-6] [INFO] [1786780156.351131793] [attitude_scout_1]: [scout_1] Landed — tilt correction stopped, yaw-hold pinned to current heading.
[attitude_controller-6] [INFO] [1786780156.418015741] [attitude_scout_1]: [scout_1] Landed — tilt correction stopped, yaw-hold pinned to current heading.
[attitude_controller-6] [INFO] [1786780156.419495509] [attitude_scout_1]: [scout_1] Landed — tilt correction stopped, yaw-hold pinned to current heading.
[attitude_controller-6] [INFO] [1786780156.432097285] [attitude_scout_1]: [scout_1] Landed — tilt correction stopped, yaw-hold pinned to current heading.
[attitude_controller-6] [INFO] [1786780156.446569933] [attitude_scout_1]: [scout_1] Landed — tilt correction stopped, yaw-hold pinned to current heading.
[attitude_controller-6] [INFO] [1786780156.448020368] [attitude_scout_1]: [scout_1] Landed — tilt correction stopped, yaw-hold pinned to current heading.
[attitude_controller-6] [INFO] [1786780156.517106788] [attitude_scout_1]: [scout_1] Landed — tilt correction stopped, yaw-hold pinned to current heading.
[attitude_controller-6] [INFO] [1786780156.518617495] [attitude_scout_1]: [scout_1] Landed — tilt correction stopped, yaw-hold pinned to current heading.
[attitude_controller-6] [INFO] [1786780156.530322876] [attitude_scout_1]: [scout_1] Landed — tilt correction stopped, yaw-hold pinned to current heading.
[attitude_controller-6] [INFO] [1786780156.546935768] [attitude_scout_1]: [scout_1] Landed — tilt correction stopped, yaw-hold pinned to current heading.
[attitude_controller-6] [INFO] [1786780156.571938670] [attitude_scout_1]: [scout_1] Landed — tilt correction stopped, yaw-hold pinned to current heading.
[attitude_controller-6] [INFO] [1786780156.573413759] [attitude_scout_1]: [scout_1] Landed — tilt correction stopped, yaw-hold pinned to current heading.
[attitude_controller-6] [INFO] [1786780156.576144360] [attitude_scout_1]: [scout_1] Landed — tilt correction stopped, yaw-hold pinned to current heading.
[attitude_controller-6] [INFO] [1786780156.577702069] [attitude_scout_1]: [scout_1] Landed — tilt correction stopped, yaw-hold pinned to current heading.
[attitude_controller-6] [INFO] [1786780156.592299382] [attitude_scout_1]: [scout_1] Landed — tilt correction stopped, yaw-hold pinned to current heading.
[attitude_controller-6] [INFO] [1786780156.604222872] [attitude_scout_1]: [scout_1] Landed — tilt correction stopped, yaw-hold pinned to current heading.
[attitude_controller-6] [INFO] [1786780156.619258569] [attitude_scout_1]: [scout_1] Landed — tilt correction stopped, yaw-hold pinned to current heading.
[attitude_controller-6] [INFO] [1786780156.620732122] [attitude_scout_1]: [scout_1] Landed — tilt correction stopped, yaw-hold pinned to current heading.
[attitude_controller-6] [INFO] [1786780156.655743015] [attitude_scout_1]: [scout_1] Landed — tilt correction stopped, yaw-hold pinned to current heading.
[attitude_controller-6] [INFO] [1786780156.657093300] [attitude_scout_1]: [scout_1] Landed — tilt correction stopped, yaw-hold pinned to current heading.
[attitude_controller-6] [INFO] [1786780156.658498898] [attitude_scout_1]: [scout_1] Landed — tilt correction stopped, yaw-hold pinned to current heading.
[attitude_controller-6] [INFO] [1786780156.698550487] [attitude_scout_1]: [scout_1] Landed — tilt correction stopped, yaw-hold pinned to current heading.
[attitude_controller-6] [INFO] [1786780156.699964257] [attitude_scout_1]: [scout_1] Landed — tilt correction stopped, yaw-hold pinned to current heading.
[attitude_controller-6] [INFO] [1786780156.743346512] [attitude_scout_1]: [scout_1] Landed — tilt correction stopped, yaw-hold pinned to current heading.
[attitude_controller-6] [INFO] [1786780156.744792268] [attitude_scout_1]: [scout_1] Landed — tilt correction stopped, yaw-hold pinned to current heading.
[attitude_controller-6] [INFO] [1786780156.752657570] [attitude_scout_1]: [scout_1] Landed — tilt correction stopped, yaw-hold pinned to current heading.
[attitude_controller-6] [INFO] [1786780156.885731885] [attitude_scout_1]: [scout_1] Landed — tilt correction stopped, yaw-hold pinned to current heading.
[landing_controller-15] [INFO] [1786780156.888702457] [landing_scout_3]: [scout_3] 📏 CALIBSERIES t=12.4s v=0.01679 m/s (vx=-0.01352 vy=-0.00202 vz=0.00974)
[attitude_controller-6] [INFO] [1786780156.898854458] [attitude_scout_1]: [scout_1] Landed — tilt correction stopped, yaw-hold pinned to current heading.
[attitude_controller-6] [INFO] [1786780156.911607367] [attitude_scout_1]: [scout_1] Landed — tilt correction stopped, yaw-hold pinned to current heading.
[attitude_controller-6] [INFO] [1786780156.913320959] [attitude_scout_1]: [scout_1] Landed — tilt correction stopped, yaw-hold pinned to current heading.
[attitude_controller-6] [INFO] [1786780156.914945157] [attitude_scout_1]: [scout_1] Landed — tilt correction stopped, yaw-hold pinned to current heading.
[attitude_controller-6] [INFO] [1786780156.916440080] [attitude_scout_1]: [scout_1] Landed — tilt correction stopped, yaw-hold pinned to current heading.
[attitude_controller-6] [INFO] [1786780156.982845834] [attitude_scout_1]: [scout_1] Landed — tilt correction stopped, yaw-hold pinned to current heading.
[attitude_controller-6] [INFO] [1786780156.992160384] [attitude_scout_1]: [scout_1] Landed — tilt correction stopped, yaw-hold pinned to current heading.
[attitude_controller-6] [INFO] [1786780156.993592661] [attitude_scout_1]: [scout_1] Landed — tilt correction stopped, yaw-hold pinned to current heading.
[attitude_controller-6] [INFO] [1786780157.046319359] [attitude_scout_1]: [scout_1] Landed — tilt correction stopped, yaw-hold pinned to current heading.
[attitude_controller-6] [INFO] [1786780157.049849138] [attitude_scout_1]: [scout_1] Landed — tilt correction stopped, yaw-hold pinned to current heading.
[attitude_controller-6] [INFO] [1786780157.074803851] [attitude_scout_1]: [scout_1] Landed — tilt correction stopped, yaw-hold pinned to current heading.
[attitude_controller-6] [INFO] [1786780157.091299412] [attitude_scout_1]: [scout_1] Landed — tilt correction stopped, yaw-hold pinned to current heading.
[attitude_controller-6] [INFO] [1786780157.096098951] [attitude_scout_1]: [scout_1] Landed — tilt correction stopped, yaw-hold pinned to current heading.
[attitude_controller-6] [INFO] [1786780157.097288535] [attitude_scout_1]: [scout_1] Landed — tilt correction stopped, yaw-hold pinned to current heading.
[attitude_controller-6] [INFO] [1786780157.098672832] [attitude_scout_1]: [scout_1] Landed — tilt correction stopped, yaw-hold pinned to current heading.
[attitude_controller-6] [INFO] [1786780157.133089666] [attitude_scout_1]: [scout_1] Landed — tilt correction stopped, yaw-hold pinned to current heading.
[attitude_controller-6] [INFO] [1786780157.184845659] [attitude_scout_1]: [scout_1] Landed — tilt correction stopped, yaw-hold pinned to current heading.
[attitude_controller-6] [INFO] [1786780157.211875525] [attitude_scout_1]: [scout_1] Landed — tilt correction stopped, yaw-hold pinned to current heading.
[attitude_controller-6] [INFO] [1786780157.251798399] [attitude_scout_1]: [scout_1] Landed — tilt correction stopped, yaw-hold pinned to current heading.
[attitude_controller-6] [INFO] [1786780157.265636761] [attitude_scout_1]: [scout_1] Landed — tilt correction stopped, yaw-hold pinned to current heading.
[attitude_controller-6] [INFO] [1786780157.271438363] [attitude_scout_1]: [scout_1] Landed — tilt correction stopped, yaw-hold pinned to current heading.
[attitude_controller-6] [INFO] [1786780157.272815188] [attitude_scout_1]: [scout_1] Landed — tilt correction stopped, yaw-hold pinned to current heading.
[attitude_controller-6] [INFO] [1786780157.308098945] [attitude_scout_1]: [scout_1] Landed — tilt correction stopped, yaw-hold pinned to current heading.
[attitude_controller-6] [INFO] [1786780157.322868832] [attitude_scout_1]: [scout_1] Landed — tilt correction stopped, yaw-hold pinned to current heading.
[attitude_controller-6] [INFO] [1786780157.336795052] [attitude_scout_1]: [scout_1] Landed — tilt correction stopped, yaw-hold pinned to current heading.
[attitude_controller-6] [INFO] [1786780157.377084796] [attitude_scout_1]: [scout_1] Landed — tilt correction stopped, yaw-hold pinned to current heading.
[attitude_controller-6] [INFO] [1786780157.383660853] [attitude_scout_1]: [scout_1] Landed — tilt correction stopped, yaw-hold pinned to current heading.
[attitude_controller-6] [INFO] [1786780157.384866080] [attitude_scout_1]: [scout_1] Landed — tilt correction stopped, yaw-hold pinned to current heading.
[attitude_controller-6] [INFO] [1786780157.385817649] [attitude_scout_1]: [scout_1] Landed — tilt correction stopped, yaw-hold pinned to current heading.
[attitude_controller-6] [INFO] [1786780157.429357045] [attitude_scout_1]: [scout_1] Landed — tilt correction stopped, yaw-hold pinned to current heading.
[attitude_controller-6] [INFO] [1786780157.431908157] [attitude_scout_1]: [scout_1] Landed — tilt correction stopped, yaw-hold pinned to current heading.
[attitude_controller-6] [INFO] [1786780157.433305026] [attitude_scout_1]: [scout_1] Landed — tilt correction stopped, yaw-hold pinned to current heading.
[attitude_controller-6] [INFO] [1786780157.434292911] [attitude_scout_1]: [scout_1] Landed — tilt correction stopped, yaw-hold pinned to current heading.
[attitude_controller-6] [INFO] [1786780157.458189898] [attitude_scout_1]: [scout_1] Landed — tilt correction stopped, yaw-hold pinned to current heading.
[attitude_controller-6] [INFO] [1786780157.557190503] [attitude_scout_1]: [scout_1] Landed — tilt correction stopped, yaw-hold pinned to current heading.
[attitude_controller-6] [INFO] [1786780157.573380864] [attitude_scout_1]: [scout_1] Landed — tilt correction stopped, yaw-hold pinned to current heading.
[attitude_controller-6] [INFO] [1786780157.584101851] [attitude_scout_1]: [scout_1] Landed — tilt correction stopped, yaw-hold pinned to current heading.
[attitude_controller-6] [INFO] [1786780157.587843036] [attitude_scout_1]: [scout_1] Landed — tilt correction stopped, yaw-hold pinned to current heading.
[attitude_controller-6] [INFO] [1786780157.589401234] [attitude_scout_1]: [scout_1] Landed — tilt correction stopped, yaw-hold pinned to current heading.
[attitude_controller-6] [INFO] [1786780157.590976055] [attitude_scout_1]: [scout_1] Landed — tilt correction stopped, yaw-hold pinned to current heading.
[attitude_controller-6] [INFO] [1786780157.592962372] [attitude_scout_1]: [scout_1] Landed — tilt correction stopped, yaw-hold pinned to current heading.
[attitude_controller-6] [INFO] [1786780157.673656816] [attitude_scout_1]: [scout_1] Landed — tilt correction stopped, yaw-hold pinned to current heading.
[attitude_controller-6] [INFO] [1786780157.676439518] [attitude_scout_1]: [scout_1] Landed — tilt correction stopped, yaw-hold pinned to current heading.
[attitude_controller-6] [INFO] [1786780157.677329069] [attitude_scout_1]: [scout_1] Landed — tilt correction stopped, yaw-hold pinned to current heading.
[attitude_controller-6] [INFO] [1786780157.678503846] [attitude_scout_1]: [scout_1] Landed — tilt correction stopped, yaw-hold pinned to current heading.
[attitude_controller-6] [INFO] [1786780157.688706411] [attitude_scout_1]: [scout_1] Landed — tilt correction stopped, yaw-hold pinned to current heading.
[attitude_controller-6] [INFO] [1786780157.693738657] [attitude_scout_1]: [scout_1] Landed — tilt correction stopped, yaw-hold pinned to current heading.
[attitude_controller-6] [INFO] [1786780157.703939267] [attitude_scout_1]: [scout_1] Landed — tilt correction stopped, yaw-hold pinned to current heading.
[attitude_controller-6] [INFO] [1786780157.732016312] [attitude_scout_1]: [scout_1] Landed — tilt correction stopped, yaw-hold pinned to current heading.
[attitude_controller-6] [INFO] [1786780157.750459500] [attitude_scout_1]: [scout_1] Landed — tilt correction stopped, yaw-hold pinned to current heading.
[landing_controller-11] [INFO] [1786780157.764200644] [landing_scout_2]: [scout_2] 📏 CALIBSERIES t=36.9s v=0.26226 m/s (vx=-0.24599 vy=-0.09067 vz=-0.00673)
[attitude_controller-6] [INFO] [1786780157.778702206] [attitude_scout_1]: [scout_1] Landed — tilt correction stopped, yaw-hold pinned to current heading.
[attitude_controller-6] [INFO] [1786780157.780002695] [attitude_scout_1]: [scout_1] Landed — tilt correction stopped, yaw-hold pinned to current heading.
[attitude_controller-6] [INFO] [1786780157.781273013] [attitude_scout_1]: [scout_1] Landed — tilt correction stopped, yaw-hold pinned to current heading.
[attitude_controller-6] [INFO] [1786780157.785038503] [attitude_scout_1]: [scout_1] Landed — tilt correction stopped, yaw-hold pinned to current heading.
[attitude_controller-6] [INFO] [1786780157.786686306] [attitude_scout_1]: [scout_1] Landed — tilt correction stopped, yaw-hold pinned to current heading.
[attitude_controller-6] [INFO] [1786780157.813996090] [attitude_scout_1]: [scout_1] Landed — tilt correction stopped, yaw-hold pinned to current heading.
[attitude_controller-6] [INFO] [1786780157.823675135] [attitude_scout_1]: [scout_1] Landed — tilt correction stopped, yaw-hold pinned to current heading.
[attitude_controller-6] [INFO] [1786780157.836190240] [attitude_scout_1]: [scout_1] Landed — tilt correction stopped, yaw-hold pinned to current heading.
[attitude_controller-6] [INFO] [1786780157.837516989] [attitude_scout_1]: [scout_1] Landed — tilt correction stopped, yaw-hold pinned to current heading.
[attitude_controller-6] [INFO] [1786780157.840189693] [attitude_scout_1]: [scout_1] Landed — tilt correction stopped, yaw-hold pinned to current heading.
[attitude_controller-6] [INFO] [1786780157.841430678] [attitude_scout_1]: [scout_1] Landed — tilt correction stopped, yaw-hold pinned to current heading.
[hopper_locomotion-5] [INFO] [1786780157.871013403] [loco_scout_1]: 2. IGNITION (stroke fraction=0.90, ramp=4.0s)
[landing_controller-7] [INFO] [1786780157.880548019] [landing_scout_1]: [scout_1] 🚀 Jump detected → FLIGHT mode (contact detection blanked 100 s for launch)
[attitude_controller-6] [INFO] [1786780157.905350271] [attitude_scout_1]: [scout_1] Landed — tilt correction stopped, yaw-hold pinned to current heading.
[attitude_controller-6] [INFO] [1786780157.915725271] [attitude_scout_1]: [scout_1] Landed — tilt correction stopped, yaw-hold pinned to current heading.
[attitude_controller-6] [INFO] [1786780157.916910385] [attitude_scout_1]: [scout_1] Landed — tilt correction stopped, yaw-hold pinned to current heading.
[attitude_controller-6] [INFO] [1786780157.920628173] [attitude_scout_1]: [scout_1] Landed — tilt correction stopped, yaw-hold pinned to current heading.
[attitude_controller-6] [INFO] [1786780157.921809655] [attitude_scout_1]: [scout_1] Landed — tilt correction stopped, yaw-hold pinned to current heading.
[attitude_controller-6] [INFO] [1786780157.923011181] [attitude_scout_1]: [scout_1] Landed — tilt correction stopped, yaw-hold pinned to current heading.
[landing_controller-7] [INFO] [1786780157.970548144] [landing_scout_1]: [scout_1] 📏 CALIBSERIES t=0.1s v=0.02272 m/s (vx=-0.02171 vy=0.00629 vz=0.00233)
[attitude_controller-6] [INFO] [1786780157.980785629] [attitude_scout_1]: [scout_1] Landed — tilt correction stopped, yaw-hold pinned to current heading.
[attitude_controller-6] [INFO] [1786780157.993976994] [attitude_scout_1]: [scout_1] Landed — tilt correction stopped, yaw-hold pinned to current heading.
[attitude_controller-6] [INFO] [1786780158.004291582] [attitude_scout_1]: [scout_1] Airborne (landed=False) — tilt correction armed.
[landing_controller-15] [INFO] [1786780158.922053826] [landing_scout_3]: [scout_3] 📏 CALIBSERIES t=14.4s v=0.01577 m/s (vx=-0.01187 vy=-0.00280 vz=0.00999)
[landing_controller-11] [INFO] [1786780159.157875522] [landing_scout_2]: [scout_2] Landing controller state: FLIGHT
[landing_controller-15] [INFO] [1786780159.190547406] [landing_scout_3]: [scout_3] Landing controller state: FLIGHT
[landing_controller-7] [INFO] [1786780159.192415555] [landing_scout_1]: [scout_1] Landing controller state: FLIGHT
[landing_controller-11] [INFO] [1786780159.815203159] [landing_scout_2]: [scout_2] 📏 CALIBSERIES t=38.9s v=0.18206 m/s (vx=-0.16444 vy=0.05773 vz=-0.05265)
[landing_controller-7] [INFO] [1786780160.039564055] [landing_scout_1]: [scout_1] 📏 CALIBSERIES t=2.2s v=0.00964 m/s (vx=0.00931 vy=0.00157 vz=0.00195)
[landing_controller-15] [INFO] [1786780161.010290676] [landing_scout_3]: [scout_3] 📏 CALIBSERIES t=16.5s v=0.01647 m/s (vx=-0.01256 vy=-0.00314 vz=0.01019)
[attitude_controller-6] [INFO] [1786780161.123436802] [attitude_scout_1]: [scout_1] Jump initiated. Flight mode active (tilt-PD held for stroke).
[landing_controller-11] [INFO] [1786780161.819269295] [landing_scout_2]: [scout_2] 📏 CALIBSERIES t=40.9s v=0.12276 m/s (vx=-0.10930 vy=-0.00546 vz=-0.05564)
[landing_controller-7] [INFO] [1786780162.048280066] [landing_scout_1]: [scout_1] 📏 CALIBSERIES t=4.2s v=0.00347 m/s (vx=0.00121 vy=0.00268 vz=0.00185)
[hopper_locomotion-5] [INFO] [1786780162.385683870] [loco_scout_1]: 3. Separation confirmed (genuine ground clearance) — holding extension for clearance, then slow retract (FLIGHT)
[attitude_controller-6] [INFO] [1786780162.387532463] [attitude_scout_1]: [scout_1] Separation — tilt correction engaged.
[landing_controller-15] [INFO] [1786780163.011469437] [landing_scout_3]: [scout_3] 📏 CALIBSERIES t=18.5s v=0.01551 m/s (vx=-0.01187 vy=-0.00344 vz=0.00938)
[landing_controller-11] [INFO] [1786780163.887802391] [landing_scout_2]: [scout_2] 📏 CALIBSERIES t=43.0s v=0.14418 m/s (vx=-0.08024 vy=-0.10362 vz=-0.06012)
[landing_controller-7] [INFO] [1786780164.122385694] [landing_scout_1]: [scout_1] 📏 CALIBSERIES t=6.2s v=0.01914 m/s (vx=0.01902 vy=-0.00125 vz=0.00169)
[landing_controller-11] [INFO] [1786780164.159994844] [landing_scout_2]: [scout_2] Landing controller state: FLIGHT
[landing_controller-15] [INFO] [1786780164.190399307] [landing_scout_3]: [scout_3] Landing controller state: FLIGHT
[landing_controller-7] [INFO] [1786780164.191614172] [landing_scout_1]: [scout_1] Landing controller state: FLIGHT
[landing_controller-15] [INFO] [1786780165.045951397] [landing_scout_3]: [scout_3] 📏 CALIBSERIES t=20.5s v=0.01540 m/s (vx=-0.01179 vy=-0.00349 vz=0.00927)
[landing_controller-11] [INFO] [1786780165.998548028] [landing_scout_2]: [scout_2] 📏 CALIBSERIES t=45.1s v=0.10936 m/s (vx=-0.00610 vy=-0.09600 vz=-0.05203)
[landing_controller-7] [INFO] [1786780166.212344249] [landing_scout_1]: [scout_1] 📏 CALIBSERIES t=8.3s v=0.02134 m/s (vx=0.02021 vy=0.00671 vz=0.00140)
[landing_controller-15] [INFO] [1786780167.162909663] [landing_scout_3]: [scout_3] 📏 CALIBSERIES t=22.6s v=0.01531 m/s (vx=-0.01175 vy=-0.00352 vz=0.00916)
[landing_controller-15] [INFO] [1786780167.163573911] [landing_scout_3]: [scout_3] 📏 CALIBSTABLE t=22.6s v=0.01531 m/s (vx=-0.01175 vy=-0.00352 vz=0.00916) -- 3 consecutive samples steady
[landing_controller-11] [INFO] [1786780168.110270898] [landing_scout_2]: [scout_2] 📏 CALIBSERIES t=47.2s v=0.17628 m/s (vx=0.06645 vy=-0.16260 vz=-0.01490)
[landing_controller-7] [INFO] [1786780168.221141156] [landing_scout_1]: [scout_1] 📏 CALIBSERIES t=10.3s v=0.01666 m/s (vx=0.00975 vy=0.01345 vz=0.00124)
[landing_controller-11] [INFO] [1786780169.157637261] [landing_scout_2]: [scout_2] Landing controller state: FLIGHT
[landing_controller-7] [INFO] [1786780169.190708912] [landing_scout_1]: [scout_1] Landing controller state: FLIGHT
[landing_controller-15] [INFO] [1786780169.191009713] [landing_scout_3]: [scout_3] Landing controller state: FLIGHT
[landing_controller-11] [INFO] [1786780170.193555750] [landing_scout_2]: [scout_2] 📏 CALIBSERIES t=49.3s v=0.16192 m/s (vx=-0.04328 vy=-0.15598 vz=0.00409)
[landing_controller-7] [INFO] [1786780170.300717090] [landing_scout_1]: [scout_1] 📏 CALIBSERIES t=12.4s v=0.01077 m/s (vx=0.00252 vy=0.01040 vz=0.00116)
[landing_controller-11] [INFO] [1786780172.289616801] [landing_scout_2]: [scout_2] 📏 CALIBSERIES t=51.4s v=0.17943 m/s (vx=-0.15248 vy=-0.08498 vz=0.04149)
[landing_controller-7] [INFO] [1786780172.390318508] [landing_scout_1]: [scout_1] 📏 CALIBSERIES t=14.5s v=0.00654 m/s (vx=0.00249 vy=0.00592 vz=0.00123)
[landing_controller-11] [INFO] [1786780174.160552984] [landing_scout_2]: [scout_2] Landing controller state: FLIGHT
[landing_controller-7] [INFO] [1786780174.191386686] [landing_scout_1]: [scout_1] Landing controller state: FLIGHT
[landing_controller-15] [INFO] [1786780174.192519839] [landing_scout_3]: [scout_3] Landing controller state: FLIGHT
[landing_controller-11] [INFO] [1786780174.372754283] [landing_scout_2]: [scout_2] 📏 CALIBSERIES t=53.5s v=0.24427 m/s (vx=-0.22877 vy=0.07768 vz=0.03601)
[landing_controller-7] [INFO] [1786780174.478805451] [landing_scout_1]: [scout_1] 📏 CALIBSERIES t=16.6s v=0.00308 m/s (vx=-0.00011 vy=0.00287 vz=0.00113)
[landing_controller-11] [INFO] [1786780176.399828769] [landing_scout_2]: [scout_2] 📏 CALIBSERIES t=55.5s v=0.26245 m/s (vx=-0.13351 vy=0.22566 vz=-0.01140)
[landing_controller-7] [INFO] [1786780176.507863881] [landing_scout_1]: [scout_1] 📏 CALIBSERIES t=18.6s v=0.00241 m/s (vx=-0.00220 vy=0.00025 vz=0.00096)
[landing_controller-11] [INFO] [1786780178.404331018] [landing_scout_2]: [scout_2] 📏 CALIBSERIES t=57.5s v=0.11278 m/s (vx=0.02665 vy=0.10912 vz=-0.01009)
[landing_controller-7] [INFO] [1786780178.524863359] [landing_scout_1]: [scout_1] 📏 CALIBSERIES t=20.6s v=0.00435 m/s (vx=-0.00369 vy=-0.00212 vz=0.00092)
[landing_controller-11] [INFO] [1786780179.158149180] [landing_scout_2]: [scout_2] Landing controller state: FLIGHT
[landing_controller-15] [INFO] [1786780179.190594020] [landing_scout_3]: [scout_3] Landing controller state: FLIGHT
[landing_controller-7] [INFO] [1786780179.193740938] [landing_scout_1]: [scout_1] Landing controller state: FLIGHT
[landing_controller-11] [INFO] [1786780180.436938281] [landing_scout_2]: [scout_2] 📏 CALIBSERIES t=59.5s v=0.20486 m/s (vx=0.04099 vy=0.19861 vz=0.02900)
[landing_controller-7] [INFO] [1786780180.535612611] [landing_scout_1]: [scout_1] 📏 CALIBSERIES t=22.7s v=0.00471 m/s (vx=-0.00307 vy=-0.00346 vz=0.00087)
[landing_controller-11] [INFO] [1786780182.449193169] [landing_scout_2]: [scout_2] 📏 CALIBSERIES t=61.6s v=0.23299 m/s (vx=-0.12497 vy=0.19507 vz=0.02488)
[landing_controller-7] [INFO] [1786780182.555559461] [landing_scout_1]: [scout_1] 📏 CALIBSERIES t=24.7s v=0.00424 m/s (vx=-0.00101 vy=-0.00403 vz=0.00080)
[landing_controller-11] [INFO] [1786780184.161891748] [landing_scout_2]: [scout_2] Landing controller state: FLIGHT
[landing_controller-15] [INFO] [1786780184.190307802] [landing_scout_3]: [scout_3] Landing controller state: FLIGHT
[landing_controller-7] [INFO] [1786780184.194959142] [landing_scout_1]: [scout_1] Landing controller state: FLIGHT
[landing_controller-11] [INFO] [1786780184.552918150] [landing_scout_2]: [scout_2] 📏 CALIBSERIES t=63.7s v=0.25788 m/s (vx=-0.25375 vy=0.04583 vz=-0.00378)
[landing_controller-7] [INFO] [1786780184.558339405] [landing_scout_1]: [scout_1] 📏 CALIBSERIES t=26.7s v=0.00520 m/s (vx=0.00137 vy=-0.00497 vz=0.00072)
[landing_controller-11] [INFO] [1786780186.569644878] [landing_scout_2]: [scout_2] 📏 CALIBSERIES t=65.7s v=0.19131 m/s (vx=-0.17114 vy=-0.07158 vz=-0.04676)
[landing_controller-7] [INFO] [1786780186.570465567] [landing_scout_1]: [scout_1] 📏 CALIBSERIES t=28.7s v=0.00659 m/s (vx=0.00182 vy=-0.00630 vz=0.00063)
[landing_controller-7] [INFO] [1786780188.658514475] [landing_scout_1]: [scout_1] 📏 CALIBSERIES t=30.8s v=0.01214 m/s (vx=0.01189 vy=-0.00241 vz=0.00042)
[landing_controller-11] [INFO] [1786780188.659776972] [landing_scout_2]: [scout_2] 📏 CALIBSERIES t=67.8s v=0.15117 m/s (vx=-0.13721 vy=0.01028 vz=-0.06262)
[landing_controller-11] [INFO] [1786780189.161048802] [landing_scout_2]: [scout_2] Landing controller state: FLIGHT
[landing_controller-15] [INFO] [1786780189.193175104] [landing_scout_3]: [scout_3] Landing controller state: FLIGHT
[landing_controller-7] [INFO] [1786780189.193644358] [landing_scout_1]: [scout_1] Landing controller state: FLIGHT
[landing_controller-11] [INFO] [1786780190.685067461] [landing_scout_2]: [scout_2] 📏 CALIBSERIES t=69.8s v=0.11874 m/s (vx=-0.04400 vy=0.08132 vz=-0.07450)
[landing_controller-7] [INFO] [1786780190.688357761] [landing_scout_1]: [scout_1] 📏 CALIBSERIES t=32.8s v=0.01176 m/s (vx=0.01140 vy=0.00287 vz=0.00021)
[landing_controller-11] [INFO] [1786780192.685719706] [landing_scout_2]: [scout_2] 📏 CALIBSERIES t=71.8s v=0.08869 m/s (vx=0.00789 vy=0.04777 vz=-0.07431)
[landing_controller-7] [INFO] [1786780192.810832512] [landing_scout_1]: [scout_1] 📏 CALIBSERIES t=34.9s v=0.00714 m/s (vx=0.00532 vy=0.00477 vz=0.00008)
[landing_controller-11] [INFO] [1786780194.158295768] [landing_scout_2]: [scout_2] Landing controller state: FLIGHT
[landing_controller-15] [INFO] [1786780194.191757132] [landing_scout_3]: [scout_3] Landing controller state: FLIGHT
[landing_controller-7] [INFO] [1786780194.193536444] [landing_scout_1]: [scout_1] Landing controller state: FLIGHT
[landing_controller-11] [INFO] [1786780194.704414219] [landing_scout_2]: [scout_2] 📏 CALIBSERIES t=73.8s v=0.09031 m/s (vx=-0.00487 vy=0.07289 vz=-0.05310)
[landing_controller-7] [INFO] [1786780194.828610727] [landing_scout_1]: [scout_1] 📏 CALIBSERIES t=36.9s v=0.00371 m/s (vx=0.00282 vy=0.00242 vz=-0.00003)
[landing_controller-11] [INFO] [1786780196.764712065] [landing_scout_2]: [scout_2] 📏 CALIBSERIES t=75.9s v=0.16993 m/s (vx=-0.11998 vy=0.11946 vz=-0.01449)
[landing_controller-7] [INFO] [1786780196.888459224] [landing_scout_1]: [scout_1] 📏 CALIBSERIES t=39.0s v=0.00042 m/s (vx=0.00041 vy=-0.00003 vz=-0.00010)
[landing_controller-11] [INFO] [1786780198.780885972] [landing_scout_2]: [scout_2] 📏 CALIBSERIES t=77.9s v=0.24042 m/s (vx=0.01406 vy=0.23899 vz=-0.02199)
[landing_controller-7] [INFO] [1786780198.892745396] [landing_scout_1]: [scout_1] 📏 CALIBSERIES t=41.0s v=0.00352 m/s (vx=-0.00214 vy=-0.00279 vz=-0.00015)
[landing_controller-11] [INFO] [1786780199.158596659] [landing_scout_2]: [scout_2] Landing controller state: FLIGHT
[landing_controller-15] [INFO] [1786780199.190495006] [landing_scout_3]: [scout_3] Landing controller state: FLIGHT
[landing_controller-7] [INFO] [1786780199.191352990] [landing_scout_1]: [scout_1] Landing controller state: FLIGHT
[landing_controller-11] [INFO] [1786780200.861153560] [landing_scout_2]: [scout_2] 📏 CALIBSERIES t=80.0s v=0.19385 m/s (vx=0.14248 vy=0.12953 vz=-0.02238)
[landing_controller-7] [INFO] [1786780200.981290137] [landing_scout_1]: [scout_1] 📏 CALIBSERIES t=43.1s v=0.00332 m/s (vx=-0.00018 vy=-0.00331 vz=-0.00023)
[landing_controller-11] [INFO] [1786780202.968983023] [landing_scout_2]: [scout_2] 📏 CALIBSERIES t=82.1s v=0.20987 m/s (vx=0.20947 vy=-0.00594 vz=-0.01160)
[landing_controller-7] [INFO] [1786780203.078144115] [landing_scout_1]: [scout_1] 📏 CALIBSERIES t=45.2s v=0.00515 m/s (vx=0.00404 vy=-0.00318 vz=-0.00034)
[landing_controller-11] [INFO] [1786780204.158938439] [landing_scout_2]: [scout_2] Landing controller state: FLIGHT
[landing_controller-15] [INFO] [1786780204.190465657] [landing_scout_3]: [scout_3] Landing controller state: FLIGHT
[landing_controller-7] [INFO] [1786780204.191507320] [landing_scout_1]: [scout_1] Landing controller state: FLIGHT
[landing_controller-11] [INFO] [1786780205.062628862] [landing_scout_2]: [scout_2] 📏 CALIBSERIES t=84.2s v=0.24663 m/s (vx=0.15970 vy=-0.18470 vz=-0.03473)
[landing_controller-7] [INFO] [1786780205.176954271] [landing_scout_1]: [scout_1] 📏 CALIBSERIES t=47.3s v=0.00602 m/s (vx=0.00162 vy=-0.00578 vz=-0.00044)
[landing_controller-11] [INFO] [1786780207.066963894] [landing_scout_2]: [scout_2] 📏 CALIBSERIES t=86.2s v=0.15676 m/s (vx=0.08039 vy=-0.12171 vz=-0.05743)
[landing_controller-7] [INFO] [1786780207.192735653] [landing_scout_1]: [scout_1] 📏 CALIBSERIES t=49.3s v=0.00664 m/s (vx=0.00264 vy=-0.00607 vz=-0.00054)
[landing_controller-11] [INFO] [1786780209.158479324] [landing_scout_2]: [scout_2] Landing controller state: FLIGHT
[landing_controller-11] [INFO] [1786780209.179912086] [landing_scout_2]: [scout_2] 📏 CALIBSERIES t=88.3s v=0.12272 m/s (vx=-0.08140 vy=-0.08764 vz=-0.02746)
[landing_controller-15] [INFO] [1786780209.190274030] [landing_scout_3]: [scout_3] Landing controller state: FLIGHT
[landing_controller-7] [INFO] [1786780209.191983991] [landing_scout_1]: [scout_1] Landing controller state: FLIGHT
[landing_controller-7] [INFO] [1786780209.288898863] [landing_scout_1]: [scout_1] 📏 CALIBSERIES t=51.4s v=0.00709 m/s (vx=0.00435 vy=-0.00556 vz=-0.00068)
[landing_controller-11] [WARN] [1786780210.962190985] [landing_scout_2]: [scout_2] 📏 CALIBTIMEOUT t=90.1s -- never stabilized within 90s (last v=0.20097 m/s) -- likely tumbling/terrain-snagged launch, discard from calibration
[landing_controller-7] [INFO] [1786780211.298987088] [landing_scout_1]: [scout_1] 📏 CALIBSERIES t=53.4s v=0.00740 m/s (vx=0.00490 vy=-0.00549 vz=-0.00080)
[landing_controller-7] [INFO] [1786780213.318019463] [landing_scout_1]: [scout_1] 📏 CALIBSERIES t=55.4s v=0.00846 m/s (vx=0.00800 vy=-0.00259 vz=-0.00094)
[landing_controller-11] [INFO] [1786780214.157856741] [landing_scout_2]: [scout_2] Landing controller state: FLIGHT
[landing_controller-7] [INFO] [1786780214.191536639] [landing_scout_1]: [scout_1] Landing controller state: FLIGHT
[landing_controller-15] [INFO] [1786780214.192142989] [landing_scout_3]: [scout_3] Landing controller state: FLIGHT
[landing_controller-7] [INFO] [1786780215.321970976] [landing_scout_1]: [scout_1] 📏 CALIBSERIES t=57.4s v=0.02191 m/s (vx=0.01177 vy=0.01843 vz=-0.00123)
[landing_controller-7] [INFO] [1786780217.371132640] [landing_scout_1]: [scout_1] 📏 CALIBSERIES t=59.5s v=0.01291 m/s (vx=0.00248 vy=0.01261 vz=-0.00129)
[landing_controller-11] [INFO] [1786780219.161011759] [landing_scout_2]: [scout_2] Landing controller state: FLIGHT
[landing_controller-7] [INFO] [1786780219.190877279] [landing_scout_1]: [scout_1] Landing controller state: FLIGHT
[landing_controller-15] [INFO] [1786780219.191336197] [landing_scout_3]: [scout_3] Landing controller state: FLIGHT
[landing_controller-7] [INFO] [1786780219.390143097] [landing_scout_1]: [scout_1] 📏 CALIBSERIES t=61.5s v=0.00727 m/s (vx=-0.00034 vy=0.00713 vz=-0.00135)
[landing_controller-11] [INFO] [1786780221.034589405] [landing_scout_2]: [scout_2] 🎯 Contact detected! accel=0.1506 m/s² → hands-off settle (no posture commands at contact)
[attitude_controller-10] [INFO] [1786780221.264630831] [attitude_scout_2]: [scout_2] Contact — commanded-flight latch cleared (full attitude PD locked out until next ignition).
[landing_controller-7] [INFO] [1786780221.458018013] [landing_scout_1]: [scout_1] 📏 CALIBSERIES t=63.6s v=0.00495 m/s (vx=-0.00301 vy=0.00367 vz=-0.00139)
[landing_controller-11] [WARN] [1786780222.450666414] [landing_scout_2]: [scout_2] Sustained contact accel but velocity still 0.1611 m/s — not actually landed, resetting settle counter (likely a false accel trigger, e.g. RW/leg motor reaction torque).
[landing_controller-11] [INFO] [1786780222.831852887] [landing_scout_2]: [scout_2] ⚠️ Bounce detected (v=0.1322 m/s) → back to FLIGHT
[landing_controller-7] [INFO] [1786780223.535157995] [landing_scout_1]: [scout_1] 📏 CALIBSERIES t=65.7s v=0.00398 m/s (vx=-0.00371 vy=-0.00001 vz=-0.00143)
[landing_controller-11] [INFO] [1786780224.158237251] [landing_scout_2]: [scout_2] Landing controller state: FLIGHT
[landing_controller-15] [INFO] [1786780224.190388144] [landing_scout_3]: [scout_3] Landing controller state: FLIGHT
[landing_controller-7] [INFO] [1786780224.191131171] [landing_scout_1]: [scout_1] Landing controller state: FLIGHT
[landing_controller-7] [INFO] [1786780225.573122889] [landing_scout_1]: [scout_1] 📏 CALIBSERIES t=67.7s v=0.00437 m/s (vx=-0.00345 vy=-0.00224 vz=-0.00147)
[landing_controller-7] [INFO] [1786780227.637014287] [landing_scout_1]: [scout_1] 📏 CALIBSERIES t=69.8s v=0.00460 m/s (vx=-0.00162 vy=-0.00402 vz=-0.00154)
[landing_controller-11] [INFO] [1786780229.159460894] [landing_scout_2]: [scout_2] Landing controller state: FLIGHT
[landing_controller-7] [INFO] [1786780229.190575712] [landing_scout_1]: [scout_1] Landing controller state: FLIGHT
[landing_controller-15] [INFO] [1786780229.192521104] [landing_scout_3]: [scout_3] Landing controller state: FLIGHT
[landing_controller-7] [INFO] [1786780229.698352363] [landing_scout_1]: [scout_1] 📏 CALIBSERIES t=71.8s v=0.00622 m/s (vx=-0.00104 vy=-0.00592 vz=-0.00162)
[landing_controller-7] [INFO] [1786780231.792753333] [landing_scout_1]: [scout_1] 📏 CALIBSERIES t=73.9s v=0.00741 m/s (vx=0.00550 vy=-0.00465 vz=-0.00176)
[landing_controller-7] [INFO] [1786780233.855832715] [landing_scout_1]: [scout_1] 📏 CALIBSERIES t=76.0s v=0.00804 m/s (vx=0.00311 vy=-0.00717 vz=-0.00188)
[landing_controller-11] [INFO] [1786780234.158634127] [landing_scout_2]: [scout_2] Landing controller state: FLIGHT
[landing_controller-15] [INFO] [1786780234.190283502] [landing_scout_3]: [scout_3] Landing controller state: FLIGHT
[landing_controller-7] [INFO] [1786780234.191593280] [landing_scout_1]: [scout_1] Landing controller state: FLIGHT
[landing_controller-7] [INFO] [1786780235.869120702] [landing_scout_1]: [scout_1] 📏 CALIBSERIES t=78.0s v=0.01331 m/s (vx=0.01305 vy=0.00153 vz=-0.00214)
[landing_controller-7] [INFO] [1786780237.955332599] [landing_scout_1]: [scout_1] 📏 CALIBSERIES t=80.1s v=0.00855 m/s (vx=0.00647 vy=0.00511 vz=-0.00229)
[landing_controller-11] [INFO] [1786780239.158292629] [landing_scout_2]: [scout_2] Landing controller state: FLIGHT
[landing_controller-15] [INFO] [1786780239.190429488] [landing_scout_3]: [scout_3] Landing controller state: FLIGHT
[landing_controller-7] [INFO] [1786780239.190614214] [landing_scout_1]: [scout_1] Landing controller state: FLIGHT
[landing_controller-7] [INFO] [1786780240.053198510] [landing_scout_1]: [scout_1] 📏 CALIBSERIES t=82.2s v=0.00485 m/s (vx=0.00209 vy=0.00367 vz=-0.00239)
[landing_controller-7] [INFO] [1786780242.124662218] [landing_scout_1]: [scout_1] 📏 CALIBSERIES t=84.2s v=0.00275 m/s (vx=-0.00033 vy=0.00118 vz=-0.00247)
[landing_controller-11] [INFO] [1786780244.157798340] [landing_scout_2]: [scout_2] Landing controller state: FLIGHT
[landing_controller-7] [INFO] [1786780244.190795837] [landing_scout_1]: [scout_1] Landing controller state: FLIGHT
[landing_controller-15] [INFO] [1786780244.192074537] [landing_scout_3]: [scout_3] Landing controller state: FLIGHT
[landing_controller-7] [INFO] [1786780244.195018851] [landing_scout_1]: [scout_1] 📏 CALIBSERIES t=86.3s v=0.00398 m/s (vx=-0.00272 vy=-0.00146 vz=-0.00252)
[landing_controller-7] [INFO] [1786780246.260062365] [landing_scout_1]: [scout_1] 📏 CALIBSERIES t=88.4s v=0.00368 m/s (vx=-0.00039 vy=-0.00257 vz=-0.00260)
[landing_controller-7] [WARN] [1786780247.960803740] [landing_scout_1]: [scout_1] 📏 CALIBTIMEOUT t=90.1s -- never stabilized within 90s (last v=0.00603 m/s) -- likely tumbling/terrain-snagged launch, discard from calibration
[landing_controller-11] [INFO] [1786780249.157934513] [landing_scout_2]: [scout_2] Landing controller state: FLIGHT
[landing_controller-15] [INFO] [1786780249.191238400] [landing_scout_3]: [scout_3] Landing controller state: FLIGHT
[landing_controller-7] [INFO] [1786780249.192260019] [landing_scout_1]: [scout_1] Landing controller state: FLIGHT
[landing_controller-11] [INFO] [1786780254.159314134] [landing_scout_2]: [scout_2] Landing controller state: FLIGHT
[landing_controller-15] [INFO] [1786780254.190208193] [landing_scout_3]: [scout_3] Landing controller state: FLIGHT
[landing_controller-7] [INFO] [1786780254.190744773] [landing_scout_1]: [scout_1] Landing controller state: FLIGHT
[landing_controller-11] [INFO] [1786780259.159247173] [landing_scout_2]: [scout_2] Landing controller state: FLIGHT
[landing_controller-15] [INFO] [1786780259.191436415] [landing_scout_3]: [scout_3] Landing controller state: FLIGHT
[landing_controller-7] [INFO] [1786780259.192613219] [landing_scout_1]: [scout_1] Landing controller state: FLIGHT
[landing_controller-11] [INFO] [1786780264.160087865] [landing_scout_2]: [scout_2] Landing controller state: FLIGHT
[landing_controller-15] [INFO] [1786780264.190340795] [landing_scout_3]: [scout_3] Landing controller state: FLIGHT
[landing_controller-7] [INFO] [1786780264.190516094] [landing_scout_1]: [scout_1] Landing controller state: FLIGHT
[landing_controller-11] [INFO] [1786780269.157944446] [landing_scout_2]: [scout_2] Landing controller state: FLIGHT
[landing_controller-15] [INFO] [1786780269.190404111] [landing_scout_3]: [scout_3] Landing controller state: FLIGHT
[landing_controller-7] [INFO] [1786780269.190964647] [landing_scout_1]: [scout_1] Landing controller state: FLIGHT
[landing_controller-11] [INFO] [1786780274.159095529] [landing_scout_2]: [scout_2] Landing controller state: FLIGHT
[landing_controller-15] [INFO] [1786780274.190269580] [landing_scout_3]: [scout_3] Landing controller state: FLIGHT
[landing_controller-7] [INFO] [1786780274.190825506] [landing_scout_1]: [scout_1] Landing controller state: FLIGHT
[landing_controller-11] [INFO] [1786780279.157974375] [landing_scout_2]: [scout_2] Landing controller state: FLIGHT
[landing_controller-15] [INFO] [1786780279.190181361] [landing_scout_3]: [scout_3] Landing controller state: FLIGHT
[landing_controller-7] [INFO] [1786780279.191099548] [landing_scout_1]: [scout_1] Landing controller state: FLIGHT
[landing_controller-11] [INFO] [1786780284.157754794] [landing_scout_2]: [scout_2] Landing controller state: FLIGHT
[landing_controller-15] [INFO] [1786780284.190332910] [landing_scout_3]: [scout_3] Landing controller state: FLIGHT
[landing_controller-7] [INFO] [1786780284.192982080] [landing_scout_1]: [scout_1] Landing controller state: FLIGHT
[landing_controller-11] [INFO] [1786780289.157956771] [landing_scout_2]: [scout_2] Landing controller state: FLIGHT
[landing_controller-15] [INFO] [1786780289.190167181] [landing_scout_3]: [scout_3] Landing controller state: FLIGHT
[landing_controller-7] [INFO] [1786780289.193269753] [landing_scout_1]: [scout_1] Landing controller state: FLIGHT
[landing_controller-11] [INFO] [1786780294.158070476] [landing_scout_2]: [scout_2] Landing controller state: FLIGHT
[landing_controller-15] [INFO] [1786780294.190786807] [landing_scout_3]: [scout_3] Landing controller state: FLIGHT
[landing_controller-7] [INFO] [1786780294.191988055] [landing_scout_1]: [scout_1] Landing controller state: FLIGHT
[landing_controller-11] [INFO] [1786780299.157869972] [landing_scout_2]: [scout_2] Landing controller state: FLIGHT
[landing_controller-15] [INFO] [1786780299.190845481] [landing_scout_3]: [scout_3] Landing controller state: FLIGHT
[landing_controller-7] [INFO] [1786780299.191517621] [landing_scout_1]: [scout_1] Landing controller state: FLIGHT
[landing_controller-7] [INFO] [1786780301.094825178] [landing_scout_1]: [scout_1] 🎯 Contact detected! accel=0.1095 m/s² → hands-off settle (no posture commands at contact)
[attitude_controller-6] [INFO] [1786780301.254595395] [attitude_scout_1]: [scout_1] Contact — commanded-flight latch cleared (full attitude PD locked out until next ignition).
[landing_controller-7] [INFO] [1786780302.547148572] [landing_scout_1]: [scout_1] ✅ LANDED — stable contact confirmed
[attitude_controller-6] [INFO] [1786780302.580877027] [attitude_scout_1]: [scout_1] Landed — tilt correction stopped, yaw-hold pinned to current heading.
[attitude_controller-6] [INFO] [1786780302.582356936] [attitude_scout_1]: [scout_1] Landed — tilt correction stopped, yaw-hold pinned to current heading.
[attitude_controller-6] [INFO] [1786780302.583895232] [attitude_scout_1]: [scout_1] Landed — tilt correction stopped, yaw-hold pinned to current heading.
[attitude_controller-6] [INFO] [1786780302.585407826] [attitude_scout_1]: [scout_1] Landed — tilt correction stopped, yaw-hold pinned to current heading.
[attitude_controller-6] [INFO] [1786780302.800644265] [attitude_scout_1]: [scout_1] Landed — tilt correction stopped, yaw-hold pinned to current heading.
[attitude_controller-6] [INFO] [1786780302.816727436] [attitude_scout_1]: [scout_1] Landed — tilt correction stopped, yaw-hold pinned to current heading.
[attitude_controller-6] [INFO] [1786780302.831126835] [attitude_scout_1]: [scout_1] Landed — tilt correction stopped, yaw-hold pinned to current heading.
[attitude_controller-6] [INFO] [1786780302.893046620] [attitude_scout_1]: [scout_1] Landed — tilt correction stopped, yaw-hold pinned to current heading.
[attitude_controller-6] [INFO] [1786780302.907082502] [attitude_scout_1]: [scout_1] Landed — tilt correction stopped, yaw-hold pinned to current heading.
[attitude_controller-6] [INFO] [1786780302.924803841] [attitude_scout_1]: [scout_1] Landed — tilt correction stopped, yaw-hold pinned to current heading.
[attitude_controller-6] [INFO] [1786780302.937555226] [attitude_scout_1]: [scout_1] Landed — tilt correction stopped, yaw-hold pinned to current heading.
[attitude_controller-6] [INFO] [1786780303.019576426] [attitude_scout_1]: [scout_1] Landed — tilt correction stopped, yaw-hold pinned to current heading.
[attitude_controller-6] [INFO] [1786780303.040154290] [attitude_scout_1]: [scout_1] Landed — tilt correction stopped, yaw-hold pinned to current heading.
[attitude_controller-6] [INFO] [1786780303.058302071] [attitude_scout_1]: [scout_1] Landed — tilt correction stopped, yaw-hold pinned to current heading.
[attitude_controller-6] [INFO] [1786780303.060355157] [attitude_scout_1]: [scout_1] Landed — tilt correction stopped, yaw-hold pinned to current heading.
[attitude_controller-6] [INFO] [1786780303.063051889] [attitude_scout_1]: [scout_1] Landed — tilt correction stopped, yaw-hold pinned to current heading.
[attitude_controller-6] [INFO] [1786780303.065625702] [attitude_scout_1]: [scout_1] Landed — tilt correction stopped, yaw-hold pinned to current heading.
[attitude_controller-6] [INFO] [1786780303.139361645] [attitude_scout_1]: [scout_1] Landed — tilt correction stopped, yaw-hold pinned to current heading.
[attitude_controller-6] [INFO] [1786780303.143359425] [attitude_scout_1]: [scout_1] Landed — tilt correction stopped, yaw-hold pinned to current heading.
[attitude_controller-6] [INFO] [1786780303.147279823] [attitude_scout_1]: [scout_1] Landed — tilt correction stopped, yaw-hold pinned to current heading.
[attitude_controller-6] [INFO] [1786780303.148739828] [attitude_scout_1]: [scout_1] Landed — tilt correction stopped, yaw-hold pinned to current heading.
[attitude_controller-6] [INFO] [1786780303.156149991] [attitude_scout_1]: [scout_1] Landed — tilt correction stopped, yaw-hold pinned to current heading.
[attitude_controller-6] [INFO] [1786780303.157535686] [attitude_scout_1]: [scout_1] Landed — tilt correction stopped, yaw-hold pinned to current heading.
[attitude_controller-6] [INFO] [1786780303.159993215] [attitude_scout_1]: [scout_1] Landed — tilt correction stopped, yaw-hold pinned to current heading.
[attitude_controller-6] [INFO] [1786780303.223055513] [attitude_scout_1]: [scout_1] Landed — tilt correction stopped, yaw-hold pinned to current heading.
[attitude_controller-6] [INFO] [1786780303.281058392] [attitude_scout_1]: [scout_1] Landed — tilt correction stopped, yaw-hold pinned to current heading.
[attitude_controller-6] [INFO] [1786780303.300129667] [attitude_scout_1]: [scout_1] Landed — tilt correction stopped, yaw-hold pinned to current heading.
[attitude_controller-6] [INFO] [1786780303.318106201] [attitude_scout_1]: [scout_1] Landed — tilt correction stopped, yaw-hold pinned to current heading.
[attitude_controller-6] [INFO] [1786780303.332686207] [attitude_scout_1]: [scout_1] Landed — tilt correction stopped, yaw-hold pinned to current heading.
[attitude_controller-6] [INFO] [1786780303.362441534] [attitude_scout_1]: [scout_1] Landed — tilt correction stopped, yaw-hold pinned to current heading.
[attitude_controller-6] [INFO] [1786780303.363958668] [attitude_scout_1]: [scout_1] Landed — tilt correction stopped, yaw-hold pinned to current heading.
[attitude_controller-6] [INFO] [1786780303.366976314] [attitude_scout_1]: [scout_1] Landed — tilt correction stopped, yaw-hold pinned to current heading.
[attitude_controller-6] [INFO] [1786780303.368702410] [attitude_scout_1]: [scout_1] Landed — tilt correction stopped, yaw-hold pinned to current heading.
[attitude_controller-6] [INFO] [1786780303.391511033] [attitude_scout_1]: [scout_1] Landed — tilt correction stopped, yaw-hold pinned to current heading.
[attitude_controller-6] [INFO] [1786780303.408483896] [attitude_scout_1]: [scout_1] Landed — tilt correction stopped, yaw-hold pinned to current heading.
[attitude_controller-6] [INFO] [1786780303.425754767] [attitude_scout_1]: [scout_1] Landed — tilt correction stopped, yaw-hold pinned to current heading.
[attitude_controller-6] [INFO] [1786780303.427361435] [attitude_scout_1]: [scout_1] Landed — tilt correction stopped, yaw-hold pinned to current heading.
[attitude_controller-6] [INFO] [1786780303.429264924] [attitude_scout_1]: [scout_1] Landed — tilt correction stopped, yaw-hold pinned to current heading.
[attitude_controller-6] [INFO] [1786780303.456920931] [attitude_scout_1]: [scout_1] Landed — tilt correction stopped, yaw-hold pinned to current heading.
[attitude_controller-6] [INFO] [1786780303.458112122] [attitude_scout_1]: [scout_1] Landed — tilt correction stopped, yaw-hold pinned to current heading.
[attitude_controller-6] [INFO] [1786780303.459296539] [attitude_scout_1]: [scout_1] Landed — tilt correction stopped, yaw-hold pinned to current heading.
[attitude_controller-6] [INFO] [1786780303.460499463] [attitude_scout_1]: [scout_1] Landed — tilt correction stopped, yaw-hold pinned to current heading.
[attitude_controller-6] [INFO] [1786780303.461820626] [attitude_scout_1]: [scout_1] Landed — tilt correction stopped, yaw-hold pinned to current heading.
[attitude_controller-6] [INFO] [1786780303.463155966] [attitude_scout_1]: [scout_1] Landed — tilt correction stopped, yaw-hold pinned to current heading.
[attitude_controller-6] [INFO] [1786780303.544244873] [attitude_scout_1]: [scout_1] Landed — tilt correction stopped, yaw-hold pinned to current heading.
[attitude_controller-6] [INFO] [1786780303.556190584] [attitude_scout_1]: [scout_1] Landed — tilt correction stopped, yaw-hold pinned to current heading.
[attitude_controller-6] [INFO] [1786780303.575473055] [attitude_scout_1]: [scout_1] Landed — tilt correction stopped, yaw-hold pinned to current heading.
[attitude_controller-6] [INFO] [1786780303.594110834] [attitude_scout_1]: [scout_1] Landed — tilt correction stopped, yaw-hold pinned to current heading.
[attitude_controller-6] [INFO] [1786780303.613224922] [attitude_scout_1]: [scout_1] Landed — tilt correction stopped, yaw-hold pinned to current heading.
[attitude_controller-6] [INFO] [1786780303.630357439] [attitude_scout_1]: [scout_1] Landed — tilt correction stopped, yaw-hold pinned to current heading.
[attitude_controller-6] [INFO] [1786780303.644430965] [attitude_scout_1]: [scout_1] Landed — tilt correction stopped, yaw-hold pinned to current heading.
[attitude_controller-6] [INFO] [1786780303.662273546] [attitude_scout_1]: [scout_1] Landed — tilt correction stopped, yaw-hold pinned to current heading.
[attitude_controller-6] [INFO] [1786780303.663704986] [attitude_scout_1]: [scout_1] Landed — tilt correction stopped, yaw-hold pinned to current heading.
[attitude_controller-6] [INFO] [1786780303.665282323] [attitude_scout_1]: [scout_1] Landed — tilt correction stopped, yaw-hold pinned to current heading.
[attitude_controller-6] [INFO] [1786780303.666844294] [attitude_scout_1]: [scout_1] Landed — tilt correction stopped, yaw-hold pinned to current heading.
[attitude_controller-6] [INFO] [1786780303.668782423] [attitude_scout_1]: [scout_1] Landed — tilt correction stopped, yaw-hold pinned to current heading.
[attitude_controller-6] [INFO] [1786780303.683409362] [attitude_scout_1]: [scout_1] Landed — tilt correction stopped, yaw-hold pinned to current heading.
[attitude_controller-6] [INFO] [1786780303.731904993] [attitude_scout_1]: [scout_1] Landed — tilt correction stopped, yaw-hold pinned to current heading.
[attitude_controller-6] [INFO] [1786780303.750527197] [attitude_scout_1]: [scout_1] Landed — tilt correction stopped, yaw-hold pinned to current heading.
[attitude_controller-6] [INFO] [1786780303.764004988] [attitude_scout_1]: [scout_1] Landed — tilt correction stopped, yaw-hold pinned to current heading.
[attitude_controller-6] [INFO] [1786780303.779970619] [attitude_scout_1]: [scout_1] Landed — tilt correction stopped, yaw-hold pinned to current heading.
[attitude_controller-6] [INFO] [1786780303.796064127] [attitude_scout_1]: [scout_1] Landed — tilt correction stopped, yaw-hold pinned to current heading.
[attitude_controller-6] [INFO] [1786780303.809448961] [attitude_scout_1]: [scout_1] Landed — tilt correction stopped, yaw-hold pinned to current heading.
[attitude_controller-6] [INFO] [1786780303.828929289] [attitude_scout_1]: [scout_1] Landed — tilt correction stopped, yaw-hold pinned to current heading.
[attitude_controller-6] [INFO] [1786780303.844728981] [attitude_scout_1]: [scout_1] Landed — tilt correction stopped, yaw-hold pinned to current heading.
[attitude_controller-6] [INFO] [1786780303.860296035] [attitude_scout_1]: [scout_1] Landed — tilt correction stopped, yaw-hold pinned to current heading.
[attitude_controller-6] [INFO] [1786780303.873444670] [attitude_scout_1]: [scout_1] Landed — tilt correction stopped, yaw-hold pinned to current heading.
[attitude_controller-6] [INFO] [1786780303.885562467] [attitude_scout_1]: [scout_1] Landed — tilt correction stopped, yaw-hold pinned to current heading.
[attitude_controller-6] [INFO] [1786780303.901009885] [attitude_scout_1]: [scout_1] Landed — tilt correction stopped, yaw-hold pinned to current heading.
[attitude_controller-6] [INFO] [1786780303.913515154] [attitude_scout_1]: [scout_1] Landed — tilt correction stopped, yaw-hold pinned to current heading.
[attitude_controller-6] [INFO] [1786780303.928514479] [attitude_scout_1]: [scout_1] Landed — tilt correction stopped, yaw-hold pinned to current heading.
[attitude_controller-6] [INFO] [1786780303.945058106] [attitude_scout_1]: [scout_1] Landed — tilt correction stopped, yaw-hold pinned to current heading.
[attitude_controller-6] [INFO] [1786780303.963280406] [attitude_scout_1]: [scout_1] Landed — tilt correction stopped, yaw-hold pinned to current heading.
[attitude_controller-6] [INFO] [1786780303.978253332] [attitude_scout_1]: [scout_1] Landed — tilt correction stopped, yaw-hold pinned to current heading.
[attitude_controller-6] [INFO] [1786780303.992677454] [attitude_scout_1]: [scout_1] Landed — tilt correction stopped, yaw-hold pinned to current heading.
[attitude_controller-6] [INFO] [1786780304.008239969] [attitude_scout_1]: [scout_1] Landed — tilt correction stopped, yaw-hold pinned to current heading.
[attitude_controller-6] [INFO] [1786780304.028182219] [attitude_scout_1]: [scout_1] Landed — tilt correction stopped, yaw-hold pinned to current heading.
[attitude_controller-6] [INFO] [1786780304.030030674] [attitude_scout_1]: [scout_1] Landed — tilt correction stopped, yaw-hold pinned to current heading.
[attitude_controller-6] [INFO] [1786780304.031677571] [attitude_scout_1]: [scout_1] Landed — tilt correction stopped, yaw-hold pinned to current heading.
[attitude_controller-6] [INFO] [1786780304.032966887] [attitude_scout_1]: [scout_1] Landed — tilt correction stopped, yaw-hold pinned to current heading.
[attitude_controller-6] [INFO] [1786780304.034429965] [attitude_scout_1]: [scout_1] Landed — tilt correction stopped, yaw-hold pinned to current heading.
[attitude_controller-6] [INFO] [1786780304.046256739] [attitude_scout_1]: [scout_1] Landed — tilt correction stopped, yaw-hold pinned to current heading.
[attitude_controller-6] [INFO] [1786780304.051246526] [attitude_scout_1]: [scout_1] Landed — tilt correction stopped, yaw-hold pinned to current heading.
[landing_controller-11] [INFO] [1786780304.157820883] [landing_scout_2]: [scout_2] Landing controller state: FLIGHT
[attitude_controller-6] [INFO] [1786780304.175918520] [attitude_scout_1]: [scout_1] Landed — tilt correction stopped, yaw-hold pinned to current heading.
[attitude_controller-6] [INFO] [1786780304.177456885] [attitude_scout_1]: [scout_1] Landed — tilt correction stopped, yaw-hold pinned to current heading.
[attitude_controller-6] [INFO] [1786780304.178827146] [attitude_scout_1]: [scout_1] Landed — tilt correction stopped, yaw-hold pinned to current heading.
[attitude_controller-6] [INFO] [1786780304.180227438] [attitude_scout_1]: [scout_1] Landed — tilt correction stopped, yaw-hold pinned to current heading.
[landing_controller-15] [INFO] [1786780304.190795695] [landing_scout_3]: [scout_3] Landing controller state: FLIGHT
[landing_controller-7] [INFO] [1786780304.190834945] [landing_scout_1]: [scout_1] Landing controller state: LANDED
[attitude_controller-6] [INFO] [1786780304.245820318] [attitude_scout_1]: [scout_1] Landed — tilt correction stopped, yaw-hold pinned to current heading.
[attitude_controller-6] [INFO] [1786780304.264522210] [attitude_scout_1]: [scout_1] Landed — tilt correction stopped, yaw-hold pinned to current heading.
[attitude_controller-6] [INFO] [1786780304.280851847] [attitude_scout_1]: [scout_1] Landed — tilt correction stopped, yaw-hold pinned to current heading.
[attitude_controller-6] [INFO] [1786780304.282512502] [attitude_scout_1]: [scout_1] Landed — tilt correction stopped, yaw-hold pinned to current heading.
[attitude_controller-6] [INFO] [1786780304.284157653] [attitude_scout_1]: [scout_1] Landed — tilt correction stopped, yaw-hold pinned to current heading.
[attitude_controller-6] [INFO] [1786780304.285736665] [attitude_scout_1]: [scout_1] Landed — tilt correction stopped, yaw-hold pinned to current heading.
[attitude_controller-6] [INFO] [1786780304.287272656] [attitude_scout_1]: [scout_1] Landed — tilt correction stopped, yaw-hold pinned to current heading.
[attitude_controller-6] [INFO] [1786780304.349566015] [attitude_scout_1]: [scout_1] Landed — tilt correction stopped, yaw-hold pinned to current heading.
[attitude_controller-6] [INFO] [1786780304.350808399] [attitude_scout_1]: [scout_1] Landed — tilt correction stopped, yaw-hold pinned to current heading.
[attitude_controller-6] [INFO] [1786780304.351773378] [attitude_scout_1]: [scout_1] Landed — tilt correction stopped, yaw-hold pinned to current heading.
[attitude_controller-6] [INFO] [1786780304.352861764] [attitude_scout_1]: [scout_1] Landed — tilt correction stopped, yaw-hold pinned to current heading.
[attitude_controller-6] [INFO] [1786780304.353971173] [attitude_scout_1]: [scout_1] Landed — tilt correction stopped, yaw-hold pinned to current heading.
[hopper_locomotion-5] [INFO] [1786780304.459254328] [loco_scout_1]: [scout_1] Landing controller reported LANDED. Settling to IDLE.
[attitude_controller-6] [INFO] [1786780304.493563362] [attitude_scout_1]: [scout_1] Landed — tilt correction stopped, yaw-hold pinned to current heading.
[attitude_controller-6] [INFO] [1786780304.495284569] [attitude_scout_1]: [scout_1] Landed — tilt correction stopped, yaw-hold pinned to current heading.
[attitude_controller-6] [INFO] [1786780304.497059971] [attitude_scout_1]: [scout_1] Landed — tilt correction stopped, yaw-hold pinned to current heading.
[attitude_controller-6] [INFO] [1786780304.498729706] [attitude_scout_1]: [scout_1] Landed — tilt correction stopped, yaw-hold pinned to current heading.
[attitude_controller-6] [INFO] [1786780304.501166702] [attitude_scout_1]: [scout_1] Landed — tilt correction stopped, yaw-hold pinned to current heading.
[attitude_controller-6] [INFO] [1786780304.505479811] [attitude_scout_1]: [scout_1] Landed — tilt correction stopped, yaw-hold pinned to current heading.
[attitude_controller-6] [INFO] [1786780304.590955158] [attitude_scout_1]: [scout_1] Landed — tilt correction stopped, yaw-hold pinned to current heading.
[attitude_controller-6] [INFO] [1786780304.668469235] [attitude_scout_1]: [scout_1] Landed — tilt correction stopped, yaw-hold pinned to current heading.
[attitude_controller-6] [INFO] [1786780304.670302674] [attitude_scout_1]: [scout_1] Landed — tilt correction stopped, yaw-hold pinned to current heading.
[attitude_controller-6] [INFO] [1786780304.671771758] [attitude_scout_1]: [scout_1] Landed — tilt correction stopped, yaw-hold pinned to current heading.
[attitude_controller-6] [INFO] [1786780304.673773373] [attitude_scout_1]: [scout_1] Landed — tilt correction stopped, yaw-hold pinned to current heading.
[attitude_controller-6] [INFO] [1786780304.697406736] [attitude_scout_1]: [scout_1] Landed — tilt correction stopped, yaw-hold pinned to current heading.
[attitude_controller-6] [INFO] [1786780304.698898448] [attitude_scout_1]: [scout_1] Landed — tilt correction stopped, yaw-hold pinned to current heading.
[attitude_controller-6] [INFO] [1786780304.736267103] [attitude_scout_1]: [scout_1] Landed — tilt correction stopped, yaw-hold pinned to current heading.
[attitude_controller-6] [INFO] [1786780304.739876014] [attitude_scout_1]: [scout_1] Landed — tilt correction stopped, yaw-hold pinned to current heading.
[attitude_controller-6] [INFO] [1786780304.752293704] [attitude_scout_1]: [scout_1] Landed — tilt correction stopped, yaw-hold pinned to current heading.
[attitude_controller-6] [INFO] [1786780304.753758458] [attitude_scout_1]: [scout_1] Landed — tilt correction stopped, yaw-hold pinned to current heading.
[attitude_controller-6] [INFO] [1786780304.761608822] [attitude_scout_1]: [scout_1] Landed — tilt correction stopped, yaw-hold pinned to current heading.
[attitude_controller-6] [INFO] [1786780304.767037974] [attitude_scout_1]: [scout_1] Landed — tilt correction stopped, yaw-hold pinned to current heading.
[attitude_controller-6] [INFO] [1786780304.769028832] [attitude_scout_1]: [scout_1] Landed — tilt correction stopped, yaw-hold pinned to current heading.
[attitude_controller-6] [INFO] [1786780304.770628866] [attitude_scout_1]: [scout_1] Landed — tilt correction stopped, yaw-hold pinned to current heading.
[attitude_controller-6] [INFO] [1786780304.772083214] [attitude_scout_1]: [scout_1] Landed — tilt correction stopped, yaw-hold pinned to current heading.
[attitude_controller-6] [INFO] [1786780304.773658036] [attitude_scout_1]: [scout_1] Landed — tilt correction stopped, yaw-hold pinned to current heading.
[attitude_controller-6] [INFO] [1786780304.826008346] [attitude_scout_1]: [scout_1] Landed — tilt correction stopped, yaw-hold pinned to current heading.
[attitude_controller-6] [INFO] [1786780304.827409965] [attitude_scout_1]: [scout_1] Landed — tilt correction stopped, yaw-hold pinned to current heading.
[attitude_controller-6] [INFO] [1786780304.828775965] [attitude_scout_1]: [scout_1] Landed — tilt correction stopped, yaw-hold pinned to current heading.
[attitude_controller-6] [INFO] [1786780304.830039091] [attitude_scout_1]: [scout_1] Landed — tilt correction stopped, yaw-hold pinned to current heading.
[attitude_controller-6] [INFO] [1786780304.831207026] [attitude_scout_1]: [scout_1] Landed — tilt correction stopped, yaw-hold pinned to current heading.
[attitude_controller-6] [INFO] [1786780304.832228156] [attitude_scout_1]: [scout_1] Landed — tilt correction stopped, yaw-hold pinned to current heading.
[attitude_controller-6] [INFO] [1786780304.833174628] [attitude_scout_1]: [scout_1] Landed — tilt correction stopped, yaw-hold pinned to current heading.
[attitude_controller-6] [INFO] [1786780304.874149749] [attitude_scout_1]: [scout_1] Landed — tilt correction stopped, yaw-hold pinned to current heading.
[attitude_controller-6] [INFO] [1786780304.887129302] [attitude_scout_1]: [scout_1] Landed — tilt correction stopped, yaw-hold pinned to current heading.
[attitude_controller-6] [INFO] [1786780304.946093110] [attitude_scout_1]: [scout_1] Landed — tilt correction stopped, yaw-hold pinned to current heading.
[attitude_controller-6] [INFO] [1786780304.962424982] [attitude_scout_1]: [scout_1] Landed — tilt correction stopped, yaw-hold pinned to current heading.
[attitude_controller-6] [INFO] [1786780304.979594654] [attitude_scout_1]: [scout_1] Landed — tilt correction stopped, yaw-hold pinned to current heading.
[attitude_controller-6] [INFO] [1786780304.985022059] [attitude_scout_1]: [scout_1] Landed — tilt correction stopped, yaw-hold pinned to current heading.
[attitude_controller-6] [INFO] [1786780304.986422980] [attitude_scout_1]: [scout_1] Landed — tilt correction stopped, yaw-hold pinned to current heading.
[attitude_controller-6] [INFO] [1786780304.987651605] [attitude_scout_1]: [scout_1] Landed — tilt correction stopped, yaw-hold pinned to current heading.
[attitude_controller-6] [INFO] [1786780304.988708074] [attitude_scout_1]: [scout_1] Landed — tilt correction stopped, yaw-hold pinned to current heading.
[attitude_controller-6] [INFO] [1786780304.989884180] [attitude_scout_1]: [scout_1] Landed — tilt correction stopped, yaw-hold pinned to current heading.
[attitude_controller-6] [INFO] [1786780304.991071739] [attitude_scout_1]: [scout_1] Landed — tilt correction stopped, yaw-hold pinned to current heading.
[attitude_controller-6] [INFO] [1786780304.992215019] [attitude_scout_1]: [scout_1] Landed — tilt correction stopped, yaw-hold pinned to current heading.
[attitude_controller-6] [INFO] [1786780304.993291393] [attitude_scout_1]: [scout_1] Landed — tilt correction stopped, yaw-hold pinned to current heading.
[attitude_controller-6] [INFO] [1786780305.069059890] [attitude_scout_1]: [scout_1] Landed — tilt correction stopped, yaw-hold pinned to current heading.
[attitude_controller-6] [INFO] [1786780305.070436995] [attitude_scout_1]: [scout_1] Landed — tilt correction stopped, yaw-hold pinned to current heading.
[attitude_controller-6] [INFO] [1786780305.073723944] [attitude_scout_1]: [scout_1] Landed — tilt correction stopped, yaw-hold pinned to current heading.
[attitude_controller-6] [INFO] [1786780305.134630631] [attitude_scout_1]: [scout_1] Landed — tilt correction stopped, yaw-hold pinned to current heading.
[attitude_controller-6] [INFO] [1786780305.136061583] [attitude_scout_1]: [scout_1] Landed — tilt correction stopped, yaw-hold pinned to current heading.
[attitude_controller-6] [INFO] [1786780305.137545962] [attitude_scout_1]: [scout_1] Landed — tilt correction stopped, yaw-hold pinned to current heading.
[attitude_controller-6] [INFO] [1786780305.162210583] [attitude_scout_1]: [scout_1] Landed — tilt correction stopped, yaw-hold pinned to current heading.
[attitude_controller-6] [INFO] [1786780305.163381869] [attitude_scout_1]: [scout_1] Landed — tilt correction stopped, yaw-hold pinned to current heading.
[attitude_controller-6] [INFO] [1786780305.175097597] [attitude_scout_1]: [scout_1] Landed — tilt correction stopped, yaw-hold pinned to current heading.
[attitude_controller-6] [INFO] [1786780305.176057408] [attitude_scout_1]: [scout_1] Landed — tilt correction stopped, yaw-hold pinned to current heading.
[attitude_controller-6] [INFO] [1786780305.258488151] [attitude_scout_1]: [scout_1] Landed — tilt correction stopped, yaw-hold pinned to current heading.
[attitude_controller-6] [INFO] [1786780305.260819131] [attitude_scout_1]: [scout_1] Landed — tilt correction stopped, yaw-hold pinned to current heading.
[attitude_controller-6] [INFO] [1786780305.263093191] [attitude_scout_1]: [scout_1] Landed — tilt correction stopped, yaw-hold pinned to current heading.
[attitude_controller-6] [INFO] [1786780305.264658934] [attitude_scout_1]: [scout_1] Landed — tilt correction stopped, yaw-hold pinned to current heading.
[attitude_controller-6] [INFO] [1786780305.267566652] [attitude_scout_1]: [scout_1] Landed — tilt correction stopped, yaw-hold pinned to current heading.
[attitude_controller-6] [INFO] [1786780305.284151694] [attitude_scout_1]: [scout_1] Landed — tilt correction stopped, yaw-hold pinned to current heading.
[attitude_controller-6] [INFO] [1786780305.285942182] [attitude_scout_1]: [scout_1] Landed — tilt correction stopped, yaw-hold pinned to current heading.
[attitude_controller-6] [INFO] [1786780305.308888529] [attitude_scout_1]: [scout_1] Landed — tilt correction stopped, yaw-hold pinned to current heading.
[attitude_controller-6] [INFO] [1786780305.328986942] [attitude_scout_1]: [scout_1] Landed — tilt correction stopped, yaw-hold pinned to current heading.
[hopper_locomotion-5] [INFO] [1786780305.339339463] [loco_scout_1]: [scout_1] 🦵 Idle 300s with no jump command -- self-initiating recovery hop (legs).
[hopper_locomotion-5] [INFO] [1786780305.340241586] [loco_scout_1]: 1. Crouching (waking physics, planting feet under body)
[attitude_controller-6] [INFO] [1786780305.342841450] [attitude_scout_1]: [scout_1] Landed — tilt correction stopped, yaw-hold pinned to current heading.
[attitude_controller-6] [INFO] [1786780305.357960201] [attitude_scout_1]: [scout_1] Landed — tilt correction stopped, yaw-hold pinned to current heading.
[attitude_controller-6] [INFO] [1786780305.359700963] [attitude_scout_1]: [scout_1] Landed — tilt correction stopped, yaw-hold pinned to current heading.
[attitude_controller-6] [INFO] [1786780305.361314127] [attitude_scout_1]: [scout_1] Landed — tilt correction stopped, yaw-hold pinned to current heading.
[attitude_controller-6] [INFO] [1786780305.363062152] [attitude_scout_1]: [scout_1] Landed — tilt correction stopped, yaw-hold pinned to current heading.
[attitude_controller-6] [INFO] [1786780305.364832526] [attitude_scout_1]: [scout_1] Landed — tilt correction stopped, yaw-hold pinned to current heading.
[attitude_controller-6] [INFO] [1786780305.438846991] [attitude_scout_1]: [scout_1] Landed — tilt correction stopped, yaw-hold pinned to current heading.
[attitude_controller-6] [INFO] [1786780305.442203432] [attitude_scout_1]: [scout_1] Landed — tilt correction stopped, yaw-hold pinned to current heading.
[attitude_controller-6] [INFO] [1786780305.443769454] [attitude_scout_1]: [scout_1] Landed — tilt correction stopped, yaw-hold pinned to current heading.
[attitude_controller-6] [INFO] [1786780305.448038633] [attitude_scout_1]: [scout_1] Landed — tilt correction stopped, yaw-hold pinned to current heading.
[attitude_controller-6] [INFO] [1786780305.535546114] [attitude_scout_1]: [scout_1] Landed — tilt correction stopped, yaw-hold pinned to current heading.
[attitude_controller-6] [INFO] [1786780305.537048023] [attitude_scout_1]: [scout_1] Landed — tilt correction stopped, yaw-hold pinned to current heading.
[attitude_controller-6] [INFO] [1786780305.538797724] [attitude_scout_1]: [scout_1] Landed — tilt correction stopped, yaw-hold pinned to current heading.
[attitude_controller-6] [INFO] [1786780305.671796671] [attitude_scout_1]: [scout_1] Landed — tilt correction stopped, yaw-hold pinned to current heading.
[attitude_controller-6] [INFO] [1786780305.678377483] [attitude_scout_1]: [scout_1] Landed — tilt correction stopped, yaw-hold pinned to current heading.
[attitude_controller-6] [INFO] [1786780305.679490454] [attitude_scout_1]: [scout_1] Landed — tilt correction stopped, yaw-hold pinned to current heading.
[attitude_controller-6] [INFO] [1786780305.680789547] [attitude_scout_1]: [scout_1] Landed — tilt correction stopped, yaw-hold pinned to current heading.
[attitude_controller-6] [INFO] [1786780305.682665589] [attitude_scout_1]: [scout_1] Landed — tilt correction stopped, yaw-hold pinned to current heading.
[attitude_controller-6] [INFO] [1786780305.684124546] [attitude_scout_1]: [scout_1] Landed — tilt correction stopped, yaw-hold pinned to current heading.
[attitude_controller-6] [INFO] [1786780305.704398187] [attitude_scout_1]: [scout_1] Landed — tilt correction stopped, yaw-hold pinned to current heading.
[attitude_controller-6] [INFO] [1786780305.723942839] [attitude_scout_1]: [scout_1] Landed — tilt correction stopped, yaw-hold pinned to current heading.
[attitude_controller-6] [INFO] [1786780305.725564453] [attitude_scout_1]: [scout_1] Landed — tilt correction stopped, yaw-hold pinned to current heading.
[attitude_controller-6] [INFO] [1786780305.727040103] [attitude_scout_1]: [scout_1] Landed — tilt correction stopped, yaw-hold pinned to current heading.
[attitude_controller-6] [INFO] [1786780305.728602214] [attitude_scout_1]: [scout_1] Landed — tilt correction stopped, yaw-hold pinned to current heading.
[attitude_controller-6] [INFO] [1786780305.744751594] [attitude_scout_1]: [scout_1] Landed — tilt correction stopped, yaw-hold pinned to current heading.
[attitude_controller-6] [INFO] [1786780305.746314962] [attitude_scout_1]: [scout_1] Landed — tilt correction stopped, yaw-hold pinned to current heading.
[attitude_controller-6] [INFO] [1786780305.860693240] [attitude_scout_1]: [scout_1] Landed — tilt correction stopped, yaw-hold pinned to current heading.
[attitude_controller-6] [INFO] [1786780305.864150739] [attitude_scout_1]: [scout_1] Landed — tilt correction stopped, yaw-hold pinned to current heading.
[attitude_controller-6] [INFO] [1786780305.865802873] [attitude_scout_1]: [scout_1] Landed — tilt correction stopped, yaw-hold pinned to current heading.
[attitude_controller-6] [INFO] [1786780305.867731225] [attitude_scout_1]: [scout_1] Landed — tilt correction stopped, yaw-hold pinned to current heading.
[attitude_controller-6] [INFO] [1786780305.869382662] [attitude_scout_1]: [scout_1] Landed — tilt correction stopped, yaw-hold pinned to current heading.
[attitude_controller-6] [INFO] [1786780305.870904824] [attitude_scout_1]: [scout_1] Landed — tilt correction stopped, yaw-hold pinned to current heading.
[attitude_controller-6] [INFO] [1786780305.872520503] [attitude_scout_1]: [scout_1] Landed — tilt correction stopped, yaw-hold pinned to current heading.
[attitude_controller-6] [INFO] [1786780305.873962559] [attitude_scout_1]: [scout_1] Landed — tilt correction stopped, yaw-hold pinned to current heading.
[attitude_controller-6] [INFO] [1786780305.999398882] [attitude_scout_1]: [scout_1] Landed — tilt correction stopped, yaw-hold pinned to current heading.
[attitude_controller-6] [INFO] [1786780306.001020706] [attitude_scout_1]: [scout_1] Landed — tilt correction stopped, yaw-hold pinned to current heading.
[attitude_controller-6] [INFO] [1786780306.003646201] [attitude_scout_1]: [scout_1] Landed — tilt correction stopped, yaw-hold pinned to current heading.
[attitude_controller-6] [INFO] [1786780306.006951308] [attitude_scout_1]: [scout_1] Landed — tilt correction stopped, yaw-hold pinned to current heading.
[attitude_controller-6] [INFO] [1786780306.056431265] [attitude_scout_1]: [scout_1] Landed — tilt correction stopped, yaw-hold pinned to current heading.
[attitude_controller-6] [INFO] [1786780306.072608162] [attitude_scout_1]: [scout_1] Landed — tilt correction stopped, yaw-hold pinned to current heading.
[attitude_controller-6] [INFO] [1786780306.086355396] [attitude_scout_1]: [scout_1] Landed — tilt correction stopped, yaw-hold pinned to current heading.
[attitude_controller-6] [INFO] [1786780306.087703867] [attitude_scout_1]: [scout_1] Landed — tilt correction stopped, yaw-hold pinned to current heading.
[attitude_controller-6] [INFO] [1786780306.093662964] [attitude_scout_1]: [scout_1] Landed — tilt correction stopped, yaw-hold pinned to current heading.
[attitude_controller-6] [INFO] [1786780306.096106945] [attitude_scout_1]: [scout_1] Landed — tilt correction stopped, yaw-hold pinned to current heading.
[attitude_controller-6] [INFO] [1786780306.098239928] [attitude_scout_1]: [scout_1] Landed — tilt correction stopped, yaw-hold pinned to current heading.
[attitude_controller-6] [INFO] [1786780306.099553059] [attitude_scout_1]: [scout_1] Landed — tilt correction stopped, yaw-hold pinned to current heading.
[attitude_controller-6] [INFO] [1786780306.101174883] [attitude_scout_1]: [scout_1] Landed — tilt correction stopped, yaw-hold pinned to current heading.
[attitude_controller-6] [INFO] [1786780306.102759553] [attitude_scout_1]: [scout_1] Landed — tilt correction stopped, yaw-hold pinned to current heading.
[attitude_controller-6] [INFO] [1786780306.131065840] [attitude_scout_1]: [scout_1] Landed — tilt correction stopped, yaw-hold pinned to current heading.
[attitude_controller-6] [INFO] [1786780306.248216767] [attitude_scout_1]: [scout_1] Landed — tilt correction stopped, yaw-hold pinned to current heading.
[attitude_controller-6] [INFO] [1786780306.250313992] [attitude_scout_1]: [scout_1] Landed — tilt correction stopped, yaw-hold pinned to current heading.
[attitude_controller-6] [INFO] [1786780306.252357370] [attitude_scout_1]: [scout_1] Landed — tilt correction stopped, yaw-hold pinned to current heading.
[attitude_controller-6] [INFO] [1786780306.305279810] [attitude_scout_1]: [scout_1] Landed — tilt correction stopped, yaw-hold pinned to current heading.
[attitude_controller-6] [INFO] [1786780306.319308988] [attitude_scout_1]: [scout_1] Landed — tilt correction stopped, yaw-hold pinned to current heading.
[attitude_controller-6] [INFO] [1786780306.407104560] [attitude_scout_1]: [scout_1] Landed — tilt correction stopped, yaw-hold pinned to current heading.
[attitude_controller-6] [INFO] [1786780306.408224933] [attitude_scout_1]: [scout_1] Landed — tilt correction stopped, yaw-hold pinned to current heading.
[attitude_controller-6] [INFO] [1786780306.409402575] [attitude_scout_1]: [scout_1] Landed — tilt correction stopped, yaw-hold pinned to current heading.
[attitude_controller-6] [INFO] [1786780306.410503882] [attitude_scout_1]: [scout_1] Landed — tilt correction stopped, yaw-hold pinned to current heading.
[attitude_controller-6] [INFO] [1786780306.411440436] [attitude_scout_1]: [scout_1] Landed — tilt correction stopped, yaw-hold pinned to current heading.
[attitude_controller-6] [INFO] [1786780306.412879140] [attitude_scout_1]: [scout_1] Landed — tilt correction stopped, yaw-hold pinned to current heading.
[attitude_controller-6] [INFO] [1786780306.414181376] [attitude_scout_1]: [scout_1] Landed — tilt correction stopped, yaw-hold pinned to current heading.
[attitude_controller-6] [INFO] [1786780306.415346447] [attitude_scout_1]: [scout_1] Landed — tilt correction stopped, yaw-hold pinned to current heading.
[attitude_controller-6] [INFO] [1786780306.454390633] [attitude_scout_1]: [scout_1] Landed — tilt correction stopped, yaw-hold pinned to current heading.
[attitude_controller-6] [INFO] [1786780306.545693290] [attitude_scout_1]: [scout_1] Landed — tilt correction stopped, yaw-hold pinned to current heading.
[attitude_controller-6] [INFO] [1786780306.562022928] [attitude_scout_1]: [scout_1] Landed — tilt correction stopped, yaw-hold pinned to current heading.
[attitude_controller-6] [INFO] [1786780306.563958403] [attitude_scout_1]: [scout_1] Landed — tilt correction stopped, yaw-hold pinned to current heading.
[attitude_controller-6] [INFO] [1786780306.565606976] [attitude_scout_1]: [scout_1] Landed — tilt correction stopped, yaw-hold pinned to current heading.
[attitude_controller-6] [INFO] [1786780306.567125368] [attitude_scout_1]: [scout_1] Landed — tilt correction stopped, yaw-hold pinned to current heading.
[attitude_controller-6] [INFO] [1786780306.584926184] [attitude_scout_1]: [scout_1] Landed — tilt correction stopped, yaw-hold pinned to current heading.
[landing_controller-7] [WARN] [1786780306.632078933] [landing_scout_1]: [scout_1] ⚠️ Liftoff detected while LANDED (v=0.024 m/s sustained) → back to FLIGHT
[attitude_controller-6] [INFO] [1786780306.658296516] [attitude_scout_1]: [scout_1] Landed — tilt correction stopped, yaw-hold pinned to current heading.
[attitude_controller-6] [INFO] [1786780306.750325509] [attitude_scout_1]: [scout_1] Landed — tilt correction stopped, yaw-hold pinned to current heading.
[attitude_controller-6] [INFO] [1786780306.765358148] [attitude_scout_1]: [scout_1] Landed — tilt correction stopped, yaw-hold pinned to current heading.
[attitude_controller-6] [INFO] [1786780306.766762351] [attitude_scout_1]: [scout_1] Landed — tilt correction stopped, yaw-hold pinned to current heading.
[attitude_controller-6] [INFO] [1786780306.798131820] [attitude_scout_1]: [scout_1] Landed — tilt correction stopped, yaw-hold pinned to current heading.
[attitude_controller-6] [INFO] [1786780306.799819783] [attitude_scout_1]: [scout_1] Airborne (landed=False) — tilt correction armed.
[landing_controller-7] [INFO] [1786780307.004076612] [landing_scout_1]: [scout_1] 🎯 Contact detected! accel=0.1339 m/s² → hands-off settle (no posture commands at contact)
[landing_controller-7] [INFO] [1786780307.810916441] [landing_scout_1]: [scout_1] ⚠️ Bounce detected (v=0.0304 m/s) → back to FLIGHT
[landing_controller-7] [INFO] [1786780308.147084182] [landing_scout_1]: [scout_1] 🎯 Contact detected! accel=0.1559 m/s² → hands-off settle (no posture commands at contact)
[landing_controller-11] [INFO] [1786780309.157901278] [landing_scout_2]: [scout_2] Landing controller state: FLIGHT
[landing_controller-15] [INFO] [1786780309.190468993] [landing_scout_3]: [scout_3] Landing controller state: FLIGHT
[landing_controller-7] [INFO] [1786780309.190786416] [landing_scout_1]: [scout_1] Landing controller state: CONTACT
[landing_controller-7] [WARN] [1786780309.531642728] [landing_scout_1]: [scout_1] Sustained contact accel but velocity still 0.0230 m/s — not actually landed, resetting settle counter (likely a false accel trigger, e.g. RW/leg motor reaction torque).
[landing_controller-7] [WARN] [1786780312.141896216] [landing_scout_1]: [scout_1] Sustained contact accel but velocity still 0.0111 m/s — not actually landed, resetting settle counter (likely a false accel trigger, e.g. RW/leg motor reaction torque).
[landing_controller-11] [INFO] [1786780314.158216613] [landing_scout_2]: [scout_2] Landing controller state: FLIGHT
[landing_controller-15] [INFO] [1786780314.190291747] [landing_scout_3]: [scout_3] Landing controller state: FLIGHT
[landing_controller-7] [INFO] [1786780314.190440157] [landing_scout_1]: [scout_1] Landing controller state: CONTACT
[landing_controller-7] [WARN] [1786780314.740343641] [landing_scout_1]: [scout_1] Sustained contact accel but velocity still 0.0109 m/s — not actually landed, resetting settle counter (likely a false accel trigger, e.g. RW/leg motor reaction torque).
[hopper_locomotion-5] [INFO] [1786780315.341530215] [loco_scout_1]: 2. IGNITION (stroke fraction=0.90, ramp=4.0s)
[attitude_controller-6] [INFO] [1786780315.343062086] [attitude_scout_1]: [scout_1] Jump initiated. Flight mode active (tilt-PD held for stroke).
[landing_controller-7] [INFO] [1786780315.343576317] [landing_scout_1]: [scout_1] 🚀 Jump detected → FLIGHT mode (contact detection blanked 100 s for launch)
[landing_controller-7] [INFO] [1786780315.355642224] [landing_scout_1]: [scout_1] 📏 CALIBSERIES t=0.0s v=0.01086 m/s (vx=-0.00469 vy=-0.00140 vz=0.00970)
[landing_controller-7] [INFO] [1786780317.461828989] [landing_scout_1]: [scout_1] 📏 CALIBSERIES t=2.1s v=0.01650 m/s (vx=0.01013 vy=0.00997 vz=0.00839)
[landing_controller-11] [INFO] [1786780319.158689504] [landing_scout_2]: [scout_2] Landing controller state: FLIGHT
[landing_controller-15] [INFO] [1786780319.190473196] [landing_scout_3]: [scout_3] Landing controller state: FLIGHT
[landing_controller-7] [INFO] [1786780319.191165939] [landing_scout_1]: [scout_1] Landing controller state: FLIGHT
[landing_controller-7] [INFO] [1786780319.530791480] [landing_scout_1]: [scout_1] 📏 CALIBSERIES t=4.2s v=0.01192 m/s (vx=0.00679 vy=0.00259 vz=0.00944)
[hopper_locomotion-5] [INFO] [1786780319.848003690] [loco_scout_1]: 3. Separation confirmed (genuine ground clearance) — holding extension for clearance, then slow retract (FLIGHT)
[attitude_controller-6] [INFO] [1786780319.853448137] [attitude_scout_1]: [scout_1] Separation — tilt correction engaged.
[landing_controller-7] [INFO] [1786780321.623549877] [landing_scout_1]: [scout_1] 📏 CALIBSERIES t=6.3s v=0.03787 m/s (vx=-0.03657 vy=-0.00136 vz=0.00975)
[landing_controller-7] [INFO] [1786780323.704405607] [landing_scout_1]: [scout_1] 📏 CALIBSERIES t=8.4s v=0.03148 m/s (vx=-0.01956 vy=-0.02267 vz=0.00972)
[landing_controller-11] [INFO] [1786780324.158949169] [landing_scout_2]: [scout_2] Landing controller state: FLIGHT
[landing_controller-15] [INFO] [1786780324.190151026] [landing_scout_3]: [scout_3] Landing controller state: FLIGHT
[landing_controller-7] [INFO] [1786780324.191432660] [landing_scout_1]: [scout_1] Landing controller state: FLIGHT
[landing_controller-7] [INFO] [1786780325.764921858] [landing_scout_1]: [scout_1] 📏 CALIBSERIES t=10.4s v=0.02489 m/s (vx=-0.00111 vy=-0.02284 vz=0.00982)
[landing_controller-7] [INFO] [1786780327.833722273] [landing_scout_1]: [scout_1] 📏 CALIBSERIES t=12.5s v=0.02052 m/s (vx=0.01365 vy=-0.01174 vz=0.00985)
[landing_controller-11] [INFO] [1786780329.157988864] [landing_scout_2]: [scout_2] Landing controller state: FLIGHT
[landing_controller-15] [INFO] [1786780329.190491491] [landing_scout_3]: [scout_3] Landing controller state: FLIGHT
[landing_controller-7] [INFO] [1786780329.191023044] [landing_scout_1]: [scout_1] Landing controller state: FLIGHT
[landing_controller-7] [INFO] [1786780329.870695716] [landing_scout_1]: [scout_1] 📏 CALIBSERIES t=14.5s v=0.01856 m/s (vx=0.01527 vy=0.00110 vz=0.01048)
[landing_controller-7] [INFO] [1786780331.920601872] [landing_scout_1]: [scout_1] 📏 CALIBSERIES t=16.6s v=0.01727 m/s (vx=0.01218 vy=0.00718 vz=0.00992)
[landing_controller-7] [INFO] [1786780333.966445387] [landing_scout_1]: [scout_1] 📏 CALIBSERIES t=18.6s v=0.01546 m/s (vx=0.00310 vy=0.01169 vz=0.00964)
[landing_controller-11] [INFO] [1786780334.158074127] [landing_scout_2]: [scout_2] Landing controller state: FLIGHT
[landing_controller-15] [INFO] [1786780334.190433374] [landing_scout_3]: [scout_3] Landing controller state: FLIGHT
[landing_controller-7] [INFO] [1786780334.192932039] [landing_scout_1]: [scout_1] Landing controller state: FLIGHT
[landing_controller-7] [INFO] [1786780335.967522462] [landing_scout_1]: [scout_1] 📏 CALIBSERIES t=20.6s v=0.01386 m/s (vx=0.00063 vy=0.01010 vz=0.00947)
[landing_controller-7] [INFO] [1786780338.034509104] [landing_scout_1]: [scout_1] 📏 CALIBSERIES t=22.7s v=0.01235 m/s (vx=-0.00261 vy=0.00769 vz=0.00931)
[landing_controller-11] [INFO] [1786780339.160464102] [landing_scout_2]: [scout_2] Landing controller state: FLIGHT
[landing_controller-15] [INFO] [1786780339.190407933] [landing_scout_3]: [scout_3] Landing controller state: FLIGHT
[landing_controller-7] [INFO] [1786780339.193662896] [landing_scout_1]: [scout_1] Landing controller state: FLIGHT
[landing_controller-7] [INFO] [1786780340.109620745] [landing_scout_1]: [scout_1] 📏 CALIBSERIES t=24.8s v=0.01081 m/s (vx=-0.00442 vy=0.00362 vz=0.00917)
[landing_controller-7] [INFO] [1786780342.195031783] [landing_scout_1]: [scout_1] 📏 CALIBSERIES t=26.8s v=0.01010 m/s (vx=-0.00347 vy=0.00285 vz=0.00905)
[landing_controller-11] [INFO] [1786780344.157799048] [landing_scout_2]: [scout_2] Landing controller state: FLIGHT
[landing_controller-7] [INFO] [1786780344.190856487] [landing_scout_1]: [scout_1] Landing controller state: FLIGHT
[landing_controller-15] [INFO] [1786780344.192382491] [landing_scout_3]: [scout_3] Landing controller state: FLIGHT
[landing_controller-7] [INFO] [1786780344.252605666] [landing_scout_1]: [scout_1] 📏 CALIBSERIES t=28.9s v=0.00970 m/s (vx=-0.00254 vy=0.00282 vz=0.00893)
[landing_controller-7] [INFO] [1786780346.308611454] [landing_scout_1]: [scout_1] 📏 CALIBSERIES t=31.0s v=0.00941 m/s (vx=-0.00191 vy=0.00269 vz=0.00882)
[landing_controller-7] [INFO] [1786780348.339819172] [landing_scout_1]: [scout_1] 📏 CALIBSERIES t=33.0s v=0.00894 m/s (vx=-0.00111 vy=0.00169 vz=0.00870)
[landing_controller-11] [INFO] [1786780349.158180474] [landing_scout_2]: [scout_2] Landing controller state: FLIGHT
[landing_controller-7] [INFO] [1786780349.191218219] [landing_scout_1]: [scout_1] Landing controller state: FLIGHT
[landing_controller-15] [INFO] [1786780349.193218088] [landing_scout_3]: [scout_3] Landing controller state: FLIGHT
[landing_controller-7] [INFO] [1786780350.398316823] [landing_scout_1]: [scout_1] 📏 CALIBSERIES t=35.1s v=0.00874 m/s (vx=-0.00025 vy=0.00159 vz=0.00859)
[landing_controller-7] [INFO] [1786780352.482453322] [landing_scout_1]: [scout_1] 📏 CALIBSERIES t=37.1s v=0.00870 m/s (vx=-0.00023 vy=0.00188 vz=0.00849)
[landing_controller-7] [INFO] [1786780352.483094174] [landing_scout_1]: [scout_1] 📏 CALIBSTABLE t=37.1s v=0.00870 m/s (vx=-0.00023 vy=0.00188 vz=0.00849) -- 3 consecutive samples steady
[landing_controller-11] [INFO] [1786780354.158907667] [landing_scout_2]: [scout_2] Landing controller state: FLIGHT
[landing_controller-15] [INFO] [1786780354.190316115] [landing_scout_3]: [scout_3] Landing controller state: FLIGHT
[landing_controller-7] [INFO] [1786780354.190596592] [landing_scout_1]: [scout_1] Landing controller state: FLIGHT
[landing_controller-11] [INFO] [1786780359.158638159] [landing_scout_2]: [scout_2] Landing controller state: FLIGHT
[landing_controller-15] [INFO] [1786780359.190176651] [landing_scout_3]: [scout_3] Landing controller state: FLIGHT
[landing_controller-7] [INFO] [1786780359.192654295] [landing_scout_1]: [scout_1] Landing controller state: FLIGHT
[landing_controller-11] [INFO] [1786780364.158786351] [landing_scout_2]: [scout_2] Landing controller state: FLIGHT
[landing_controller-15] [INFO] [1786780364.190413260] [landing_scout_3]: [scout_3] Landing controller state: FLIGHT
[landing_controller-7] [INFO] [1786780364.193735689] [landing_scout_1]: [scout_1] Landing controller state: FLIGHT
[landing_controller-11] [INFO] [1786780369.158655097] [landing_scout_2]: [scout_2] Landing controller state: FLIGHT
[landing_controller-15] [INFO] [1786780369.190307918] [landing_scout_3]: [scout_3] Landing controller state: FLIGHT
[landing_controller-7] [INFO] [1786780369.191590250] [landing_scout_1]: [scout_1] Landing controller state: FLIGHT
[landing_controller-11] [INFO] [1786780374.158588777] [landing_scout_2]: [scout_2] Landing controller state: FLIGHT
[landing_controller-7] [INFO] [1786780374.190701216] [landing_scout_1]: [scout_1] Landing controller state: FLIGHT
[landing_controller-15] [INFO] [1786780374.191131920] [landing_scout_3]: [scout_3] Landing controller state: FLIGHT
[landing_controller-11] [INFO] [1786780379.159382240] [landing_scout_2]: [scout_2] Landing controller state: FLIGHT
[landing_controller-15] [INFO] [1786780379.190101861] [landing_scout_3]: [scout_3] Landing controller state: FLIGHT
[landing_controller-7] [INFO] [1786780379.190508260] [landing_scout_1]: [scout_1] Landing controller state: FLIGHT
[landing_controller-11] [INFO] [1786780384.158794179] [landing_scout_2]: [scout_2] Landing controller state: FLIGHT
[landing_controller-15] [INFO] [1786780384.190863877] [landing_scout_3]: [scout_3] Landing controller state: FLIGHT
[landing_controller-7] [INFO] [1786780384.191748401] [landing_scout_1]: [scout_1] Landing controller state: FLIGHT
[landing_controller-11] [INFO] [1786780389.157647237] [landing_scout_2]: [scout_2] Landing controller state: FLIGHT
[landing_controller-15] [INFO] [1786780389.191054233] [landing_scout_3]: [scout_3] Landing controller state: FLIGHT
[landing_controller-7] [INFO] [1786780389.191267594] [landing_scout_1]: [scout_1] Landing controller state: FLIGHT
[landing_controller-11] [INFO] [1786780394.160308581] [landing_scout_2]: [scout_2] Landing controller state: FLIGHT
[landing_controller-15] [INFO] [1786780394.190631372] [landing_scout_3]: [scout_3] Landing controller state: FLIGHT
[landing_controller-7] [INFO] [1786780394.190763300] [landing_scout_1]: [scout_1] Landing controller state: FLIGHT
[landing_controller-11] [INFO] [1786780399.161179274] [landing_scout_2]: [scout_2] Landing controller state: FLIGHT
[landing_controller-7] [INFO] [1786780399.191326977] [landing_scout_1]: [scout_1] Landing controller state: FLIGHT
[landing_controller-15] [INFO] [1786780399.195502502] [landing_scout_3]: [scout_3] Landing controller state: FLIGHT
[landing_controller-11] [INFO] [1786780404.158340948] [landing_scout_2]: [scout_2] Landing controller state: FLIGHT
[landing_controller-15] [INFO] [1786780404.191491913] [landing_scout_3]: [scout_3] Landing controller state: FLIGHT
[landing_controller-7] [INFO] [1786780404.197183456] [landing_scout_1]: [scout_1] Landing controller state: FLIGHT
[landing_controller-11] [INFO] [1786780409.159797341] [landing_scout_2]: [scout_2] Landing controller state: FLIGHT
[landing_controller-15] [INFO] [1786780409.191852865] [landing_scout_3]: [scout_3] Landing controller state: FLIGHT
[landing_controller-7] [INFO] [1786780409.193496480] [landing_scout_1]: [scout_1] Landing controller state: FLIGHT
[landing_controller-11] [INFO] [1786780414.158722495] [landing_scout_2]: [scout_2] Landing controller state: FLIGHT
[landing_controller-15] [INFO] [1786780414.190438179] [landing_scout_3]: [scout_3] Landing controller state: FLIGHT
[landing_controller-7] [INFO] [1786780414.190733742] [landing_scout_1]: [scout_1] Landing controller state: FLIGHT
[landing_controller-11] [INFO] [1786780419.157896043] [landing_scout_2]: [scout_2] Landing controller state: FLIGHT
[landing_controller-7] [INFO] [1786780419.191274270] [landing_scout_1]: [scout_1] Landing controller state: FLIGHT
[landing_controller-15] [INFO] [1786780419.192394643] [landing_scout_3]: [scout_3] Landing controller state: FLIGHT
[landing_controller-11] [INFO] [1786780424.158749845] [landing_scout_2]: [scout_2] Landing controller state: FLIGHT
[landing_controller-15] [INFO] [1786780424.190279406] [landing_scout_3]: [scout_3] Landing controller state: FLIGHT
[landing_controller-7] [INFO] [1786780424.191532546] [landing_scout_1]: [scout_1] Landing controller state: FLIGHT
[landing_controller-11] [INFO] [1786780429.157945125] [landing_scout_2]: [scout_2] Landing controller state: FLIGHT
[landing_controller-15] [INFO] [1786780429.190479127] [landing_scout_3]: [scout_3] Landing controller state: FLIGHT
[landing_controller-7] [INFO] [1786780429.191322934] [landing_scout_1]: [scout_1] Landing controller state: FLIGHT
[landing_controller-11] [INFO] [1786780434.158040125] [landing_scout_2]: [scout_2] Landing controller state: FLIGHT
[landing_controller-15] [INFO] [1786780434.190419851] [landing_scout_3]: [scout_3] Landing controller state: FLIGHT
[landing_controller-7] [INFO] [1786780434.194563739] [landing_scout_1]: [scout_1] Landing controller state: FLIGHT
[landing_controller-11] [INFO] [1786780439.159787928] [landing_scout_2]: [scout_2] Landing controller state: FLIGHT
[landing_controller-15] [INFO] [1786780439.190425564] [landing_scout_3]: [scout_3] Landing controller state: FLIGHT
[landing_controller-7] [INFO] [1786780439.190744733] [landing_scout_1]: [scout_1] Landing controller state: FLIGHT
[landing_controller-11] [INFO] [1786780444.158196226] [landing_scout_2]: [scout_2] Landing controller state: FLIGHT
[landing_controller-15] [INFO] [1786780444.191406701] [landing_scout_3]: [scout_3] Landing controller state: FLIGHT
[landing_controller-7] [INFO] [1786780444.191436243] [landing_scout_1]: [scout_1] Landing controller state: FLIGHT
[landing_controller-11] [INFO] [1786780449.158114224] [landing_scout_2]: [scout_2] Landing controller state: FLIGHT
[landing_controller-15] [INFO] [1786780449.191263379] [landing_scout_3]: [scout_3] Landing controller state: FLIGHT
[landing_controller-7] [INFO] [1786780449.191689892] [landing_scout_1]: [scout_1] Landing controller state: FLIGHT
[landing_controller-7] [INFO] [1786780452.574497356] [landing_scout_1]: [scout_1] 🎯 Contact detected! accel=0.1986 m/s² → hands-off settle (no posture commands at contact)
[attitude_controller-6] [INFO] [1786780452.732644119] [attitude_scout_1]: [scout_1] Contact — commanded-flight latch cleared (full attitude PD locked out until next ignition).
[landing_controller-7] [INFO] [1786780453.911150719] [landing_scout_1]: [scout_1] ✅ LANDED — stable contact confirmed
[attitude_controller-6] [INFO] [1786780454.058206605] [attitude_scout_1]: [scout_1] Landed — tilt correction stopped, yaw-hold pinned to current heading.
[attitude_controller-6] [INFO] [1786780454.077707271] [attitude_scout_1]: [scout_1] Landed — tilt correction stopped, yaw-hold pinned to current heading.
[attitude_controller-6] [INFO] [1786780454.145871080] [attitude_scout_1]: [scout_1] Landed — tilt correction stopped, yaw-hold pinned to current heading.
[attitude_controller-6] [INFO] [1786780454.147433891] [attitude_scout_1]: [scout_1] Landed — tilt correction stopped, yaw-hold pinned to current heading.
[attitude_controller-6] [INFO] [1786780454.149251408] [attitude_scout_1]: [scout_1] Landed — tilt correction stopped, yaw-hold pinned to current heading.
[attitude_controller-6] [INFO] [1786780454.150639619] [attitude_scout_1]: [scout_1] Landed — tilt correction stopped, yaw-hold pinned to current heading.
[landing_controller-11] [INFO] [1786780454.160235081] [landing_scout_2]: [scout_2] Landing controller state: FLIGHT
[landing_controller-7] [INFO] [1786780454.190546986] [landing_scout_1]: [scout_1] Landing controller state: LANDED
[landing_controller-15] [INFO] [1786780454.194254095] [landing_scout_3]: [scout_3] Landing controller state: FLIGHT
[attitude_controller-6] [INFO] [1786780454.201885237] [attitude_scout_1]: [scout_1] Landed — tilt correction stopped, yaw-hold pinned to current heading.
[attitude_controller-6] [INFO] [1786780454.229508300] [attitude_scout_1]: [scout_1] Landed — tilt correction stopped, yaw-hold pinned to current heading.
[attitude_controller-6] [INFO] [1786780454.328881038] [attitude_scout_1]: [scout_1] Landed — tilt correction stopped, yaw-hold pinned to current heading.
[attitude_controller-6] [INFO] [1786780454.345880803] [attitude_scout_1]: [scout_1] Landed — tilt correction stopped, yaw-hold pinned to current heading.
[attitude_controller-6] [INFO] [1786780454.453917687] [attitude_scout_1]: [scout_1] Landed — tilt correction stopped, yaw-hold pinned to current heading.
[attitude_controller-6] [INFO] [1786780454.455515139] [attitude_scout_1]: [scout_1] Landed — tilt correction stopped, yaw-hold pinned to current heading.
[attitude_controller-6] [INFO] [1786780454.457559426] [attitude_scout_1]: [scout_1] Landed — tilt correction stopped, yaw-hold pinned to current heading.
[attitude_controller-6] [INFO] [1786780454.460017796] [attitude_scout_1]: [scout_1] Landed — tilt correction stopped, yaw-hold pinned to current heading.
[attitude_controller-6] [INFO] [1786780454.536965247] [attitude_scout_1]: [scout_1] Landed — tilt correction stopped, yaw-hold pinned to current heading.
[attitude_controller-6] [INFO] [1786780454.539906840] [attitude_scout_1]: [scout_1] Landed — tilt correction stopped, yaw-hold pinned to current heading.
[attitude_controller-6] [INFO] [1786780454.556020613] [attitude_scout_1]: [scout_1] Landed — tilt correction stopped, yaw-hold pinned to current heading.
[attitude_controller-6] [INFO] [1786780454.557437668] [attitude_scout_1]: [scout_1] Landed — tilt correction stopped, yaw-hold pinned to current heading.
[attitude_controller-6] [INFO] [1786780454.567648770] [attitude_scout_1]: [scout_1] Landed — tilt correction stopped, yaw-hold pinned to current heading.
[attitude_controller-6] [INFO] [1786780454.569181899] [attitude_scout_1]: [scout_1] Landed — tilt correction stopped, yaw-hold pinned to current heading.
[attitude_controller-6] [INFO] [1786780454.571291976] [attitude_scout_1]: [scout_1] Landed — tilt correction stopped, yaw-hold pinned to current heading.
[attitude_controller-6] [INFO] [1786780454.572521789] [attitude_scout_1]: [scout_1] Landed — tilt correction stopped, yaw-hold pinned to current heading.
[attitude_controller-6] [INFO] [1786780454.672219075] [attitude_scout_1]: [scout_1] Landed — tilt correction stopped, yaw-hold pinned to current heading.
[attitude_controller-6] [INFO] [1786780454.673578441] [attitude_scout_1]: [scout_1] Landed — tilt correction stopped, yaw-hold pinned to current heading.
[attitude_controller-6] [INFO] [1786780454.674935573] [attitude_scout_1]: [scout_1] Landed — tilt correction stopped, yaw-hold pinned to current heading.
[attitude_controller-6] [INFO] [1786780454.681768653] [attitude_scout_1]: [scout_1] Landed — tilt correction stopped, yaw-hold pinned to current heading.
[attitude_controller-6] [INFO] [1786780454.701415145] [attitude_scout_1]: [scout_1] Landed — tilt correction stopped, yaw-hold pinned to current heading.
[attitude_controller-6] [INFO] [1786780454.806048445] [attitude_scout_1]: [scout_1] Landed — tilt correction stopped, yaw-hold pinned to current heading.
[attitude_controller-6] [INFO] [1786780454.828228315] [attitude_scout_1]: [scout_1] Landed — tilt correction stopped, yaw-hold pinned to current heading.
[attitude_controller-6] [INFO] [1786780454.900926349] [attitude_scout_1]: [scout_1] Landed — tilt correction stopped, yaw-hold pinned to current heading.
[attitude_controller-6] [INFO] [1786780454.902539724] [attitude_scout_1]: [scout_1] Landed — tilt correction stopped, yaw-hold pinned to current heading.
[attitude_controller-6] [INFO] [1786780454.904237116] [attitude_scout_1]: [scout_1] Landed — tilt correction stopped, yaw-hold pinned to current heading.
[attitude_controller-6] [INFO] [1786780454.905789451] [attitude_scout_1]: [scout_1] Landed — tilt correction stopped, yaw-hold pinned to current heading.
[attitude_controller-6] [INFO] [1786780455.034385916] [attitude_scout_1]: [scout_1] Landed — tilt correction stopped, yaw-hold pinned to current heading.
[attitude_controller-6] [INFO] [1786780455.035884125] [attitude_scout_1]: [scout_1] Landed — tilt correction stopped, yaw-hold pinned to current heading.
[attitude_controller-6] [INFO] [1786780455.037308862] [attitude_scout_1]: [scout_1] Landed — tilt correction stopped, yaw-hold pinned to current heading.
[attitude_controller-6] [INFO] [1786780455.038766563] [attitude_scout_1]: [scout_1] Landed — tilt correction stopped, yaw-hold pinned to current heading.
[attitude_controller-6] [INFO] [1786780455.057198886] [attitude_scout_1]: [scout_1] Landed — tilt correction stopped, yaw-hold pinned to current heading.
[attitude_controller-6] [INFO] [1786780455.060288540] [attitude_scout_1]: [scout_1] Landed — tilt correction stopped, yaw-hold pinned to current heading.
[attitude_controller-6] [INFO] [1786780455.063535752] [attitude_scout_1]: [scout_1] Landed — tilt correction stopped, yaw-hold pinned to current heading.
[attitude_controller-6] [INFO] [1786780455.123042470] [attitude_scout_1]: [scout_1] Landed — tilt correction stopped, yaw-hold pinned to current heading.
[attitude_controller-6] [INFO] [1786780455.124812985] [attitude_scout_1]: [scout_1] Landed — tilt correction stopped, yaw-hold pinned to current heading.
[attitude_controller-6] [INFO] [1786780455.126391160] [attitude_scout_1]: [scout_1] Landed — tilt correction stopped, yaw-hold pinned to current heading.
[attitude_controller-6] [INFO] [1786780455.127632427] [attitude_scout_1]: [scout_1] Landed — tilt correction stopped, yaw-hold pinned to current heading.
[attitude_controller-6] [INFO] [1786780455.128933058] [attitude_scout_1]: [scout_1] Landed — tilt correction stopped, yaw-hold pinned to current heading.
[attitude_controller-6] [INFO] [1786780455.130271892] [attitude_scout_1]: [scout_1] Landed — tilt correction stopped, yaw-hold pinned to current heading.
[attitude_controller-6] [INFO] [1786780455.131561977] [attitude_scout_1]: [scout_1] Landed — tilt correction stopped, yaw-hold pinned to current heading.
[attitude_controller-6] [INFO] [1786780455.165193309] [attitude_scout_1]: [scout_1] Landed — tilt correction stopped, yaw-hold pinned to current heading.
[attitude_controller-6] [INFO] [1786780455.181556551] [attitude_scout_1]: [scout_1] Landed — tilt correction stopped, yaw-hold pinned to current heading.
[attitude_controller-6] [INFO] [1786780455.197049027] [attitude_scout_1]: [scout_1] Landed — tilt correction stopped, yaw-hold pinned to current heading.
[attitude_controller-6] [INFO] [1786780455.221890361] [attitude_scout_1]: [scout_1] Landed — tilt correction stopped, yaw-hold pinned to current heading.
[attitude_controller-6] [INFO] [1786780455.242360337] [attitude_scout_1]: [scout_1] Landed — tilt correction stopped, yaw-hold pinned to current heading.
[attitude_controller-6] [INFO] [1786780455.261297604] [attitude_scout_1]: [scout_1] Landed — tilt correction stopped, yaw-hold pinned to current heading.
[attitude_controller-6] [INFO] [1786780455.286303342] [attitude_scout_1]: [scout_1] Landed — tilt correction stopped, yaw-hold pinned to current heading.
[attitude_controller-6] [INFO] [1786780455.303479522] [attitude_scout_1]: [scout_1] Landed — tilt correction stopped, yaw-hold pinned to current heading.
[attitude_controller-6] [INFO] [1786780455.317532316] [attitude_scout_1]: [scout_1] Landed — tilt correction stopped, yaw-hold pinned to current heading.
[attitude_controller-6] [INFO] [1786780455.332940286] [attitude_scout_1]: [scout_1] Landed — tilt correction stopped, yaw-hold pinned to current heading.
[attitude_controller-6] [INFO] [1786780455.350109971] [attitude_scout_1]: [scout_1] Landed — tilt correction stopped, yaw-hold pinned to current heading.
[attitude_controller-6] [INFO] [1786780455.365498106] [attitude_scout_1]: [scout_1] Landed — tilt correction stopped, yaw-hold pinned to current heading.
[attitude_controller-6] [INFO] [1786780455.382341009] [attitude_scout_1]: [scout_1] Landed — tilt correction stopped, yaw-hold pinned to current heading.
[attitude_controller-6] [INFO] [1786780455.398847563] [attitude_scout_1]: [scout_1] Landed — tilt correction stopped, yaw-hold pinned to current heading.
[attitude_controller-6] [INFO] [1786780455.416148059] [attitude_scout_1]: [scout_1] Landed — tilt correction stopped, yaw-hold pinned to current heading.
[attitude_controller-6] [INFO] [1786780455.432581560] [attitude_scout_1]: [scout_1] Landed — tilt correction stopped, yaw-hold pinned to current heading.
[attitude_controller-6] [INFO] [1786780455.447154941] [attitude_scout_1]: [scout_1] Landed — tilt correction stopped, yaw-hold pinned to current heading.
[attitude_controller-6] [INFO] [1786780455.461774278] [attitude_scout_1]: [scout_1] Landed — tilt correction stopped, yaw-hold pinned to current heading.
[attitude_controller-6] [INFO] [1786780455.481692308] [attitude_scout_1]: [scout_1] Landed — tilt correction stopped, yaw-hold pinned to current heading.
[attitude_controller-6] [INFO] [1786780455.497596072] [attitude_scout_1]: [scout_1] Landed — tilt correction stopped, yaw-hold pinned to current heading.
[attitude_controller-6] [INFO] [1786780455.517781311] [attitude_scout_1]: [scout_1] Landed — tilt correction stopped, yaw-hold pinned to current heading.
[attitude_controller-6] [INFO] [1786780455.540009021] [attitude_scout_1]: [scout_1] Landed — tilt correction stopped, yaw-hold pinned to current heading.
[attitude_controller-6] [INFO] [1786780455.555340097] [attitude_scout_1]: [scout_1] Landed — tilt correction stopped, yaw-hold pinned to current heading.
[attitude_controller-6] [INFO] [1786780455.575315047] [attitude_scout_1]: [scout_1] Landed — tilt correction stopped, yaw-hold pinned to current heading.
[attitude_controller-6] [INFO] [1786780455.592979549] [attitude_scout_1]: [scout_1] Landed — tilt correction stopped, yaw-hold pinned to current heading.
[attitude_controller-6] [INFO] [1786780455.607741289] [attitude_scout_1]: [scout_1] Landed — tilt correction stopped, yaw-hold pinned to current heading.
[attitude_controller-6] [INFO] [1786780455.622995052] [attitude_scout_1]: [scout_1] Landed — tilt correction stopped, yaw-hold pinned to current heading.
[attitude_controller-6] [INFO] [1786780455.645854954] [attitude_scout_1]: [scout_1] Landed — tilt correction stopped, yaw-hold pinned to current heading.
[attitude_controller-6] [INFO] [1786780455.671459011] [attitude_scout_1]: [scout_1] Landed — tilt correction stopped, yaw-hold pinned to current heading.
[attitude_controller-6] [INFO] [1786780455.694167361] [attitude_scout_1]: [scout_1] Landed — tilt correction stopped, yaw-hold pinned to current heading.
[attitude_controller-6] [INFO] [1786780455.716151539] [attitude_scout_1]: [scout_1] Landed — tilt correction stopped, yaw-hold pinned to current heading.
[attitude_controller-6] [INFO] [1786780455.733102345] [attitude_scout_1]: [scout_1] Landed — tilt correction stopped, yaw-hold pinned to current heading.
[attitude_controller-6] [INFO] [1786780455.749425848] [attitude_scout_1]: [scout_1] Landed — tilt correction stopped, yaw-hold pinned to current heading.
[attitude_controller-6] [INFO] [1786780455.750835989] [attitude_scout_1]: [scout_1] Landed — tilt correction stopped, yaw-hold pinned to current heading.
[attitude_controller-6] [INFO] [1786780455.752052113] [attitude_scout_1]: [scout_1] Landed — tilt correction stopped, yaw-hold pinned to current heading.
[attitude_controller-6] [INFO] [1786780455.753469168] [attitude_scout_1]: [scout_1] Landed — tilt correction stopped, yaw-hold pinned to current heading.
[attitude_controller-6] [INFO] [1786780455.755407229] [attitude_scout_1]: [scout_1] Landed — tilt correction stopped, yaw-hold pinned to current heading.
[attitude_controller-6] [INFO] [1786780455.836984656] [attitude_scout_1]: [scout_1] Landed — tilt correction stopped, yaw-hold pinned to current heading.
[attitude_controller-6] [INFO] [1786780455.844528777] [attitude_scout_1]: [scout_1] Landed — tilt correction stopped, yaw-hold pinned to current heading.
[attitude_controller-6] [INFO] [1786780455.846143479] [attitude_scout_1]: [scout_1] Landed — tilt correction stopped, yaw-hold pinned to current heading.
[hopper_locomotion-5] [INFO] [1786780455.863587565] [loco_scout_1]: [scout_1] Landing controller reported LANDED. Settling to IDLE.
[attitude_controller-6] [INFO] [1786780455.933911946] [attitude_scout_1]: [scout_1] Landed — tilt correction stopped, yaw-hold pinned to current heading.
[attitude_controller-6] [INFO] [1786780455.949341497] [attitude_scout_1]: [scout_1] Landed — tilt correction stopped, yaw-hold pinned to current heading.
[attitude_controller-6] [INFO] [1786780456.049285109] [attitude_scout_1]: [scout_1] Landed — tilt correction stopped, yaw-hold pinned to current heading.
[attitude_controller-6] [INFO] [1786780456.068904014] [attitude_scout_1]: [scout_1] Landed — tilt correction stopped, yaw-hold pinned to current heading.
[attitude_controller-6] [INFO] [1786780456.084263306] [attitude_scout_1]: [scout_1] Landed — tilt correction stopped, yaw-hold pinned to current heading.
[attitude_controller-6] [INFO] [1786780456.180853269] [attitude_scout_1]: [scout_1] Landed — tilt correction stopped, yaw-hold pinned to current heading.
[attitude_controller-6] [INFO] [1786780456.182358392] [attitude_scout_1]: [scout_1] Landed — tilt correction stopped, yaw-hold pinned to current heading.
[attitude_controller-6] [INFO] [1786780456.184110330] [attitude_scout_1]: [scout_1] Landed — tilt correction stopped, yaw-hold pinned to current heading.
[attitude_controller-6] [INFO] [1786780456.186065641] [attitude_scout_1]: [scout_1] Landed — tilt correction stopped, yaw-hold pinned to current heading.
[attitude_controller-6] [INFO] [1786780456.189611350] [attitude_scout_1]: [scout_1] Landed — tilt correction stopped, yaw-hold pinned to current heading.
[attitude_controller-6] [INFO] [1786780456.192319747] [attitude_scout_1]: [scout_1] Landed — tilt correction stopped, yaw-hold pinned to current heading.
[attitude_controller-6] [INFO] [1786780456.194849423] [attitude_scout_1]: [scout_1] Landed — tilt correction stopped, yaw-hold pinned to current heading.
[attitude_controller-6] [INFO] [1786780456.211103156] [attitude_scout_1]: [scout_1] Landed — tilt correction stopped, yaw-hold pinned to current heading.
[attitude_controller-6] [INFO] [1786780456.229987344] [attitude_scout_1]: [scout_1] Landed — tilt correction stopped, yaw-hold pinned to current heading.
[attitude_controller-6] [INFO] [1786780456.285816984] [attitude_scout_1]: [scout_1] Landed — tilt correction stopped, yaw-hold pinned to current heading.
[attitude_controller-6] [INFO] [1786780456.384823762] [attitude_scout_1]: [scout_1] Landed — tilt correction stopped, yaw-hold pinned to current heading.
[attitude_controller-6] [INFO] [1786780456.386773975] [attitude_scout_1]: [scout_1] Landed — tilt correction stopped, yaw-hold pinned to current heading.
[attitude_controller-6] [INFO] [1786780456.388351103] [attitude_scout_1]: [scout_1] Landed — tilt correction stopped, yaw-hold pinned to current heading.
[attitude_controller-6] [INFO] [1786780456.407985094] [attitude_scout_1]: [scout_1] Landed — tilt correction stopped, yaw-hold pinned to current heading.
[attitude_controller-6] [INFO] [1786780456.422847962] [attitude_scout_1]: [scout_1] Landed — tilt correction stopped, yaw-hold pinned to current heading.
[attitude_controller-6] [INFO] [1786780456.442443192] [attitude_scout_1]: [scout_1] Landed — tilt correction stopped, yaw-hold pinned to current heading.
[attitude_controller-6] [INFO] [1786780456.443949502] [attitude_scout_1]: [scout_1] Landed — tilt correction stopped, yaw-hold pinned to current heading.
[attitude_controller-6] [INFO] [1786780456.445390721] [attitude_scout_1]: [scout_1] Landed — tilt correction stopped, yaw-hold pinned to current heading.
[attitude_controller-6] [INFO] [1786780456.472705929] [attitude_scout_1]: [scout_1] Landed — tilt correction stopped, yaw-hold pinned to current heading.
[attitude_controller-6] [INFO] [1786780456.489033762] [attitude_scout_1]: [scout_1] Landed — tilt correction stopped, yaw-hold pinned to current heading.
[attitude_controller-6] [INFO] [1786780456.507565747] [attitude_scout_1]: [scout_1] Landed — tilt correction stopped, yaw-hold pinned to current heading.
[attitude_controller-6] [INFO] [1786780456.526641996] [attitude_scout_1]: [scout_1] Landed — tilt correction stopped, yaw-hold pinned to current heading.
[attitude_controller-6] [INFO] [1786780456.549133632] [attitude_scout_1]: [scout_1] Landed — tilt correction stopped, yaw-hold pinned to current heading.
[attitude_controller-6] [INFO] [1786780456.568947880] [attitude_scout_1]: [scout_1] Landed — tilt correction stopped, yaw-hold pinned to current heading.
[attitude_controller-6] [INFO] [1786780456.570672649] [attitude_scout_1]: [scout_1] Landed — tilt correction stopped, yaw-hold pinned to current heading.
[attitude_controller-6] [INFO] [1786780456.572162896] [attitude_scout_1]: [scout_1] Landed — tilt correction stopped, yaw-hold pinned to current heading.
[attitude_controller-6] [INFO] [1786780456.573687923] [attitude_scout_1]: [scout_1] Landed — tilt correction stopped, yaw-hold pinned to current heading.
[attitude_controller-6] [INFO] [1786780456.575655177] [attitude_scout_1]: [scout_1] Landed — tilt correction stopped, yaw-hold pinned to current heading.
[attitude_controller-6] [INFO] [1786780456.577188516] [attitude_scout_1]: [scout_1] Landed — tilt correction stopped, yaw-hold pinned to current heading.
[attitude_controller-6] [INFO] [1786780456.788114657] [attitude_scout_1]: [scout_1] Landed — tilt correction stopped, yaw-hold pinned to current heading.
[attitude_controller-6] [INFO] [1786780456.839243224] [attitude_scout_1]: [scout_1] Landed — tilt correction stopped, yaw-hold pinned to current heading.
[attitude_controller-6] [INFO] [1786780456.840463818] [attitude_scout_1]: [scout_1] Landed — tilt correction stopped, yaw-hold pinned to current heading.
[attitude_controller-6] [INFO] [1786780456.841598509] [attitude_scout_1]: [scout_1] Landed — tilt correction stopped, yaw-hold pinned to current heading.
[attitude_controller-6] [INFO] [1786780456.843031766] [attitude_scout_1]: [scout_1] Landed — tilt correction stopped, yaw-hold pinned to current heading.
[attitude_controller-6] [INFO] [1786780456.844268913] [attitude_scout_1]: [scout_1] Landed — tilt correction stopped, yaw-hold pinned to current heading.
[attitude_controller-6] [INFO] [1786780456.845441667] [attitude_scout_1]: [scout_1] Landed — tilt correction stopped, yaw-hold pinned to current heading.
[attitude_controller-6] [INFO] [1786780456.846493388] [attitude_scout_1]: [scout_1] Landed — tilt correction stopped, yaw-hold pinned to current heading.
[attitude_controller-6] [INFO] [1786780456.847603286] [attitude_scout_1]: [scout_1] Landed — tilt correction stopped, yaw-hold pinned to current heading.
[hopper_locomotion-5] [INFO] [1786780456.858581512] [loco_scout_1]: [scout_1] 🦵 Idle 300s with no jump command -- self-initiating recovery hop (legs).
[hopper_locomotion-5] [INFO] [1786780456.860541642] [loco_scout_1]: 1. Crouching (waking physics, planting feet under body)
[attitude_controller-6] [INFO] [1786780456.921705664] [attitude_scout_1]: [scout_1] Landed — tilt correction stopped, yaw-hold pinned to current heading.
[attitude_controller-6] [INFO] [1786780456.923535753] [attitude_scout_1]: [scout_1] Landed — tilt correction stopped, yaw-hold pinned to current heading.
[attitude_controller-6] [INFO] [1786780456.925528498] [attitude_scout_1]: [scout_1] Landed — tilt correction stopped, yaw-hold pinned to current heading.
[attitude_controller-6] [INFO] [1786780456.927199282] [attitude_scout_1]: [scout_1] Landed — tilt correction stopped, yaw-hold pinned to current heading.
[attitude_controller-6] [INFO] [1786780457.027976714] [attitude_scout_1]: [scout_1] Landed — tilt correction stopped, yaw-hold pinned to current heading.
[attitude_controller-6] [INFO] [1786780457.050599370] [attitude_scout_1]: [scout_1] Landed — tilt correction stopped, yaw-hold pinned to current heading.
[attitude_controller-6] [INFO] [1786780457.070406774] [attitude_scout_1]: [scout_1] Landed — tilt correction stopped, yaw-hold pinned to current heading.
[attitude_controller-6] [INFO] [1786780457.227083338] [attitude_scout_1]: [scout_1] Landed — tilt correction stopped, yaw-hold pinned to current heading.
[attitude_controller-6] [INFO] [1786780457.228534614] [attitude_scout_1]: [scout_1] Landed — tilt correction stopped, yaw-hold pinned to current heading.
[attitude_controller-6] [INFO] [1786780457.229943497] [attitude_scout_1]: [scout_1] Landed — tilt correction stopped, yaw-hold pinned to current heading.
[attitude_controller-6] [INFO] [1786780457.231282889] [attitude_scout_1]: [scout_1] Landed — tilt correction stopped, yaw-hold pinned to current heading.
[attitude_controller-6] [INFO] [1786780457.243108833] [attitude_scout_1]: [scout_1] Landed — tilt correction stopped, yaw-hold pinned to current heading.
[attitude_controller-6] [INFO] [1786780457.244318533] [attitude_scout_1]: [scout_1] Landed — tilt correction stopped, yaw-hold pinned to current heading.
[attitude_controller-6] [INFO] [1786780457.318259720] [attitude_scout_1]: [scout_1] Landed — tilt correction stopped, yaw-hold pinned to current heading.
[attitude_controller-6] [INFO] [1786780457.334211814] [attitude_scout_1]: [scout_1] Landed — tilt correction stopped, yaw-hold pinned to current heading.
[attitude_controller-6] [INFO] [1786780457.393910592] [attitude_scout_1]: [scout_1] Landed — tilt correction stopped, yaw-hold pinned to current heading.
[attitude_controller-6] [INFO] [1786780457.395836501] [attitude_scout_1]: [scout_1] Landed — tilt correction stopped, yaw-hold pinned to current heading.
[attitude_controller-6] [INFO] [1786780457.542525939] [attitude_scout_1]: [scout_1] Landed — tilt correction stopped, yaw-hold pinned to current heading.
[attitude_controller-6] [INFO] [1786780457.544053969] [attitude_scout_1]: [scout_1] Landed — tilt correction stopped, yaw-hold pinned to current heading.
[attitude_controller-6] [INFO] [1786780457.545513067] [attitude_scout_1]: [scout_1] Landed — tilt correction stopped, yaw-hold pinned to current heading.
[attitude_controller-6] [INFO] [1786780457.546882491] [attitude_scout_1]: [scout_1] Landed — tilt correction stopped, yaw-hold pinned to current heading.
[attitude_controller-6] [INFO] [1786780457.561213248] [attitude_scout_1]: [scout_1] Landed — tilt correction stopped, yaw-hold pinned to current heading.
[attitude_controller-6] [INFO] [1786780457.580742549] [attitude_scout_1]: [scout_1] Landed — tilt correction stopped, yaw-hold pinned to current heading.
[attitude_controller-6] [INFO] [1786780457.652234377] [attitude_scout_1]: [scout_1] Landed — tilt correction stopped, yaw-hold pinned to current heading.
[attitude_controller-6] [INFO] [1786780457.653885605] [attitude_scout_1]: [scout_1] Landed — tilt correction stopped, yaw-hold pinned to current heading.
[attitude_controller-6] [INFO] [1786780457.658424300] [attitude_scout_1]: [scout_1] Landed — tilt correction stopped, yaw-hold pinned to current heading.
[attitude_controller-6] [INFO] [1786780457.659737432] [attitude_scout_1]: [scout_1] Landed — tilt correction stopped, yaw-hold pinned to current heading.
[attitude_controller-6] [INFO] [1786780457.743169113] [attitude_scout_1]: [scout_1] Landed — tilt correction stopped, yaw-hold pinned to current heading.
[attitude_controller-6] [INFO] [1786780457.744592802] [attitude_scout_1]: [scout_1] Landed — tilt correction stopped, yaw-hold pinned to current heading.
[attitude_controller-6] [INFO] [1786780457.745773378] [attitude_scout_1]: [scout_1] Landed — tilt correction stopped, yaw-hold pinned to current heading.
[attitude_controller-6] [INFO] [1786780457.757079014] [attitude_scout_1]: [scout_1] Landed — tilt correction stopped, yaw-hold pinned to current heading.
[attitude_controller-6] [INFO] [1786780457.767155116] [attitude_scout_1]: [scout_1] Landed — tilt correction stopped, yaw-hold pinned to current heading.
[attitude_controller-6] [INFO] [1786780457.815481491] [attitude_scout_1]: [scout_1] Landed — tilt correction stopped, yaw-hold pinned to current heading.
[attitude_controller-6] [INFO] [1786780457.829265960] [attitude_scout_1]: [scout_1] Landed — tilt correction stopped, yaw-hold pinned to current heading.
[attitude_controller-6] [INFO] [1786780457.856343712] [attitude_scout_1]: [scout_1] Landed — tilt correction stopped, yaw-hold pinned to current heading.
[attitude_controller-6] [INFO] [1786780457.860449329] [attitude_scout_1]: [scout_1] Landed — tilt correction stopped, yaw-hold pinned to current heading.
[attitude_controller-6] [INFO] [1786780457.862126817] [attitude_scout_1]: [scout_1] Landed — tilt correction stopped, yaw-hold pinned to current heading.
[attitude_controller-6] [INFO] [1786780457.863267654] [attitude_scout_1]: [scout_1] Landed — tilt correction stopped, yaw-hold pinned to current heading.
[attitude_controller-6] [INFO] [1786780457.864316442] [attitude_scout_1]: [scout_1] Landed — tilt correction stopped, yaw-hold pinned to current heading.
[attitude_controller-6] [INFO] [1786780457.914098143] [attitude_scout_1]: [scout_1] Landed — tilt correction stopped, yaw-hold pinned to current heading.
[attitude_controller-6] [INFO] [1786780457.961227460] [attitude_scout_1]: [scout_1] Landed — tilt correction stopped, yaw-hold pinned to current heading.
[attitude_controller-6] [INFO] [1786780457.976245164] [attitude_scout_1]: [scout_1] Landed — tilt correction stopped, yaw-hold pinned to current heading.
[attitude_controller-6] [INFO] [1786780458.013893346] [attitude_scout_1]: [scout_1] Landed — tilt correction stopped, yaw-hold pinned to current heading.
[attitude_controller-6] [INFO] [1786780458.015294756] [attitude_scout_1]: [scout_1] Landed — tilt correction stopped, yaw-hold pinned to current heading.
[attitude_controller-6] [INFO] [1786780458.016512697] [attitude_scout_1]: [scout_1] Landed — tilt correction stopped, yaw-hold pinned to current heading.
[attitude_controller-6] [INFO] [1786780458.017862914] [attitude_scout_1]: [scout_1] Landed — tilt correction stopped, yaw-hold pinned to current heading.
[attitude_controller-6] [INFO] [1786780458.018974349] [attitude_scout_1]: [scout_1] Landed — tilt correction stopped, yaw-hold pinned to current heading.
[attitude_controller-6] [INFO] [1786780458.020085224] [attitude_scout_1]: [scout_1] Landed — tilt correction stopped, yaw-hold pinned to current heading.
[attitude_controller-6] [INFO] [1786780458.021458838] [attitude_scout_1]: [scout_1] Landed — tilt correction stopped, yaw-hold pinned to current heading.
[attitude_controller-6] [INFO] [1786780458.022839087] [attitude_scout_1]: [scout_1] Landed — tilt correction stopped, yaw-hold pinned to current heading.
[attitude_controller-6] [INFO] [1786780458.024301468] [attitude_scout_1]: [scout_1] Landed — tilt correction stopped, yaw-hold pinned to current heading.
[attitude_controller-6] [INFO] [1786780458.096544705] [attitude_scout_1]: [scout_1] Landed — tilt correction stopped, yaw-hold pinned to current heading.
[attitude_controller-6] [INFO] [1786780458.097516668] [attitude_scout_1]: [scout_1] Landed — tilt correction stopped, yaw-hold pinned to current heading.
[attitude_controller-6] [INFO] [1786780458.098727136] [attitude_scout_1]: [scout_1] Landed — tilt correction stopped, yaw-hold pinned to current heading.
[attitude_controller-6] [INFO] [1786780458.099997247] [attitude_scout_1]: [scout_1] Landed — tilt correction stopped, yaw-hold pinned to current heading.
[attitude_controller-6] [INFO] [1786780458.101327490] [attitude_scout_1]: [scout_1] Landed — tilt correction stopped, yaw-hold pinned to current heading.
[attitude_controller-6] [INFO] [1786780458.102711301] [attitude_scout_1]: [scout_1] Landed — tilt correction stopped, yaw-hold pinned to current heading.
[attitude_controller-6] [INFO] [1786780458.155187920] [attitude_scout_1]: [scout_1] Landed — tilt correction stopped, yaw-hold pinned to current heading.
[attitude_controller-6] [INFO] [1786780458.174463562] [attitude_scout_1]: [scout_1] Landed — tilt correction stopped, yaw-hold pinned to current heading.
[attitude_controller-6] [INFO] [1786780458.213984994] [attitude_scout_1]: [scout_1] Landed — tilt correction stopped, yaw-hold pinned to current heading.
[attitude_controller-6] [INFO] [1786780458.215206077] [attitude_scout_1]: [scout_1] Landed — tilt correction stopped, yaw-hold pinned to current heading.
[attitude_controller-6] [INFO] [1786780458.232957390] [attitude_scout_1]: [scout_1] Landed — tilt correction stopped, yaw-hold pinned to current heading.
[attitude_controller-6] [INFO] [1786780458.234491497] [attitude_scout_1]: [scout_1] Landed — tilt correction stopped, yaw-hold pinned to current heading.
[attitude_controller-6] [INFO] [1786780458.237708399] [attitude_scout_1]: [scout_1] Landed — tilt correction stopped, yaw-hold pinned to current heading.
[attitude_controller-6] [INFO] [1786780458.239099822] [attitude_scout_1]: [scout_1] Landed — tilt correction stopped, yaw-hold pinned to current heading.
[attitude_controller-6] [INFO] [1786780458.240465195] [attitude_scout_1]: [scout_1] Landed — tilt correction stopped, yaw-hold pinned to current heading.
[attitude_controller-6] [INFO] [1786780458.242055313] [attitude_scout_1]: [scout_1] Landed — tilt correction stopped, yaw-hold pinned to current heading.
[attitude_controller-6] [INFO] [1786780458.306341045] [attitude_scout_1]: [scout_1] Landed — tilt correction stopped, yaw-hold pinned to current heading.
[attitude_controller-6] [INFO] [1786780458.307721853] [attitude_scout_1]: [scout_1] Landed — tilt correction stopped, yaw-hold pinned to current heading.
[attitude_controller-6] [INFO] [1786780458.309451232] [attitude_scout_1]: [scout_1] Landed — tilt correction stopped, yaw-hold pinned to current heading.
[attitude_controller-6] [INFO] [1786780458.311111399] [attitude_scout_1]: [scout_1] Landed — tilt correction stopped, yaw-hold pinned to current heading.
[attitude_controller-6] [INFO] [1786780458.312323473] [attitude_scout_1]: [scout_1] Landed — tilt correction stopped, yaw-hold pinned to current heading.
[attitude_controller-6] [INFO] [1786780458.313576893] [attitude_scout_1]: [scout_1] Landed — tilt correction stopped, yaw-hold pinned to current heading.
[attitude_controller-6] [INFO] [1786780458.314776535] [attitude_scout_1]: [scout_1] Landed — tilt correction stopped, yaw-hold pinned to current heading.
[attitude_controller-6] [INFO] [1786780458.315972615] [attitude_scout_1]: [scout_1] Landed — tilt correction stopped, yaw-hold pinned to current heading.
[attitude_controller-6] [INFO] [1786780458.357434623] [attitude_scout_1]: [scout_1] Landed — tilt correction stopped, yaw-hold pinned to current heading.
[attitude_controller-6] [INFO] [1786780458.406801754] [attitude_scout_1]: [scout_1] Landed — tilt correction stopped, yaw-hold pinned to current heading.
[attitude_controller-6] [INFO] [1786780458.460857317] [attitude_scout_1]: [scout_1] Landed — tilt correction stopped, yaw-hold pinned to current heading.
[attitude_controller-6] [INFO] [1786780458.478612751] [attitude_scout_1]: [scout_1] Landed — tilt correction stopped, yaw-hold pinned to current heading.
[attitude_controller-6] [INFO] [1786780458.494209429] [attitude_scout_1]: [scout_1] Landed — tilt correction stopped, yaw-hold pinned to current heading.
[attitude_controller-6] [INFO] [1786780458.495546028] [attitude_scout_1]: [scout_1] Landed — tilt correction stopped, yaw-hold pinned to current heading.
[attitude_controller-6] [INFO] [1786780458.496863560] [attitude_scout_1]: [scout_1] Landed — tilt correction stopped, yaw-hold pinned to current heading.
[attitude_controller-6] [INFO] [1786780458.539643868] [attitude_scout_1]: [scout_1] Landed — tilt correction stopped, yaw-hold pinned to current heading.
[attitude_controller-6] [INFO] [1786780458.546142274] [attitude_scout_1]: [scout_1] Landed — tilt correction stopped, yaw-hold pinned to current heading.
[attitude_controller-6] [INFO] [1786780458.547905037] [attitude_scout_1]: [scout_1] Landed — tilt correction stopped, yaw-hold pinned to current heading.
[attitude_controller-6] [INFO] [1786780458.624918837] [attitude_scout_1]: [scout_1] Landed — tilt correction stopped, yaw-hold pinned to current heading.
[attitude_controller-6] [INFO] [1786780458.626327720] [attitude_scout_1]: [scout_1] Landed — tilt correction stopped, yaw-hold pinned to current heading.
[attitude_controller-6] [INFO] [1786780458.627947451] [attitude_scout_1]: [scout_1] Landed — tilt correction stopped, yaw-hold pinned to current heading.
[attitude_controller-6] [INFO] [1786780458.651350290] [attitude_scout_1]: [scout_1] Landed — tilt correction stopped, yaw-hold pinned to current heading.
[attitude_controller-6] [INFO] [1786780458.652197729] [attitude_scout_1]: [scout_1] Landed — tilt correction stopped, yaw-hold pinned to current heading.
[attitude_controller-6] [INFO] [1786780458.653102786] [attitude_scout_1]: [scout_1] Landed — tilt correction stopped, yaw-hold pinned to current heading.
[attitude_controller-6] [INFO] [1786780458.654089556] [attitude_scout_1]: [scout_1] Landed — tilt correction stopped, yaw-hold pinned to current heading.
[attitude_controller-6] [INFO] [1786780458.655241707] [attitude_scout_1]: [scout_1] Landed — tilt correction stopped, yaw-hold pinned to current heading.
[attitude_controller-6] [INFO] [1786780458.656820301] [attitude_scout_1]: [scout_1] Landed — tilt correction stopped, yaw-hold pinned to current heading.
[attitude_controller-6] [INFO] [1786780458.660849443] [attitude_scout_1]: [scout_1] Landed — tilt correction stopped, yaw-hold pinned to current heading.
[attitude_controller-6] [INFO] [1786780458.662130589] [attitude_scout_1]: [scout_1] Landed — tilt correction stopped, yaw-hold pinned to current heading.
[attitude_controller-6] [INFO] [1786780458.663358586] [attitude_scout_1]: [scout_1] Landed — tilt correction stopped, yaw-hold pinned to current heading.
[attitude_controller-6] [INFO] [1786780458.666606358] [attitude_scout_1]: [scout_1] Landed — tilt correction stopped, yaw-hold pinned to current heading.
[attitude_controller-6] [INFO] [1786780458.718512594] [attitude_scout_1]: [scout_1] Landed — tilt correction stopped, yaw-hold pinned to current heading.
[attitude_controller-6] [INFO] [1786780458.720291909] [attitude_scout_1]: [scout_1] Landed — tilt correction stopped, yaw-hold pinned to current heading.
[attitude_controller-6] [INFO] [1786780458.721838726] [attitude_scout_1]: [scout_1] Landed — tilt correction stopped, yaw-hold pinned to current heading.
[attitude_controller-6] [INFO] [1786780458.816680664] [attitude_scout_1]: [scout_1] Landed — tilt correction stopped, yaw-hold pinned to current heading.
[attitude_controller-6] [INFO] [1786780458.819174791] [attitude_scout_1]: [scout_1] Landed — tilt correction stopped, yaw-hold pinned to current heading.
[attitude_controller-6] [INFO] [1786780458.820676981] [attitude_scout_1]: [scout_1] Landed — tilt correction stopped, yaw-hold pinned to current heading.
[attitude_controller-6] [INFO] [1786780458.822266051] [attitude_scout_1]: [scout_1] Landed — tilt correction stopped, yaw-hold pinned to current heading.
[attitude_controller-6] [INFO] [1786780458.823706153] [attitude_scout_1]: [scout_1] Landed — tilt correction stopped, yaw-hold pinned to current heading.
[attitude_controller-6] [INFO] [1786780458.851027577] [attitude_scout_1]: [scout_1] Landed — tilt correction stopped, yaw-hold pinned to current heading.
[attitude_controller-6] [INFO] [1786780458.884316343] [attitude_scout_1]: [scout_1] Landed — tilt correction stopped, yaw-hold pinned to current heading.
[attitude_controller-6] [INFO] [1786780458.950528823] [attitude_scout_1]: [scout_1] Landed — tilt correction stopped, yaw-hold pinned to current heading.
[attitude_controller-6] [INFO] [1786780458.951847752] [attitude_scout_1]: [scout_1] Landed — tilt correction stopped, yaw-hold pinned to current heading.
[attitude_controller-6] [INFO] [1786780458.953049490] [attitude_scout_1]: [scout_1] Landed — tilt correction stopped, yaw-hold pinned to current heading.
[attitude_controller-6] [INFO] [1786780458.955030922] [attitude_scout_1]: [scout_1] Landed — tilt correction stopped, yaw-hold pinned to current heading.
[attitude_controller-6] [INFO] [1786780458.981522925] [attitude_scout_1]: [scout_1] Landed — tilt correction stopped, yaw-hold pinned to current heading.
[attitude_controller-6] [INFO] [1786780458.983848529] [attitude_scout_1]: [scout_1] Landed — tilt correction stopped, yaw-hold pinned to current heading.
[attitude_controller-6] [INFO] [1786780458.985175769] [attitude_scout_1]: [scout_1] Landed — tilt correction stopped, yaw-hold pinned to current heading.
[attitude_controller-6] [INFO] [1786780459.020075536] [attitude_scout_1]: [scout_1] Landed — tilt correction stopped, yaw-hold pinned to current heading.
[attitude_controller-6] [INFO] [1786780459.038580633] [attitude_scout_1]: [scout_1] Landed — tilt correction stopped, yaw-hold pinned to current heading.
[attitude_controller-6] [INFO] [1786780459.055493027] [attitude_scout_1]: [scout_1] Landed — tilt correction stopped, yaw-hold pinned to current heading.
[attitude_controller-6] [INFO] [1786780459.075964471] [attitude_scout_1]: [scout_1] Landed — tilt correction stopped, yaw-hold pinned to current heading.
[attitude_controller-6] [INFO] [1786780459.077200360] [attitude_scout_1]: [scout_1] Landed — tilt correction stopped, yaw-hold pinned to current heading.
[landing_controller-11] [INFO] [1786780459.157961428] [landing_scout_2]: [scout_2] Landing controller state: FLIGHT
[landing_controller-7] [INFO] [1786780459.191414808] [landing_scout_1]: [scout_1] Landing controller state: LANDED
[landing_controller-15] [INFO] [1786780459.193258865] [landing_scout_3]: [scout_3] Landing controller state: FLIGHT
[attitude_controller-6] [INFO] [1786780459.244475500] [attitude_scout_1]: [scout_1] Landed — tilt correction stopped, yaw-hold pinned to current heading.
[attitude_controller-6] [INFO] [1786780459.260604290] [attitude_scout_1]: [scout_1] Landed — tilt correction stopped, yaw-hold pinned to current heading.
[attitude_controller-6] [INFO] [1786780459.275773966] [attitude_scout_1]: [scout_1] Landed — tilt correction stopped, yaw-hold pinned to current heading.
[attitude_controller-6] [INFO] [1786780459.278028751] [attitude_scout_1]: [scout_1] Landed — tilt correction stopped, yaw-hold pinned to current heading.
[attitude_controller-6] [INFO] [1786780459.299128196] [attitude_scout_1]: [scout_1] Landed — tilt correction stopped, yaw-hold pinned to current heading.
[attitude_controller-6] [INFO] [1786780459.315153901] [attitude_scout_1]: [scout_1] Landed — tilt correction stopped, yaw-hold pinned to current heading.
[attitude_controller-6] [INFO] [1786780459.381471700] [attitude_scout_1]: [scout_1] Landed — tilt correction stopped, yaw-hold pinned to current heading.
[attitude_controller-6] [INFO] [1786780459.382752078] [attitude_scout_1]: [scout_1] Landed — tilt correction stopped, yaw-hold pinned to current heading.
[attitude_controller-6] [INFO] [1786780459.384248051] [attitude_scout_1]: [scout_1] Landed — tilt correction stopped, yaw-hold pinned to current heading.
[attitude_controller-6] [INFO] [1786780459.385706451] [attitude_scout_1]: [scout_1] Landed — tilt correction stopped, yaw-hold pinned to current heading.
[attitude_controller-6] [INFO] [1786780459.387442255] [attitude_scout_1]: [scout_1] Landed — tilt correction stopped, yaw-hold pinned to current heading.
[attitude_controller-6] [INFO] [1786780459.388875792] [attitude_scout_1]: [scout_1] Landed — tilt correction stopped, yaw-hold pinned to current heading.
[attitude_controller-6] [INFO] [1786780459.437732603] [attitude_scout_1]: [scout_1] Landed — tilt correction stopped, yaw-hold pinned to current heading.
[attitude_controller-6] [INFO] [1786780459.516195305] [attitude_scout_1]: [scout_1] Landed — tilt correction stopped, yaw-hold pinned to current heading.
[attitude_controller-6] [INFO] [1786780459.527467627] [attitude_scout_1]: [scout_1] Landed — tilt correction stopped, yaw-hold pinned to current heading.
[attitude_controller-6] [INFO] [1786780459.563626471] [attitude_scout_1]: [scout_1] Landed — tilt correction stopped, yaw-hold pinned to current heading.
[attitude_controller-6] [INFO] [1786780459.582412045] [attitude_scout_1]: [scout_1] Landed — tilt correction stopped, yaw-hold pinned to current heading.
[attitude_controller-6] [INFO] [1786780459.599611133] [attitude_scout_1]: [scout_1] Landed — tilt correction stopped, yaw-hold pinned to current heading.
[attitude_controller-6] [INFO] [1786780459.601313065] [attitude_scout_1]: [scout_1] Landed — tilt correction stopped, yaw-hold pinned to current heading.
[attitude_controller-6] [INFO] [1786780459.602870079] [attitude_scout_1]: [scout_1] Landed — tilt correction stopped, yaw-hold pinned to current heading.
[attitude_controller-6] [INFO] [1786780459.604131809] [attitude_scout_1]: [scout_1] Landed — tilt correction stopped, yaw-hold pinned to current heading.
[attitude_controller-6] [INFO] [1786780459.729532188] [attitude_scout_1]: [scout_1] Landed — tilt correction stopped, yaw-hold pinned to current heading.
[attitude_controller-6] [INFO] [1786780459.748551726] [attitude_scout_1]: [scout_1] Landed — tilt correction stopped, yaw-hold pinned to current heading.
[attitude_controller-6] [INFO] [1786780459.764239615] [attitude_scout_1]: [scout_1] Landed — tilt correction stopped, yaw-hold pinned to current heading.
[attitude_controller-6] [INFO] [1786780459.765232671] [attitude_scout_1]: [scout_1] Landed — tilt correction stopped, yaw-hold pinned to current heading.
[attitude_controller-6] [INFO] [1786780459.775148280] [attitude_scout_1]: [scout_1] Landed — tilt correction stopped, yaw-hold pinned to current heading.
[attitude_controller-6] [INFO] [1786780459.776488092] [attitude_scout_1]: [scout_1] Landed — tilt correction stopped, yaw-hold pinned to current heading.
[attitude_controller-6] [INFO] [1786780459.778379151] [attitude_scout_1]: [scout_1] Landed — tilt correction stopped, yaw-hold pinned to current heading.
[attitude_controller-6] [INFO] [1786780459.781398824] [attitude_scout_1]: [scout_1] Landed — tilt correction stopped, yaw-hold pinned to current heading.
[attitude_controller-6] [INFO] [1786780459.880709268] [attitude_scout_1]: [scout_1] Landed — tilt correction stopped, yaw-hold pinned to current heading.
[attitude_controller-6] [INFO] [1786780459.881944110] [attitude_scout_1]: [scout_1] Landed — tilt correction stopped, yaw-hold pinned to current heading.
[attitude_controller-6] [INFO] [1786780459.901777774] [attitude_scout_1]: [scout_1] Landed — tilt correction stopped, yaw-hold pinned to current heading.
[attitude_controller-6] [INFO] [1786780459.965946036] [attitude_scout_1]: [scout_1] Landed — tilt correction stopped, yaw-hold pinned to current heading.
[attitude_controller-6] [INFO] [1786780459.967345001] [attitude_scout_1]: [scout_1] Landed — tilt correction stopped, yaw-hold pinned to current heading.
[attitude_controller-6] [INFO] [1786780459.968789852] [attitude_scout_1]: [scout_1] Landed — tilt correction stopped, yaw-hold pinned to current heading.
[attitude_controller-6] [INFO] [1786780459.970064922] [attitude_scout_1]: [scout_1] Landed — tilt correction stopped, yaw-hold pinned to current heading.
[attitude_controller-6] [INFO] [1786780459.971430504] [attitude_scout_1]: [scout_1] Landed — tilt correction stopped, yaw-hold pinned to current heading.
[attitude_controller-6] [INFO] [1786780459.972791966] [attitude_scout_1]: [scout_1] Landed — tilt correction stopped, yaw-hold pinned to current heading.
[attitude_controller-6] [INFO] [1786780459.974246455] [attitude_scout_1]: [scout_1] Landed — tilt correction stopped, yaw-hold pinned to current heading.
[attitude_controller-6] [INFO] [1786780459.975641230] [attitude_scout_1]: [scout_1] Landed — tilt correction stopped, yaw-hold pinned to current heading.
[attitude_controller-6] [INFO] [1786780460.048459391] [attitude_scout_1]: [scout_1] Landed — tilt correction stopped, yaw-hold pinned to current heading.
[attitude_controller-6] [INFO] [1786780460.051433669] [attitude_scout_1]: [scout_1] Landed — tilt correction stopped, yaw-hold pinned to current heading.
[attitude_controller-6] [INFO] [1786780460.053172476] [attitude_scout_1]: [scout_1] Landed — tilt correction stopped, yaw-hold pinned to current heading.
[attitude_controller-6] [INFO] [1786780460.180840561] [attitude_scout_1]: [scout_1] Landed — tilt correction stopped, yaw-hold pinned to current heading.
[attitude_controller-6] [INFO] [1786780460.199646250] [attitude_scout_1]: [scout_1] Landed — tilt correction stopped, yaw-hold pinned to current heading.
[attitude_controller-6] [INFO] [1786780460.201137684] [attitude_scout_1]: [scout_1] Landed — tilt correction stopped, yaw-hold pinned to current heading.
[attitude_controller-6] [INFO] [1786780460.227521366] [attitude_scout_1]: [scout_1] Landed — tilt correction stopped, yaw-hold pinned to current heading.
[attitude_controller-6] [INFO] [1786780460.229010425] [attitude_scout_1]: [scout_1] Landed — tilt correction stopped, yaw-hold pinned to current heading.
[attitude_controller-6] [INFO] [1786780460.230861396] [attitude_scout_1]: [scout_1] Landed — tilt correction stopped, yaw-hold pinned to current heading.
[attitude_controller-6] [INFO] [1786780460.247790971] [attitude_scout_1]: [scout_1] Landed — tilt correction stopped, yaw-hold pinned to current heading.
[attitude_controller-6] [INFO] [1786780460.328828397] [attitude_scout_1]: [scout_1] Landed — tilt correction stopped, yaw-hold pinned to current heading.
[attitude_controller-6] [INFO] [1786780460.396865099] [attitude_scout_1]: [scout_1] Landed — tilt correction stopped, yaw-hold pinned to current heading.
[attitude_controller-6] [INFO] [1786780460.399412235] [attitude_scout_1]: [scout_1] Landed — tilt correction stopped, yaw-hold pinned to current heading.
[attitude_controller-6] [INFO] [1786780460.400994531] [attitude_scout_1]: [scout_1] Landed — tilt correction stopped, yaw-hold pinned to current heading.
[attitude_controller-6] [INFO] [1786780460.402862613] [attitude_scout_1]: [scout_1] Landed — tilt correction stopped, yaw-hold pinned to current heading.
[attitude_controller-6] [INFO] [1786780460.412765442] [attitude_scout_1]: [scout_1] Landed — tilt correction stopped, yaw-hold pinned to current heading.
[attitude_controller-6] [INFO] [1786780460.504385799] [attitude_scout_1]: [scout_1] Landed — tilt correction stopped, yaw-hold pinned to current heading.
[attitude_controller-6] [INFO] [1786780460.534021024] [attitude_scout_1]: [scout_1] Landed — tilt correction stopped, yaw-hold pinned to current heading.
[attitude_controller-6] [INFO] [1786780460.535600945] [attitude_scout_1]: [scout_1] Landed — tilt correction stopped, yaw-hold pinned to current heading.
[attitude_controller-6] [INFO] [1786780460.552703095] [attitude_scout_1]: [scout_1] Landed — tilt correction stopped, yaw-hold pinned to current heading.
[attitude_controller-6] [INFO] [1786780460.554333720] [attitude_scout_1]: [scout_1] Landed — tilt correction stopped, yaw-hold pinned to current heading.
[attitude_controller-6] [INFO] [1786780460.555891572] [attitude_scout_1]: [scout_1] Landed — tilt correction stopped, yaw-hold pinned to current heading.
[attitude_controller-6] [INFO] [1786780460.557392505] [attitude_scout_1]: [scout_1] Landed — tilt correction stopped, yaw-hold pinned to current heading.
[attitude_controller-6] [INFO] [1786780460.558858308] [attitude_scout_1]: [scout_1] Landed — tilt correction stopped, yaw-hold pinned to current heading.
[attitude_controller-6] [INFO] [1786780460.670045679] [attitude_scout_1]: [scout_1] Landed — tilt correction stopped, yaw-hold pinned to current heading.
[attitude_controller-6] [INFO] [1786780460.691739672] [attitude_scout_1]: [scout_1] Landed — tilt correction stopped, yaw-hold pinned to current heading.
[attitude_controller-6] [INFO] [1786780460.717427189] [attitude_scout_1]: [scout_1] Landed — tilt correction stopped, yaw-hold pinned to current heading.
[attitude_controller-6] [INFO] [1786780460.718959130] [attitude_scout_1]: [scout_1] Landed — tilt correction stopped, yaw-hold pinned to current heading.
[attitude_controller-6] [INFO] [1786780460.722533963] [attitude_scout_1]: [scout_1] Landed — tilt correction stopped, yaw-hold pinned to current heading.
[attitude_controller-6] [INFO] [1786780460.724798945] [attitude_scout_1]: [scout_1] Landed — tilt correction stopped, yaw-hold pinned to current heading.
[attitude_controller-6] [INFO] [1786780460.727416899] [attitude_scout_1]: [scout_1] Landed — tilt correction stopped, yaw-hold pinned to current heading.
[attitude_controller-6] [INFO] [1786780460.729487936] [attitude_scout_1]: [scout_1] Landed — tilt correction stopped, yaw-hold pinned to current heading.
[attitude_controller-6] [INFO] [1786780460.758823058] [attitude_scout_1]: [scout_1] Landed — tilt correction stopped, yaw-hold pinned to current heading.
[attitude_controller-6] [INFO] [1786780460.774464922] [attitude_scout_1]: [scout_1] Landed — tilt correction stopped, yaw-hold pinned to current heading.
[attitude_controller-6] [INFO] [1786780460.821932196] [attitude_scout_1]: [scout_1] Landed — tilt correction stopped, yaw-hold pinned to current heading.
[attitude_controller-6] [INFO] [1786780460.823965868] [attitude_scout_1]: [scout_1] Landed — tilt correction stopped, yaw-hold pinned to current heading.
[attitude_controller-6] [INFO] [1786780460.825423709] [attitude_scout_1]: [scout_1] Landed — tilt correction stopped, yaw-hold pinned to current heading.
[attitude_controller-6] [INFO] [1786780460.936706412] [attitude_scout_1]: [scout_1] Landed — tilt correction stopped, yaw-hold pinned to current heading.
[attitude_controller-6] [INFO] [1786780460.938147352] [attitude_scout_1]: [scout_1] Landed — tilt correction stopped, yaw-hold pinned to current heading.
[attitude_controller-6] [INFO] [1786780460.943777228] [attitude_scout_1]: [scout_1] Landed — tilt correction stopped, yaw-hold pinned to current heading.
[attitude_controller-6] [INFO] [1786780461.002462977] [attitude_scout_1]: [scout_1] Landed — tilt correction stopped, yaw-hold pinned to current heading.
[attitude_controller-6] [INFO] [1786780461.003865015] [attitude_scout_1]: [scout_1] Landed — tilt correction stopped, yaw-hold pinned to current heading.
[attitude_controller-6] [INFO] [1786780461.018594979] [attitude_scout_1]: [scout_1] Landed — tilt correction stopped, yaw-hold pinned to current heading.
[attitude_controller-6] [INFO] [1786780461.034410396] [attitude_scout_1]: [scout_1] Landed — tilt correction stopped, yaw-hold pinned to current heading.
[attitude_controller-6] [INFO] [1786780461.035388715] [attitude_scout_1]: [scout_1] Landed — tilt correction stopped, yaw-hold pinned to current heading.
[attitude_controller-6] [INFO] [1786780461.036314934] [attitude_scout_1]: [scout_1] Landed — tilt correction stopped, yaw-hold pinned to current heading.
[attitude_controller-6] [INFO] [1786780461.134825850] [attitude_scout_1]: [scout_1] Landed — tilt correction stopped, yaw-hold pinned to current heading.
[attitude_controller-6] [INFO] [1786780461.152903246] [attitude_scout_1]: [scout_1] Landed — tilt correction stopped, yaw-hold pinned to current heading.
[attitude_controller-6] [INFO] [1786780461.294978494] [attitude_scout_1]: [scout_1] Landed — tilt correction stopped, yaw-hold pinned to current heading.
[attitude_controller-6] [INFO] [1786780461.295971689] [attitude_scout_1]: [scout_1] Landed — tilt correction stopped, yaw-hold pinned to current heading.
[attitude_controller-6] [INFO] [1786780461.296964466] [attitude_scout_1]: [scout_1] Landed — tilt correction stopped, yaw-hold pinned to current heading.
[attitude_controller-6] [INFO] [1786780461.494023731] [attitude_scout_1]: [scout_1] Landed — tilt correction stopped, yaw-hold pinned to current heading.
[attitude_controller-6] [INFO] [1786780461.659173152] [attitude_scout_1]: [scout_1] Landed — tilt correction stopped, yaw-hold pinned to current heading.
[attitude_controller-6] [INFO] [1786780461.689345586] [attitude_scout_1]: [scout_1] Landed — tilt correction stopped, yaw-hold pinned to current heading.
[attitude_controller-6] [INFO] [1786780461.703985526] [attitude_scout_1]: [scout_1] Landed — tilt correction stopped, yaw-hold pinned to current heading.
[attitude_controller-6] [INFO] [1786780461.705435824] [attitude_scout_1]: [scout_1] Landed — tilt correction stopped, yaw-hold pinned to current heading.
[attitude_controller-6] [INFO] [1786780461.706772562] [attitude_scout_1]: [scout_1] Landed — tilt correction stopped, yaw-hold pinned to current heading.
[attitude_controller-6] [INFO] [1786780461.708248143] [attitude_scout_1]: [scout_1] Landed — tilt correction stopped, yaw-hold pinned to current heading.
[attitude_controller-6] [INFO] [1786780461.709641661] [attitude_scout_1]: [scout_1] Landed — tilt correction stopped, yaw-hold pinned to current heading.
[attitude_controller-6] [INFO] [1786780461.805414568] [attitude_scout_1]: [scout_1] Landed — tilt correction stopped, yaw-hold pinned to current heading.
[attitude_controller-6] [INFO] [1786780461.830386294] [attitude_scout_1]: [scout_1] Landed — tilt correction stopped, yaw-hold pinned to current heading.
[attitude_controller-6] [INFO] [1786780461.847399328] [attitude_scout_1]: [scout_1] Landed — tilt correction stopped, yaw-hold pinned to current heading.
[attitude_controller-6] [INFO] [1786780461.987439368] [attitude_scout_1]: [scout_1] Landed — tilt correction stopped, yaw-hold pinned to current heading.
[attitude_controller-6] [INFO] [1786780462.008987395] [attitude_scout_1]: [scout_1] Landed — tilt correction stopped, yaw-hold pinned to current heading.
[attitude_controller-6] [INFO] [1786780462.041081199] [attitude_scout_1]: [scout_1] Landed — tilt correction stopped, yaw-hold pinned to current heading.
[attitude_controller-6] [INFO] [1786780462.106144253] [attitude_scout_1]: [scout_1] Landed — tilt correction stopped, yaw-hold pinned to current heading.
[attitude_controller-6] [INFO] [1786780462.108314462] [attitude_scout_1]: [scout_1] Landed — tilt correction stopped, yaw-hold pinned to current heading.
[attitude_controller-6] [INFO] [1786780462.109937615] [attitude_scout_1]: [scout_1] Landed — tilt correction stopped, yaw-hold pinned to current heading.
[attitude_controller-6] [INFO] [1786780462.112224457] [attitude_scout_1]: [scout_1] Landed — tilt correction stopped, yaw-hold pinned to current heading.
[attitude_controller-6] [INFO] [1786780462.114093516] [attitude_scout_1]: [scout_1] Landed — tilt correction stopped, yaw-hold pinned to current heading.
[attitude_controller-6] [INFO] [1786780462.119946321] [attitude_scout_1]: [scout_1] Landed — tilt correction stopped, yaw-hold pinned to current heading.
[attitude_controller-6] [INFO] [1786780462.131808303] [attitude_scout_1]: [scout_1] Landed — tilt correction stopped, yaw-hold pinned to current heading.
[attitude_controller-6] [INFO] [1786780462.164766378] [attitude_scout_1]: [scout_1] Landed — tilt correction stopped, yaw-hold pinned to current heading.
[attitude_controller-6] [INFO] [1786780462.220776416] [attitude_scout_1]: [scout_1] Landed — tilt correction stopped, yaw-hold pinned to current heading.
[attitude_controller-6] [INFO] [1786780462.257209731] [attitude_scout_1]: [scout_1] Landed — tilt correction stopped, yaw-hold pinned to current heading.
[attitude_controller-6] [INFO] [1786780462.274392546] [attitude_scout_1]: [scout_1] Landed — tilt correction stopped, yaw-hold pinned to current heading.
[attitude_controller-6] [INFO] [1786780462.293869398] [attitude_scout_1]: [scout_1] Landed — tilt correction stopped, yaw-hold pinned to current heading.
[attitude_controller-6] [INFO] [1786780462.295403364] [attitude_scout_1]: [scout_1] Landed — tilt correction stopped, yaw-hold pinned to current heading.
[attitude_controller-6] [INFO] [1786780462.348888964] [attitude_scout_1]: [scout_1] Landed — tilt correction stopped, yaw-hold pinned to current heading.
[attitude_controller-6] [INFO] [1786780462.368169704] [attitude_scout_1]: [scout_1] Landed — tilt correction stopped, yaw-hold pinned to current heading.
[attitude_controller-6] [INFO] [1786780462.398537761] [attitude_scout_1]: [scout_1] Landed — tilt correction stopped, yaw-hold pinned to current heading.
[attitude_controller-6] [INFO] [1786780462.461067087] [attitude_scout_1]: [scout_1] Landed — tilt correction stopped, yaw-hold pinned to current heading.
[attitude_controller-6] [INFO] [1786780462.463284788] [attitude_scout_1]: [scout_1] Landed — tilt correction stopped, yaw-hold pinned to current heading.
[attitude_controller-6] [INFO] [1786780462.464964790] [attitude_scout_1]: [scout_1] Landed — tilt correction stopped, yaw-hold pinned to current heading.
[attitude_controller-6] [INFO] [1786780462.466718474] [attitude_scout_1]: [scout_1] Landed — tilt correction stopped, yaw-hold pinned to current heading.
[attitude_controller-6] [INFO] [1786780462.468516087] [attitude_scout_1]: [scout_1] Landed — tilt correction stopped, yaw-hold pinned to current heading.
[attitude_controller-6] [INFO] [1786780462.538925116] [attitude_scout_1]: [scout_1] Landed — tilt correction stopped, yaw-hold pinned to current heading.
[attitude_controller-6] [INFO] [1786780462.540598553] [attitude_scout_1]: [scout_1] Landed — tilt correction stopped, yaw-hold pinned to current heading.
[attitude_controller-6] [INFO] [1786780462.541852042] [attitude_scout_1]: [scout_1] Landed — tilt correction stopped, yaw-hold pinned to current heading.
[attitude_controller-6] [INFO] [1786780462.543149530] [attitude_scout_1]: [scout_1] Landed — tilt correction stopped, yaw-hold pinned to current heading.
[attitude_controller-6] [INFO] [1786780462.544474256] [attitude_scout_1]: [scout_1] Landed — tilt correction stopped, yaw-hold pinned to current heading.
[attitude_controller-6] [INFO] [1786780462.545874619] [attitude_scout_1]: [scout_1] Landed — tilt correction stopped, yaw-hold pinned to current heading.
[attitude_controller-6] [INFO] [1786780462.610334324] [attitude_scout_1]: [scout_1] Landed — tilt correction stopped, yaw-hold pinned to current heading.
[attitude_controller-6] [INFO] [1786780462.611602130] [attitude_scout_1]: [scout_1] Landed — tilt correction stopped, yaw-hold pinned to current heading.
[attitude_controller-6] [INFO] [1786780462.709329860] [attitude_scout_1]: [scout_1] Landed — tilt correction stopped, yaw-hold pinned to current heading.
[attitude_controller-6] [INFO] [1786780462.768346582] [attitude_scout_1]: [scout_1] Landed — tilt correction stopped, yaw-hold pinned to current heading.
[attitude_controller-6] [INFO] [1786780462.769964566] [attitude_scout_1]: [scout_1] Landed — tilt correction stopped, yaw-hold pinned to current heading.
[attitude_controller-6] [INFO] [1786780462.771643730] [attitude_scout_1]: [scout_1] Landed — tilt correction stopped, yaw-hold pinned to current heading.
[attitude_controller-6] [INFO] [1786780462.773125945] [attitude_scout_1]: [scout_1] Landed — tilt correction stopped, yaw-hold pinned to current heading.
[attitude_controller-6] [INFO] [1786780462.774559622] [attitude_scout_1]: [scout_1] Landed — tilt correction stopped, yaw-hold pinned to current heading.
[attitude_controller-6] [INFO] [1786780462.847784322] [attitude_scout_1]: [scout_1] Landed — tilt correction stopped, yaw-hold pinned to current heading.
[attitude_controller-6] [INFO] [1786780462.871174241] [attitude_scout_1]: [scout_1] Landed — tilt correction stopped, yaw-hold pinned to current heading.
[attitude_controller-6] [INFO] [1786780462.874637329] [attitude_scout_1]: [scout_1] Landed — tilt correction stopped, yaw-hold pinned to current heading.
[attitude_controller-6] [INFO] [1786780462.875919453] [attitude_scout_1]: [scout_1] Landed — tilt correction stopped, yaw-hold pinned to current heading.
[attitude_controller-6] [INFO] [1786780463.028021357] [attitude_scout_1]: [scout_1] Landed — tilt correction stopped, yaw-hold pinned to current heading.
[attitude_controller-6] [INFO] [1786780463.042865998] [attitude_scout_1]: [scout_1] Landed — tilt correction stopped, yaw-hold pinned to current heading.
[attitude_controller-6] [INFO] [1786780463.057026486] [attitude_scout_1]: [scout_1] Landed — tilt correction stopped, yaw-hold pinned to current heading.
[attitude_controller-6] [INFO] [1786780463.073531434] [attitude_scout_1]: [scout_1] Landed — tilt correction stopped, yaw-hold pinned to current heading.
[attitude_controller-6] [INFO] [1786780463.141478252] [attitude_scout_1]: [scout_1] Landed — tilt correction stopped, yaw-hold pinned to current heading.
[attitude_controller-6] [INFO] [1786780463.164714523] [attitude_scout_1]: [scout_1] Landed — tilt correction stopped, yaw-hold pinned to current heading.
[attitude_controller-6] [INFO] [1786780463.193490367] [attitude_scout_1]: [scout_1] Landed — tilt correction stopped, yaw-hold pinned to current heading.
[attitude_controller-6] [INFO] [1786780463.194987947] [attitude_scout_1]: [scout_1] Landed — tilt correction stopped, yaw-hold pinned to current heading.
[attitude_controller-6] [INFO] [1786780463.197100818] [attitude_scout_1]: [scout_1] Landed — tilt correction stopped, yaw-hold pinned to current heading.
[attitude_controller-6] [INFO] [1786780463.198955909] [attitude_scout_1]: [scout_1] Landed — tilt correction stopped, yaw-hold pinned to current heading.
[attitude_controller-6] [INFO] [1786780463.259460503] [attitude_scout_1]: [scout_1] Landed — tilt correction stopped, yaw-hold pinned to current heading.
[attitude_controller-6] [INFO] [1786780463.260932591] [attitude_scout_1]: [scout_1] Landed — tilt correction stopped, yaw-hold pinned to current heading.
[attitude_controller-6] [INFO] [1786780463.262462717] [attitude_scout_1]: [scout_1] Landed — tilt correction stopped, yaw-hold pinned to current heading.
[attitude_controller-6] [INFO] [1786780463.264039286] [attitude_scout_1]: [scout_1] Landed — tilt correction stopped, yaw-hold pinned to current heading.
[attitude_controller-6] [INFO] [1786780463.301824076] [attitude_scout_1]: [scout_1] Landed — tilt correction stopped, yaw-hold pinned to current heading.
[attitude_controller-6] [INFO] [1786780463.303077216] [attitude_scout_1]: [scout_1] Landed — tilt correction stopped, yaw-hold pinned to current heading.
[attitude_controller-6] [INFO] [1786780463.369030869] [attitude_scout_1]: [scout_1] Landed — tilt correction stopped, yaw-hold pinned to current heading.
[attitude_controller-6] [INFO] [1786780463.379823251] [attitude_scout_1]: [scout_1] Landed — tilt correction stopped, yaw-hold pinned to current heading.
[attitude_controller-6] [INFO] [1786780463.399749663] [attitude_scout_1]: [scout_1] Landed — tilt correction stopped, yaw-hold pinned to current heading.
[attitude_controller-6] [INFO] [1786780463.401142832] [attitude_scout_1]: [scout_1] Landed — tilt correction stopped, yaw-hold pinned to current heading.
[attitude_controller-6] [INFO] [1786780463.402716538] [attitude_scout_1]: [scout_1] Landed — tilt correction stopped, yaw-hold pinned to current heading.
[attitude_controller-6] [INFO] [1786780463.422031011] [attitude_scout_1]: [scout_1] Landed — tilt correction stopped, yaw-hold pinned to current heading.
[attitude_controller-6] [INFO] [1786780463.423881842] [attitude_scout_1]: [scout_1] Landed — tilt correction stopped, yaw-hold pinned to current heading.
[attitude_controller-6] [INFO] [1786780463.425218581] [attitude_scout_1]: [scout_1] Landed — tilt correction stopped, yaw-hold pinned to current heading.
[attitude_controller-6] [INFO] [1786780463.471949810] [attitude_scout_1]: [scout_1] Landed — tilt correction stopped, yaw-hold pinned to current heading.
[attitude_controller-6] [INFO] [1786780463.490728052] [attitude_scout_1]: [scout_1] Landed — tilt correction stopped, yaw-hold pinned to current heading.
[attitude_controller-6] [INFO] [1786780463.492099291] [attitude_scout_1]: [scout_1] Landed — tilt correction stopped, yaw-hold pinned to current heading.
[attitude_controller-6] [INFO] [1786780463.496323706] [attitude_scout_1]: [scout_1] Landed — tilt correction stopped, yaw-hold pinned to current heading.
[attitude_controller-6] [INFO] [1786780463.610654579] [attitude_scout_1]: [scout_1] Landed — tilt correction stopped, yaw-hold pinned to current heading.
[attitude_controller-6] [INFO] [1786780463.632473865] [attitude_scout_1]: [scout_1] Landed — tilt correction stopped, yaw-hold pinned to current heading.
[attitude_controller-6] [INFO] [1786780463.647343928] [attitude_scout_1]: [scout_1] Landed — tilt correction stopped, yaw-hold pinned to current heading.
[attitude_controller-6] [INFO] [1786780463.649336255] [attitude_scout_1]: [scout_1] Landed — tilt correction stopped, yaw-hold pinned to current heading.
[attitude_controller-6] [INFO] [1786780463.650818749] [attitude_scout_1]: [scout_1] Landed — tilt correction stopped, yaw-hold pinned to current heading.
[attitude_controller-6] [INFO] [1786780463.711926342] [attitude_scout_1]: [scout_1] Landed — tilt correction stopped, yaw-hold pinned to current heading.
[attitude_controller-6] [INFO] [1786780463.732022884] [attitude_scout_1]: [scout_1] Landed — tilt correction stopped, yaw-hold pinned to current heading.
[attitude_controller-6] [INFO] [1786780463.748407149] [attitude_scout_1]: [scout_1] Landed — tilt correction stopped, yaw-hold pinned to current heading.
[attitude_controller-6] [INFO] [1786780463.816848645] [attitude_scout_1]: [scout_1] Landed — tilt correction stopped, yaw-hold pinned to current heading.
[attitude_controller-6] [INFO] [1786780463.818429055] [attitude_scout_1]: [scout_1] Landed — tilt correction stopped, yaw-hold pinned to current heading.
[attitude_controller-6] [INFO] [1786780463.819928800] [attitude_scout_1]: [scout_1] Landed — tilt correction stopped, yaw-hold pinned to current heading.
[attitude_controller-6] [INFO] [1786780463.821412482] [attitude_scout_1]: [scout_1] Landed — tilt correction stopped, yaw-hold pinned to current heading.
[attitude_controller-6] [INFO] [1786780463.823107639] [attitude_scout_1]: [scout_1] Landed — tilt correction stopped, yaw-hold pinned to current heading.
[attitude_controller-6] [INFO] [1786780463.859348196] [attitude_scout_1]: [scout_1] Landed — tilt correction stopped, yaw-hold pinned to current heading.
[attitude_controller-6] [INFO] [1786780463.880279885] [attitude_scout_1]: [scout_1] Landed — tilt correction stopped, yaw-hold pinned to current heading.
[attitude_controller-6] [INFO] [1786780463.897865259] [attitude_scout_1]: [scout_1] Landed — tilt correction stopped, yaw-hold pinned to current heading.
[attitude_controller-6] [INFO] [1786780463.899068743] [attitude_scout_1]: [scout_1] Landed — tilt correction stopped, yaw-hold pinned to current heading.
[attitude_controller-6] [INFO] [1786780463.900467080] [attitude_scout_1]: [scout_1] Landed — tilt correction stopped, yaw-hold pinned to current heading.
[attitude_controller-6] [INFO] [1786780463.901845513] [attitude_scout_1]: [scout_1] Landed — tilt correction stopped, yaw-hold pinned to current heading.
[attitude_controller-6] [INFO] [1786780464.084480577] [attitude_scout_1]: [scout_1] Landed — tilt correction stopped, yaw-hold pinned to current heading.
[attitude_controller-6] [INFO] [1786780464.085928780] [attitude_scout_1]: [scout_1] Landed — tilt correction stopped, yaw-hold pinned to current heading.
[attitude_controller-6] [INFO] [1786780464.087287518] [attitude_scout_1]: [scout_1] Landed — tilt correction stopped, yaw-hold pinned to current heading.
[attitude_controller-6] [INFO] [1786780464.155805209] [attitude_scout_1]: [scout_1] Landed — tilt correction stopped, yaw-hold pinned to current heading.
[attitude_controller-6] [INFO] [1786780464.157407131] [attitude_scout_1]: [scout_1] Landed — tilt correction stopped, yaw-hold pinned to current heading.
[landing_controller-11] [INFO] [1786780464.157858996] [landing_scout_2]: [scout_2] Landing controller state: FLIGHT
[landing_controller-7] [INFO] [1786780464.190784595] [landing_scout_1]: [scout_1] Landing controller state: LANDED
[landing_controller-15] [INFO] [1786780464.192785722] [landing_scout_3]: [scout_3] Landing controller state: FLIGHT
[attitude_controller-6] [INFO] [1786780464.194769807] [attitude_scout_1]: [scout_1] Landed — tilt correction stopped, yaw-hold pinned to current heading.
[attitude_controller-6] [INFO] [1786780464.196788813] [attitude_scout_1]: [scout_1] Landed — tilt correction stopped, yaw-hold pinned to current heading.
[attitude_controller-6] [INFO] [1786780464.198386963] [attitude_scout_1]: [scout_1] Landed — tilt correction stopped, yaw-hold pinned to current heading.
[attitude_controller-6] [INFO] [1786780464.224046334] [attitude_scout_1]: [scout_1] Landed — tilt correction stopped, yaw-hold pinned to current heading.
[attitude_controller-6] [INFO] [1786780464.225594339] [attitude_scout_1]: [scout_1] Landed — tilt correction stopped, yaw-hold pinned to current heading.
[attitude_controller-6] [INFO] [1786780464.293428576] [attitude_scout_1]: [scout_1] Landed — tilt correction stopped, yaw-hold pinned to current heading.
[attitude_controller-6] [INFO] [1786780464.307804590] [attitude_scout_1]: [scout_1] Landed — tilt correction stopped, yaw-hold pinned to current heading.
[attitude_controller-6] [INFO] [1786780464.309066041] [attitude_scout_1]: [scout_1] Landed — tilt correction stopped, yaw-hold pinned to current heading.
[attitude_controller-6] [INFO] [1786780464.310492593] [attitude_scout_1]: [scout_1] Landed — tilt correction stopped, yaw-hold pinned to current heading.
[attitude_controller-6] [INFO] [1786780464.312037595] [attitude_scout_1]: [scout_1] Landed — tilt correction stopped, yaw-hold pinned to current heading.
[attitude_controller-6] [INFO] [1786780464.415327037] [attitude_scout_1]: [scout_1] Landed — tilt correction stopped, yaw-hold pinned to current heading.
[attitude_controller-6] [INFO] [1786780464.416757990] [attitude_scout_1]: [scout_1] Landed — tilt correction stopped, yaw-hold pinned to current heading.
[attitude_controller-6] [INFO] [1786780464.528777927] [attitude_scout_1]: [scout_1] Landed — tilt correction stopped, yaw-hold pinned to current heading.
[attitude_controller-6] [INFO] [1786780464.530270339] [attitude_scout_1]: [scout_1] Landed — tilt correction stopped, yaw-hold pinned to current heading.
[attitude_controller-6] [INFO] [1786780464.532009775] [attitude_scout_1]: [scout_1] Landed — tilt correction stopped, yaw-hold pinned to current heading.
[attitude_controller-6] [INFO] [1786780464.534111192] [attitude_scout_1]: [scout_1] Landed — tilt correction stopped, yaw-hold pinned to current heading.
[attitude_controller-6] [INFO] [1786780464.535329412] [attitude_scout_1]: [scout_1] Landed — tilt correction stopped, yaw-hold pinned to current heading.
[attitude_controller-6] [INFO] [1786780464.536327286] [attitude_scout_1]: [scout_1] Landed — tilt correction stopped, yaw-hold pinned to current heading.
[attitude_controller-6] [INFO] [1786780464.537782334] [attitude_scout_1]: [scout_1] Landed — tilt correction stopped, yaw-hold pinned to current heading.
[attitude_controller-6] [INFO] [1786780464.538945310] [attitude_scout_1]: [scout_1] Landed — tilt correction stopped, yaw-hold pinned to current heading.
[attitude_controller-6] [INFO] [1786780464.577792367] [attitude_scout_1]: [scout_1] Landed — tilt correction stopped, yaw-hold pinned to current heading.
[attitude_controller-6] [INFO] [1786780464.655216270] [attitude_scout_1]: [scout_1] Landed — tilt correction stopped, yaw-hold pinned to current heading.
[attitude_controller-6] [INFO] [1786780464.656670410] [attitude_scout_1]: [scout_1] Landed — tilt correction stopped, yaw-hold pinned to current heading.
[attitude_controller-6] [INFO] [1786780464.658004564] [attitude_scout_1]: [scout_1] Landed — tilt correction stopped, yaw-hold pinned to current heading.
[attitude_controller-6] [INFO] [1786780464.659291856] [attitude_scout_1]: [scout_1] Landed — tilt correction stopped, yaw-hold pinned to current heading.
[attitude_controller-6] [INFO] [1786780464.660799842] [attitude_scout_1]: [scout_1] Landed — tilt correction stopped, yaw-hold pinned to current heading.
[attitude_controller-6] [INFO] [1786780464.662210332] [attitude_scout_1]: [scout_1] Landed — tilt correction stopped, yaw-hold pinned to current heading.
[attitude_controller-6] [INFO] [1786780464.663876785] [attitude_scout_1]: [scout_1] Landed — tilt correction stopped, yaw-hold pinned to current heading.
[attitude_controller-6] [INFO] [1786780464.665432123] [attitude_scout_1]: [scout_1] Landed — tilt correction stopped, yaw-hold pinned to current heading.
[attitude_controller-6] [INFO] [1786780464.669999033] [attitude_scout_1]: [scout_1] Landed — tilt correction stopped, yaw-hold pinned to current heading.
[attitude_controller-6] [INFO] [1786780464.740528886] [attitude_scout_1]: [scout_1] Landed — tilt correction stopped, yaw-hold pinned to current heading.
[attitude_controller-6] [INFO] [1786780464.801331348] [attitude_scout_1]: [scout_1] Landed — tilt correction stopped, yaw-hold pinned to current heading.
[attitude_controller-6] [INFO] [1786780464.910561175] [attitude_scout_1]: [scout_1] Landed — tilt correction stopped, yaw-hold pinned to current heading.
[attitude_controller-6] [INFO] [1786780464.912219876] [attitude_scout_1]: [scout_1] Landed — tilt correction stopped, yaw-hold pinned to current heading.
[attitude_controller-6] [INFO] [1786780464.913635115] [attitude_scout_1]: [scout_1] Landed — tilt correction stopped, yaw-hold pinned to current heading.
[attitude_controller-6] [INFO] [1786780464.937580611] [attitude_scout_1]: [scout_1] Landed — tilt correction stopped, yaw-hold pinned to current heading.
[attitude_controller-6] [INFO] [1786780465.083468569] [attitude_scout_1]: [scout_1] Landed — tilt correction stopped, yaw-hold pinned to current heading.
[attitude_controller-6] [INFO] [1786780465.120823494] [attitude_scout_1]: [scout_1] Landed — tilt correction stopped, yaw-hold pinned to current heading.
[attitude_controller-6] [INFO] [1786780465.138635778] [attitude_scout_1]: [scout_1] Landed — tilt correction stopped, yaw-hold pinned to current heading.
[attitude_controller-6] [INFO] [1786780465.152755060] [attitude_scout_1]: [scout_1] Landed — tilt correction stopped, yaw-hold pinned to current heading.
[attitude_controller-6] [INFO] [1786780465.154285814] [attitude_scout_1]: [scout_1] Landed — tilt correction stopped, yaw-hold pinned to current heading.
[attitude_controller-6] [INFO] [1786780465.155772569] [attitude_scout_1]: [scout_1] Landed — tilt correction stopped, yaw-hold pinned to current heading.
[attitude_controller-6] [INFO] [1786780465.305032544] [attitude_scout_1]: [scout_1] Landed — tilt correction stopped, yaw-hold pinned to current heading.
[attitude_controller-6] [INFO] [1786780465.306321093] [attitude_scout_1]: [scout_1] Landed — tilt correction stopped, yaw-hold pinned to current heading.
[attitude_controller-6] [INFO] [1786780465.309786556] [attitude_scout_1]: [scout_1] Landed — tilt correction stopped, yaw-hold pinned to current heading.
[attitude_controller-6] [INFO] [1786780465.311666580] [attitude_scout_1]: [scout_1] Landed — tilt correction stopped, yaw-hold pinned to current heading.
[attitude_controller-6] [INFO] [1786780465.314351650] [attitude_scout_1]: [scout_1] Landed — tilt correction stopped, yaw-hold pinned to current heading.
[attitude_controller-6] [INFO] [1786780465.501703223] [attitude_scout_1]: [scout_1] Landed — tilt correction stopped, yaw-hold pinned to current heading.
[attitude_controller-6] [INFO] [1786780465.503331893] [attitude_scout_1]: [scout_1] Landed — tilt correction stopped, yaw-hold pinned to current heading.
[attitude_controller-6] [INFO] [1786780465.505424720] [attitude_scout_1]: [scout_1] Landed — tilt correction stopped, yaw-hold pinned to current heading.
[attitude_controller-6] [INFO] [1786780465.513342974] [attitude_scout_1]: [scout_1] Landed — tilt correction stopped, yaw-hold pinned to current heading.
[attitude_controller-6] [INFO] [1786780465.551277013] [attitude_scout_1]: [scout_1] Landed — tilt correction stopped, yaw-hold pinned to current heading.
[attitude_controller-6] [INFO] [1786780465.552798618] [attitude_scout_1]: [scout_1] Landed — tilt correction stopped, yaw-hold pinned to current heading.
[attitude_controller-6] [INFO] [1786780465.554324832] [attitude_scout_1]: [scout_1] Landed — tilt correction stopped, yaw-hold pinned to current heading.
[attitude_controller-6] [INFO] [1786780465.556139486] [attitude_scout_1]: [scout_1] Landed — tilt correction stopped, yaw-hold pinned to current heading.
[attitude_controller-6] [INFO] [1786780465.558054640] [attitude_scout_1]: [scout_1] Landed — tilt correction stopped, yaw-hold pinned to current heading.
[attitude_controller-6] [INFO] [1786780465.678481502] [attitude_scout_1]: [scout_1] Landed — tilt correction stopped, yaw-hold pinned to current heading.
[attitude_controller-6] [INFO] [1786780465.682268020] [attitude_scout_1]: [scout_1] Landed — tilt correction stopped, yaw-hold pinned to current heading.
[attitude_controller-6] [INFO] [1786780465.683760432] [attitude_scout_1]: [scout_1] Landed — tilt correction stopped, yaw-hold pinned to current heading.
[attitude_controller-6] [INFO] [1786780465.685406631] [attitude_scout_1]: [scout_1] Landed — tilt correction stopped, yaw-hold pinned to current heading.
[attitude_controller-6] [INFO] [1786780465.737655504] [attitude_scout_1]: [scout_1] Landed — tilt correction stopped, yaw-hold pinned to current heading.
[attitude_controller-6] [INFO] [1786780465.757632341] [attitude_scout_1]: [scout_1] Landed — tilt correction stopped, yaw-hold pinned to current heading.
[attitude_controller-6] [INFO] [1786780465.759357040] [attitude_scout_1]: [scout_1] Landed — tilt correction stopped, yaw-hold pinned to current heading.
[attitude_controller-6] [INFO] [1786780465.760895547] [attitude_scout_1]: [scout_1] Landed — tilt correction stopped, yaw-hold pinned to current heading.
[attitude_controller-6] [INFO] [1786780465.896162650] [attitude_scout_1]: [scout_1] Landed — tilt correction stopped, yaw-hold pinned to current heading.
[attitude_controller-6] [INFO] [1786780465.897783079] [attitude_scout_1]: [scout_1] Landed — tilt correction stopped, yaw-hold pinned to current heading.
[attitude_controller-6] [INFO] [1786780465.899322633] [attitude_scout_1]: [scout_1] Landed — tilt correction stopped, yaw-hold pinned to current heading.
[attitude_controller-6] [INFO] [1786780465.923358433] [attitude_scout_1]: [scout_1] Landed — tilt correction stopped, yaw-hold pinned to current heading.
[attitude_controller-6] [INFO] [1786780465.926670527] [attitude_scout_1]: [scout_1] Landed — tilt correction stopped, yaw-hold pinned to current heading.
[attitude_controller-6] [INFO] [1786780465.954221237] [attitude_scout_1]: [scout_1] Landed — tilt correction stopped, yaw-hold pinned to current heading.
[attitude_controller-6] [INFO] [1786780465.972240177] [attitude_scout_1]: [scout_1] Landed — tilt correction stopped, yaw-hold pinned to current heading.
[attitude_controller-6] [INFO] [1786780465.992717627] [attitude_scout_1]: [scout_1] Landed — tilt correction stopped, yaw-hold pinned to current heading.
[attitude_controller-6] [INFO] [1786780466.100555403] [attitude_scout_1]: [scout_1] Landed — tilt correction stopped, yaw-hold pinned to current heading.
[attitude_controller-6] [INFO] [1786780466.119769587] [attitude_scout_1]: [scout_1] Landed — tilt correction stopped, yaw-hold pinned to current heading.
[attitude_controller-6] [INFO] [1786780466.140955983] [attitude_scout_1]: [scout_1] Landed — tilt correction stopped, yaw-hold pinned to current heading.
[attitude_controller-6] [INFO] [1786780466.158214505] [attitude_scout_1]: [scout_1] Landed — tilt correction stopped, yaw-hold pinned to current heading.
[attitude_controller-6] [INFO] [1786780466.173741553] [attitude_scout_1]: [scout_1] Landed — tilt correction stopped, yaw-hold pinned to current heading.
[attitude_controller-6] [INFO] [1786780466.188911509] [attitude_scout_1]: [scout_1] Landed — tilt correction stopped, yaw-hold pinned to current heading.
[attitude_controller-6] [INFO] [1786780466.204575024] [attitude_scout_1]: [scout_1] Landed — tilt correction stopped, yaw-hold pinned to current heading.
[attitude_controller-6] [INFO] [1786780466.220483958] [attitude_scout_1]: [scout_1] Landed — tilt correction stopped, yaw-hold pinned to current heading.
[attitude_controller-6] [INFO] [1786780466.221963240] [attitude_scout_1]: [scout_1] Landed — tilt correction stopped, yaw-hold pinned to current heading.
[attitude_controller-6] [INFO] [1786780466.283079913] [attitude_scout_1]: [scout_1] Landed — tilt correction stopped, yaw-hold pinned to current heading.
[attitude_controller-6] [INFO] [1786780466.284547531] [attitude_scout_1]: [scout_1] Landed — tilt correction stopped, yaw-hold pinned to current heading.
[attitude_controller-6] [INFO] [1786780466.285862340] [attitude_scout_1]: [scout_1] Landed — tilt correction stopped, yaw-hold pinned to current heading.
[attitude_controller-6] [INFO] [1786780466.287661140] [attitude_scout_1]: [scout_1] Landed — tilt correction stopped, yaw-hold pinned to current heading.
[attitude_controller-6] [INFO] [1786780466.363108571] [attitude_scout_1]: [scout_1] Landed — tilt correction stopped, yaw-hold pinned to current heading.
[attitude_controller-6] [INFO] [1786780466.427335290] [attitude_scout_1]: [scout_1] Landed — tilt correction stopped, yaw-hold pinned to current heading.
[attitude_controller-6] [INFO] [1786780466.490828131] [attitude_scout_1]: [scout_1] Landed — tilt correction stopped, yaw-hold pinned to current heading.
[attitude_controller-6] [INFO] [1786780466.510421685] [attitude_scout_1]: [scout_1] Landed — tilt correction stopped, yaw-hold pinned to current heading.
[attitude_controller-6] [INFO] [1786780466.512405212] [attitude_scout_1]: [scout_1] Landed — tilt correction stopped, yaw-hold pinned to current heading.
[attitude_controller-6] [INFO] [1786780466.513888964] [attitude_scout_1]: [scout_1] Landed — tilt correction stopped, yaw-hold pinned to current heading.
[attitude_controller-6] [INFO] [1786780466.515324596] [attitude_scout_1]: [scout_1] Landed — tilt correction stopped, yaw-hold pinned to current heading.
[attitude_controller-6] [INFO] [1786780466.516794240] [attitude_scout_1]: [scout_1] Landed — tilt correction stopped, yaw-hold pinned to current heading.
[attitude_controller-6] [INFO] [1786780466.582281922] [attitude_scout_1]: [scout_1] Landed — tilt correction stopped, yaw-hold pinned to current heading.
[attitude_controller-6] [INFO] [1786780466.583896624] [attitude_scout_1]: [scout_1] Landed — tilt correction stopped, yaw-hold pinned to current heading.
[attitude_controller-6] [INFO] [1786780466.587038378] [attitude_scout_1]: [scout_1] Landed — tilt correction stopped, yaw-hold pinned to current heading.
[attitude_controller-6] [INFO] [1786780466.683048673] [attitude_scout_1]: [scout_1] Landed — tilt correction stopped, yaw-hold pinned to current heading.
[landing_controller-7] [WARN] [1786780466.764805872] [landing_scout_1]: [scout_1] ⚠️ Liftoff detected while LANDED (v=0.043 m/s sustained) → back to FLIGHT
[attitude_controller-6] [INFO] [1786780466.775464580] [attitude_scout_1]: [scout_1] Landed — tilt correction stopped, yaw-hold pinned to current heading.
[landing_controller-7] [INFO] [1786780466.783599688] [landing_scout_1]: [scout_1] 🎯 Contact detected! accel=8.8746 m/s² → hands-off settle (no posture commands at contact)
[attitude_controller-6] [INFO] [1786780466.795249287] [attitude_scout_1]: [scout_1] Landed — tilt correction stopped, yaw-hold pinned to current heading.
[attitude_controller-6] [INFO] [1786780466.839466694] [attitude_scout_1]: [scout_1] Landed — tilt correction stopped, yaw-hold pinned to current heading.
[attitude_controller-6] [INFO] [1786780466.840951424] [attitude_scout_1]: [scout_1] Landed — tilt correction stopped, yaw-hold pinned to current heading.
[attitude_controller-6] [INFO] [1786780466.842610684] [attitude_scout_1]: [scout_1] Landed — tilt correction stopped, yaw-hold pinned to current heading.
[attitude_controller-6] [INFO] [1786780466.843821570] [attitude_scout_1]: [scout_1] Landed — tilt correction stopped, yaw-hold pinned to current heading.
[attitude_controller-6] [INFO] [1786780466.858289564] [attitude_scout_1]: [scout_1] Landed — tilt correction stopped, yaw-hold pinned to current heading.
[attitude_controller-6] [INFO] [1786780466.859691114] [attitude_scout_1]: [scout_1] Landed — tilt correction stopped, yaw-hold pinned to current heading.
[hopper_locomotion-5] [INFO] [1786780466.864575028] [loco_scout_1]: 2. IGNITION (stroke fraction=0.90, ramp=4.0s)
[landing_controller-7] [INFO] [1786780466.867448806] [landing_scout_1]: [scout_1] 🚀 Jump detected → FLIGHT mode (contact detection blanked 100 s for launch)
[attitude_controller-6] [INFO] [1786780466.901899643] [attitude_scout_1]: [scout_1] Jump initiated. Flight mode active (tilt-PD held for stroke).
[attitude_controller-6] [INFO] [1786780466.934998655] [attitude_scout_1]: [scout_1] Contact — commanded-flight latch cleared (full attitude PD locked out until next ignition).
[landing_controller-7] [INFO] [1786780466.964618656] [landing_scout_1]: [scout_1] 📏 CALIBSERIES t=0.1s v=0.10413 m/s (vx=-0.10379 vy=0.00797 vz=0.00284)
[landing_controller-7] [INFO] [1786780468.978544388] [landing_scout_1]: [scout_1] 📏 CALIBSERIES t=2.1s v=0.04210 m/s (vx=0.01038 vy=-0.04080 vz=0.00027)
[landing_controller-11] [INFO] [1786780469.158740711] [landing_scout_2]: [scout_2] Landing controller state: FLIGHT
[landing_controller-15] [INFO] [1786780469.190244578] [landing_scout_3]: [scout_3] Landing controller state: FLIGHT
[landing_controller-7] [INFO] [1786780469.192752394] [landing_scout_1]: [scout_1] Landing controller state: FLIGHT
[landing_controller-7] [INFO] [1786780471.035845903] [landing_scout_1]: [scout_1] 📏 CALIBSERIES t=4.2s v=0.01076 m/s (vx=0.01072 vy=-0.00051 vz=0.00075)
[hopper_locomotion-5] [INFO] [1786780471.371256489] [loco_scout_1]: 3. Separation confirmed (genuine ground clearance) — holding extension for clearance, then slow retract (FLIGHT)
[attitude_controller-6] [INFO] [1786780471.374243478] [attitude_scout_1]: [scout_1] Separation — tilt correction engaged.
[landing_controller-7] [INFO] [1786780473.133065141] [landing_scout_1]: [scout_1] 📏 CALIBSERIES t=6.3s v=0.00322 m/s (vx=0.00265 vy=-0.00168 vz=0.00071)
[landing_controller-11] [INFO] [1786780474.158185150] [landing_scout_2]: [scout_2] Landing controller state: FLIGHT
[landing_controller-15] [INFO] [1786780474.190354453] [landing_scout_3]: [scout_3] Landing controller state: FLIGHT
[landing_controller-7] [INFO] [1786780474.190630251] [landing_scout_1]: [scout_1] Landing controller state: FLIGHT
[landing_controller-7] [INFO] [1786780475.207427287] [landing_scout_1]: [scout_1] 📏 CALIBSERIES t=8.3s v=0.00314 m/s (vx=0.00259 vy=-0.00166 vz=0.00061)
[landing_controller-7] [INFO] [1786780477.276882837] [landing_scout_1]: [scout_1] 📏 CALIBSERIES t=10.4s v=0.00308 m/s (vx=0.00256 vy=-0.00163 vz=0.00051)
[landing_controller-7] [INFO] [1786780477.277545968] [landing_scout_1]: [scout_1] 📏 CALIBSTABLE t=10.4s v=0.00308 m/s (vx=0.00256 vy=-0.00163 vz=0.00051) -- 3 consecutive samples steady
[landing_controller-11] [INFO] [1786780479.158284719] [landing_scout_2]: [scout_2] Landing controller state: FLIGHT
[landing_controller-15] [INFO] [1786780479.190423991] [landing_scout_3]: [scout_3] Landing controller state: FLIGHT
[landing_controller-7] [INFO] [1786780479.190497533] [landing_scout_1]: [scout_1] Landing controller state: FLIGHT
[landing_controller-11] [INFO] [1786780484.157812187] [landing_scout_2]: [scout_2] Landing controller state: FLIGHT
[landing_controller-15] [INFO] [1786780484.191975145] [landing_scout_3]: [scout_3] Landing controller state: FLIGHT
[landing_controller-7] [INFO] [1786780484.192247731] [landing_scout_1]: [scout_1] Landing controller state: FLIGHT
[landing_controller-11] [INFO] [1786780489.157995343] [landing_scout_2]: [scout_2] Landing controller state: FLIGHT
[landing_controller-15] [INFO] [1786780489.190019170] [landing_scout_3]: [scout_3] Landing controller state: FLIGHT
[landing_controller-7] [INFO] [1786780489.190521250] [landing_scout_1]: [scout_1] Landing controller state: FLIGHT
[landing_controller-11] [INFO] [1786780494.158009372] [landing_scout_2]: [scout_2] Landing controller state: FLIGHT
[landing_controller-15] [INFO] [1786780494.190198093] [landing_scout_3]: [scout_3] Landing controller state: FLIGHT
[landing_controller-7] [INFO] [1786780494.190798648] [landing_scout_1]: [scout_1] Landing controller state: FLIGHT
[landing_controller-11] [INFO] [1786780499.157830880] [landing_scout_2]: [scout_2] Landing controller state: FLIGHT
[landing_controller-7] [INFO] [1786780499.191353127] [landing_scout_1]: [scout_1] Landing controller state: FLIGHT
[landing_controller-15] [INFO] [1786780499.191565022] [landing_scout_3]: [scout_3] Landing controller state: FLIGHT
[landing_controller-11] [INFO] [1786780504.158497058] [landing_scout_2]: [scout_2] Landing controller state: FLIGHT
[landing_controller-15] [INFO] [1786780504.190078382] [landing_scout_3]: [scout_3] Landing controller state: FLIGHT
[landing_controller-7] [INFO] [1786780504.190642549] [landing_scout_1]: [scout_1] Landing controller state: FLIGHT
[landing_controller-11] [INFO] [1786780509.157745229] [landing_scout_2]: [scout_2] Landing controller state: FLIGHT
[landing_controller-15] [INFO] [1786780509.190235381] [landing_scout_3]: [scout_3] Landing controller state: FLIGHT
[landing_controller-7] [INFO] [1786780509.190707291] [landing_scout_1]: [scout_1] Landing controller state: FLIGHT
[landing_controller-11] [INFO] [1786780514.158008688] [landing_scout_2]: [scout_2] Landing controller state: FLIGHT
[landing_controller-15] [INFO] [1786780514.190425928] [landing_scout_3]: [scout_3] Landing controller state: FLIGHT
[landing_controller-7] [INFO] [1786780514.190671276] [landing_scout_1]: [scout_1] Landing controller state: FLIGHT
[landing_controller-11] [INFO] [1786780519.158165385] [landing_scout_2]: [scout_2] Landing controller state: FLIGHT
[landing_controller-7] [INFO] [1786780519.191238074] [landing_scout_1]: [scout_1] Landing controller state: FLIGHT
[landing_controller-15] [INFO] [1786780519.193551945] [landing_scout_3]: [scout_3] Landing controller state: FLIGHT
[landing_controller-11] [INFO] [1786780524.157916612] [landing_scout_2]: [scout_2] Landing controller state: FLIGHT
[landing_controller-7] [INFO] [1786780524.192268562] [landing_scout_1]: [scout_1] Landing controller state: FLIGHT
[landing_controller-15] [INFO] [1786780524.192328555] [landing_scout_3]: [scout_3] Landing controller state: FLIGHT
[landing_controller-11] [INFO] [1786780529.157977531] [landing_scout_2]: [scout_2] Landing controller state: FLIGHT
[landing_controller-15] [INFO] [1786780529.190303282] [landing_scout_3]: [scout_3] Landing controller state: FLIGHT
[landing_controller-7] [INFO] [1786780529.190855368] [landing_scout_1]: [scout_1] Landing controller state: FLIGHT
[landing_controller-11] [INFO] [1786780534.157819381] [landing_scout_2]: [scout_2] Landing controller state: FLIGHT
[landing_controller-7] [INFO] [1786780534.190930624] [landing_scout_1]: [scout_1] Landing controller state: FLIGHT
[landing_controller-15] [INFO] [1786780534.191042159] [landing_scout_3]: [scout_3] Landing controller state: FLIGHT
[landing_controller-11] [INFO] [1786780539.158179395] [landing_scout_2]: [scout_2] Landing controller state: FLIGHT
[landing_controller-15] [INFO] [1786780539.190117814] [landing_scout_3]: [scout_3] Landing controller state: FLIGHT
[landing_controller-7] [INFO] [1786780539.190617380] [landing_scout_1]: [scout_1] Landing controller state: FLIGHT
[landing_controller-11] [INFO] [1786780544.157803452] [landing_scout_2]: [scout_2] Landing controller state: FLIGHT
[landing_controller-15] [INFO] [1786780544.190256244] [landing_scout_3]: [scout_3] Landing controller state: FLIGHT
[landing_controller-7] [INFO] [1786780544.190620948] [landing_scout_1]: [scout_1] Landing controller state: FLIGHT
[landing_controller-11] [INFO] [1786780549.157886655] [landing_scout_2]: [scout_2] Landing controller state: FLIGHT
[landing_controller-15] [INFO] [1786780549.190311092] [landing_scout_3]: [scout_3] Landing controller state: FLIGHT
[landing_controller-7] [INFO] [1786780549.190848232] [landing_scout_1]: [scout_1] Landing controller state: FLIGHT
[landing_controller-11] [INFO] [1786780554.158725195] [landing_scout_2]: [scout_2] Landing controller state: FLIGHT
[landing_controller-15] [INFO] [1786780554.190772706] [landing_scout_3]: [scout_3] Landing controller state: FLIGHT
[landing_controller-7] [INFO] [1786780554.190788350] [landing_scout_1]: [scout_1] Landing controller state: FLIGHT
[landing_controller-11] [INFO] [1786780559.157937874] [landing_scout_2]: [scout_2] Landing controller state: FLIGHT
[landing_controller-15] [INFO] [1786780559.190382776] [landing_scout_3]: [scout_3] Landing controller state: FLIGHT
[landing_controller-7] [INFO] [1786780559.190643279] [landing_scout_1]: [scout_1] Landing controller state: FLIGHT
[landing_controller-11] [INFO] [1786780564.158134056] [landing_scout_2]: [scout_2] Landing controller state: FLIGHT
[landing_controller-15] [INFO] [1786780564.190273198] [landing_scout_3]: [scout_3] Landing controller state: FLIGHT
[landing_controller-7] [INFO] [1786780564.190730162] [landing_scout_1]: [scout_1] Landing controller state: FLIGHT
[landing_controller-15] [INFO] [1786780564.746074643] [landing_scout_3]: [scout_3] 🎯 Contact detected! accel=0.0824 m/s² → hands-off settle (no posture commands at contact)
[attitude_controller-14] [INFO] [1786780564.952521188] [attitude_scout_3]: [scout_3] Contact — commanded-flight latch cleared (full attitude PD locked out until next ignition).
[landing_controller-15] [INFO] [1786780566.071484875] [landing_scout_3]: [scout_3] ✅ LANDED — stable contact confirmed
[swarm_manager-3] [INFO] [1786780566.072890266] [swarm_manager_node]: 🧭 scout_3 heading calibration: measured offset -73°, bias now -51°
[swarm_manager-3] [INFO] [1786780566.149093744] [swarm_manager_node]: 🔁 scout_3 corrective re-hop 1/5 (9.0m short of target).
[attitude_controller-14] [INFO] [1786780566.159266020] [attitude_scout_3]: [scout_3] Landed — tilt correction stopped, yaw-hold pinned to current heading.
[attitude_controller-14] [INFO] [1786780566.161083049] [attitude_scout_3]: [scout_3] Landed — tilt correction stopped, yaw-hold pinned to current heading.
[attitude_controller-14] [INFO] [1786780566.188893504] [attitude_scout_3]: [scout_3] Landed — tilt correction stopped, yaw-hold pinned to current heading.
[attitude_controller-14] [INFO] [1786780566.190162009] [attitude_scout_3]: [scout_3] Landed — tilt correction stopped, yaw-hold pinned to current heading.
[attitude_controller-14] [INFO] [1786780566.191233356] [attitude_scout_3]: [scout_3] Landed — tilt correction stopped, yaw-hold pinned to current heading.
[attitude_controller-14] [INFO] [1786780566.192327400] [attitude_scout_3]: [scout_3] Landed — tilt correction stopped, yaw-hold pinned to current heading.
[attitude_controller-14] [INFO] [1786780566.193436810] [attitude_scout_3]: [scout_3] Landed — tilt correction stopped, yaw-hold pinned to current heading.
[attitude_controller-14] [INFO] [1786780566.195046693] [attitude_scout_3]: [scout_3] Landed — tilt correction stopped, yaw-hold pinned to current heading.
[attitude_controller-14] [INFO] [1786780566.297834095] [attitude_scout_3]: [scout_3] Landed — tilt correction stopped, yaw-hold pinned to current heading.
[attitude_controller-14] [INFO] [1786780566.347305028] [attitude_scout_3]: [scout_3] Landed — tilt correction stopped, yaw-hold pinned to current heading.
[attitude_controller-14] [INFO] [1786780566.350495043] [attitude_scout_3]: [scout_3] Landed — tilt correction stopped, yaw-hold pinned to current heading.
[attitude_controller-14] [INFO] [1786780566.352091308] [attitude_scout_3]: [scout_3] Landed — tilt correction stopped, yaw-hold pinned to current heading.
[attitude_controller-14] [INFO] [1786780566.445306290] [attitude_scout_3]: [scout_3] Landed — tilt correction stopped, yaw-hold pinned to current heading.
[attitude_controller-14] [INFO] [1786780566.447069542] [attitude_scout_3]: [scout_3] Landed — tilt correction stopped, yaw-hold pinned to current heading.
[attitude_controller-14] [INFO] [1786780566.507908693] [attitude_scout_3]: [scout_3] Landed — tilt correction stopped, yaw-hold pinned to current heading.
[attitude_controller-14] [INFO] [1786780566.649629628] [attitude_scout_3]: [scout_3] Landed — tilt correction stopped, yaw-hold pinned to current heading.
[attitude_controller-14] [INFO] [1786780566.651053806] [attitude_scout_3]: [scout_3] Landed — tilt correction stopped, yaw-hold pinned to current heading.
[attitude_controller-14] [INFO] [1786780566.652285436] [attitude_scout_3]: [scout_3] Landed — tilt correction stopped, yaw-hold pinned to current heading.
[attitude_controller-14] [INFO] [1786780566.784380035] [attitude_scout_3]: [scout_3] Landed — tilt correction stopped, yaw-hold pinned to current heading.
[attitude_controller-14] [INFO] [1786780566.785545596] [attitude_scout_3]: [scout_3] Landed — tilt correction stopped, yaw-hold pinned to current heading.
[attitude_controller-14] [INFO] [1786780566.849833659] [attitude_scout_3]: [scout_3] Landed — tilt correction stopped, yaw-hold pinned to current heading.
[attitude_controller-14] [INFO] [1786780566.876491963] [attitude_scout_3]: [scout_3] Landed — tilt correction stopped, yaw-hold pinned to current heading.
[attitude_controller-14] [INFO] [1786780566.957546671] [attitude_scout_3]: [scout_3] Landed — tilt correction stopped, yaw-hold pinned to current heading.
[attitude_controller-14] [INFO] [1786780566.958661737] [attitude_scout_3]: [scout_3] Landed — tilt correction stopped, yaw-hold pinned to current heading.
[attitude_controller-14] [INFO] [1786780566.960885026] [attitude_scout_3]: [scout_3] Landed — tilt correction stopped, yaw-hold pinned to current heading.
[attitude_controller-14] [INFO] [1786780566.966955525] [attitude_scout_3]: [scout_3] Landed — tilt correction stopped, yaw-hold pinned to current heading.
[attitude_controller-14] [INFO] [1786780567.012418197] [attitude_scout_3]: [scout_3] Landed — tilt correction stopped, yaw-hold pinned to current heading.
[attitude_controller-14] [INFO] [1786780567.013783082] [attitude_scout_3]: [scout_3] Landed — tilt correction stopped, yaw-hold pinned to current heading.
[attitude_controller-14] [INFO] [1786780567.015139516] [attitude_scout_3]: [scout_3] Landed — tilt correction stopped, yaw-hold pinned to current heading.
[attitude_controller-14] [INFO] [1786780567.016524654] [attitude_scout_3]: [scout_3] Landed — tilt correction stopped, yaw-hold pinned to current heading.
[attitude_controller-14] [INFO] [1786780567.048142161] [attitude_scout_3]: [scout_3] Landed — tilt correction stopped, yaw-hold pinned to current heading.
[attitude_controller-14] [INFO] [1786780567.050024072] [attitude_scout_3]: [scout_3] Landed — tilt correction stopped, yaw-hold pinned to current heading.
[attitude_controller-14] [INFO] [1786780567.050892114] [attitude_scout_3]: [scout_3] Landed — tilt correction stopped, yaw-hold pinned to current heading.
[attitude_controller-14] [INFO] [1786780567.052044056] [attitude_scout_3]: [scout_3] Landed — tilt correction stopped, yaw-hold pinned to current heading.
[attitude_controller-14] [INFO] [1786780567.053245026] [attitude_scout_3]: [scout_3] Landed — tilt correction stopped, yaw-hold pinned to current heading.
[attitude_controller-14] [INFO] [1786780567.128736414] [attitude_scout_3]: [scout_3] Landed — tilt correction stopped, yaw-hold pinned to current heading.
[attitude_controller-14] [INFO] [1786780567.146803411] [attitude_scout_3]: [scout_3] Landed — tilt correction stopped, yaw-hold pinned to current heading.
[attitude_controller-14] [INFO] [1786780567.162957000] [attitude_scout_3]: [scout_3] Landed — tilt correction stopped, yaw-hold pinned to current heading.
[attitude_controller-14] [INFO] [1786780567.179939940] [attitude_scout_3]: [scout_3] Landed — tilt correction stopped, yaw-hold pinned to current heading.
[attitude_controller-14] [INFO] [1786780567.197294220] [attitude_scout_3]: [scout_3] Landed — tilt correction stopped, yaw-hold pinned to current heading.
[attitude_controller-14] [INFO] [1786780567.217318625] [attitude_scout_3]: [scout_3] Landed — tilt correction stopped, yaw-hold pinned to current heading.
[attitude_controller-14] [INFO] [1786780567.234659635] [attitude_scout_3]: [scout_3] Landed — tilt correction stopped, yaw-hold pinned to current heading.
[attitude_controller-14] [INFO] [1786780567.252329242] [attitude_scout_3]: [scout_3] Landed — tilt correction stopped, yaw-hold pinned to current heading.
[attitude_controller-14] [INFO] [1786780567.269513391] [attitude_scout_3]: [scout_3] Landed — tilt correction stopped, yaw-hold pinned to current heading.
[attitude_controller-14] [INFO] [1786780567.289730555] [attitude_scout_3]: [scout_3] Landed — tilt correction stopped, yaw-hold pinned to current heading.
[attitude_controller-14] [INFO] [1786780567.309249667] [attitude_scout_3]: [scout_3] Landed — tilt correction stopped, yaw-hold pinned to current heading.
[attitude_controller-14] [INFO] [1786780567.329914575] [attitude_scout_3]: [scout_3] Landed — tilt correction stopped, yaw-hold pinned to current heading.
[attitude_controller-14] [INFO] [1786780567.348510681] [attitude_scout_3]: [scout_3] Landed — tilt correction stopped, yaw-hold pinned to current heading.
[attitude_controller-14] [INFO] [1786780567.367469466] [attitude_scout_3]: [scout_3] Landed — tilt correction stopped, yaw-hold pinned to current heading.
[attitude_controller-14] [INFO] [1786780567.386955404] [attitude_scout_3]: [scout_3] Landed — tilt correction stopped, yaw-hold pinned to current heading.
[attitude_controller-14] [INFO] [1786780567.407445503] [attitude_scout_3]: [scout_3] Landed — tilt correction stopped, yaw-hold pinned to current heading.
[attitude_controller-14] [INFO] [1786780567.427109394] [attitude_scout_3]: [scout_3] Landed — tilt correction stopped, yaw-hold pinned to current heading.
[attitude_controller-14] [INFO] [1786780567.447998419] [attitude_scout_3]: [scout_3] Landed — tilt correction stopped, yaw-hold pinned to current heading.
[attitude_controller-14] [INFO] [1786780567.468245404] [attitude_scout_3]: [scout_3] Landed — tilt correction stopped, yaw-hold pinned to current heading.
[attitude_controller-14] [INFO] [1786780567.488800454] [attitude_scout_3]: [scout_3] Landed — tilt correction stopped, yaw-hold pinned to current heading.
[attitude_controller-14] [INFO] [1786780567.510213768] [attitude_scout_3]: [scout_3] Landed — tilt correction stopped, yaw-hold pinned to current heading.
[attitude_controller-14] [INFO] [1786780567.532472706] [attitude_scout_3]: [scout_3] Landed — tilt correction stopped, yaw-hold pinned to current heading.
[attitude_controller-14] [INFO] [1786780567.548760458] [attitude_scout_3]: [scout_3] Landed — tilt correction stopped, yaw-hold pinned to current heading.
[attitude_controller-14] [INFO] [1786780567.567905088] [attitude_scout_3]: [scout_3] Landed — tilt correction stopped, yaw-hold pinned to current heading.
[attitude_controller-14] [INFO] [1786780567.583499258] [attitude_scout_3]: [scout_3] Landed — tilt correction stopped, yaw-hold pinned to current heading.
[attitude_controller-14] [INFO] [1786780567.600182165] [attitude_scout_3]: [scout_3] Landed — tilt correction stopped, yaw-hold pinned to current heading.
[attitude_controller-14] [INFO] [1786780567.601479095] [attitude_scout_3]: [scout_3] Landed — tilt correction stopped, yaw-hold pinned to current heading.
[attitude_controller-14] [INFO] [1786780567.602744457] [attitude_scout_3]: [scout_3] Landed — tilt correction stopped, yaw-hold pinned to current heading.
[attitude_controller-14] [INFO] [1786780567.603772294] [attitude_scout_3]: [scout_3] Landed — tilt correction stopped, yaw-hold pinned to current heading.
[attitude_controller-14] [INFO] [1786780567.604853069] [attitude_scout_3]: [scout_3] Landed — tilt correction stopped, yaw-hold pinned to current heading.
[attitude_controller-14] [INFO] [1786780567.698197045] [attitude_scout_3]: [scout_3] Landed — tilt correction stopped, yaw-hold pinned to current heading.
[attitude_controller-14] [INFO] [1786780567.722633178] [attitude_scout_3]: [scout_3] Landed — tilt correction stopped, yaw-hold pinned to current heading.
[attitude_controller-14] [INFO] [1786780567.741954223] [attitude_scout_3]: [scout_3] Landed — tilt correction stopped, yaw-hold pinned to current heading.
[attitude_controller-14] [INFO] [1786780567.759679214] [attitude_scout_3]: [scout_3] Landed — tilt correction stopped, yaw-hold pinned to current heading.
[attitude_controller-14] [INFO] [1786780567.776218111] [attitude_scout_3]: [scout_3] Landed — tilt correction stopped, yaw-hold pinned to current heading.
[attitude_controller-14] [INFO] [1786780567.777645223] [attitude_scout_3]: [scout_3] Landed — tilt correction stopped, yaw-hold pinned to current heading.
[attitude_controller-14] [INFO] [1786780567.779151114] [attitude_scout_3]: [scout_3] Landed — tilt correction stopped, yaw-hold pinned to current heading.
[attitude_controller-14] [INFO] [1786780567.780461663] [attitude_scout_3]: [scout_3] Landed — tilt correction stopped, yaw-hold pinned to current heading.
[attitude_controller-14] [INFO] [1786780567.781705794] [attitude_scout_3]: [scout_3] Landed — tilt correction stopped, yaw-hold pinned to current heading.
[attitude_controller-14] [INFO] [1786780567.782964173] [attitude_scout_3]: [scout_3] Landed — tilt correction stopped, yaw-hold pinned to current heading.
[attitude_controller-14] [INFO] [1786780567.866357196] [attitude_scout_3]: [scout_3] Landed — tilt correction stopped, yaw-hold pinned to current heading.
[attitude_controller-14] [INFO] [1786780567.892057713] [attitude_scout_3]: [scout_3] Landed — tilt correction stopped, yaw-hold pinned to current heading.
[attitude_controller-14] [INFO] [1786780567.893739811] [attitude_scout_3]: [scout_3] Landed — tilt correction stopped, yaw-hold pinned to current heading.
[attitude_controller-14] [INFO] [1786780567.937077949] [attitude_scout_3]: [scout_3] Landed — tilt correction stopped, yaw-hold pinned to current heading.
[attitude_controller-14] [INFO] [1786780567.938321940] [attitude_scout_3]: [scout_3] Landed — tilt correction stopped, yaw-hold pinned to current heading.
[attitude_controller-14] [INFO] [1786780568.010264126] [attitude_scout_3]: [scout_3] Landed — tilt correction stopped, yaw-hold pinned to current heading.
[hopper_locomotion-13] [WARN] [1786780568.048051305] [loco_scout_3]: [scout_3] Ignoring jump command, currently not IDLE (state=3)
[hopper_locomotion-13] [INFO] [1786780568.048943861] [loco_scout_3]: [scout_3] Landing controller reported LANDED. Settling to IDLE.
[attitude_controller-14] [INFO] [1786780568.156729857] [attitude_scout_3]: [scout_3] Landed — tilt correction stopped, yaw-hold pinned to current heading.
[attitude_controller-14] [INFO] [1786780568.171484060] [attitude_scout_3]: [scout_3] Landed — tilt correction stopped, yaw-hold pinned to current heading.
[attitude_controller-14] [INFO] [1786780568.172940785] [attitude_scout_3]: [scout_3] Landed — tilt correction stopped, yaw-hold pinned to current heading.
[attitude_controller-14] [INFO] [1786780568.254941477] [attitude_scout_3]: [scout_3] Landed — tilt correction stopped, yaw-hold pinned to current heading.
[attitude_controller-14] [INFO] [1786780568.271225318] [attitude_scout_3]: [scout_3] Landed — tilt correction stopped, yaw-hold pinned to current heading.
[attitude_controller-14] [INFO] [1786780568.287942097] [attitude_scout_3]: [scout_3] Landed — tilt correction stopped, yaw-hold pinned to current heading.
[attitude_controller-14] [INFO] [1786780568.362313321] [attitude_scout_3]: [scout_3] Landed — tilt correction stopped, yaw-hold pinned to current heading.
[landing_controller-15] [WARN] [1786780568.422243643] [landing_scout_3]: [scout_3] ⚠️ Liftoff detected while LANDED (v=0.055 m/s sustained) → back to FLIGHT
[attitude_controller-14] [INFO] [1786780568.502471027] [attitude_scout_3]: [scout_3] Landed — tilt correction stopped, yaw-hold pinned to current heading.
[attitude_controller-14] [INFO] [1786780568.503980270] [attitude_scout_3]: [scout_3] Landed — tilt correction stopped, yaw-hold pinned to current heading.
[attitude_controller-14] [INFO] [1786780568.505446213] [attitude_scout_3]: [scout_3] Landed — tilt correction stopped, yaw-hold pinned to current heading.
[attitude_controller-14] [INFO] [1786780568.506946169] [attitude_scout_3]: [scout_3] Landed — tilt correction stopped, yaw-hold pinned to current heading.
[attitude_controller-14] [INFO] [1786780568.508456600] [attitude_scout_3]: [scout_3] Landed — tilt correction stopped, yaw-hold pinned to current heading.
[attitude_controller-14] [INFO] [1786780568.509912137] [attitude_scout_3]: [scout_3] Landed — tilt correction stopped, yaw-hold pinned to current heading.
[attitude_controller-14] [INFO] [1786780568.511445825] [attitude_scout_3]: [scout_3] Landed — tilt correction stopped, yaw-hold pinned to current heading.
[attitude_controller-14] [INFO] [1786780568.512986078] [attitude_scout_3]: [scout_3] Landed — tilt correction stopped, yaw-hold pinned to current heading.
[attitude_controller-14] [INFO] [1786780568.514538622] [attitude_scout_3]: [scout_3] Landed — tilt correction stopped, yaw-hold pinned to current heading.
[attitude_controller-14] [INFO] [1786780568.516087186] [attitude_scout_3]: [scout_3] Landed — tilt correction stopped, yaw-hold pinned to current heading.
[attitude_controller-14] [INFO] [1786780568.517670880] [attitude_scout_3]: [scout_3] Landed — tilt correction stopped, yaw-hold pinned to current heading.
[attitude_controller-14] [INFO] [1786780568.533649030] [attitude_scout_3]: [scout_3] Landed — tilt correction stopped, yaw-hold pinned to current heading.
[landing_controller-15] [INFO] [1786780568.689523965] [landing_scout_3]: [scout_3] 🎯 Contact detected! accel=0.1119 m/s² → hands-off settle (no posture commands at contact)
[attitude_controller-14] [INFO] [1786780568.749062205] [attitude_scout_3]: [scout_3] Airborne (landed=False) — tilt correction armed.
[landing_controller-15] [INFO] [1786780569.028734669] [landing_scout_3]: [scout_3] ⚠️ Bounce detected (v=0.0450 m/s) → back to FLIGHT
[hopper_locomotion-13] [INFO] [1786780569.103178736] [loco_scout_3]: [scout_3] 🦵 Idle 300s with no jump command -- self-initiating recovery hop (legs).
[hopper_locomotion-13] [INFO] [1786780569.103821614] [loco_scout_3]: 1. Crouching (waking physics, planting feet under body)
[landing_controller-15] [INFO] [1786780569.110701349] [landing_scout_3]: [scout_3] 🎯 Contact detected! accel=0.3368 m/s² → hands-off settle (no posture commands at contact)
[landing_controller-11] [INFO] [1786780569.158639154] [landing_scout_2]: [scout_2] Landing controller state: FLIGHT
[landing_controller-15] [INFO] [1786780569.190571012] [landing_scout_3]: [scout_3] Landing controller state: CONTACT
[landing_controller-7] [INFO] [1786780569.190656776] [landing_scout_1]: [scout_1] Landing controller state: FLIGHT
[landing_controller-15] [INFO] [1786780570.148732004] [landing_scout_3]: [scout_3] ⚠️ Bounce detected (v=0.0246 m/s) → back to FLIGHT
[attitude_controller-14] [INFO] [1786780572.161735633] [attitude_scout_3]: [scout_3] New target yaw received: -0.73 rad
[landing_controller-11] [INFO] [1786780574.157891405] [landing_scout_2]: [scout_2] Landing controller state: FLIGHT
[landing_controller-15] [INFO] [1786780574.190328347] [landing_scout_3]: [scout_3] Landing controller state: FLIGHT
[landing_controller-7] [INFO] [1786780574.191356183] [landing_scout_1]: [scout_1] Landing controller state: FLIGHT
[hopper_locomotion-13] [INFO] [1786780579.104882692] [loco_scout_3]: 2. IGNITION (stroke fraction=0.90, ramp=4.0s)
[attitude_controller-14] [INFO] [1786780579.106745885] [attitude_scout_3]: [scout_3] Jump initiated. Flight mode active (tilt-PD held for stroke).
[landing_controller-15] [INFO] [1786780579.110614886] [landing_scout_3]: [scout_3] 🚀 Jump detected → FLIGHT mode (contact detection blanked 100 s for launch)
[landing_controller-15] [INFO] [1786780579.129193253] [landing_scout_3]: [scout_3] 📏 CALIBSERIES t=0.0s v=0.02258 m/s (vx=-0.01438 vy=-0.00164 vz=0.01733)
[landing_controller-11] [INFO] [1786780579.159846340] [landing_scout_2]: [scout_2] Landing controller state: FLIGHT
[landing_controller-15] [INFO] [1786780579.192074740] [landing_scout_3]: [scout_3] Landing controller state: FLIGHT
[landing_controller-7] [INFO] [1786780579.192221334] [landing_scout_1]: [scout_1] Landing controller state: FLIGHT
[landing_controller-15] [INFO] [1786780581.154991572] [landing_scout_3]: [scout_3] 📏 CALIBSERIES t=2.0s v=0.04356 m/s (vx=-0.03973 vy=0.00656 vz=0.01662)
[landing_controller-15] [INFO] [1786780583.200089092] [landing_scout_3]: [scout_3] 📏 CALIBSERIES t=4.1s v=0.02873 m/s (vx=-0.02190 vy=-0.01066 vz=0.01523)
[hopper_locomotion-13] [INFO] [1786780583.612485225] [loco_scout_3]: 3. Separation confirmed (genuine ground clearance) — holding extension for clearance, then slow retract (FLIGHT)
[attitude_controller-14] [INFO] [1786780583.613716785] [attitude_scout_3]: [scout_3] Separation — tilt correction engaged.
[landing_controller-11] [INFO] [1786780584.157731775] [landing_scout_2]: [scout_2] Landing controller state: FLIGHT
[landing_controller-15] [INFO] [1786780584.190479227] [landing_scout_3]: [scout_3] Landing controller state: FLIGHT
[landing_controller-7] [INFO] [1786780584.190640068] [landing_scout_1]: [scout_1] Landing controller state: FLIGHT
[landing_controller-15] [INFO] [1786780585.242642142] [landing_scout_3]: [scout_3] 📏 CALIBSERIES t=6.1s v=0.03619 m/s (vx=-0.00018 vy=-0.03327 vz=0.01425)
[landing_controller-15] [INFO] [1786780587.275716091] [landing_scout_3]: [scout_3] 📏 CALIBSERIES t=8.2s v=0.02378 m/s (vx=0.00266 vy=-0.01913 vz=0.01387)
[landing_controller-11] [INFO] [1786780589.158243697] [landing_scout_2]: [scout_2] Landing controller state: FLIGHT
[landing_controller-15] [INFO] [1786780589.190311884] [landing_scout_3]: [scout_3] Landing controller state: FLIGHT
[landing_controller-7] [INFO] [1786780589.190623161] [landing_scout_1]: [scout_1] Landing controller state: FLIGHT
[landing_controller-15] [INFO] [1786780589.287650021] [landing_scout_3]: [scout_3] 📏 CALIBSERIES t=10.2s v=0.02056 m/s (vx=-0.00110 vy=-0.01498 vz=0.01404)
[landing_controller-15] [INFO] [1786780591.286989704] [landing_scout_3]: [scout_3] 📏 CALIBSERIES t=12.2s v=0.02116 m/s (vx=-0.00406 vy=-0.01525 vz=0.01411)
[landing_controller-15] [INFO] [1786780593.319720010] [landing_scout_3]: [scout_3] 📏 CALIBSERIES t=14.2s v=0.02201 m/s (vx=-0.00574 vy=-0.01535 vz=0.01469)
[landing_controller-11] [INFO] [1786780594.157818095] [landing_scout_2]: [scout_2] Landing controller state: FLIGHT
[landing_controller-15] [INFO] [1786780594.190287585] [landing_scout_3]: [scout_3] Landing controller state: FLIGHT
[landing_controller-7] [INFO] [1786780594.191512929] [landing_scout_1]: [scout_1] Landing controller state: FLIGHT
[landing_controller-15] [INFO] [1786780595.393339458] [landing_scout_3]: [scout_3] 📏 CALIBSERIES t=16.3s v=0.02192 m/s (vx=-0.00594 vy=-0.01542 vz=0.01440)
[landing_controller-15] [INFO] [1786780595.395023791] [landing_scout_3]: [scout_3] 📏 CALIBSTABLE t=16.3s v=0.02192 m/s (vx=-0.00594 vy=-0.01542 vz=0.01440) -- 3 consecutive samples steady
[landing_controller-11] [INFO] [1786780599.160690142] [landing_scout_2]: [scout_2] Landing controller state: FLIGHT
[landing_controller-15] [INFO] [1786780599.190392219] [landing_scout_3]: [scout_3] Landing controller state: FLIGHT
[landing_controller-7] [INFO] [1786780599.190758321] [landing_scout_1]: [scout_1] Landing controller state: FLIGHT
[landing_controller-11] [INFO] [1786780604.157699891] [landing_scout_2]: [scout_2] Landing controller state: FLIGHT
[landing_controller-7] [INFO] [1786780604.190713296] [landing_scout_1]: [scout_1] Landing controller state: FLIGHT
[landing_controller-15] [INFO] [1786780604.191256652] [landing_scout_3]: [scout_3] Landing controller state: FLIGHT
[landing_controller-11] [INFO] [1786780609.157889607] [landing_scout_2]: [scout_2] Landing controller state: FLIGHT
[landing_controller-15] [INFO] [1786780609.192093436] [landing_scout_3]: [scout_3] Landing controller state: FLIGHT
[landing_controller-7] [INFO] [1786780609.195676931] [landing_scout_1]: [scout_1] Landing controller state: FLIGHT
[landing_controller-11] [INFO] [1786780614.157752827] [landing_scout_2]: [scout_2] Landing controller state: FLIGHT
[landing_controller-7] [INFO] [1786780614.191677017] [landing_scout_1]: [scout_1] Landing controller state: FLIGHT
[landing_controller-15] [INFO] [1786780614.192728739] [landing_scout_3]: [scout_3] Landing controller state: FLIGHT
[landing_controller-11] [INFO] [1786780619.157930334] [landing_scout_2]: [scout_2] Landing controller state: FLIGHT
[landing_controller-15] [INFO] [1786780619.190211676] [landing_scout_3]: [scout_3] Landing controller state: FLIGHT
[landing_controller-7] [INFO] [1786780619.190872713] [landing_scout_1]: [scout_1] Landing controller state: FLIGHT
[landing_controller-11] [INFO] [1786780624.158428762] [landing_scout_2]: [scout_2] Landing controller state: FLIGHT
[landing_controller-15] [INFO] [1786780624.190272347] [landing_scout_3]: [scout_3] Landing controller state: FLIGHT
[landing_controller-7] [INFO] [1786780624.190600525] [landing_scout_1]: [scout_1] Landing controller state: FLIGHT
[landing_controller-11] [INFO] [1786780629.157913256] [landing_scout_2]: [scout_2] Landing controller state: FLIGHT
[landing_controller-15] [INFO] [1786780629.190277150] [landing_scout_3]: [scout_3] Landing controller state: FLIGHT
[landing_controller-7] [INFO] [1786780629.191032191] [landing_scout_1]: [scout_1] Landing controller state: FLIGHT
[landing_controller-11] [INFO] [1786780634.158107748] [landing_scout_2]: [scout_2] Landing controller state: FLIGHT
[landing_controller-15] [INFO] [1786780634.190389022] [landing_scout_3]: [scout_3] Landing controller state: FLIGHT
[landing_controller-7] [INFO] [1786780634.192447978] [landing_scout_1]: [scout_1] Landing controller state: FLIGHT
[landing_controller-11] [INFO] [1786780639.158200906] [landing_scout_2]: [scout_2] Landing controller state: FLIGHT
[landing_controller-15] [INFO] [1786780639.191886316] [landing_scout_3]: [scout_3] Landing controller state: FLIGHT
[landing_controller-7] [INFO] [1786780639.192899067] [landing_scout_1]: [scout_1] Landing controller state: FLIGHT
[landing_controller-11] [INFO] [1786780644.158415519] [landing_scout_2]: [scout_2] Landing controller state: FLIGHT
[landing_controller-15] [INFO] [1786780644.190604256] [landing_scout_3]: [scout_3] Landing controller state: FLIGHT
[landing_controller-7] [INFO] [1786780644.191229883] [landing_scout_1]: [scout_1] Landing controller state: FLIGHT
[landing_controller-11] [INFO] [1786780649.157808535] [landing_scout_2]: [scout_2] Landing controller state: FLIGHT
[landing_controller-15] [INFO] [1786780649.190250652] [landing_scout_3]: [scout_3] Landing controller state: FLIGHT
[landing_controller-7] [INFO] [1786780649.191605689] [landing_scout_1]: [scout_1] Landing controller state: FLIGHT
[landing_controller-11] [INFO] [1786780654.157824246] [landing_scout_2]: [scout_2] Landing controller state: FLIGHT
[landing_controller-7] [INFO] [1786780654.190925654] [landing_scout_1]: [scout_1] Landing controller state: FLIGHT
[landing_controller-15] [INFO] [1786780654.191281000] [landing_scout_3]: [scout_3] Landing controller state: FLIGHT
[landing_controller-11] [INFO] [1786780659.158684813] [landing_scout_2]: [scout_2] Landing controller state: FLIGHT
[landing_controller-15] [INFO] [1786780659.191040609] [landing_scout_3]: [scout_3] Landing controller state: FLIGHT
[landing_controller-7] [INFO] [1786780659.191724763] [landing_scout_1]: [scout_1] Landing controller state: FLIGHT
[landing_controller-11] [INFO] [1786780664.158299154] [landing_scout_2]: [scout_2] Landing controller state: FLIGHT
[landing_controller-15] [INFO] [1786780664.190156921] [landing_scout_3]: [scout_3] Landing controller state: FLIGHT
[landing_controller-7] [INFO] [1786780664.192938023] [landing_scout_1]: [scout_1] Landing controller state: FLIGHT
[landing_controller-11] [INFO] [1786780669.157799585] [landing_scout_2]: [scout_2] Landing controller state: FLIGHT
[landing_controller-7] [INFO] [1786780669.190746019] [landing_scout_1]: [scout_1] Landing controller state: FLIGHT
[landing_controller-15] [INFO] [1786780669.190822215] [landing_scout_3]: [scout_3] Landing controller state: FLIGHT
[landing_controller-11] [INFO] [1786780674.158167638] [landing_scout_2]: [scout_2] Landing controller state: FLIGHT
[landing_controller-7] [INFO] [1786780674.192226485] [landing_scout_1]: [scout_1] Landing controller state: FLIGHT
[landing_controller-15] [INFO] [1786780674.192773892] [landing_scout_3]: [scout_3] Landing controller state: FLIGHT
[landing_controller-11] [INFO] [1786780679.157860265] [landing_scout_2]: [scout_2] Landing controller state: FLIGHT
[landing_controller-15] [INFO] [1786780679.190511696] [landing_scout_3]: [scout_3] Landing controller state: FLIGHT
[landing_controller-7] [INFO] [1786780679.191410677] [landing_scout_1]: [scout_1] Landing controller state: FLIGHT
[landing_controller-11] [INFO] [1786780684.157987993] [landing_scout_2]: [scout_2] Landing controller state: FLIGHT
[landing_controller-15] [INFO] [1786780684.190428088] [landing_scout_3]: [scout_3] Landing controller state: FLIGHT
[landing_controller-7] [INFO] [1786780684.192453800] [landing_scout_1]: [scout_1] Landing controller state: FLIGHT
[landing_controller-11] [INFO] [1786780689.158809789] [landing_scout_2]: [scout_2] Landing controller state: FLIGHT
[landing_controller-15] [INFO] [1786780689.191488458] [landing_scout_3]: [scout_3] Landing controller state: FLIGHT
[landing_controller-7] [INFO] [1786780689.191552292] [landing_scout_1]: [scout_1] Landing controller state: FLIGHT
[landing_controller-11] [INFO] [1786780694.158066743] [landing_scout_2]: [scout_2] Landing controller state: FLIGHT
[landing_controller-15] [INFO] [1786780694.190643656] [landing_scout_3]: [scout_3] Landing controller state: FLIGHT
[landing_controller-7] [INFO] [1786780694.190710143] [landing_scout_1]: [scout_1] Landing controller state: FLIGHT
[landing_controller-11] [INFO] [1786780699.159348846] [landing_scout_2]: [scout_2] Landing controller state: FLIGHT
[landing_controller-15] [INFO] [1786780699.190339970] [landing_scout_3]: [scout_3] Landing controller state: FLIGHT
[landing_controller-7] [INFO] [1786780699.190674015] [landing_scout_1]: [scout_1] Landing controller state: FLIGHT
[landing_controller-11] [INFO] [1786780704.157826305] [landing_scout_2]: [scout_2] Landing controller state: FLIGHT
[landing_controller-15] [INFO] [1786780704.190547019] [landing_scout_3]: [scout_3] Landing controller state: FLIGHT
[landing_controller-7] [INFO] [1786780704.190572092] [landing_scout_1]: [scout_1] Landing controller state: FLIGHT
[landing_controller-11] [INFO] [1786780709.158981148] [landing_scout_2]: [scout_2] Landing controller state: FLIGHT
[landing_controller-15] [INFO] [1786780709.190247513] [landing_scout_3]: [scout_3] Landing controller state: FLIGHT
[landing_controller-7] [INFO] [1786780709.190960720] [landing_scout_1]: [scout_1] Landing controller state: FLIGHT
[landing_controller-11] [INFO] [1786780714.159124630] [landing_scout_2]: [scout_2] Landing controller state: FLIGHT
[landing_controller-7] [INFO] [1786780714.190680901] [landing_scout_1]: [scout_1] Landing controller state: FLIGHT
[landing_controller-15] [INFO] [1786780714.191424349] [landing_scout_3]: [scout_3] Landing controller state: FLIGHT
[landing_controller-11] [INFO] [1786780719.158066995] [landing_scout_2]: [scout_2] Landing controller state: FLIGHT
[landing_controller-15] [INFO] [1786780719.190282976] [landing_scout_3]: [scout_3] Landing controller state: FLIGHT
[landing_controller-7] [INFO] [1786780719.190778841] [landing_scout_1]: [scout_1] Landing controller state: FLIGHT
[landing_controller-11] [INFO] [1786780724.158113943] [landing_scout_2]: [scout_2] Landing controller state: FLIGHT
[landing_controller-15] [INFO] [1786780724.190066697] [landing_scout_3]: [scout_3] Landing controller state: FLIGHT
[landing_controller-7] [INFO] [1786780724.190690229] [landing_scout_1]: [scout_1] Landing controller state: FLIGHT
[landing_controller-11] [INFO] [1786780729.157833612] [landing_scout_2]: [scout_2] Landing controller state: FLIGHT
[landing_controller-15] [INFO] [1786780729.190297037] [landing_scout_3]: [scout_3] Landing controller state: FLIGHT
[landing_controller-7] [INFO] [1786780729.190967991] [landing_scout_1]: [scout_1] Landing controller state: FLIGHT
[landing_controller-7] [INFO] [1786780732.291689939] [landing_scout_1]: [scout_1] 🎯 Altitude static (±2 cm for 60 s) — grounded without an impact spike, settling in place
[landing_controller-7] [INFO] [1786780733.597644890] [landing_scout_1]: [scout_1] ✅ LANDED — stable contact confirmed
[attitude_controller-6] [INFO] [1786780733.603200391] [attitude_scout_1]: [scout_1] Landed — tilt correction stopped, yaw-hold pinned to current heading.
[attitude_controller-6] [INFO] [1786780733.605625099] [attitude_scout_1]: [scout_1] Landed — tilt correction stopped, yaw-hold pinned to current heading.
[attitude_controller-6] [INFO] [1786780733.607086154] [attitude_scout_1]: [scout_1] Landed — tilt correction stopped, yaw-hold pinned to current heading.
[attitude_controller-6] [INFO] [1786780733.660357531] [attitude_scout_1]: [scout_1] Landed — tilt correction stopped, yaw-hold pinned to current heading.
[attitude_controller-6] [INFO] [1786780733.683677141] [attitude_scout_1]: [scout_1] Landed — tilt correction stopped, yaw-hold pinned to current heading.
[attitude_controller-6] [INFO] [1786780733.704678269] [attitude_scout_1]: [scout_1] Landed — tilt correction stopped, yaw-hold pinned to current heading.
[attitude_controller-6] [INFO] [1786780733.727298710] [attitude_scout_1]: [scout_1] Landed — tilt correction stopped, yaw-hold pinned to current heading.
[attitude_controller-6] [INFO] [1786780733.748061544] [attitude_scout_1]: [scout_1] Landed — tilt correction stopped, yaw-hold pinned to current heading.
[attitude_controller-6] [INFO] [1786780733.772830336] [attitude_scout_1]: [scout_1] Landed — tilt correction stopped, yaw-hold pinned to current heading.
[attitude_controller-6] [INFO] [1786780733.793202485] [attitude_scout_1]: [scout_1] Landed — tilt correction stopped, yaw-hold pinned to current heading.
[attitude_controller-6] [INFO] [1786780733.819967517] [attitude_scout_1]: [scout_1] Landed — tilt correction stopped, yaw-hold pinned to current heading.
[attitude_controller-6] [INFO] [1786780733.846525054] [attitude_scout_1]: [scout_1] Landed — tilt correction stopped, yaw-hold pinned to current heading.
[attitude_controller-6] [INFO] [1786780733.873573916] [attitude_scout_1]: [scout_1] Landed — tilt correction stopped, yaw-hold pinned to current heading.
[attitude_controller-6] [INFO] [1786780733.903300518] [attitude_scout_1]: [scout_1] Landed — tilt correction stopped, yaw-hold pinned to current heading.
[attitude_controller-6] [INFO] [1786780733.930737551] [attitude_scout_1]: [scout_1] Landed — tilt correction stopped, yaw-hold pinned to current heading.
[hopper_locomotion-5] [INFO] [1786780733.941435518] [loco_scout_1]: [scout_1] Landing controller reported LANDED. Settling to IDLE.
[attitude_controller-6] [INFO] [1786780733.968393379] [attitude_scout_1]: [scout_1] Landed — tilt correction stopped, yaw-hold pinned to current heading.
[attitude_controller-6] [INFO] [1786780733.995267850] [attitude_scout_1]: [scout_1] Landed — tilt correction stopped, yaw-hold pinned to current heading.
[attitude_controller-6] [INFO] [1786780734.029281586] [attitude_scout_1]: [scout_1] Landed — tilt correction stopped, yaw-hold pinned to current heading.
[attitude_controller-6] [INFO] [1786780734.058690695] [attitude_scout_1]: [scout_1] Landed — tilt correction stopped, yaw-hold pinned to current heading.
[attitude_controller-6] [INFO] [1786780734.085221553] [attitude_scout_1]: [scout_1] Landed — tilt correction stopped, yaw-hold pinned to current heading.
[attitude_controller-6] [INFO] [1786780734.087807104] [attitude_scout_1]: [scout_1] Landed — tilt correction stopped, yaw-hold pinned to current heading.
[attitude_controller-6] [INFO] [1786780734.090535268] [attitude_scout_1]: [scout_1] Landed — tilt correction stopped, yaw-hold pinned to current heading.
[attitude_controller-6] [INFO] [1786780734.092316050] [attitude_scout_1]: [scout_1] Landed — tilt correction stopped, yaw-hold pinned to current heading.
[attitude_controller-6] [INFO] [1786780734.093921674] [attitude_scout_1]: [scout_1] Landed — tilt correction stopped, yaw-hold pinned to current heading.
[landing_controller-11] [INFO] [1786780734.159200310] [landing_scout_2]: [scout_2] Landing controller state: FLIGHT
[landing_controller-15] [INFO] [1786780734.190074175] [landing_scout_3]: [scout_3] Landing controller state: FLIGHT
[landing_controller-7] [INFO] [1786780734.192306265] [landing_scout_1]: [scout_1] Landing controller state: LANDED
[attitude_controller-6] [INFO] [1786780734.302833396] [attitude_scout_1]: [scout_1] Landed — tilt correction stopped, yaw-hold pinned to current heading.
[attitude_controller-6] [INFO] [1786780734.305771848] [attitude_scout_1]: [scout_1] Landed — tilt correction stopped, yaw-hold pinned to current heading.
[hopper_locomotion-5] [INFO] [1786780734.433734281] [loco_scout_1]: [scout_1] 🦵 Idle 300s with no jump command -- self-initiating recovery hop (legs).
[hopper_locomotion-5] [INFO] [1786780734.434671256] [loco_scout_1]: 1. Crouching (waking physics, planting feet under body)
[attitude_controller-6] [INFO] [1786780734.488558552] [attitude_scout_1]: [scout_1] Landed — tilt correction stopped, yaw-hold pinned to current heading.
[attitude_controller-6] [INFO] [1786780734.518417920] [attitude_scout_1]: [scout_1] Landed — tilt correction stopped, yaw-hold pinned to current heading.
[attitude_controller-6] [INFO] [1786780734.543665117] [attitude_scout_1]: [scout_1] Landed — tilt correction stopped, yaw-hold pinned to current heading.
[attitude_controller-6] [INFO] [1786780734.545173384] [attitude_scout_1]: [scout_1] Landed — tilt correction stopped, yaw-hold pinned to current heading.
[attitude_controller-6] [INFO] [1786780734.561390535] [attitude_scout_1]: [scout_1] Landed — tilt correction stopped, yaw-hold pinned to current heading.
[attitude_controller-6] [INFO] [1786780734.562753115] [attitude_scout_1]: [scout_1] Landed — tilt correction stopped, yaw-hold pinned to current heading.
[attitude_controller-6] [INFO] [1786780734.564077144] [attitude_scout_1]: [scout_1] Landed — tilt correction stopped, yaw-hold pinned to current heading.
[attitude_controller-6] [INFO] [1786780734.617478074] [attitude_scout_1]: [scout_1] Landed — tilt correction stopped, yaw-hold pinned to current heading.
[attitude_controller-6] [INFO] [1786780734.752930928] [attitude_scout_1]: [scout_1] Landed — tilt correction stopped, yaw-hold pinned to current heading.
[attitude_controller-6] [INFO] [1786780734.754587884] [attitude_scout_1]: [scout_1] Landed — tilt correction stopped, yaw-hold pinned to current heading.
[attitude_controller-6] [INFO] [1786780734.756180029] [attitude_scout_1]: [scout_1] Landed — tilt correction stopped, yaw-hold pinned to current heading.
[attitude_controller-6] [INFO] [1786780734.858745877] [attitude_scout_1]: [scout_1] Landed — tilt correction stopped, yaw-hold pinned to current heading.
[attitude_controller-6] [INFO] [1786780734.882942469] [attitude_scout_1]: [scout_1] Landed — tilt correction stopped, yaw-hold pinned to current heading.
[attitude_controller-6] [INFO] [1786780734.992922402] [attitude_scout_1]: [scout_1] Landed — tilt correction stopped, yaw-hold pinned to current heading.
[attitude_controller-6] [INFO] [1786780735.026811544] [attitude_scout_1]: [scout_1] Landed — tilt correction stopped, yaw-hold pinned to current heading.
[attitude_controller-6] [INFO] [1786780735.061137815] [attitude_scout_1]: [scout_1] Landed — tilt correction stopped, yaw-hold pinned to current heading.
[attitude_controller-6] [INFO] [1786780735.085978892] [attitude_scout_1]: [scout_1] Landed — tilt correction stopped, yaw-hold pinned to current heading.
[attitude_controller-6] [INFO] [1786780735.209064251] [attitude_scout_1]: [scout_1] Landed — tilt correction stopped, yaw-hold pinned to current heading.
[attitude_controller-6] [INFO] [1786780735.210791676] [attitude_scout_1]: [scout_1] Landed — tilt correction stopped, yaw-hold pinned to current heading.
[attitude_controller-6] [INFO] [1786780735.213795080] [attitude_scout_1]: [scout_1] Landed — tilt correction stopped, yaw-hold pinned to current heading.
[attitude_controller-6] [INFO] [1786780735.246651217] [attitude_scout_1]: [scout_1] Landed — tilt correction stopped, yaw-hold pinned to current heading.
[attitude_controller-6] [INFO] [1786780735.248918855] [attitude_scout_1]: [scout_1] Landed — tilt correction stopped, yaw-hold pinned to current heading.
[attitude_controller-6] [INFO] [1786780735.250100270] [attitude_scout_1]: [scout_1] Landed — tilt correction stopped, yaw-hold pinned to current heading.
[attitude_controller-6] [INFO] [1786780735.277821832] [attitude_scout_1]: [scout_1] Landed — tilt correction stopped, yaw-hold pinned to current heading.
[attitude_controller-6] [INFO] [1786780735.395559535] [attitude_scout_1]: [scout_1] Landed — tilt correction stopped, yaw-hold pinned to current heading.
[attitude_controller-6] [INFO] [1786780735.399862872] [attitude_scout_1]: [scout_1] Landed — tilt correction stopped, yaw-hold pinned to current heading.
[attitude_controller-6] [INFO] [1786780735.456093165] [attitude_scout_1]: [scout_1] Landed — tilt correction stopped, yaw-hold pinned to current heading.
[attitude_controller-6] [INFO] [1786780735.658404717] [attitude_scout_1]: [scout_1] Landed — tilt correction stopped, yaw-hold pinned to current heading.
[attitude_controller-6] [INFO] [1786780735.684319306] [attitude_scout_1]: [scout_1] Landed — tilt correction stopped, yaw-hold pinned to current heading.
[attitude_controller-6] [INFO] [1786780735.713013183] [attitude_scout_1]: [scout_1] Landed — tilt correction stopped, yaw-hold pinned to current heading.
[attitude_controller-6] [INFO] [1786780735.735164368] [attitude_scout_1]: [scout_1] Landed — tilt correction stopped, yaw-hold pinned to current heading.
[attitude_controller-6] [INFO] [1786780735.760394454] [attitude_scout_1]: [scout_1] Landed — tilt correction stopped, yaw-hold pinned to current heading.
[attitude_controller-6] [INFO] [1786780735.784052789] [attitude_scout_1]: [scout_1] Landed — tilt correction stopped, yaw-hold pinned to current heading.
[attitude_controller-6] [INFO] [1786780735.785490797] [attitude_scout_1]: [scout_1] Landed — tilt correction stopped, yaw-hold pinned to current heading.
[attitude_controller-6] [INFO] [1786780735.787120236] [attitude_scout_1]: [scout_1] Landed — tilt correction stopped, yaw-hold pinned to current heading.
[attitude_controller-6] [INFO] [1786780735.788597773] [attitude_scout_1]: [scout_1] Landed — tilt correction stopped, yaw-hold pinned to current heading.
[attitude_controller-6] [INFO] [1786780735.790511253] [attitude_scout_1]: [scout_1] Landed — tilt correction stopped, yaw-hold pinned to current heading.
[attitude_controller-6] [INFO] [1786780735.876190811] [attitude_scout_1]: [scout_1] Landed — tilt correction stopped, yaw-hold pinned to current heading.
[attitude_controller-6] [INFO] [1786780735.877245397] [attitude_scout_1]: [scout_1] Landed — tilt correction stopped, yaw-hold pinned to current heading.
[attitude_controller-6] [INFO] [1786780735.878562861] [attitude_scout_1]: [scout_1] Landed — tilt correction stopped, yaw-hold pinned to current heading.
[attitude_controller-6] [INFO] [1786780735.880978211] [attitude_scout_1]: [scout_1] Landed — tilt correction stopped, yaw-hold pinned to current heading.
[attitude_controller-6] [INFO] [1786780735.882338836] [attitude_scout_1]: [scout_1] Landed — tilt correction stopped, yaw-hold pinned to current heading.
[attitude_controller-6] [INFO] [1786780735.902553704] [attitude_scout_1]: [scout_1] Landed — tilt correction stopped, yaw-hold pinned to current heading.
[attitude_controller-6] [INFO] [1786780735.953936744] [attitude_scout_1]: [scout_1] Landed — tilt correction stopped, yaw-hold pinned to current heading.
[attitude_controller-6] [INFO] [1786780735.955517365] [attitude_scout_1]: [scout_1] Landed — tilt correction stopped, yaw-hold pinned to current heading.
[attitude_controller-6] [INFO] [1786780735.956784684] [attitude_scout_1]: [scout_1] Landed — tilt correction stopped, yaw-hold pinned to current heading.
[attitude_controller-6] [INFO] [1786780735.958667713] [attitude_scout_1]: [scout_1] Landed — tilt correction stopped, yaw-hold pinned to current heading.
[attitude_controller-6] [INFO] [1786780736.142838858] [attitude_scout_1]: [scout_1] Landed — tilt correction stopped, yaw-hold pinned to current heading.
[attitude_controller-6] [INFO] [1786780736.144829021] [attitude_scout_1]: [scout_1] Landed — tilt correction stopped, yaw-hold pinned to current heading.
[attitude_controller-6] [INFO] [1786780736.147517795] [attitude_scout_1]: [scout_1] Landed — tilt correction stopped, yaw-hold pinned to current heading.
[attitude_controller-6] [INFO] [1786780736.152133877] [attitude_scout_1]: [scout_1] Landed — tilt correction stopped, yaw-hold pinned to current heading.
[attitude_controller-6] [INFO] [1786780736.292779413] [attitude_scout_1]: [scout_1] Landed — tilt correction stopped, yaw-hold pinned to current heading.
[attitude_controller-6] [INFO] [1786780736.295256502] [attitude_scout_1]: [scout_1] Landed — tilt correction stopped, yaw-hold pinned to current heading.
[attitude_controller-6] [INFO] [1786780736.298501552] [attitude_scout_1]: [scout_1] Landed — tilt correction stopped, yaw-hold pinned to current heading.
[attitude_controller-6] [INFO] [1786780736.300820244] [attitude_scout_1]: [scout_1] Landed — tilt correction stopped, yaw-hold pinned to current heading.
[attitude_controller-6] [INFO] [1786780736.329503155] [attitude_scout_1]: [scout_1] Landed — tilt correction stopped, yaw-hold pinned to current heading.
[attitude_controller-6] [INFO] [1786780736.355935189] [attitude_scout_1]: [scout_1] Landed — tilt correction stopped, yaw-hold pinned to current heading.
[attitude_controller-6] [INFO] [1786780736.385407783] [attitude_scout_1]: [scout_1] Landed — tilt correction stopped, yaw-hold pinned to current heading.
[attitude_controller-6] [INFO] [1786780736.416628125] [attitude_scout_1]: [scout_1] Landed — tilt correction stopped, yaw-hold pinned to current heading.
[attitude_controller-6] [INFO] [1786780736.452021343] [attitude_scout_1]: [scout_1] Landed — tilt correction stopped, yaw-hold pinned to current heading.
[attitude_controller-6] [INFO] [1786780736.453185927] [attitude_scout_1]: [scout_1] Landed — tilt correction stopped, yaw-hold pinned to current heading.
[attitude_controller-6] [INFO] [1786780736.484854851] [attitude_scout_1]: [scout_1] Landed — tilt correction stopped, yaw-hold pinned to current heading.
[attitude_controller-6] [INFO] [1786780736.519654289] [attitude_scout_1]: [scout_1] Landed — tilt correction stopped, yaw-hold pinned to current heading.
[attitude_controller-6] [INFO] [1786780736.552884210] [attitude_scout_1]: [scout_1] Landed — tilt correction stopped, yaw-hold pinned to current heading.
[attitude_controller-6] [INFO] [1786780736.745643034] [attitude_scout_1]: [scout_1] Landed — tilt correction stopped, yaw-hold pinned to current heading.
[attitude_controller-6] [INFO] [1786780736.793847232] [attitude_scout_1]: [scout_1] Landed — tilt correction stopped, yaw-hold pinned to current heading.
[attitude_controller-6] [INFO] [1786780736.823112679] [attitude_scout_1]: [scout_1] Landed — tilt correction stopped, yaw-hold pinned to current heading.
[attitude_controller-6] [INFO] [1786780736.849797535] [attitude_scout_1]: [scout_1] Landed — tilt correction stopped, yaw-hold pinned to current heading.
[attitude_controller-6] [INFO] [1786780736.874262383] [attitude_scout_1]: [scout_1] Landed — tilt correction stopped, yaw-hold pinned to current heading.
[attitude_controller-6] [INFO] [1786780736.875341483] [attitude_scout_1]: [scout_1] Landed — tilt correction stopped, yaw-hold pinned to current heading.
[attitude_controller-6] [INFO] [1786780736.876331117] [attitude_scout_1]: [scout_1] Landed — tilt correction stopped, yaw-hold pinned to current heading.
[attitude_controller-6] [INFO] [1786780736.877328923] [attitude_scout_1]: [scout_1] Landed — tilt correction stopped, yaw-hold pinned to current heading.
[attitude_controller-6] [INFO] [1786780736.878454606] [attitude_scout_1]: [scout_1] Landed — tilt correction stopped, yaw-hold pinned to current heading.
[attitude_controller-6] [INFO] [1786780736.879651316] [attitude_scout_1]: [scout_1] Landed — tilt correction stopped, yaw-hold pinned to current heading.
[attitude_controller-6] [INFO] [1786780736.961293907] [attitude_scout_1]: [scout_1] Landed — tilt correction stopped, yaw-hold pinned to current heading.
[attitude_controller-6] [INFO] [1786780736.996422990] [attitude_scout_1]: [scout_1] Landed — tilt correction stopped, yaw-hold pinned to current heading.
[attitude_controller-6] [INFO] [1786780737.151354040] [attitude_scout_1]: [scout_1] Landed — tilt correction stopped, yaw-hold pinned to current heading.
[attitude_controller-6] [INFO] [1786780737.153214092] [attitude_scout_1]: [scout_1] Landed — tilt correction stopped, yaw-hold pinned to current heading.
[attitude_controller-6] [INFO] [1786780737.155887431] [attitude_scout_1]: [scout_1] Landed — tilt correction stopped, yaw-hold pinned to current heading.
[attitude_controller-6] [INFO] [1786780737.158861223] [attitude_scout_1]: [scout_1] Landed — tilt correction stopped, yaw-hold pinned to current heading.
[attitude_controller-6] [INFO] [1786780737.160413628] [attitude_scout_1]: [scout_1] Landed — tilt correction stopped, yaw-hold pinned to current heading.
[attitude_controller-6] [INFO] [1786780737.163114694] [attitude_scout_1]: [scout_1] Landed — tilt correction stopped, yaw-hold pinned to current heading.
[attitude_controller-6] [INFO] [1786780737.245635316] [attitude_scout_1]: [scout_1] Landed — tilt correction stopped, yaw-hold pinned to current heading.
[attitude_controller-6] [INFO] [1786780737.374237834] [attitude_scout_1]: [scout_1] Landed — tilt correction stopped, yaw-hold pinned to current heading.
[attitude_controller-6] [INFO] [1786780737.376752846] [attitude_scout_1]: [scout_1] Landed — tilt correction stopped, yaw-hold pinned to current heading.
[attitude_controller-6] [INFO] [1786780737.465178588] [attitude_scout_1]: [scout_1] Landed — tilt correction stopped, yaw-hold pinned to current heading.
[attitude_controller-6] [INFO] [1786780737.466360422] [attitude_scout_1]: [scout_1] Landed — tilt correction stopped, yaw-hold pinned to current heading.
[attitude_controller-6] [INFO] [1786780737.467584859] [attitude_scout_1]: [scout_1] Landed — tilt correction stopped, yaw-hold pinned to current heading.
[attitude_controller-6] [INFO] [1786780737.474453214] [attitude_scout_1]: [scout_1] Landed — tilt correction stopped, yaw-hold pinned to current heading.
[attitude_controller-6] [INFO] [1786780737.475993677] [attitude_scout_1]: [scout_1] Landed — tilt correction stopped, yaw-hold pinned to current heading.
[attitude_controller-6] [INFO] [1786780737.592904334] [attitude_scout_1]: [scout_1] Landed — tilt correction stopped, yaw-hold pinned to current heading.
[attitude_controller-6] [INFO] [1786780737.594069476] [attitude_scout_1]: [scout_1] Landed — tilt correction stopped, yaw-hold pinned to current heading.
[attitude_controller-6] [INFO] [1786780737.595174137] [attitude_scout_1]: [scout_1] Landed — tilt correction stopped, yaw-hold pinned to current heading.
[attitude_controller-6] [INFO] [1786780737.596301007] [attitude_scout_1]: [scout_1] Landed — tilt correction stopped, yaw-hold pinned to current heading.
[attitude_controller-6] [INFO] [1786780737.696232487] [attitude_scout_1]: [scout_1] Landed — tilt correction stopped, yaw-hold pinned to current heading.
[attitude_controller-6] [INFO] [1786780737.763514696] [attitude_scout_1]: [scout_1] Landed — tilt correction stopped, yaw-hold pinned to current heading.
[attitude_controller-6] [INFO] [1786780737.765059979] [attitude_scout_1]: [scout_1] Landed — tilt correction stopped, yaw-hold pinned to current heading.
[attitude_controller-6] [INFO] [1786780737.835742982] [attitude_scout_1]: [scout_1] Landed — tilt correction stopped, yaw-hold pinned to current heading.
[attitude_controller-6] [INFO] [1786780737.837273598] [attitude_scout_1]: [scout_1] Landed — tilt correction stopped, yaw-hold pinned to current heading.
[attitude_controller-6] [INFO] [1786780737.839210683] [attitude_scout_1]: [scout_1] Landed — tilt correction stopped, yaw-hold pinned to current heading.
[attitude_controller-6] [INFO] [1786780737.881149734] [attitude_scout_1]: [scout_1] Landed — tilt correction stopped, yaw-hold pinned to current heading.
[attitude_controller-6] [INFO] [1786780738.089458388] [attitude_scout_1]: [scout_1] Landed — tilt correction stopped, yaw-hold pinned to current heading.
[attitude_controller-6] [INFO] [1786780738.091117859] [attitude_scout_1]: [scout_1] Landed — tilt correction stopped, yaw-hold pinned to current heading.
[attitude_controller-6] [INFO] [1786780738.205762414] [attitude_scout_1]: [scout_1] Landed — tilt correction stopped, yaw-hold pinned to current heading.
[attitude_controller-6] [INFO] [1786780738.296984274] [attitude_scout_1]: [scout_1] Landed — tilt correction stopped, yaw-hold pinned to current heading.
[attitude_controller-6] [INFO] [1786780738.299791986] [attitude_scout_1]: [scout_1] Landed — tilt correction stopped, yaw-hold pinned to current heading.
[attitude_controller-6] [INFO] [1786780738.302077713] [attitude_scout_1]: [scout_1] Landed — tilt correction stopped, yaw-hold pinned to current heading.
[attitude_controller-6] [INFO] [1786780738.306015438] [attitude_scout_1]: [scout_1] Landed — tilt correction stopped, yaw-hold pinned to current heading.
[attitude_controller-6] [INFO] [1786780738.307742584] [attitude_scout_1]: [scout_1] Landed — tilt correction stopped, yaw-hold pinned to current heading.
[attitude_controller-6] [INFO] [1786780738.387063132] [attitude_scout_1]: [scout_1] Landed — tilt correction stopped, yaw-hold pinned to current heading.
[attitude_controller-6] [INFO] [1786780738.388757872] [attitude_scout_1]: [scout_1] Landed — tilt correction stopped, yaw-hold pinned to current heading.
[attitude_controller-6] [INFO] [1786780738.390119125] [attitude_scout_1]: [scout_1] Landed — tilt correction stopped, yaw-hold pinned to current heading.
[attitude_controller-6] [INFO] [1786780738.520795127] [attitude_scout_1]: [scout_1] Landed — tilt correction stopped, yaw-hold pinned to current heading.
[attitude_controller-6] [INFO] [1786780738.622945008] [attitude_scout_1]: [scout_1] Landed — tilt correction stopped, yaw-hold pinned to current heading.
[attitude_controller-6] [INFO] [1786780738.650109176] [attitude_scout_1]: [scout_1] Landed — tilt correction stopped, yaw-hold pinned to current heading.
[attitude_controller-6] [INFO] [1786780738.907170343] [attitude_scout_1]: [scout_1] Landed — tilt correction stopped, yaw-hold pinned to current heading.
[attitude_controller-6] [INFO] [1786780738.939467829] [attitude_scout_1]: [scout_1] Landed — tilt correction stopped, yaw-hold pinned to current heading.
[attitude_controller-6] [INFO] [1786780738.965933247] [attitude_scout_1]: [scout_1] Landed — tilt correction stopped, yaw-hold pinned to current heading.
[attitude_controller-6] [INFO] [1786780738.969473791] [attitude_scout_1]: [scout_1] Landed — tilt correction stopped, yaw-hold pinned to current heading.
[attitude_controller-6] [INFO] [1786780738.970968020] [attitude_scout_1]: [scout_1] Landed — tilt correction stopped, yaw-hold pinned to current heading.
[attitude_controller-6] [INFO] [1786780738.972461411] [attitude_scout_1]: [scout_1] Landed — tilt correction stopped, yaw-hold pinned to current heading.
[attitude_controller-6] [INFO] [1786780738.974558919] [attitude_scout_1]: [scout_1] Landed — tilt correction stopped, yaw-hold pinned to current heading.
[attitude_controller-6] [INFO] [1786780739.051517964] [attitude_scout_1]: [scout_1] Landed — tilt correction stopped, yaw-hold pinned to current heading.
[attitude_controller-6] [INFO] [1786780739.078065444] [attitude_scout_1]: [scout_1] Landed — tilt correction stopped, yaw-hold pinned to current heading.
[attitude_controller-6] [INFO] [1786780739.106243831] [attitude_scout_1]: [scout_1] Landed — tilt correction stopped, yaw-hold pinned to current heading.
[attitude_controller-6] [INFO] [1786780739.107515060] [attitude_scout_1]: [scout_1] Landed — tilt correction stopped, yaw-hold pinned to current heading.
[attitude_controller-6] [INFO] [1786780739.157117597] [attitude_scout_1]: [scout_1] Landed — tilt correction stopped, yaw-hold pinned to current heading.
[landing_controller-11] [INFO] [1786780739.157927323] [landing_scout_2]: [scout_2] Landing controller state: FLIGHT
[attitude_controller-6] [INFO] [1786780739.158875193] [attitude_scout_1]: [scout_1] Landed — tilt correction stopped, yaw-hold pinned to current heading.
[attitude_controller-6] [INFO] [1786780739.160494506] [attitude_scout_1]: [scout_1] Landed — tilt correction stopped, yaw-hold pinned to current heading.
[attitude_controller-6] [INFO] [1786780739.179626155] [attitude_scout_1]: [scout_1] Landed — tilt correction stopped, yaw-hold pinned to current heading.
[attitude_controller-6] [INFO] [1786780739.182029702] [attitude_scout_1]: [scout_1] Landed — tilt correction stopped, yaw-hold pinned to current heading.
[landing_controller-15] [INFO] [1786780739.190358763] [landing_scout_3]: [scout_3] Landing controller state: FLIGHT
[landing_controller-7] [INFO] [1786780739.190902398] [landing_scout_1]: [scout_1] Landing controller state: LANDED
[attitude_controller-6] [INFO] [1786780739.297427762] [attitude_scout_1]: [scout_1] Landed — tilt correction stopped, yaw-hold pinned to current heading.
[attitude_controller-6] [INFO] [1786780739.476486543] [attitude_scout_1]: [scout_1] Landed — tilt correction stopped, yaw-hold pinned to current heading.
[attitude_controller-6] [INFO] [1786780739.477666980] [attitude_scout_1]: [scout_1] Landed — tilt correction stopped, yaw-hold pinned to current heading.
[attitude_controller-6] [INFO] [1786780739.535619111] [attitude_scout_1]: [scout_1] Landed — tilt correction stopped, yaw-hold pinned to current heading.
[attitude_controller-6] [INFO] [1786780739.561528812] [attitude_scout_1]: [scout_1] Landed — tilt correction stopped, yaw-hold pinned to current heading.
[attitude_controller-6] [INFO] [1786780739.590733010] [attitude_scout_1]: [scout_1] Landed — tilt correction stopped, yaw-hold pinned to current heading.
[attitude_controller-6] [INFO] [1786780739.619104225] [attitude_scout_1]: [scout_1] Landed — tilt correction stopped, yaw-hold pinned to current heading.
[attitude_controller-6] [INFO] [1786780739.620707195] [attitude_scout_1]: [scout_1] Landed — tilt correction stopped, yaw-hold pinned to current heading.
[attitude_controller-6] [INFO] [1786780739.622239277] [attitude_scout_1]: [scout_1] Landed — tilt correction stopped, yaw-hold pinned to current heading.
[attitude_controller-6] [INFO] [1786780739.732765780] [attitude_scout_1]: [scout_1] Landed — tilt correction stopped, yaw-hold pinned to current heading.
[attitude_controller-6] [INFO] [1786780739.734437054] [attitude_scout_1]: [scout_1] Landed — tilt correction stopped, yaw-hold pinned to current heading.
[attitude_controller-6] [INFO] [1786780739.736092544] [attitude_scout_1]: [scout_1] Landed — tilt correction stopped, yaw-hold pinned to current heading.
[attitude_controller-6] [INFO] [1786780739.738567747] [attitude_scout_1]: [scout_1] Landed — tilt correction stopped, yaw-hold pinned to current heading.
[attitude_controller-6] [INFO] [1786780739.747530537] [attitude_scout_1]: [scout_1] Landed — tilt correction stopped, yaw-hold pinned to current heading.
[attitude_controller-6] [INFO] [1786780739.749242178] [attitude_scout_1]: [scout_1] Landed — tilt correction stopped, yaw-hold pinned to current heading.
[attitude_controller-6] [INFO] [1786780739.758305468] [attitude_scout_1]: [scout_1] Landed — tilt correction stopped, yaw-hold pinned to current heading.
[attitude_controller-6] [INFO] [1786780739.759837271] [attitude_scout_1]: [scout_1] Landed — tilt correction stopped, yaw-hold pinned to current heading.
[attitude_controller-6] [INFO] [1786780739.761521046] [attitude_scout_1]: [scout_1] Landed — tilt correction stopped, yaw-hold pinned to current heading.
[attitude_controller-6] [INFO] [1786780739.853266638] [attitude_scout_1]: [scout_1] Landed — tilt correction stopped, yaw-hold pinned to current heading.
[attitude_controller-6] [INFO] [1786780739.855028215] [attitude_scout_1]: [scout_1] Landed — tilt correction stopped, yaw-hold pinned to current heading.
[attitude_controller-6] [INFO] [1786780739.984403584] [attitude_scout_1]: [scout_1] Landed — tilt correction stopped, yaw-hold pinned to current heading.
[attitude_controller-6] [INFO] [1786780740.130381274] [attitude_scout_1]: [scout_1] Landed — tilt correction stopped, yaw-hold pinned to current heading.
[attitude_controller-6] [INFO] [1786780740.133439293] [attitude_scout_1]: [scout_1] Landed — tilt correction stopped, yaw-hold pinned to current heading.
[attitude_controller-6] [INFO] [1786780740.134869199] [attitude_scout_1]: [scout_1] Landed — tilt correction stopped, yaw-hold pinned to current heading.
[attitude_controller-6] [INFO] [1786780740.136452404] [attitude_scout_1]: [scout_1] Landed — tilt correction stopped, yaw-hold pinned to current heading.
[attitude_controller-6] [INFO] [1786780740.138206857] [attitude_scout_1]: [scout_1] Landed — tilt correction stopped, yaw-hold pinned to current heading.
[attitude_controller-6] [INFO] [1786780740.140100292] [attitude_scout_1]: [scout_1] Landed — tilt correction stopped, yaw-hold pinned to current heading.
[attitude_controller-6] [INFO] [1786780740.232441551] [attitude_scout_1]: [scout_1] Landed — tilt correction stopped, yaw-hold pinned to current heading.
[attitude_controller-6] [INFO] [1786780740.233990115] [attitude_scout_1]: [scout_1] Landed — tilt correction stopped, yaw-hold pinned to current heading.
[attitude_controller-6] [INFO] [1786780740.235501245] [attitude_scout_1]: [scout_1] Landed — tilt correction stopped, yaw-hold pinned to current heading.
[attitude_controller-6] [INFO] [1786780740.358076354] [attitude_scout_1]: [scout_1] Landed — tilt correction stopped, yaw-hold pinned to current heading.
[attitude_controller-6] [INFO] [1786780740.521746847] [attitude_scout_1]: [scout_1] Landed — tilt correction stopped, yaw-hold pinned to current heading.
[attitude_controller-6] [INFO] [1786780740.523344020] [attitude_scout_1]: [scout_1] Landed — tilt correction stopped, yaw-hold pinned to current heading.
[attitude_controller-6] [INFO] [1786780740.524934838] [attitude_scout_1]: [scout_1] Landed — tilt correction stopped, yaw-hold pinned to current heading.
[attitude_controller-6] [INFO] [1786780740.526084197] [attitude_scout_1]: [scout_1] Landed — tilt correction stopped, yaw-hold pinned to current heading.
[attitude_controller-6] [INFO] [1786780740.527323090] [attitude_scout_1]: [scout_1] Landed — tilt correction stopped, yaw-hold pinned to current heading.
[attitude_controller-6] [INFO] [1786780740.528276966] [attitude_scout_1]: [scout_1] Landed — tilt correction stopped, yaw-hold pinned to current heading.
[attitude_controller-6] [INFO] [1786780740.544810982] [attitude_scout_1]: [scout_1] Landed — tilt correction stopped, yaw-hold pinned to current heading.
[attitude_controller-6] [INFO] [1786780740.550157731] [attitude_scout_1]: [scout_1] Landed — tilt correction stopped, yaw-hold pinned to current heading.
[attitude_controller-6] [INFO] [1786780740.620549222] [attitude_scout_1]: [scout_1] Landed — tilt correction stopped, yaw-hold pinned to current heading.
[attitude_controller-6] [INFO] [1786780740.890695702] [attitude_scout_1]: [scout_1] Landed — tilt correction stopped, yaw-hold pinned to current heading.
[attitude_controller-6] [INFO] [1786780740.892278139] [attitude_scout_1]: [scout_1] Landed — tilt correction stopped, yaw-hold pinned to current heading.
[attitude_controller-6] [INFO] [1786780740.894315864] [attitude_scout_1]: [scout_1] Landed — tilt correction stopped, yaw-hold pinned to current heading.
[attitude_controller-6] [INFO] [1786780740.898640503] [attitude_scout_1]: [scout_1] Landed — tilt correction stopped, yaw-hold pinned to current heading.
[attitude_controller-6] [INFO] [1786780740.900440003] [attitude_scout_1]: [scout_1] Landed — tilt correction stopped, yaw-hold pinned to current heading.
[attitude_controller-6] [INFO] [1786780740.901758235] [attitude_scout_1]: [scout_1] Landed — tilt correction stopped, yaw-hold pinned to current heading.
[attitude_controller-6] [INFO] [1786780740.903209303] [attitude_scout_1]: [scout_1] Landed — tilt correction stopped, yaw-hold pinned to current heading.
[attitude_controller-6] [INFO] [1786780741.090343556] [attitude_scout_1]: [scout_1] Landed — tilt correction stopped, yaw-hold pinned to current heading.
[attitude_controller-6] [INFO] [1786780741.254600077] [attitude_scout_1]: [scout_1] Landed — tilt correction stopped, yaw-hold pinned to current heading.
[attitude_controller-6] [INFO] [1786780741.256080966] [attitude_scout_1]: [scout_1] Landed — tilt correction stopped, yaw-hold pinned to current heading.
[attitude_controller-6] [INFO] [1786780741.257548167] [attitude_scout_1]: [scout_1] Landed — tilt correction stopped, yaw-hold pinned to current heading.
[attitude_controller-6] [INFO] [1786780741.258945458] [attitude_scout_1]: [scout_1] Landed — tilt correction stopped, yaw-hold pinned to current heading.
[attitude_controller-6] [INFO] [1786780741.260516581] [attitude_scout_1]: [scout_1] Landed — tilt correction stopped, yaw-hold pinned to current heading.
[attitude_controller-6] [INFO] [1786780741.367782460] [attitude_scout_1]: [scout_1] Landed — tilt correction stopped, yaw-hold pinned to current heading.
[attitude_controller-6] [INFO] [1786780741.389599740] [attitude_scout_1]: [scout_1] Landed — tilt correction stopped, yaw-hold pinned to current heading.
[attitude_controller-6] [INFO] [1786780741.413337484] [attitude_scout_1]: [scout_1] Landed — tilt correction stopped, yaw-hold pinned to current heading.
[attitude_controller-6] [INFO] [1786780741.476006196] [attitude_scout_1]: [scout_1] Landed — tilt correction stopped, yaw-hold pinned to current heading.
[attitude_controller-6] [INFO] [1786780741.477903542] [attitude_scout_1]: [scout_1] Landed — tilt correction stopped, yaw-hold pinned to current heading.
[attitude_controller-6] [INFO] [1786780741.479861929] [attitude_scout_1]: [scout_1] Landed — tilt correction stopped, yaw-hold pinned to current heading.
[attitude_controller-6] [INFO] [1786780741.481415941] [attitude_scout_1]: [scout_1] Landed — tilt correction stopped, yaw-hold pinned to current heading.
[attitude_controller-6] [INFO] [1786780741.574685095] [attitude_scout_1]: [scout_1] Landed — tilt correction stopped, yaw-hold pinned to current heading.
[attitude_controller-6] [INFO] [1786780741.609121504] [attitude_scout_1]: [scout_1] Landed — tilt correction stopped, yaw-hold pinned to current heading.
[attitude_controller-6] [INFO] [1786780741.635024640] [attitude_scout_1]: [scout_1] Landed — tilt correction stopped, yaw-hold pinned to current heading.
[attitude_controller-6] [INFO] [1786780741.660138792] [attitude_scout_1]: [scout_1] Landed — tilt correction stopped, yaw-hold pinned to current heading.
[attitude_controller-6] [INFO] [1786780741.685415671] [attitude_scout_1]: [scout_1] Landed — tilt correction stopped, yaw-hold pinned to current heading.
[attitude_controller-6] [INFO] [1786780741.714470342] [attitude_scout_1]: [scout_1] Landed — tilt correction stopped, yaw-hold pinned to current heading.
[attitude_controller-6] [INFO] [1786780741.741883281] [attitude_scout_1]: [scout_1] Landed — tilt correction stopped, yaw-hold pinned to current heading.
[attitude_controller-6] [INFO] [1786780741.744490133] [attitude_scout_1]: [scout_1] Landed — tilt correction stopped, yaw-hold pinned to current heading.
[attitude_controller-6] [INFO] [1786780741.746010552] [attitude_scout_1]: [scout_1] Landed — tilt correction stopped, yaw-hold pinned to current heading.
[attitude_controller-6] [INFO] [1786780741.747658080] [attitude_scout_1]: [scout_1] Landed — tilt correction stopped, yaw-hold pinned to current heading.
[attitude_controller-6] [INFO] [1786780741.749334312] [attitude_scout_1]: [scout_1] Landed — tilt correction stopped, yaw-hold pinned to current heading.
[attitude_controller-6] [INFO] [1786780741.750921359] [attitude_scout_1]: [scout_1] Landed — tilt correction stopped, yaw-hold pinned to current heading.
[attitude_controller-6] [INFO] [1786780741.770128924] [attitude_scout_1]: [scout_1] Landed — tilt correction stopped, yaw-hold pinned to current heading.
[attitude_controller-6] [INFO] [1786780741.831248862] [attitude_scout_1]: [scout_1] Landed — tilt correction stopped, yaw-hold pinned to current heading.
[attitude_controller-6] [INFO] [1786780741.924481769] [attitude_scout_1]: [scout_1] Landed — tilt correction stopped, yaw-hold pinned to current heading.
[attitude_controller-6] [INFO] [1786780741.926029146] [attitude_scout_1]: [scout_1] Landed — tilt correction stopped, yaw-hold pinned to current heading.
[attitude_controller-6] [INFO] [1786780741.935654370] [attitude_scout_1]: [scout_1] Landed — tilt correction stopped, yaw-hold pinned to current heading.
[attitude_controller-6] [INFO] [1786780741.936932164] [attitude_scout_1]: [scout_1] Landed — tilt correction stopped, yaw-hold pinned to current heading.
[attitude_controller-6] [INFO] [1786780741.972888434] [attitude_scout_1]: [scout_1] Landed — tilt correction stopped, yaw-hold pinned to current heading.
[attitude_controller-6] [INFO] [1786780741.974844935] [attitude_scout_1]: [scout_1] Landed — tilt correction stopped, yaw-hold pinned to current heading.
[attitude_controller-6] [INFO] [1786780742.073955655] [attitude_scout_1]: [scout_1] Landed — tilt correction stopped, yaw-hold pinned to current heading.
[attitude_controller-6] [INFO] [1786780742.108237717] [attitude_scout_1]: [scout_1] Landed — tilt correction stopped, yaw-hold pinned to current heading.
[attitude_controller-6] [INFO] [1786780742.109546311] [attitude_scout_1]: [scout_1] Landed — tilt correction stopped, yaw-hold pinned to current heading.
[attitude_controller-6] [INFO] [1786780742.209221898] [attitude_scout_1]: [scout_1] Landed — tilt correction stopped, yaw-hold pinned to current heading.
[attitude_controller-6] [INFO] [1786780742.230693121] [attitude_scout_1]: [scout_1] Landed — tilt correction stopped, yaw-hold pinned to current heading.
[attitude_controller-6] [INFO] [1786780742.254567751] [attitude_scout_1]: [scout_1] Landed — tilt correction stopped, yaw-hold pinned to current heading.
[attitude_controller-6] [INFO] [1786780742.453508195] [attitude_scout_1]: [scout_1] Landed — tilt correction stopped, yaw-hold pinned to current heading.
[attitude_controller-6] [INFO] [1786780742.454729140] [attitude_scout_1]: [scout_1] Landed — tilt correction stopped, yaw-hold pinned to current heading.
[attitude_controller-6] [INFO] [1786780742.456828324] [attitude_scout_1]: [scout_1] Landed — tilt correction stopped, yaw-hold pinned to current heading.
[attitude_controller-6] [INFO] [1786780742.506190052] [attitude_scout_1]: [scout_1] Landed — tilt correction stopped, yaw-hold pinned to current heading.
[attitude_controller-6] [INFO] [1786780742.507723391] [attitude_scout_1]: [scout_1] Landed — tilt correction stopped, yaw-hold pinned to current heading.
[attitude_controller-6] [INFO] [1786780742.509131368] [attitude_scout_1]: [scout_1] Landed — tilt correction stopped, yaw-hold pinned to current heading.
[attitude_controller-6] [INFO] [1786780742.510580341] [attitude_scout_1]: [scout_1] Landed — tilt correction stopped, yaw-hold pinned to current heading.
[attitude_controller-6] [INFO] [1786780742.516742263] [attitude_scout_1]: [scout_1] Landed — tilt correction stopped, yaw-hold pinned to current heading.
[attitude_controller-6] [INFO] [1786780742.574233170] [attitude_scout_1]: [scout_1] Landed — tilt correction stopped, yaw-hold pinned to current heading.
[attitude_controller-6] [INFO] [1786780742.575643102] [attitude_scout_1]: [scout_1] Landed — tilt correction stopped, yaw-hold pinned to current heading.
[attitude_controller-6] [INFO] [1786780742.712758642] [attitude_scout_1]: [scout_1] Landed — tilt correction stopped, yaw-hold pinned to current heading.
[attitude_controller-6] [INFO] [1786780742.812746693] [attitude_scout_1]: [scout_1] Landed — tilt correction stopped, yaw-hold pinned to current heading.
[attitude_controller-6] [INFO] [1786780742.814238897] [attitude_scout_1]: [scout_1] Landed — tilt correction stopped, yaw-hold pinned to current heading.
[attitude_controller-6] [INFO] [1786780742.817214435] [attitude_scout_1]: [scout_1] Landed — tilt correction stopped, yaw-hold pinned to current heading.
[attitude_controller-6] [INFO] [1786780742.948907938] [attitude_scout_1]: [scout_1] Landed — tilt correction stopped, yaw-hold pinned to current heading.
[attitude_controller-6] [INFO] [1786780742.984883413] [attitude_scout_1]: [scout_1] Landed — tilt correction stopped, yaw-hold pinned to current heading.
[attitude_controller-6] [INFO] [1786780743.011866696] [attitude_scout_1]: [scout_1] Landed — tilt correction stopped, yaw-hold pinned to current heading.
[attitude_controller-6] [INFO] [1786780743.035172339] [attitude_scout_1]: [scout_1] Landed — tilt correction stopped, yaw-hold pinned to current heading.
[attitude_controller-6] [INFO] [1786780743.057685087] [attitude_scout_1]: [scout_1] Landed — tilt correction stopped, yaw-hold pinned to current heading.
[attitude_controller-6] [INFO] [1786780743.079344319] [attitude_scout_1]: [scout_1] Landed — tilt correction stopped, yaw-hold pinned to current heading.
[attitude_controller-6] [INFO] [1786780743.080870814] [attitude_scout_1]: [scout_1] Landed — tilt correction stopped, yaw-hold pinned to current heading.
[attitude_controller-6] [INFO] [1786780743.082355755] [attitude_scout_1]: [scout_1] Landed — tilt correction stopped, yaw-hold pinned to current heading.
[attitude_controller-6] [INFO] [1786780743.083813388] [attitude_scout_1]: [scout_1] Landed — tilt correction stopped, yaw-hold pinned to current heading.
[attitude_controller-6] [INFO] [1786780743.084989495] [attitude_scout_1]: [scout_1] Landed — tilt correction stopped, yaw-hold pinned to current heading.
[attitude_controller-6] [INFO] [1786780743.164988401] [attitude_scout_1]: [scout_1] Landed — tilt correction stopped, yaw-hold pinned to current heading.
[attitude_controller-6] [INFO] [1786780743.196250647] [attitude_scout_1]: [scout_1] Landed — tilt correction stopped, yaw-hold pinned to current heading.
[attitude_controller-6] [INFO] [1786780743.315047338] [attitude_scout_1]: [scout_1] Landed — tilt correction stopped, yaw-hold pinned to current heading.
[attitude_controller-6] [INFO] [1786780743.316309278] [attitude_scout_1]: [scout_1] Landed — tilt correction stopped, yaw-hold pinned to current heading.
[attitude_controller-6] [INFO] [1786780743.331862949] [attitude_scout_1]: [scout_1] Landed — tilt correction stopped, yaw-hold pinned to current heading.
[attitude_controller-6] [INFO] [1786780743.333532128] [attitude_scout_1]: [scout_1] Landed — tilt correction stopped, yaw-hold pinned to current heading.
[attitude_controller-6] [INFO] [1786780743.408061506] [attitude_scout_1]: [scout_1] Landed — tilt correction stopped, yaw-hold pinned to current heading.
[attitude_controller-6] [INFO] [1786780743.434452964] [attitude_scout_1]: [scout_1] Landed — tilt correction stopped, yaw-hold pinned to current heading.
[attitude_controller-6] [INFO] [1786780743.456259838] [attitude_scout_1]: [scout_1] Landed — tilt correction stopped, yaw-hold pinned to current heading.
[attitude_controller-6] [INFO] [1786780743.477880239] [attitude_scout_1]: [scout_1] Landed — tilt correction stopped, yaw-hold pinned to current heading.
[attitude_controller-6] [INFO] [1786780743.640767196] [attitude_scout_1]: [scout_1] Landed — tilt correction stopped, yaw-hold pinned to current heading.
[attitude_controller-6] [INFO] [1786780743.642179154] [attitude_scout_1]: [scout_1] Landed — tilt correction stopped, yaw-hold pinned to current heading.
[attitude_controller-6] [INFO] [1786780743.643611854] [attitude_scout_1]: [scout_1] Landed — tilt correction stopped, yaw-hold pinned to current heading.
[attitude_controller-6] [INFO] [1786780743.645016827] [attitude_scout_1]: [scout_1] Landed — tilt correction stopped, yaw-hold pinned to current heading.
[attitude_controller-6] [INFO] [1786780743.650959871] [attitude_scout_1]: [scout_1] Landed — tilt correction stopped, yaw-hold pinned to current heading.
[attitude_controller-6] [INFO] [1786780743.665924300] [attitude_scout_1]: [scout_1] Landed — tilt correction stopped, yaw-hold pinned to current heading.
[attitude_controller-6] [INFO] [1786780743.702416732] [attitude_scout_1]: [scout_1] Landed — tilt correction stopped, yaw-hold pinned to current heading.
[attitude_controller-6] [INFO] [1786780743.868974346] [attitude_scout_1]: [scout_1] Landed — tilt correction stopped, yaw-hold pinned to current heading.
[attitude_controller-6] [INFO] [1786780743.871404433] [attitude_scout_1]: [scout_1] Landed — tilt correction stopped, yaw-hold pinned to current heading.
[attitude_controller-6] [INFO] [1786780743.960165967] [attitude_scout_1]: [scout_1] Landed — tilt correction stopped, yaw-hold pinned to current heading.
[attitude_controller-6] [INFO] [1786780743.961752175] [attitude_scout_1]: [scout_1] Landed — tilt correction stopped, yaw-hold pinned to current heading.
[attitude_controller-6] [INFO] [1786780743.963463467] [attitude_scout_1]: [scout_1] Landed — tilt correction stopped, yaw-hold pinned to current heading.
[attitude_controller-6] [INFO] [1786780744.045962999] [attitude_scout_1]: [scout_1] Landed — tilt correction stopped, yaw-hold pinned to current heading.
[attitude_controller-6] [INFO] [1786780744.075785980] [attitude_scout_1]: [scout_1] Landed — tilt correction stopped, yaw-hold pinned to current heading.
[landing_controller-11] [INFO] [1786780744.158483787] [landing_scout_2]: [scout_2] Landing controller state: FLIGHT
[landing_controller-15] [INFO] [1786780744.190841965] [landing_scout_3]: [scout_3] Landing controller state: FLIGHT
[landing_controller-7] [INFO] [1786780744.195498135] [landing_scout_1]: [scout_1] Landing controller state: LANDED
[attitude_controller-6] [INFO] [1786780744.208358003] [attitude_scout_1]: [scout_1] Landed — tilt correction stopped, yaw-hold pinned to current heading.
[attitude_controller-6] [INFO] [1786780744.233283936] [attitude_scout_1]: [scout_1] Landed — tilt correction stopped, yaw-hold pinned to current heading.
[attitude_controller-6] [INFO] [1786780744.268299809] [attitude_scout_1]: [scout_1] Landed — tilt correction stopped, yaw-hold pinned to current heading.
[attitude_controller-6] [INFO] [1786780744.295518313] [attitude_scout_1]: [scout_1] Landed — tilt correction stopped, yaw-hold pinned to current heading.
[attitude_controller-6] [INFO] [1786780744.329200380] [attitude_scout_1]: [scout_1] Landed — tilt correction stopped, yaw-hold pinned to current heading.
[attitude_controller-6] [INFO] [1786780744.361283038] [attitude_scout_1]: [scout_1] Landed — tilt correction stopped, yaw-hold pinned to current heading.
[attitude_controller-6] [INFO] [1786780744.390748718] [attitude_scout_1]: [scout_1] Landed — tilt correction stopped, yaw-hold pinned to current heading.
[attitude_controller-6] [INFO] [1786780744.393120627] [attitude_scout_1]: [scout_1] Landed — tilt correction stopped, yaw-hold pinned to current heading.
[attitude_controller-6] [INFO] [1786780744.394591669] [attitude_scout_1]: [scout_1] Landed — tilt correction stopped, yaw-hold pinned to current heading.
[attitude_controller-6] [INFO] [1786780744.396801829] [attitude_scout_1]: [scout_1] Landed — tilt correction stopped, yaw-hold pinned to current heading.
[attitude_controller-6] [INFO] [1786780744.398182778] [attitude_scout_1]: [scout_1] Landed — tilt correction stopped, yaw-hold pinned to current heading.
[attitude_controller-6] [INFO] [1786780744.833808403] [attitude_scout_1]: [scout_1] Landed — tilt correction stopped, yaw-hold pinned to current heading.
[attitude_controller-6] [INFO] [1786780744.878118527] [attitude_scout_1]: [scout_1] Landed — tilt correction stopped, yaw-hold pinned to current heading.
[hopper_locomotion-5] [INFO] [1786780744.884100122] [loco_scout_1]: 2. IGNITION (stroke fraction=0.90, ramp=4.0s)
[landing_controller-7] [INFO] [1786780744.891731620] [landing_scout_1]: [scout_1] 🚀 Jump detected → FLIGHT mode (contact detection blanked 100 s for launch)
[attitude_controller-6] [INFO] [1786780744.911845710] [attitude_scout_1]: [scout_1] Landed — tilt correction stopped, yaw-hold pinned to current heading.
[landing_controller-7] [INFO] [1786780744.922622387] [landing_scout_1]: [scout_1] 📏 CALIBSERIES t=0.0s v=0.00476 m/s (vx=0.00378 vy=-0.00268 vz=0.00112)
[attitude_controller-6] [INFO] [1786780745.018948653] [attitude_scout_1]: [scout_1] Landed — tilt correction stopped, yaw-hold pinned to current heading.
[attitude_controller-6] [INFO] [1786780745.049432532] [attitude_scout_1]: [scout_1] Landed — tilt correction stopped, yaw-hold pinned to current heading.
[attitude_controller-6] [INFO] [1786780745.083284030] [attitude_scout_1]: [scout_1] Landed — tilt correction stopped, yaw-hold pinned to current heading.
[attitude_controller-6] [INFO] [1786780745.108964307] [attitude_scout_1]: [scout_1] Landed — tilt correction stopped, yaw-hold pinned to current heading.
[attitude_controller-6] [INFO] [1786780745.238869206] [attitude_scout_1]: [scout_1] Landed — tilt correction stopped, yaw-hold pinned to current heading.
[attitude_controller-6] [INFO] [1786780745.264107534] [attitude_scout_1]: [scout_1] Landed — tilt correction stopped, yaw-hold pinned to current heading.
[attitude_controller-6] [INFO] [1786780745.286567413] [attitude_scout_1]: [scout_1] Landed — tilt correction stopped, yaw-hold pinned to current heading.
[attitude_controller-6] [INFO] [1786780745.308885517] [attitude_scout_1]: [scout_1] Landed — tilt correction stopped, yaw-hold pinned to current heading.
[attitude_controller-6] [INFO] [1786780745.333768428] [attitude_scout_1]: [scout_1] Landed — tilt correction stopped, yaw-hold pinned to current heading.
[attitude_controller-6] [INFO] [1786780745.335433417] [attitude_scout_1]: [scout_1] Landed — tilt correction stopped, yaw-hold pinned to current heading.
[attitude_controller-6] [INFO] [1786780745.337006984] [attitude_scout_1]: [scout_1] Landed — tilt correction stopped, yaw-hold pinned to current heading.
[attitude_controller-6] [INFO] [1786780745.346497346] [attitude_scout_1]: [scout_1] Airborne (landed=False) — tilt correction armed.
[landing_controller-7] [INFO] [1786780746.966220811] [landing_scout_1]: [scout_1] 📏 CALIBSERIES t=2.1s v=0.00171 m/s (vx=0.00152 vy=-0.00077 vz=0.00020)
[attitude_controller-6] [INFO] [1786780747.925619429] [attitude_scout_1]: [scout_1] Jump initiated. Flight mode active (tilt-PD held for stroke).
[landing_controller-7] [INFO] [1786780749.006361460] [landing_scout_1]: [scout_1] 📏 CALIBSERIES t=4.1s v=0.00269 m/s (vx=0.00260 vy=-0.00033 vz=0.00062)
[landing_controller-11] [INFO] [1786780749.157755811] [landing_scout_2]: [scout_2] Landing controller state: FLIGHT
[landing_controller-15] [INFO] [1786780749.190475621] [landing_scout_3]: [scout_3] Landing controller state: FLIGHT
[landing_controller-7] [INFO] [1786780749.194494780] [landing_scout_1]: [scout_1] Landing controller state: FLIGHT
[hopper_locomotion-5] [INFO] [1786780749.433194570] [loco_scout_1]: 3. Separation confirmed (genuine ground clearance) — holding extension for clearance, then slow retract (FLIGHT)
[landing_controller-7] [INFO] [1786780751.020660442] [landing_scout_1]: [scout_1] 📏 CALIBSERIES t=6.1s v=0.00227 m/s (vx=0.00205 vy=-0.00026 vz=0.00094)
[attitude_controller-6] [INFO] [1786780752.541564369] [attitude_scout_1]: [scout_1] Separation — tilt correction engaged.
[landing_controller-7] [INFO] [1786780753.055934233] [landing_scout_1]: [scout_1] 📏 CALIBSERIES t=8.2s v=0.00170 m/s (vx=0.00144 vy=0.00035 vz=0.00084)
[landing_controller-11] [INFO] [1786780754.157996087] [landing_scout_2]: [scout_2] Landing controller state: FLIGHT
[landing_controller-15] [INFO] [1786780754.190422499] [landing_scout_3]: [scout_3] Landing controller state: FLIGHT
[landing_controller-7] [INFO] [1786780754.191305557] [landing_scout_1]: [scout_1] Landing controller state: FLIGHT
[landing_controller-7] [INFO] [1786780755.075969272] [landing_scout_1]: [scout_1] 📏 CALIBSERIES t=10.2s v=0.00294 m/s (vx=-0.00088 vy=0.00270 vz=0.00077)
[landing_controller-7] [INFO] [1786780757.170819626] [landing_scout_1]: [scout_1] 📏 CALIBSERIES t=12.3s v=0.00616 m/s (vx=-0.00326 vy=0.00518 vz=0.00071)
[landing_controller-11] [INFO] [1786780759.158043662] [landing_scout_2]: [scout_2] Landing controller state: FLIGHT
[landing_controller-7] [INFO] [1786780759.176466016] [landing_scout_1]: [scout_1] 📏 CALIBSERIES t=14.3s v=0.07055 m/s (vx=0.00497 vy=-0.07037 vz=0.00043)
[landing_controller-15] [INFO] [1786780759.190261951] [landing_scout_3]: [scout_3] Landing controller state: FLIGHT
[landing_controller-7] [INFO] [1786780759.190587616] [landing_scout_1]: [scout_1] Landing controller state: FLIGHT
[landing_controller-7] [INFO] [1786780761.189198601] [landing_scout_1]: [scout_1] 📏 CALIBSERIES t=16.3s v=0.12246 m/s (vx=-0.09831 vy=0.06816 vz=0.02620)
[landing_controller-7] [INFO] [1786780763.209253862] [landing_scout_1]: [scout_1] 📏 CALIBSERIES t=18.3s v=0.08443 m/s (vx=-0.05632 vy=-0.05511 vz=0.03030)
[landing_controller-11] [INFO] [1786780764.159089240] [landing_scout_2]: [scout_2] Landing controller state: FLIGHT
[landing_controller-15] [INFO] [1786780764.191142357] [landing_scout_3]: [scout_3] Landing controller state: FLIGHT
[landing_controller-7] [INFO] [1786780764.196251580] [landing_scout_1]: [scout_1] Landing controller state: FLIGHT
[landing_controller-7] [INFO] [1786780765.223248896] [landing_scout_1]: [scout_1] 📏 CALIBSERIES t=20.3s v=0.13063 m/s (vx=-0.11585 vy=-0.05393 vz=0.02714)
[landing_controller-7] [INFO] [1786780767.237997164] [landing_scout_1]: [scout_1] 📏 CALIBSERIES t=22.3s v=0.06121 m/s (vx=-0.02648 vy=-0.03947 vz=0.03858)
[landing_controller-11] [INFO] [1786780769.158085207] [landing_scout_2]: [scout_2] Landing controller state: FLIGHT
[landing_controller-15] [INFO] [1786780769.190812631] [landing_scout_3]: [scout_3] Landing controller state: FLIGHT
[landing_controller-7] [INFO] [1786780769.191515991] [landing_scout_1]: [scout_1] Landing controller state: FLIGHT
[landing_controller-7] [INFO] [1786780769.318048807] [landing_scout_1]: [scout_1] 📏 CALIBSERIES t=24.4s v=0.10577 m/s (vx=-0.06427 vy=-0.06065 vz=0.05813)
[landing_controller-7] [INFO] [1786780771.430047071] [landing_scout_1]: [scout_1] 📏 CALIBSERIES t=26.5s v=0.28593 m/s (vx=-0.26893 vy=-0.08993 vz=0.03666)
[landing_controller-7] [INFO] [1786780773.465960134] [landing_scout_1]: [scout_1] 📏 CALIBSERIES t=28.6s v=0.28980 m/s (vx=-0.28793 vy=-0.00323 vz=-0.03276)
[landing_controller-11] [INFO] [1786780774.157702668] [landing_scout_2]: [scout_2] Landing controller state: FLIGHT
[landing_controller-15] [INFO] [1786780774.190477723] [landing_scout_3]: [scout_3] Landing controller state: FLIGHT
[landing_controller-7] [INFO] [1786780774.192913467] [landing_scout_1]: [scout_1] Landing controller state: FLIGHT
[landing_controller-7] [INFO] [1786780775.494270690] [landing_scout_1]: [scout_1] 📏 CALIBSERIES t=30.6s v=0.11742 m/s (vx=-0.09317 vy=-0.06508 vz=-0.02952)
[landing_controller-7] [INFO] [1786780777.521110284] [landing_scout_1]: [scout_1] 📏 CALIBSERIES t=32.6s v=0.01577 m/s (vx=0.01334 vy=-0.00008 vz=0.00842)
[landing_controller-11] [INFO] [1786780779.158339151] [landing_scout_2]: [scout_2] Landing controller state: FLIGHT
[landing_controller-15] [INFO] [1786780779.190320334] [landing_scout_3]: [scout_3] Landing controller state: FLIGHT
[landing_controller-7] [INFO] [1786780779.190769336] [landing_scout_1]: [scout_1] Landing controller state: FLIGHT
[landing_controller-7] [INFO] [1786780779.541883365] [landing_scout_1]: [scout_1] 📏 CALIBSERIES t=34.7s v=0.09164 m/s (vx=-0.04613 vy=-0.06767 vz=0.04111)
[landing_controller-7] [INFO] [1786780781.630164185] [landing_scout_1]: [scout_1] 📏 CALIBSERIES t=36.7s v=0.14330 m/s (vx=-0.09924 vy=-0.08382 vz=0.06049)
[landing_controller-7] [INFO] [1786780783.701539238] [landing_scout_1]: [scout_1] 📏 CALIBSERIES t=38.8s v=0.28869 m/s (vx=-0.21903 vy=-0.18358 vz=0.04082)
[landing_controller-11] [INFO] [1786780784.158396576] [landing_scout_2]: [scout_2] Landing controller state: FLIGHT
[landing_controller-15] [INFO] [1786780784.191288265] [landing_scout_3]: [scout_3] Landing controller state: FLIGHT
[landing_controller-7] [INFO] [1786780784.194172591] [landing_scout_1]: [scout_1] Landing controller state: FLIGHT
[landing_controller-7] [INFO] [1786780785.741874562] [landing_scout_1]: [scout_1] 📏 CALIBSERIES t=40.9s v=0.22625 m/s (vx=-0.21601 vy=-0.06302 vz=-0.02364)
[landing_controller-7] [INFO] [1786780787.749600220] [landing_scout_1]: [scout_1] 📏 CALIBSERIES t=42.9s v=0.15680 m/s (vx=-0.15248 vy=0.00091 vz=-0.03657)
[landing_controller-11] [INFO] [1786780789.158088581] [landing_scout_2]: [scout_2] Landing controller state: FLIGHT
[landing_controller-15] [INFO] [1786780789.190684288] [landing_scout_3]: [scout_3] Landing controller state: FLIGHT
[landing_controller-7] [INFO] [1786780789.191287707] [landing_scout_1]: [scout_1] Landing controller state: FLIGHT
[landing_controller-7] [INFO] [1786780789.831061889] [landing_scout_1]: [scout_1] 📏 CALIBSERIES t=44.9s v=0.04117 m/s (vx=-0.00777 vy=-0.04001 vz=-0.00578)
[landing_controller-7] [INFO] [1786780791.900491513] [landing_scout_1]: [scout_1] 📏 CALIBSERIES t=47.0s v=0.13398 m/s (vx=-0.06839 vy=-0.11329 vz=0.02095)
[landing_controller-7] [INFO] [1786780794.008128925] [landing_scout_1]: [scout_1] 📏 CALIBSERIES t=49.1s v=0.14279 m/s (vx=-0.10039 vy=-0.09315 vz=0.04040)
[landing_controller-11] [INFO] [1786780794.157884074] [landing_scout_2]: [scout_2] Landing controller state: FLIGHT
[landing_controller-15] [INFO] [1786780794.190264046] [landing_scout_3]: [scout_3] Landing controller state: FLIGHT
[landing_controller-7] [INFO] [1786780794.191309971] [landing_scout_1]: [scout_1] Landing controller state: FLIGHT
[landing_controller-7] [INFO] [1786780796.069792766] [landing_scout_1]: [scout_1] 📏 CALIBSERIES t=51.2s v=0.29752 m/s (vx=-0.22058 vy=-0.19926 vz=0.01248)
[landing_controller-7] [INFO] [1786780798.134991504] [landing_scout_1]: [scout_1] 📏 CALIBSERIES t=53.2s v=0.24575 m/s (vx=-0.23764 vy=-0.04463 vz=-0.04394)
[landing_controller-11] [INFO] [1786780799.158121290] [landing_scout_2]: [scout_2] Landing controller state: FLIGHT
[landing_controller-7] [INFO] [1786780799.190996987] [landing_scout_1]: [scout_1] Landing controller state: FLIGHT
[landing_controller-15] [INFO] [1786780799.193009150] [landing_scout_3]: [scout_3] Landing controller state: FLIGHT
[landing_controller-7] [INFO] [1786780800.204545969] [landing_scout_1]: [scout_1] 📏 CALIBSERIES t=55.3s v=0.08150 m/s (vx=-0.06372 vy=-0.04592 vz=-0.02173)
[landing_controller-7] [INFO] [1786780802.297665126] [landing_scout_1]: [scout_1] 📏 CALIBSERIES t=57.4s v=0.03325 m/s (vx=0.01440 vy=-0.01797 vz=0.02398)
[landing_controller-11] [INFO] [1786780804.157898242] [landing_scout_2]: [scout_2] Landing controller state: FLIGHT
[landing_controller-7] [INFO] [1786780804.191338876] [landing_scout_1]: [scout_1] Landing controller state: FLIGHT
[landing_controller-15] [INFO] [1786780804.191420030] [landing_scout_3]: [scout_3] Landing controller state: FLIGHT
[landing_controller-7] [INFO] [1786780804.306379651] [landing_scout_1]: [scout_1] 📏 CALIBSERIES t=59.4s v=0.10505 m/s (vx=-0.06630 vy=-0.06511 vz=0.04899)
[landing_controller-7] [INFO] [1786780806.352937469] [landing_scout_1]: [scout_1] 📏 CALIBSERIES t=61.5s v=0.16369 m/s (vx=-0.12853 vy=-0.08062 vz=0.06142)
[landing_controller-7] [INFO] [1786780808.417987492] [landing_scout_1]: [scout_1] 📏 CALIBSERIES t=63.5s v=0.33335 m/s (vx=-0.25681 vy=-0.21111 vz=0.02456)
[landing_controller-11] [INFO] [1786780809.161866841] [landing_scout_2]: [scout_2] Landing controller state: FLIGHT
[landing_controller-15] [INFO] [1786780809.190346872] [landing_scout_3]: [scout_3] Landing controller state: FLIGHT
[landing_controller-7] [INFO] [1786780809.190610378] [landing_scout_1]: [scout_1] Landing controller state: FLIGHT
[landing_controller-7] [INFO] [1786780810.423840275] [landing_scout_1]: [scout_1] 📏 CALIBSERIES t=65.5s v=0.24720 m/s (vx=-0.23768 vy=-0.06209 vz=-0.02761)
[landing_controller-7] [INFO] [1786780812.443623305] [landing_scout_1]: [scout_1] 📏 CALIBSERIES t=67.6s v=0.09641 m/s (vx=-0.08644 vy=-0.01354 vz=-0.04051)
[landing_controller-11] [INFO] [1786780814.159445681] [landing_scout_2]: [scout_2] Landing controller state: FLIGHT
[landing_controller-7] [INFO] [1786780814.190685863] [landing_scout_1]: [scout_1] Landing controller state: FLIGHT
[landing_controller-15] [INFO] [1786780814.191222584] [landing_scout_3]: [scout_3] Landing controller state: FLIGHT
[landing_controller-7] [INFO] [1786780814.462035801] [landing_scout_1]: [scout_1] 📏 CALIBSERIES t=69.6s v=0.10804 m/s (vx=-0.08984 vy=-0.06001 vz=-0.00013)
[landing_controller-7] [INFO] [1786780816.571319655] [landing_scout_1]: [scout_1] 📏 CALIBSERIES t=71.7s v=0.07490 m/s (vx=-0.04075 vy=-0.04785 vz=0.04074)
[landing_controller-7] [INFO] [1786780818.617471894] [landing_scout_1]: [scout_1] 📏 CALIBSERIES t=73.7s v=0.10786 m/s (vx=-0.05255 vy=-0.07357 vz=0.05881)
[landing_controller-11] [INFO] [1786780819.164422735] [landing_scout_2]: [scout_2] Landing controller state: FLIGHT
[landing_controller-15] [INFO] [1786780819.190418832] [landing_scout_3]: [scout_3] Landing controller state: FLIGHT
[landing_controller-7] [INFO] [1786780819.190884736] [landing_scout_1]: [scout_1] Landing controller state: FLIGHT
[landing_controller-7] [INFO] [1786780820.657262266] [landing_scout_1]: [scout_1] 📏 CALIBSERIES t=75.8s v=0.22481 m/s (vx=-0.17165 vy=-0.13510 vz=0.05313)
[landing_controller-7] [INFO] [1786780822.684800175] [landing_scout_1]: [scout_1] 📏 CALIBSERIES t=77.8s v=0.30180 m/s (vx=-0.28235 vy=-0.10637 vz=-0.00680)
[landing_controller-11] [INFO] [1786780824.158470002] [landing_scout_2]: [scout_2] Landing controller state: FLIGHT
[landing_controller-15] [INFO] [1786780824.191718786] [landing_scout_3]: [scout_3] Landing controller state: FLIGHT
[landing_controller-7] [INFO] [1786780824.193548876] [landing_scout_1]: [scout_1] Landing controller state: FLIGHT
[landing_controller-7] [INFO] [1786780824.751044673] [landing_scout_1]: [scout_1] 📏 CALIBSERIES t=79.9s v=0.21438 m/s (vx=-0.20882 vy=-0.02484 vz=-0.04168)
[landing_controller-7] [INFO] [1786780826.771462749] [landing_scout_1]: [scout_1] 📏 CALIBSERIES t=81.9s v=0.08453 m/s (vx=-0.04019 vy=-0.07257 vz=-0.01623)
[landing_controller-7] [INFO] [1786780828.852079662] [landing_scout_1]: [scout_1] 📏 CALIBSERIES t=84.0s v=0.11118 m/s (vx=-0.05478 vy=-0.09430 vz=0.02160)
[landing_controller-11] [INFO] [1786780829.158215434] [landing_scout_2]: [scout_2] Landing controller state: FLIGHT
[landing_controller-15] [INFO] [1786780829.190480661] [landing_scout_3]: [scout_3] Landing controller state: FLIGHT
[landing_controller-7] [INFO] [1786780829.193396276] [landing_scout_1]: [scout_1] Landing controller state: FLIGHT
[landing_controller-7] [INFO] [1786780830.943418577] [landing_scout_1]: [scout_1] 📏 CALIBSERIES t=86.1s v=0.11372 m/s (vx=-0.07070 vy=-0.07373 vz=0.04996)
[landing_controller-7] [INFO] [1786780833.049454447] [landing_scout_1]: [scout_1] 📏 CALIBSERIES t=88.2s v=0.25102 m/s (vx=-0.16356 vy=-0.18673 vz=0.03725)
[landing_controller-11] [INFO] [1786780834.157755028] [landing_scout_2]: [scout_2] Landing controller state: FLIGHT
[landing_controller-15] [INFO] [1786780834.190321545] [landing_scout_3]: [scout_3] Landing controller state: FLIGHT
[landing_controller-7] [INFO] [1786780834.190632683] [landing_scout_1]: [scout_1] Landing controller state: FLIGHT
[landing_controller-7] [WARN] [1786780834.904821570] [landing_scout_1]: [scout_1] 📏 CALIBTIMEOUT t=90.0s -- never stabilized within 90s (last v=0.24859 m/s) -- likely tumbling/terrain-snagged launch, discard from calibration
[landing_controller-11] [INFO] [1786780839.158388229] [landing_scout_2]: [scout_2] Landing controller state: FLIGHT
[landing_controller-7] [INFO] [1786780839.192176738] [landing_scout_1]: [scout_1] Landing controller state: FLIGHT
[landing_controller-15] [INFO] [1786780839.192253981] [landing_scout_3]: [scout_3] Landing controller state: FLIGHT
[landing_controller-11] [INFO] [1786780844.157782724] [landing_scout_2]: [scout_2] Landing controller state: FLIGHT
[landing_controller-15] [INFO] [1786780844.190255306] [landing_scout_3]: [scout_3] Landing controller state: FLIGHT
[landing_controller-7] [INFO] [1786780844.190798173] [landing_scout_1]: [scout_1] Landing controller state: FLIGHT
[landing_controller-7] [INFO] [1786780845.217180440] [landing_scout_1]: [scout_1] 🎯 Contact detected! accel=0.5946 m/s² → hands-off settle (no posture commands at contact)
[attitude_controller-6] [INFO] [1786780845.861347569] [attitude_scout_1]: [scout_1] Contact — commanded-flight latch cleared (full attitude PD locked out until next ignition).
[landing_controller-7] [WARN] [1786780846.574007463] [landing_scout_1]: [scout_1] Sustained contact accel but velocity still 0.2594 m/s — not actually landed, resetting settle counter (likely a false accel trigger, e.g. RW/leg motor reaction torque).
[landing_controller-7] [INFO] [1786780847.497528577] [landing_scout_1]: [scout_1] ⚠️ Bounce detected (v=0.1472 m/s) → back to FLIGHT
[landing_controller-7] [INFO] [1786780847.772303982] [landing_scout_1]: [scout_1] 🎯 Contact detected! accel=0.2415 m/s² → hands-off settle (no posture commands at contact)
[landing_controller-7] [INFO] [1786780848.126435503] [landing_scout_1]: [scout_1] ⚠️ Bounce detected (v=0.0935 m/s) → back to FLIGHT
[landing_controller-7] [INFO] [1786780848.315499621] [landing_scout_1]: [scout_1] 🎯 Contact detected! accel=0.1207 m/s² → hands-off settle (no posture commands at contact)
[landing_controller-7] [INFO] [1786780848.673774338] [landing_scout_1]: [scout_1] ⚠️ Bounce detected (v=0.0733 m/s) → back to FLIGHT
[landing_controller-11] [INFO] [1786780849.160634912] [landing_scout_2]: [scout_2] Landing controller state: FLIGHT
[landing_controller-15] [INFO] [1786780849.190145645] [landing_scout_3]: [scout_3] Landing controller state: FLIGHT
[landing_controller-7] [INFO] [1786780849.191522124] [landing_scout_1]: [scout_1] Landing controller state: FLIGHT
[landing_controller-11] [INFO] [1786780854.157953017] [landing_scout_2]: [scout_2] Landing controller state: FLIGHT
[landing_controller-15] [INFO] [1786780854.190413588] [landing_scout_3]: [scout_3] Landing controller state: FLIGHT
[landing_controller-7] [INFO] [1786780854.190493066] [landing_scout_1]: [scout_1] Landing controller state: FLIGHT
[landing_controller-11] [INFO] [1786780859.157990605] [landing_scout_2]: [scout_2] Landing controller state: FLIGHT
[landing_controller-7] [INFO] [1786780859.190465563] [landing_scout_1]: [scout_1] Landing controller state: FLIGHT
[landing_controller-15] [INFO] [1786780859.192196131] [landing_scout_3]: [scout_3] Landing controller state: FLIGHT
[landing_controller-11] [INFO] [1786780864.158266953] [landing_scout_2]: [scout_2] Landing controller state: FLIGHT
[landing_controller-7] [INFO] [1786780864.191306638] [landing_scout_1]: [scout_1] Landing controller state: FLIGHT
[landing_controller-15] [INFO] [1786780864.191328149] [landing_scout_3]: [scout_3] Landing controller state: FLIGHT
[landing_controller-11] [INFO] [1786780869.157975757] [landing_scout_2]: [scout_2] Landing controller state: FLIGHT
[landing_controller-15] [INFO] [1786780869.190553450] [landing_scout_3]: [scout_3] Landing controller state: FLIGHT
[landing_controller-7] [INFO] [1786780869.191611319] [landing_scout_1]: [scout_1] Landing controller state: FLIGHT
[landing_controller-11] [INFO] [1786780874.158315473] [landing_scout_2]: [scout_2] Landing controller state: FLIGHT
[landing_controller-15] [INFO] [1786780874.192645595] [landing_scout_3]: [scout_3] Landing controller state: FLIGHT
[landing_controller-7] [INFO] [1786780874.194129489] [landing_scout_1]: [scout_1] Landing controller state: FLIGHT
[landing_controller-11] [INFO] [1786780879.157830563] [landing_scout_2]: [scout_2] Landing controller state: FLIGHT
[landing_controller-15] [INFO] [1786780879.190603600] [landing_scout_3]: [scout_3] Landing controller state: FLIGHT
[landing_controller-7] [INFO] [1786780879.192112496] [landing_scout_1]: [scout_1] Landing controller state: FLIGHT
[landing_controller-11] [INFO] [1786780884.158733352] [landing_scout_2]: [scout_2] Landing controller state: FLIGHT
[landing_controller-15] [INFO] [1786780884.190935167] [landing_scout_3]: [scout_3] Landing controller state: FLIGHT
[landing_controller-7] [INFO] [1786780884.191429356] [landing_scout_1]: [scout_1] Landing controller state: FLIGHT
[landing_controller-11] [INFO] [1786780889.157737372] [landing_scout_2]: [scout_2] Landing controller state: FLIGHT
[landing_controller-7] [INFO] [1786780889.191153428] [landing_scout_1]: [scout_1] Landing controller state: FLIGHT
[landing_controller-15] [INFO] [1786780889.191249737] [landing_scout_3]: [scout_3] Landing controller state: FLIGHT
[landing_controller-11] [INFO] [1786780894.157726742] [landing_scout_2]: [scout_2] Landing controller state: FLIGHT
[landing_controller-15] [INFO] [1786780894.190389781] [landing_scout_3]: [scout_3] Landing controller state: FLIGHT
[landing_controller-7] [INFO] [1786780894.190675986] [landing_scout_1]: [scout_1] Landing controller state: FLIGHT
[landing_controller-11] [INFO] [1786780899.159152278] [landing_scout_2]: [scout_2] Landing controller state: FLIGHT
[landing_controller-7] [INFO] [1786780899.194284306] [landing_scout_1]: [scout_1] Landing controller state: FLIGHT
[landing_controller-15] [INFO] [1786780899.197887916] [landing_scout_3]: [scout_3] Landing controller state: FLIGHT
[landing_controller-11] [INFO] [1786780904.158928094] [landing_scout_2]: [scout_2] Landing controller state: FLIGHT
[landing_controller-7] [INFO] [1786780904.191180823] [landing_scout_1]: [scout_1] Landing controller state: FLIGHT
[landing_controller-15] [INFO] [1786780904.191492310] [landing_scout_3]: [scout_3] Landing controller state: FLIGHT
[landing_controller-11] [INFO] [1786780909.158206971] [landing_scout_2]: [scout_2] Landing controller state: FLIGHT
[landing_controller-15] [INFO] [1786780909.190180549] [landing_scout_3]: [scout_3] Landing controller state: FLIGHT
[landing_controller-7] [INFO] [1786780909.191646913] [landing_scout_1]: [scout_1] Landing controller state: FLIGHT
[landing_controller-11] [INFO] [1786780914.157951235] [landing_scout_2]: [scout_2] Landing controller state: FLIGHT
[landing_controller-15] [INFO] [1786780914.190436323] [landing_scout_3]: [scout_3] Landing controller state: FLIGHT
[landing_controller-7] [INFO] [1786780914.190689563] [landing_scout_1]: [scout_1] Landing controller state: FLIGHT
[landing_controller-11] [INFO] [1786780919.159608254] [landing_scout_2]: [scout_2] Landing controller state: FLIGHT
[landing_controller-7] [INFO] [1786780919.190718818] [landing_scout_1]: [scout_1] Landing controller state: FLIGHT
[landing_controller-15] [INFO] [1786780919.191033658] [landing_scout_3]: [scout_3] Landing controller state: FLIGHT
[landing_controller-11] [INFO] [1786780924.157833161] [landing_scout_2]: [scout_2] Landing controller state: FLIGHT
[landing_controller-15] [INFO] [1786780924.190223267] [landing_scout_3]: [scout_3] Landing controller state: FLIGHT
[landing_controller-7] [INFO] [1786780924.190632949] [landing_scout_1]: [scout_1] Landing controller state: FLIGHT
[landing_controller-11] [INFO] [1786780929.158247178] [landing_scout_2]: [scout_2] Landing controller state: FLIGHT
[landing_controller-15] [INFO] [1786780929.190262592] [landing_scout_3]: [scout_3] Landing controller state: FLIGHT
[landing_controller-7] [INFO] [1786780929.192747434] [landing_scout_1]: [scout_1] Landing controller state: FLIGHT
[landing_controller-11] [INFO] [1786780934.157810374] [landing_scout_2]: [scout_2] Landing controller state: FLIGHT
[landing_controller-7] [INFO] [1786780934.190466362] [landing_scout_1]: [scout_1] Landing controller state: FLIGHT
[landing_controller-15] [INFO] [1786780934.190538298] [landing_scout_3]: [scout_3] Landing controller state: FLIGHT
[landing_controller-11] [INFO] [1786780939.158022217] [landing_scout_2]: [scout_2] Landing controller state: FLIGHT
[landing_controller-15] [INFO] [1786780939.191557283] [landing_scout_3]: [scout_3] Landing controller state: FLIGHT
[landing_controller-7] [INFO] [1786780939.191770365] [landing_scout_1]: [scout_1] Landing controller state: FLIGHT
[landing_controller-11] [INFO] [1786780944.157893489] [landing_scout_2]: [scout_2] Landing controller state: FLIGHT
[landing_controller-7] [INFO] [1786780944.190813613] [landing_scout_1]: [scout_1] Landing controller state: FLIGHT
[landing_controller-15] [INFO] [1786780944.191180832] [landing_scout_3]: [scout_3] Landing controller state: FLIGHT
[landing_controller-11] [INFO] [1786780949.157819486] [landing_scout_2]: [scout_2] Landing controller state: FLIGHT
[landing_controller-15] [INFO] [1786780949.190032619] [landing_scout_3]: [scout_3] Landing controller state: FLIGHT
[landing_controller-7] [INFO] [1786780949.190606565] [landing_scout_1]: [scout_1] Landing controller state: FLIGHT
[landing_controller-11] [INFO] [1786780954.159970909] [landing_scout_2]: [scout_2] Landing controller state: FLIGHT
[landing_controller-15] [INFO] [1786780954.191124706] [landing_scout_3]: [scout_3] Landing controller state: FLIGHT
[landing_controller-7] [INFO] [1786780954.193163200] [landing_scout_1]: [scout_1] Landing controller state: FLIGHT
[landing_controller-11] [INFO] [1786780959.159392879] [landing_scout_2]: [scout_2] Landing controller state: FLIGHT
[landing_controller-7] [INFO] [1786780959.190731823] [landing_scout_1]: [scout_1] Landing controller state: FLIGHT
[landing_controller-15] [INFO] [1786780959.191468636] [landing_scout_3]: [scout_3] Landing controller state: FLIGHT
[landing_controller-11] [INFO] [1786780964.158564161] [landing_scout_2]: [scout_2] Landing controller state: FLIGHT
[landing_controller-15] [INFO] [1786780964.191659166] [landing_scout_3]: [scout_3] Landing controller state: FLIGHT
[landing_controller-7] [INFO] [1786780964.193541846] [landing_scout_1]: [scout_1] Landing controller state: FLIGHT
[landing_controller-11] [INFO] [1786780969.158633836] [landing_scout_2]: [scout_2] Landing controller state: FLIGHT
[landing_controller-15] [INFO] [1786780969.191097695] [landing_scout_3]: [scout_3] Landing controller state: FLIGHT
[landing_controller-7] [INFO] [1786780969.192256343] [landing_scout_1]: [scout_1] Landing controller state: FLIGHT
[landing_controller-11] [INFO] [1786780974.157814484] [landing_scout_2]: [scout_2] Landing controller state: FLIGHT
[landing_controller-7] [INFO] [1786780974.190639137] [landing_scout_1]: [scout_1] Landing controller state: FLIGHT
[landing_controller-15] [INFO] [1786780974.191634080] [landing_scout_3]: [scout_3] Landing controller state: FLIGHT
[landing_controller-11] [INFO] [1786780979.157993883] [landing_scout_2]: [scout_2] Landing controller state: FLIGHT
[landing_controller-15] [INFO] [1786780979.190352983] [landing_scout_3]: [scout_3] Landing controller state: FLIGHT
[landing_controller-7] [INFO] [1786780979.190678228] [landing_scout_1]: [scout_1] Landing controller state: FLIGHT
[landing_controller-11] [INFO] [1786780984.157856455] [landing_scout_2]: [scout_2] Landing controller state: FLIGHT
[landing_controller-15] [INFO] [1786780984.190378771] [landing_scout_3]: [scout_3] Landing controller state: FLIGHT
[landing_controller-7] [INFO] [1786780984.190590946] [landing_scout_1]: [scout_1] Landing controller state: FLIGHT
[landing_controller-11] [INFO] [1786780989.158176377] [landing_scout_2]: [scout_2] Landing controller state: FLIGHT
[landing_controller-15] [INFO] [1786780989.192435897] [landing_scout_3]: [scout_3] Landing controller state: FLIGHT
[landing_controller-7] [INFO] [1786780989.193271744] [landing_scout_1]: [scout_1] Landing controller state: FLIGHT
[landing_controller-11] [INFO] [1786780994.158103136] [landing_scout_2]: [scout_2] Landing controller state: FLIGHT
[landing_controller-7] [INFO] [1786780994.190409577] [landing_scout_1]: [scout_1] Landing controller state: FLIGHT
[landing_controller-15] [INFO] [1786780994.190940571] [landing_scout_3]: [scout_3] Landing controller state: FLIGHT
[swarm_manager-3] [WARN] [1786780996.148658435] [swarm_manager_node]: 🔋 scout_2 BMS Alert! Li-ion cells critical (14.9%). Fleeing to sunlight.
[swarm_manager-3] [WARN] [1786780996.150457238] [swarm_manager_node]: ↩️ Requeuing scout_2's anomaly target [5.3, -9.7] — task abandoned for recharge.
[landing_controller-11] [INFO] [1786780999.158313970] [landing_scout_2]: [scout_2] Landing controller state: FLIGHT
[landing_controller-7] [INFO] [1786780999.191611304] [landing_scout_1]: [scout_1] Landing controller state: FLIGHT
[landing_controller-15] [INFO] [1786780999.192119251] [landing_scout_3]: [scout_3] Landing controller state: FLIGHT
[landing_controller-11] [INFO] [1786781004.158335714] [landing_scout_2]: [scout_2] Landing controller state: FLIGHT
[landing_controller-15] [INFO] [1786781004.190190569] [landing_scout_3]: [scout_3] Landing controller state: FLIGHT
[landing_controller-7] [INFO] [1786781004.190230029] [landing_scout_1]: [scout_1] Landing controller state: FLIGHT
[landing_controller-11] [INFO] [1786781009.158345551] [landing_scout_2]: [scout_2] Landing controller state: FLIGHT
[landing_controller-15] [INFO] [1786781009.191741568] [landing_scout_3]: [scout_3] Landing controller state: FLIGHT
[landing_controller-7] [INFO] [1786781009.193938320] [landing_scout_1]: [scout_1] Landing controller state: FLIGHT
[landing_controller-11] [INFO] [1786781014.157981777] [landing_scout_2]: [scout_2] Landing controller state: FLIGHT
[landing_controller-15] [INFO] [1786781014.190846521] [landing_scout_3]: [scout_3] Landing controller state: FLIGHT
[landing_controller-7] [INFO] [1786781014.191322622] [landing_scout_1]: [scout_1] Landing controller state: FLIGHT
[landing_controller-11] [INFO] [1786781019.158592379] [landing_scout_2]: [scout_2] Landing controller state: FLIGHT
[landing_controller-15] [INFO] [1786781019.190464136] [landing_scout_3]: [scout_3] Landing controller state: FLIGHT
[landing_controller-7] [INFO] [1786781019.194434827] [landing_scout_1]: [scout_1] Landing controller state: FLIGHT
[landing_controller-11] [INFO] [1786781024.158100937] [landing_scout_2]: [scout_2] Landing controller state: FLIGHT
[landing_controller-15] [INFO] [1786781024.190426237] [landing_scout_3]: [scout_3] Landing controller state: FLIGHT
[landing_controller-7] [INFO] [1786781024.190547549] [landing_scout_1]: [scout_1] Landing controller state: FLIGHT
[landing_controller-11] [INFO] [1786781029.158568715] [landing_scout_2]: [scout_2] Landing controller state: FLIGHT
[landing_controller-15] [INFO] [1786781029.190230184] [landing_scout_3]: [scout_3] Landing controller state: FLIGHT
[landing_controller-7] [INFO] [1786781029.190589162] [landing_scout_1]: [scout_1] Landing controller state: FLIGHT
[landing_controller-11] [INFO] [1786781034.158282532] [landing_scout_2]: [scout_2] Landing controller state: FLIGHT
[landing_controller-15] [INFO] [1786781034.190240542] [landing_scout_3]: [scout_3] Landing controller state: FLIGHT
[landing_controller-7] [INFO] [1786781034.190647780] [landing_scout_1]: [scout_1] Landing controller state: FLIGHT
[swarm_manager-3] [WARN] [1786781036.148820342] [swarm_manager_node]: 🔋 scout_3 BMS Alert! Li-ion cells critical (14.9%). Fleeing to sunlight.
[swarm_manager-3] [WARN] [1786781036.149612748] [swarm_manager_node]: ↩️ Requeuing scout_3's anomaly target [-10.6, -15.4] — task abandoned for recharge.
[landing_controller-11] [INFO] [1786781039.158282028] [landing_scout_2]: [scout_2] Landing controller state: FLIGHT
[landing_controller-15] [INFO] [1786781039.190401300] [landing_scout_3]: [scout_3] Landing controller state: FLIGHT
[landing_controller-7] [INFO] [1786781039.190685200] [landing_scout_1]: [scout_1] Landing controller state: FLIGHT
[landing_controller-11] [INFO] [1786781044.158731887] [landing_scout_2]: [scout_2] Landing controller state: FLIGHT
[landing_controller-15] [INFO] [1786781044.190229582] [landing_scout_3]: [scout_3] Landing controller state: FLIGHT
[landing_controller-7] [INFO] [1786781044.190762532] [landing_scout_1]: [scout_1] Landing controller state: FLIGHT
[landing_controller-11] [INFO] [1786781049.158469130] [landing_scout_2]: [scout_2] Landing controller state: FLIGHT
[landing_controller-7] [INFO] [1786781049.190729619] [landing_scout_1]: [scout_1] Landing controller state: FLIGHT
[landing_controller-15] [INFO] [1786781049.192191024] [landing_scout_3]: [scout_3] Landing controller state: FLIGHT
[landing_controller-11] [INFO] [1786781054.158184616] [landing_scout_2]: [scout_2] Landing controller state: FLIGHT
[landing_controller-15] [INFO] [1786781054.190443429] [landing_scout_3]: [scout_3] Landing controller state: FLIGHT
[landing_controller-7] [INFO] [1786781054.190620892] [landing_scout_1]: [scout_1] Landing controller state: FLIGHT
[landing_controller-11] [INFO] [1786781059.157990996] [landing_scout_2]: [scout_2] Landing controller state: FLIGHT
[landing_controller-15] [INFO] [1786781059.190650691] [landing_scout_3]: [scout_3] Landing controller state: FLIGHT
[landing_controller-7] [INFO] [1786781059.190796866] [landing_scout_1]: [scout_1] Landing controller state: FLIGHT
[landing_controller-11] [INFO] [1786781064.158540716] [landing_scout_2]: [scout_2] Landing controller state: FLIGHT
[landing_controller-7] [INFO] [1786781064.192499019] [landing_scout_1]: [scout_1] Landing controller state: FLIGHT
[landing_controller-15] [INFO] [1786781064.192510892] [landing_scout_3]: [scout_3] Landing controller state: FLIGHT
[landing_controller-11] [INFO] [1786781069.158266773] [landing_scout_2]: [scout_2] Landing controller state: FLIGHT
[landing_controller-15] [INFO] [1786781069.190332059] [landing_scout_3]: [scout_3] Landing controller state: FLIGHT
[landing_controller-7] [INFO] [1786781069.200130003] [landing_scout_1]: [scout_1] Landing controller state: FLIGHT
[landing_controller-11] [INFO] [1786781074.158094200] [landing_scout_2]: [scout_2] Landing controller state: FLIGHT
[landing_controller-15] [INFO] [1786781074.190419571] [landing_scout_3]: [scout_3] Landing controller state: FLIGHT
[landing_controller-7] [INFO] [1786781074.190880795] [landing_scout_1]: [scout_1] Landing controller state: FLIGHT
[landing_controller-11] [INFO] [1786781079.159949047] [landing_scout_2]: [scout_2] Landing controller state: FLIGHT
[landing_controller-15] [INFO] [1786781079.190323783] [landing_scout_3]: [scout_3] Landing controller state: FLIGHT
[landing_controller-7] [INFO] [1786781079.190576884] [landing_scout_1]: [scout_1] Landing controller state: FLIGHT
[landing_controller-11] [INFO] [1786781084.158245569] [landing_scout_2]: [scout_2] Landing controller state: FLIGHT
[landing_controller-15] [INFO] [1786781084.190790099] [landing_scout_3]: [scout_3] Landing controller state: FLIGHT
[landing_controller-7] [INFO] [1786781084.190797293] [landing_scout_1]: [scout_1] Landing controller state: FLIGHT
[landing_controller-11] [INFO] [1786781089.158163321] [landing_scout_2]: [scout_2] Landing controller state: FLIGHT
[landing_controller-15] [INFO] [1786781089.191000691] [landing_scout_3]: [scout_3] Landing controller state: FLIGHT
[landing_controller-7] [INFO] [1786781089.191961762] [landing_scout_1]: [scout_1] Landing controller state: FLIGHT
[landing_controller-11] [INFO] [1786781094.157925779] [landing_scout_2]: [scout_2] Landing controller state: FLIGHT
[landing_controller-15] [INFO] [1786781094.190593507] [landing_scout_3]: [scout_3] Landing controller state: FLIGHT
[landing_controller-7] [INFO] [1786781094.191645230] [landing_scout_1]: [scout_1] Landing controller state: FLIGHT
[landing_controller-11] [INFO] [1786781099.159447889] [landing_scout_2]: [scout_2] Landing controller state: FLIGHT
[landing_controller-15] [INFO] [1786781099.190388471] [landing_scout_3]: [scout_3] Landing controller state: FLIGHT
[landing_controller-7] [INFO] [1786781099.191522395] [landing_scout_1]: [scout_1] Landing controller state: FLIGHT
[landing_controller-11] [INFO] [1786781104.158053993] [landing_scout_2]: [scout_2] Landing controller state: FLIGHT
[landing_controller-15] [INFO] [1786781104.190254561] [landing_scout_3]: [scout_3] Landing controller state: FLIGHT
[landing_controller-7] [INFO] [1786781104.190641894] [landing_scout_1]: [scout_1] Landing controller state: FLIGHT
[landing_controller-11] [INFO] [1786781109.158015095] [landing_scout_2]: [scout_2] Landing controller state: FLIGHT
[landing_controller-15] [INFO] [1786781109.190073818] [landing_scout_3]: [scout_3] Landing controller state: FLIGHT
[landing_controller-7] [INFO] [1786781109.190621853] [landing_scout_1]: [scout_1] Landing controller state: FLIGHT
[landing_controller-11] [INFO] [1786781114.157986562] [landing_scout_2]: [scout_2] Landing controller state: FLIGHT
[landing_controller-15] [INFO] [1786781114.190431571] [landing_scout_3]: [scout_3] Landing controller state: FLIGHT
[landing_controller-7] [INFO] [1786781114.191487554] [landing_scout_1]: [scout_1] Landing controller state: FLIGHT
[landing_controller-11] [INFO] [1786781119.157698182] [landing_scout_2]: [scout_2] Landing controller state: FLIGHT
[landing_controller-15] [INFO] [1786781119.190256053] [landing_scout_3]: [scout_3] Landing controller state: FLIGHT
[landing_controller-7] [INFO] [1786781119.190704636] [landing_scout_1]: [scout_1] Landing controller state: FLIGHT
[landing_controller-11] [INFO] [1786781124.157842002] [landing_scout_2]: [scout_2] Landing controller state: FLIGHT
[landing_controller-7] [INFO] [1786781124.190715900] [landing_scout_1]: [scout_1] Landing controller state: FLIGHT
[landing_controller-15] [INFO] [1786781124.190810812] [landing_scout_3]: [scout_3] Landing controller state: FLIGHT
[landing_controller-11] [INFO] [1786781129.158342034] [landing_scout_2]: [scout_2] Landing controller state: FLIGHT
[landing_controller-15] [INFO] [1786781129.190498325] [landing_scout_3]: [scout_3] Landing controller state: FLIGHT
[landing_controller-7] [INFO] [1786781129.190796612] [landing_scout_1]: [scout_1] Landing controller state: FLIGHT
[landing_controller-11] [INFO] [1786781134.158201731] [landing_scout_2]: [scout_2] Landing controller state: FLIGHT
[landing_controller-15] [INFO] [1786781134.190570964] [landing_scout_3]: [scout_3] Landing controller state: FLIGHT
[landing_controller-7] [INFO] [1786781134.190818617] [landing_scout_1]: [scout_1] Landing controller state: FLIGHT
[landing_controller-11] [INFO] [1786781139.157969754] [landing_scout_2]: [scout_2] Landing controller state: FLIGHT
[landing_controller-15] [INFO] [1786781139.191804862] [landing_scout_3]: [scout_3] Landing controller state: FLIGHT
[landing_controller-7] [INFO] [1786781139.191940003] [landing_scout_1]: [scout_1] Landing controller state: FLIGHT
[landing_controller-11] [INFO] [1786781144.157784039] [landing_scout_2]: [scout_2] Landing controller state: FLIGHT
[landing_controller-7] [INFO] [1786781144.191112317] [landing_scout_1]: [scout_1] Landing controller state: FLIGHT
[landing_controller-15] [INFO] [1786781144.191926863] [landing_scout_3]: [scout_3] Landing controller state: FLIGHT
[landing_controller-11] [INFO] [1786781149.157812760] [landing_scout_2]: [scout_2] Landing controller state: FLIGHT
[landing_controller-15] [INFO] [1786781149.190292551] [landing_scout_3]: [scout_3] Landing controller state: FLIGHT
[landing_controller-7] [INFO] [1786781149.190609416] [landing_scout_1]: [scout_1] Landing controller state: FLIGHT
[landing_controller-11] [INFO] [1786781154.158074774] [landing_scout_2]: [scout_2] Landing controller state: FLIGHT
[landing_controller-15] [INFO] [1786781154.190478858] [landing_scout_3]: [scout_3] Landing controller state: FLIGHT
[landing_controller-7] [INFO] [1786781154.192967961] [landing_scout_1]: [scout_1] Landing controller state: FLIGHT
[landing_controller-15] [INFO] [1786781158.917940101] [landing_scout_3]: [scout_3] 🎯 Contact detected! accel=0.0923 m/s² → hands-off settle (no posture commands at contact)
[landing_controller-11] [INFO] [1786781159.158790008] [landing_scout_2]: [scout_2] Landing controller state: FLIGHT
[landing_controller-7] [INFO] [1786781159.191350534] [landing_scout_1]: [scout_1] Landing controller state: FLIGHT
[landing_controller-15] [INFO] [1786781159.192594387] [landing_scout_3]: [scout_3] Landing controller state: CONTACT
[attitude_controller-14] [INFO] [1786781159.295028518] [attitude_scout_3]: [scout_3] Contact — commanded-flight latch cleared (full attitude PD locked out until next ignition).
[landing_controller-15] [WARN] [1786781160.250444161] [landing_scout_3]: [scout_3] Sustained contact accel but velocity still 0.0173 m/s — not actually landed, resetting settle counter (likely a false accel trigger, e.g. RW/leg motor reaction torque).
[landing_controller-15] [WARN] [1786781162.867295826] [landing_scout_3]: [scout_3] Sustained contact accel but velocity still 0.0128 m/s — not actually landed, resetting settle counter (likely a false accel trigger, e.g. RW/leg motor reaction torque).
[landing_controller-11] [INFO] [1786781164.158114540] [landing_scout_2]: [scout_2] Landing controller state: FLIGHT
[landing_controller-15] [INFO] [1786781164.191084959] [landing_scout_3]: [scout_3] Landing controller state: CONTACT
[landing_controller-7] [INFO] [1786781164.192025566] [landing_scout_1]: [scout_1] Landing controller state: FLIGHT
[landing_controller-15] [INFO] [1786781165.457146598] [landing_scout_3]: [scout_3] ✅ LANDED — stable contact confirmed
[attitude_controller-14] [INFO] [1786781165.461286722] [attitude_scout_3]: [scout_3] Landed — tilt correction stopped, yaw-hold pinned to current heading.
[swarm_manager-3] [INFO] [1786781165.462844018] [swarm_manager_node]: 🧭 scout_3 heading calibration: measured offset -114°, bias now -82°
[attitude_controller-14] [INFO] [1786781165.463527962] [attitude_scout_3]: [scout_3] Landed — tilt correction stopped, yaw-hold pinned to current heading.
[attitude_controller-14] [INFO] [1786781165.528156013] [attitude_scout_3]: [scout_3] Landed — tilt correction stopped, yaw-hold pinned to current heading.
[attitude_controller-14] [INFO] [1786781165.565844273] [attitude_scout_3]: [scout_3] Landed — tilt correction stopped, yaw-hold pinned to current heading.
[attitude_controller-14] [INFO] [1786781165.590115682] [attitude_scout_3]: [scout_3] Landed — tilt correction stopped, yaw-hold pinned to current heading.
[attitude_controller-14] [INFO] [1786781165.622280075] [attitude_scout_3]: [scout_3] Landed — tilt correction stopped, yaw-hold pinned to current heading.
[attitude_controller-14] [INFO] [1786781165.649943270] [attitude_scout_3]: [scout_3] Landed — tilt correction stopped, yaw-hold pinned to current heading.
[attitude_controller-14] [INFO] [1786781165.673110086] [attitude_scout_3]: [scout_3] Landed — tilt correction stopped, yaw-hold pinned to current heading.
[attitude_controller-14] [INFO] [1786781165.697979466] [attitude_scout_3]: [scout_3] Landed — tilt correction stopped, yaw-hold pinned to current heading.
[attitude_controller-14] [INFO] [1786781165.723647817] [attitude_scout_3]: [scout_3] Landed — tilt correction stopped, yaw-hold pinned to current heading.
[attitude_controller-14] [INFO] [1786781165.746667410] [attitude_scout_3]: [scout_3] Landed — tilt correction stopped, yaw-hold pinned to current heading.
[attitude_controller-14] [INFO] [1786781165.777359084] [attitude_scout_3]: [scout_3] Landed — tilt correction stopped, yaw-hold pinned to current heading.
[attitude_controller-14] [INFO] [1786781165.805801485] [attitude_scout_3]: [scout_3] Landed — tilt correction stopped, yaw-hold pinned to current heading.
[attitude_controller-14] [INFO] [1786781165.829678506] [attitude_scout_3]: [scout_3] Landed — tilt correction stopped, yaw-hold pinned to current heading.
[attitude_controller-14] [INFO] [1786781165.861512905] [attitude_scout_3]: [scout_3] Landed — tilt correction stopped, yaw-hold pinned to current heading.
[attitude_controller-14] [INFO] [1786781165.886471680] [attitude_scout_3]: [scout_3] Landed — tilt correction stopped, yaw-hold pinned to current heading.
[attitude_controller-14] [INFO] [1786781165.912551599] [attitude_scout_3]: [scout_3] Landed — tilt correction stopped, yaw-hold pinned to current heading.
[attitude_controller-14] [INFO] [1786781165.938869603] [attitude_scout_3]: [scout_3] Landed — tilt correction stopped, yaw-hold pinned to current heading.
[attitude_controller-14] [INFO] [1786781165.967226590] [attitude_scout_3]: [scout_3] Landed — tilt correction stopped, yaw-hold pinned to current heading.
[attitude_controller-14] [INFO] [1786781165.999031027] [attitude_scout_3]: [scout_3] Landed — tilt correction stopped, yaw-hold pinned to current heading.
[attitude_controller-14] [INFO] [1786781166.026455857] [attitude_scout_3]: [scout_3] Landed — tilt correction stopped, yaw-hold pinned to current heading.
[attitude_controller-14] [INFO] [1786781166.052600937] [attitude_scout_3]: [scout_3] Landed — tilt correction stopped, yaw-hold pinned to current heading.
[attitude_controller-14] [INFO] [1786781166.081171565] [attitude_scout_3]: [scout_3] Landed — tilt correction stopped, yaw-hold pinned to current heading.
[attitude_controller-14] [INFO] [1786781166.107733870] [attitude_scout_3]: [scout_3] Landed — tilt correction stopped, yaw-hold pinned to current heading.
[attitude_controller-14] [INFO] [1786781166.136751057] [attitude_scout_3]: [scout_3] Landed — tilt correction stopped, yaw-hold pinned to current heading.
[attitude_controller-14] [INFO] [1786781166.169475149] [attitude_scout_3]: [scout_3] Landed — tilt correction stopped, yaw-hold pinned to current heading.
[attitude_controller-14] [INFO] [1786781166.196418781] [attitude_scout_3]: [scout_3] Landed — tilt correction stopped, yaw-hold pinned to current heading.
[attitude_controller-14] [INFO] [1786781166.227778894] [attitude_scout_3]: [scout_3] Landed — tilt correction stopped, yaw-hold pinned to current heading.
[attitude_controller-14] [INFO] [1786781166.253792605] [attitude_scout_3]: [scout_3] Landed — tilt correction stopped, yaw-hold pinned to current heading.
[attitude_controller-14] [INFO] [1786781166.279182364] [attitude_scout_3]: [scout_3] Landed — tilt correction stopped, yaw-hold pinned to current heading.
[attitude_controller-14] [INFO] [1786781166.305495409] [attitude_scout_3]: [scout_3] Landed — tilt correction stopped, yaw-hold pinned to current heading.
[attitude_controller-14] [INFO] [1786781166.333164331] [attitude_scout_3]: [scout_3] Landed — tilt correction stopped, yaw-hold pinned to current heading.
[attitude_controller-14] [INFO] [1786781166.358990521] [attitude_scout_3]: [scout_3] Landed — tilt correction stopped, yaw-hold pinned to current heading.
[attitude_controller-14] [INFO] [1786781166.386285868] [attitude_scout_3]: [scout_3] Landed — tilt correction stopped, yaw-hold pinned to current heading.
[attitude_controller-14] [INFO] [1786781166.412544438] [attitude_scout_3]: [scout_3] Landed — tilt correction stopped, yaw-hold pinned to current heading.
[attitude_controller-14] [INFO] [1786781166.437398173] [attitude_scout_3]: [scout_3] Landed — tilt correction stopped, yaw-hold pinned to current heading.
[attitude_controller-14] [INFO] [1786781166.466705126] [attitude_scout_3]: [scout_3] Landed — tilt correction stopped, yaw-hold pinned to current heading.
[attitude_controller-14] [INFO] [1786781166.493616073] [attitude_scout_3]: [scout_3] Landed — tilt correction stopped, yaw-hold pinned to current heading.
[attitude_controller-14] [INFO] [1786781166.526447300] [attitude_scout_3]: [scout_3] Landed — tilt correction stopped, yaw-hold pinned to current heading.
[attitude_controller-14] [INFO] [1786781166.562050762] [attitude_scout_3]: [scout_3] Landed — tilt correction stopped, yaw-hold pinned to current heading.
[attitude_controller-14] [INFO] [1786781166.600544209] [attitude_scout_3]: [scout_3] Landed — tilt correction stopped, yaw-hold pinned to current heading.
[attitude_controller-14] [INFO] [1786781166.629871346] [attitude_scout_3]: [scout_3] Landed — tilt correction stopped, yaw-hold pinned to current heading.
[attitude_controller-14] [INFO] [1786781166.661878180] [attitude_scout_3]: [scout_3] Landed — tilt correction stopped, yaw-hold pinned to current heading.
[attitude_controller-14] [INFO] [1786781166.691980402] [attitude_scout_3]: [scout_3] Landed — tilt correction stopped, yaw-hold pinned to current heading.
[attitude_controller-14] [INFO] [1786781166.717470661] [attitude_scout_3]: [scout_3] Landed — tilt correction stopped, yaw-hold pinned to current heading.
[attitude_controller-14] [INFO] [1786781166.743105768] [attitude_scout_3]: [scout_3] Landed — tilt correction stopped, yaw-hold pinned to current heading.
[attitude_controller-14] [INFO] [1786781166.773291101] [attitude_scout_3]: [scout_3] Landed — tilt correction stopped, yaw-hold pinned to current heading.
[attitude_controller-14] [INFO] [1786781166.810839331] [attitude_scout_3]: [scout_3] Landed — tilt correction stopped, yaw-hold pinned to current heading.
[landing_controller-15] [WARN] [1786781166.825889674] [landing_scout_3]: [scout_3] ⚠️ Liftoff detected while LANDED (v=0.192 m/s sustained) → back to FLIGHT
[landing_controller-15] [INFO] [1786781166.830254404] [landing_scout_3]: [scout_3] 🎯 Contact detected! accel=0.1214 m/s² → hands-off settle (no posture commands at contact)
[attitude_controller-14] [INFO] [1786781166.844558925] [attitude_scout_3]: [scout_3] Landed — tilt correction stopped, yaw-hold pinned to current heading.
[attitude_controller-14] [INFO] [1786781166.876249313] [attitude_scout_3]: [scout_3] Landed — tilt correction stopped, yaw-hold pinned to current heading.
[attitude_controller-14] [INFO] [1786781166.909767697] [attitude_scout_3]: [scout_3] Landed — tilt correction stopped, yaw-hold pinned to current heading.
[attitude_controller-14] [INFO] [1786781166.944652154] [attitude_scout_3]: [scout_3] Landed — tilt correction stopped, yaw-hold pinned to current heading.
[attitude_controller-14] [INFO] [1786781166.946294236] [attitude_scout_3]: [scout_3] Landed — tilt correction stopped, yaw-hold pinned to current heading.
[attitude_controller-14] [INFO] [1786781166.948749676] [attitude_scout_3]: [scout_3] Landed — tilt correction stopped, yaw-hold pinned to current heading.
[attitude_controller-14] [INFO] [1786781166.951190729] [attitude_scout_3]: [scout_3] Landed — tilt correction stopped, yaw-hold pinned to current heading.
[attitude_controller-14] [INFO] [1786781166.952680140] [attitude_scout_3]: [scout_3] Landed — tilt correction stopped, yaw-hold pinned to current heading.
[attitude_controller-14] [INFO] [1786781167.073612343] [attitude_scout_3]: [scout_3] Airborne (landed=False) — tilt correction armed.
[hopper_locomotion-13] [INFO] [1786781167.079048910] [loco_scout_3]: [scout_3] Landing controller reported LANDED. Settling to IDLE.
[landing_controller-15] [INFO] [1786781167.593818879] [landing_scout_3]: [scout_3] ⚠️ Bounce detected (v=0.0414 m/s) → back to FLIGHT
[hopper_locomotion-13] [INFO] [1786781167.915169830] [loco_scout_3]: [scout_3] 🦵 Idle 300s with no jump command -- self-initiating recovery hop (legs).
[hopper_locomotion-13] [INFO] [1786781167.916288320] [loco_scout_3]: 1. Crouching (waking physics, planting feet under body)
[landing_controller-15] [INFO] [1786781167.924570314] [landing_scout_3]: [scout_3] 🎯 Contact detected! accel=0.9363 m/s² → hands-off settle (no posture commands at contact)
[landing_controller-15] [INFO] [1786781168.732655302] [landing_scout_3]: [scout_3] ⚠️ Bounce detected (v=0.0394 m/s) → back to FLIGHT
[landing_controller-11] [INFO] [1786781169.158022264] [landing_scout_2]: [scout_2] Landing controller state: FLIGHT
[landing_controller-7] [INFO] [1786781169.190767867] [landing_scout_1]: [scout_1] Landing controller state: FLIGHT
[landing_controller-15] [INFO] [1786781169.192628339] [landing_scout_3]: [scout_3] Landing controller state: FLIGHT
[landing_controller-11] [INFO] [1786781174.157954877] [landing_scout_2]: [scout_2] Landing controller state: FLIGHT
[landing_controller-7] [INFO] [1786781174.190596837] [landing_scout_1]: [scout_1] Landing controller state: FLIGHT
[landing_controller-15] [INFO] [1786781174.191190968] [landing_scout_3]: [scout_3] Landing controller state: FLIGHT
[hopper_locomotion-13] [INFO] [1786781178.120892270] [loco_scout_3]: 2. IGNITION (stroke fraction=0.90, ramp=4.0s)
[attitude_controller-14] [INFO] [1786781178.125805455] [attitude_scout_3]: [scout_3] Jump initiated. Flight mode active (tilt-PD held for stroke).
[landing_controller-15] [INFO] [1786781178.130284164] [landing_scout_3]: [scout_3] 🚀 Jump detected → FLIGHT mode (contact detection blanked 100 s for launch)
[landing_controller-15] [INFO] [1786781178.196824020] [landing_scout_3]: [scout_3] 📏 CALIBSERIES t=0.1s v=0.03855 m/s (vx=-0.00018 vy=-0.00801 vz=0.03770)
[landing_controller-11] [INFO] [1786781179.159024513] [landing_scout_2]: [scout_2] Landing controller state: FLIGHT
[landing_controller-15] [INFO] [1786781179.190399154] [landing_scout_3]: [scout_3] Landing controller state: FLIGHT
[landing_controller-7] [INFO] [1786781179.192614623] [landing_scout_1]: [scout_1] Landing controller state: FLIGHT
[landing_controller-15] [INFO] [1786781180.270223525] [landing_scout_3]: [scout_3] 📏 CALIBSERIES t=2.1s v=0.03654 m/s (vx=-0.00153 vy=-0.00806 vz=0.03561)
[landing_controller-15] [INFO] [1786781182.298789009] [landing_scout_3]: [scout_3] 📏 CALIBSERIES t=4.2s v=0.03599 m/s (vx=-0.00161 vy=-0.00806 vz=0.03504)
[hopper_locomotion-13] [INFO] [1786781182.628675409] [loco_scout_3]: 3. Separation confirmed (genuine ground clearance) — holding extension for clearance, then slow retract (FLIGHT)
[attitude_controller-14] [INFO] [1786781182.629958931] [attitude_scout_3]: [scout_3] Separation — tilt correction engaged.
[landing_controller-11] [INFO] [1786781184.157983256] [landing_scout_2]: [scout_2] Landing controller state: FLIGHT
[landing_controller-7] [INFO] [1786781184.190509212] [landing_scout_1]: [scout_1] Landing controller state: FLIGHT
[landing_controller-15] [INFO] [1786781184.190555585] [landing_scout_3]: [scout_3] Landing controller state: FLIGHT
[landing_controller-15] [INFO] [1786781184.316528015] [landing_scout_3]: [scout_3] 📏 CALIBSERIES t=6.2s v=0.04315 m/s (vx=0.00002 vy=-0.02229 vz=0.03695)
[landing_controller-15] [INFO] [1786781186.333206364] [landing_scout_3]: [scout_3] 📏 CALIBSERIES t=8.2s v=0.04013 m/s (vx=0.00462 vy=-0.01622 vz=0.03642)
[landing_controller-15] [INFO] [1786781188.395402966] [landing_scout_3]: [scout_3] 📏 CALIBSERIES t=10.3s v=0.03836 m/s (vx=0.00483 vy=-0.01183 vz=0.03617)
[landing_controller-11] [INFO] [1786781189.157674507] [landing_scout_2]: [scout_2] Landing controller state: FLIGHT
[landing_controller-15] [INFO] [1786781189.190561117] [landing_scout_3]: [scout_3] Landing controller state: FLIGHT
[landing_controller-7] [INFO] [1786781189.190803114] [landing_scout_1]: [scout_1] Landing controller state: FLIGHT
[landing_controller-15] [INFO] [1786781190.467941084] [landing_scout_3]: [scout_3] 📏 CALIBSERIES t=12.3s v=0.03802 m/s (vx=0.00352 vy=-0.01158 vz=0.03604)
[landing_controller-15] [INFO] [1786781192.510877387] [landing_scout_3]: [scout_3] 📏 CALIBSERIES t=14.4s v=0.03787 m/s (vx=0.00323 vy=-0.01155 vz=0.03592)
[landing_controller-15] [INFO] [1786781192.511589477] [landing_scout_3]: [scout_3] 📏 CALIBSTABLE t=14.4s v=0.03787 m/s (vx=0.00323 vy=-0.01155 vz=0.03592) -- 3 consecutive samples steady
[landing_controller-11] [INFO] [1786781194.157809756] [landing_scout_2]: [scout_2] Landing controller state: FLIGHT
[landing_controller-15] [INFO] [1786781194.192198699] [landing_scout_3]: [scout_3] Landing controller state: FLIGHT
[landing_controller-7] [INFO] [1786781194.192216298] [landing_scout_1]: [scout_1] Landing controller state: FLIGHT
[landing_controller-11] [INFO] [1786781199.157900961] [landing_scout_2]: [scout_2] Landing controller state: FLIGHT
[landing_controller-15] [INFO] [1786781199.190162503] [landing_scout_3]: [scout_3] Landing controller state: FLIGHT
[landing_controller-7] [INFO] [1786781199.190811947] [landing_scout_1]: [scout_1] Landing controller state: FLIGHT
[landing_controller-11] [INFO] [1786781204.157719395] [landing_scout_2]: [scout_2] Landing controller state: FLIGHT
[landing_controller-7] [INFO] [1786781204.190848701] [landing_scout_1]: [scout_1] Landing controller state: FLIGHT
[landing_controller-15] [INFO] [1786781204.191061923] [landing_scout_3]: [scout_3] Landing controller state: FLIGHT
[landing_controller-11] [INFO] [1786781209.158826962] [landing_scout_2]: [scout_2] Landing controller state: FLIGHT
[landing_controller-15] [INFO] [1786781209.191003648] [landing_scout_3]: [scout_3] Landing controller state: FLIGHT
[landing_controller-7] [INFO] [1786781209.192519599] [landing_scout_1]: [scout_1] Landing controller state: FLIGHT
[swarm_manager-3] [INFO] [1786781214.148540272] [swarm_manager_node]: 🛰️ scout_2 assuming SCOUT role. Scanning regolith...
[landing_controller-11] [INFO] [1786781214.157920084] [landing_scout_2]: [scout_2] Landing controller state: FLIGHT
[landing_controller-15] [INFO] [1786781214.190226743] [landing_scout_3]: [scout_3] Landing controller state: FLIGHT
[landing_controller-7] [INFO] [1786781214.190659891] [landing_scout_1]: [scout_1] Landing controller state: FLIGHT
[swarm_manager-3] [INFO] [1786781216.149033641] [swarm_manager_node]: 📍 scout_2 detected high-value spectral anomaly at [-13.4, -13.4]!
[landing_controller-11] [INFO] [1786781219.160006927] [landing_scout_2]: [scout_2] Landing controller state: FLIGHT
[landing_controller-15] [INFO] [1786781219.191169255] [landing_scout_3]: [scout_3] Landing controller state: FLIGHT
[landing_controller-7] [INFO] [1786781219.191433181] [landing_scout_1]: [scout_1] Landing controller state: FLIGHT
[swarm_manager-3] [INFO] [1786781224.148960632] [swarm_manager_node]: 📍 scout_2 detected high-value spectral anomaly at [-4.2, 4.7]!
[landing_controller-11] [INFO] [1786781224.157875938] [landing_scout_2]: [scout_2] Landing controller state: FLIGHT
[landing_controller-7] [INFO] [1786781224.191071871] [landing_scout_1]: [scout_1] Landing controller state: FLIGHT
[landing_controller-15] [INFO] [1786781224.192228774] [landing_scout_3]: [scout_3] Landing controller state: FLIGHT
[landing_controller-11] [INFO] [1786781229.157910574] [landing_scout_2]: [scout_2] Landing controller state: FLIGHT
[landing_controller-15] [INFO] [1786781229.190728464] [landing_scout_3]: [scout_3] Landing controller state: FLIGHT
[landing_controller-7] [INFO] [1786781229.191157282] [landing_scout_1]: [scout_1] Landing controller state: FLIGHT
[landing_controller-11] [INFO] [1786781234.157881959] [landing_scout_2]: [scout_2] Landing controller state: FLIGHT
[landing_controller-7] [INFO] [1786781234.190688325] [landing_scout_1]: [scout_1] Landing controller state: FLIGHT
[landing_controller-15] [INFO] [1786781234.190822977] [landing_scout_3]: [scout_3] Landing controller state: FLIGHT
[swarm_manager-3] [INFO] [1786781236.150314485] [swarm_manager_node]: 📍 scout_2 detected high-value spectral anomaly at [1.9, -9.6]!
[landing_controller-11] [INFO] [1786781239.157936546] [landing_scout_2]: [scout_2] Landing controller state: FLIGHT
[landing_controller-15] [INFO] [1786781239.190306481] [landing_scout_3]: [scout_3] Landing controller state: FLIGHT
[landing_controller-7] [INFO] [1786781239.190968146] [landing_scout_1]: [scout_1] Landing controller state: FLIGHT
[swarm_manager-3] [INFO] [1786781244.148670917] [swarm_manager_node]: 📍 scout_2 detected high-value spectral anomaly at [-4.6, 2.7]!
[landing_controller-11] [INFO] [1786781244.158843345] [landing_scout_2]: [scout_2] Landing controller state: FLIGHT
[landing_controller-15] [INFO] [1786781244.190265619] [landing_scout_3]: [scout_3] Landing controller state: FLIGHT
[landing_controller-7] [INFO] [1786781244.190532827] [landing_scout_1]: [scout_1] Landing controller state: FLIGHT
[swarm_manager-3] [INFO] [1786781246.148689568] [swarm_manager_node]: 📍 scout_2 detected high-value spectral anomaly at [-9.4, -12.2]!
[landing_controller-11] [INFO] [1786781249.161161077] [landing_scout_2]: [scout_2] Landing controller state: FLIGHT
[landing_controller-15] [INFO] [1786781249.190042287] [landing_scout_3]: [scout_3] Landing controller state: FLIGHT
[landing_controller-7] [INFO] [1786781249.191043864] [landing_scout_1]: [scout_1] Landing controller state: FLIGHT
[swarm_manager-3] [INFO] [1786781254.149040286] [swarm_manager_node]: 🛰️ scout_3 assuming SCOUT role. Scanning regolith...
[landing_controller-11] [INFO] [1786781254.157811023] [landing_scout_2]: [scout_2] Landing controller state: FLIGHT
[landing_controller-15] [INFO] [1786781254.191176739] [landing_scout_3]: [scout_3] Landing controller state: FLIGHT
[landing_controller-7] [INFO] [1786781254.191335905] [landing_scout_1]: [scout_1] Landing controller state: FLIGHT
[landing_controller-11] [INFO] [1786781259.159711993] [landing_scout_2]: [scout_2] Landing controller state: FLIGHT
[landing_controller-7] [INFO] [1786781259.192760425] [landing_scout_1]: [scout_1] Landing controller state: FLIGHT
[landing_controller-15] [INFO] [1786781259.194253189] [landing_scout_3]: [scout_3] Landing controller state: FLIGHT
[landing_controller-11] [INFO] [1786781264.157783369] [landing_scout_2]: [scout_2] Landing controller state: FLIGHT
[landing_controller-15] [INFO] [1786781264.190338870] [landing_scout_3]: [scout_3] Landing controller state: FLIGHT
[landing_controller-7] [INFO] [1786781264.190592459] [landing_scout_1]: [scout_1] Landing controller state: FLIGHT
[swarm_manager-3] [INFO] [1786781268.148569508] [swarm_manager_node]: 📍 scout_2 detected high-value spectral anomaly at [2.4, -1.3]!
[landing_controller-11] [INFO] [1786781269.158318518] [landing_scout_2]: [scout_2] Landing controller state: FLIGHT
[landing_controller-15] [INFO] [1786781269.190109478] [landing_scout_3]: [scout_3] Landing controller state: FLIGHT
[landing_controller-7] [INFO] [1786781269.190807810] [landing_scout_1]: [scout_1] Landing controller state: FLIGHT
[landing_controller-11] [INFO] [1786781274.157757057] [landing_scout_2]: [scout_2] Landing controller state: FLIGHT
[landing_controller-15] [INFO] [1786781274.190235874] [landing_scout_3]: [scout_3] Landing controller state: FLIGHT
[landing_controller-7] [INFO] [1786781274.190418017] [landing_scout_1]: [scout_1] Landing controller state: FLIGHT
[landing_controller-11] [INFO] [1786781279.158060519] [landing_scout_2]: [scout_2] Landing controller state: FLIGHT
[landing_controller-15] [INFO] [1786781279.190607849] [landing_scout_3]: [scout_3] Landing controller state: FLIGHT
[landing_controller-7] [INFO] [1786781279.190692914] [landing_scout_1]: [scout_1] Landing controller state: FLIGHT
[swarm_manager-3] [INFO] [1786781280.149141822] [swarm_manager_node]: 📍 scout_3 detected high-value spectral anomaly at [-11.3, -10.9]!
[landing_controller-11] [INFO] [1786781284.157781464] [landing_scout_2]: [scout_2] Landing controller state: FLIGHT
[landing_controller-15] [INFO] [1786781284.190884163] [landing_scout_3]: [scout_3] Landing controller state: FLIGHT
[landing_controller-7] [INFO] [1786781284.194101140] [landing_scout_1]: [scout_1] Landing controller state: FLIGHT
[swarm_manager-3] [INFO] [1786781288.148920432] [swarm_manager_node]: 📍 scout_2 detected high-value spectral anomaly at [-7.9, -1.6]!
[landing_controller-11] [INFO] [1786781289.157976086] [landing_scout_2]: [scout_2] Landing controller state: FLIGHT
[landing_controller-15] [INFO] [1786781289.190189161] [landing_scout_3]: [scout_3] Landing controller state: FLIGHT
[landing_controller-7] [INFO] [1786781289.191972809] [landing_scout_1]: [scout_1] Landing controller state: FLIGHT
[landing_controller-11] [INFO] [1786781294.157806023] [landing_scout_2]: [scout_2] Landing controller state: FLIGHT
[landing_controller-15] [INFO] [1786781294.190117084] [landing_scout_3]: [scout_3] Landing controller state: FLIGHT
[landing_controller-7] [INFO] [1786781294.190535845] [landing_scout_1]: [scout_1] Landing controller state: FLIGHT
[landing_controller-11] [INFO] [1786781299.157999288] [landing_scout_2]: [scout_2] Landing controller state: FLIGHT
[landing_controller-7] [INFO] [1786781299.191218062] [landing_scout_1]: [scout_1] Landing controller state: FLIGHT
[landing_controller-15] [INFO] [1786781299.192015706] [landing_scout_3]: [scout_3] Landing controller state: FLIGHT
[landing_controller-11] [INFO] [1786781304.157768993] [landing_scout_2]: [scout_2] Landing controller state: FLIGHT
[landing_controller-7] [INFO] [1786781304.191130311] [landing_scout_1]: [scout_1] Landing controller state: FLIGHT
[landing_controller-15] [INFO] [1786781304.192300343] [landing_scout_3]: [scout_3] Landing controller state: FLIGHT
[landing_controller-11] [INFO] [1786781309.158198637] [landing_scout_2]: [scout_2] Landing controller state: FLIGHT
[landing_controller-15] [INFO] [1786781309.190170275] [landing_scout_3]: [scout_3] Landing controller state: FLIGHT
[landing_controller-7] [INFO] [1786781309.190596789] [landing_scout_1]: [scout_1] Landing controller state: FLIGHT
[landing_controller-11] [INFO] [1786781314.158560835] [landing_scout_2]: [scout_2] Landing controller state: FLIGHT
[landing_controller-15] [INFO] [1786781314.190443218] [landing_scout_3]: [scout_3] Landing controller state: FLIGHT
[landing_controller-7] [INFO] [1786781314.190717899] [landing_scout_1]: [scout_1] Landing controller state: FLIGHT
[swarm_manager-3] [INFO] [1786781316.148808615] [swarm_manager_node]: 📍 scout_3 detected high-value spectral anomaly at [-19.7, -11.5]!
[landing_controller-11] [INFO] [1786781319.157976300] [landing_scout_2]: [scout_2] Landing controller state: FLIGHT
[landing_controller-15] [INFO] [1786781319.190115625] [landing_scout_3]: [scout_3] Landing controller state: FLIGHT
[landing_controller-7] [INFO] [1786781319.190593890] [landing_scout_1]: [scout_1] Landing controller state: FLIGHT
[swarm_manager-3] [INFO] [1786781324.148705204] [swarm_manager_node]: 📍 scout_2 detected high-value spectral anomaly at [-6.5, 1.5]!
[swarm_manager-3] [INFO] [1786781324.149398158] [swarm_manager_node]: 📍 scout_3 detected high-value spectral anomaly at [-23.5, -17.7]!
[landing_controller-11] [INFO] [1786781324.158816523] [landing_scout_2]: [scout_2] Landing controller state: FLIGHT
[landing_controller-15] [INFO] [1786781324.190315832] [landing_scout_3]: [scout_3] Landing controller state: FLIGHT
[landing_controller-7] [INFO] [1786781324.190652951] [landing_scout_1]: [scout_1] Landing controller state: FLIGHT
[landing_controller-11] [INFO] [1786781329.157860196] [landing_scout_2]: [scout_2] Landing controller state: FLIGHT
[landing_controller-15] [INFO] [1786781329.190390766] [landing_scout_3]: [scout_3] Landing controller state: FLIGHT
[landing_controller-7] [INFO] [1786781329.191722408] [landing_scout_1]: [scout_1] Landing controller state: FLIGHT
[swarm_manager-3] [INFO] [1786781330.148705130] [swarm_manager_node]: 📍 scout_2 detected high-value spectral anomaly at [-3.1, 1.8]!
[landing_controller-11] [INFO] [1786781334.158054156] [landing_scout_2]: [scout_2] Landing controller state: FLIGHT
[landing_controller-15] [INFO] [1786781334.190164707] [landing_scout_3]: [scout_3] Landing controller state: FLIGHT
[landing_controller-7] [INFO] [1786781334.191916229] [landing_scout_1]: [scout_1] Landing controller state: FLIGHT
[swarm_manager-3] [INFO] [1786781336.149090601] [swarm_manager_node]: 📍 scout_3 detected high-value spectral anomaly at [-24.4, -3.1]!
[landing_controller-11] [INFO] [1786781339.158220129] [landing_scout_2]: [scout_2] Landing controller state: FLIGHT
[landing_controller-15] [INFO] [1786781339.190530702] [landing_scout_3]: [scout_3] Landing controller state: FLIGHT
[landing_controller-7] [INFO] [1786781339.190751886] [landing_scout_1]: [scout_1] Landing controller state: FLIGHT
[landing_controller-11] [INFO] [1786781344.159185999] [landing_scout_2]: [scout_2] Landing controller state: FLIGHT
[landing_controller-7] [INFO] [1786781344.190753893] [landing_scout_1]: [scout_1] Landing controller state: FLIGHT
[landing_controller-15] [INFO] [1786781344.191593651] [landing_scout_3]: [scout_3] Landing controller state: FLIGHT
[landing_controller-11] [INFO] [1786781349.158019109] [landing_scout_2]: [scout_2] Landing controller state: FLIGHT
[landing_controller-15] [INFO] [1786781349.190393237] [landing_scout_3]: [scout_3] Landing controller state: FLIGHT
[landing_controller-7] [INFO] [1786781349.192288280] [landing_scout_1]: [scout_1] Landing controller state: FLIGHT
[swarm_manager-3] [INFO] [1786781352.149005448] [swarm_manager_node]: 📍 scout_3 detected high-value spectral anomaly at [-21.5, -9.0]!
[landing_controller-11] [INFO] [1786781354.158941296] [landing_scout_2]: [scout_2] Landing controller state: FLIGHT
[landing_controller-15] [INFO] [1786781354.190910631] [landing_scout_3]: [scout_3] Landing controller state: FLIGHT
[landing_controller-7] [INFO] [1786781354.193027835] [landing_scout_1]: [scout_1] Landing controller state: FLIGHT
[swarm_manager-3] [INFO] [1786781356.148981710] [swarm_manager_node]: 📍 scout_2 detected high-value spectral anomaly at [1.3, -14.6]!
[landing_controller-11] [INFO] [1786781359.158152487] [landing_scout_2]: [scout_2] Landing controller state: FLIGHT
[landing_controller-15] [INFO] [1786781359.190424998] [landing_scout_3]: [scout_3] Landing controller state: FLIGHT
[landing_controller-7] [INFO] [1786781359.190796059] [landing_scout_1]: [scout_1] Landing controller state: FLIGHT
[swarm_manager-3] [INFO] [1786781360.148720666] [swarm_manager_node]: 📍 scout_3 detected high-value spectral anomaly at [-21.5, -8.4]!
[landing_controller-11] [INFO] [1786781364.158096109] [landing_scout_2]: [scout_2] Landing controller state: FLIGHT
[landing_controller-15] [INFO] [1786781364.190158681] [landing_scout_3]: [scout_3] Landing controller state: FLIGHT
[landing_controller-7] [INFO] [1786781364.190480015] [landing_scout_1]: [scout_1] Landing controller state: FLIGHT
[swarm_manager-3] [INFO] [1786781368.148550466] [swarm_manager_node]: 📍 scout_3 detected high-value spectral anomaly at [-8.6, -4.1]!
[landing_controller-11] [INFO] [1786781369.158050085] [landing_scout_2]: [scout_2] Landing controller state: FLIGHT
[landing_controller-15] [INFO] [1786781369.192100867] [landing_scout_3]: [scout_3] Landing controller state: FLIGHT
[landing_controller-7] [INFO] [1786781369.192125590] [landing_scout_1]: [scout_1] Landing controller state: FLIGHT
[landing_controller-11] [INFO] [1786781374.157862652] [landing_scout_2]: [scout_2] Landing controller state: FLIGHT
[landing_controller-15] [INFO] [1786781374.190145849] [landing_scout_3]: [scout_3] Landing controller state: FLIGHT
[landing_controller-7] [INFO] [1786781374.192161995] [landing_scout_1]: [scout_1] Landing controller state: FLIGHT
[landing_controller-11] [INFO] [1786781379.158690922] [landing_scout_2]: [scout_2] Landing controller state: FLIGHT
[landing_controller-15] [INFO] [1786781379.190678975] [landing_scout_3]: [scout_3] Landing controller state: FLIGHT
[landing_controller-7] [INFO] [1786781379.190706212] [landing_scout_1]: [scout_1] Landing controller state: FLIGHT
[swarm_manager-3] [INFO] [1786781380.149019563] [swarm_manager_node]: 📍 scout_3 detected high-value spectral anomaly at [-18.2, -17.8]!
[swarm_manager-3] [INFO] [1786781382.149084800] [swarm_manager_node]: 📍 scout_3 detected high-value spectral anomaly at [-7.6, -14.4]!
[landing_controller-11] [INFO] [1786781384.158190500] [landing_scout_2]: [scout_2] Landing controller state: FLIGHT
[landing_controller-15] [INFO] [1786781384.190528452] [landing_scout_3]: [scout_3] Landing controller state: FLIGHT
[landing_controller-7] [INFO] [1786781384.190728614] [landing_scout_1]: [scout_1] Landing controller state: FLIGHT
[swarm_manager-3] [INFO] [1786781386.148463733] [swarm_manager_node]: 📍 scout_3 detected high-value spectral anomaly at [-15.0, -3.1]!
[swarm_manager-3] [INFO] [1786781388.148503626] [swarm_manager_node]: 📍 scout_2 detected high-value spectral anomaly at [0.2, -3.5]!
[landing_controller-11] [INFO] [1786781389.158579370] [landing_scout_2]: [scout_2] Landing controller state: FLIGHT
[landing_controller-15] [INFO] [1786781389.190323122] [landing_scout_3]: [scout_3] Landing controller state: FLIGHT
[landing_controller-7] [INFO] [1786781389.190542420] [landing_scout_1]: [scout_1] Landing controller state: FLIGHT
[landing_controller-11] [INFO] [1786781394.159869753] [landing_scout_2]: [scout_2] Landing controller state: FLIGHT
[landing_controller-7] [INFO] [1786781394.190622822] [landing_scout_1]: [scout_1] Landing controller state: FLIGHT
[landing_controller-15] [INFO] [1786781394.191903551] [landing_scout_3]: [scout_3] Landing controller state: FLIGHT
[landing_controller-11] [INFO] [1786781399.157831501] [landing_scout_2]: [scout_2] Landing controller state: FLIGHT
[landing_controller-15] [INFO] [1786781399.190289089] [landing_scout_3]: [scout_3] Landing controller state: FLIGHT
[landing_controller-7] [INFO] [1786781399.190537929] [landing_scout_1]: [scout_1] Landing controller state: FLIGHT
[landing_controller-11] [INFO] [1786781404.158206243] [landing_scout_2]: [scout_2] Landing controller state: FLIGHT
[landing_controller-15] [INFO] [1786781404.190681291] [landing_scout_3]: [scout_3] Landing controller state: FLIGHT
[landing_controller-7] [INFO] [1786781404.191272348] [landing_scout_1]: [scout_1] Landing controller state: FLIGHT
[landing_controller-11] [INFO] [1786781409.159325078] [landing_scout_2]: [scout_2] Landing controller state: FLIGHT
[landing_controller-15] [INFO] [1786781409.190169428] [landing_scout_3]: [scout_3] Landing controller state: FLIGHT
[landing_controller-7] [INFO] [1786781409.190635472] [landing_scout_1]: [scout_1] Landing controller state: FLIGHT
[landing_controller-11] [INFO] [1786781414.159228989] [landing_scout_2]: [scout_2] Landing controller state: FLIGHT
[landing_controller-15] [INFO] [1786781414.190260093] [landing_scout_3]: [scout_3] Landing controller state: FLIGHT
[landing_controller-7] [INFO] [1786781414.191167037] [landing_scout_1]: [scout_1] Landing controller state: FLIGHT
[landing_controller-11] [INFO] [1786781419.157966586] [landing_scout_2]: [scout_2] Landing controller state: FLIGHT
[landing_controller-15] [INFO] [1786781419.190309078] [landing_scout_3]: [scout_3] Landing controller state: FLIGHT
[landing_controller-7] [INFO] [1786781419.190469850] [landing_scout_1]: [scout_1] Landing controller state: FLIGHT
[landing_controller-11] [INFO] [1786781424.159610039] [landing_scout_2]: [scout_2] Landing controller state: FLIGHT
[landing_controller-7] [INFO] [1786781424.191201819] [landing_scout_1]: [scout_1] Landing controller state: FLIGHT
[landing_controller-15] [INFO] [1786781424.191262301] [landing_scout_3]: [scout_3] Landing controller state: FLIGHT
[landing_controller-11] [INFO] [1786781429.157818488] [landing_scout_2]: [scout_2] Landing controller state: FLIGHT
[landing_controller-15] [INFO] [1786781429.190117051] [landing_scout_3]: [scout_3] Landing controller state: FLIGHT
[landing_controller-7] [INFO] [1786781429.190443903] [landing_scout_1]: [scout_1] Landing controller state: FLIGHT
[swarm_manager-3] [INFO] [1786781430.149184078] [swarm_manager_node]: 📍 scout_2 detected high-value spectral anomaly at [-1.4, -5.4]!
[swarm_manager-3] [INFO] [1786781434.151087437] [swarm_manager_node]: 📍 scout_2 detected high-value spectral anomaly at [1.6, -4.5]!
[landing_controller-11] [INFO] [1786781434.157862353] [landing_scout_2]: [scout_2] Landing controller state: FLIGHT
[landing_controller-15] [INFO] [1786781434.190209385] [landing_scout_3]: [scout_3] Landing controller state: FLIGHT
[landing_controller-7] [INFO] [1786781434.190560192] [landing_scout_1]: [scout_1] Landing controller state: FLIGHT
[swarm_manager-3] [INFO] [1786781438.149499357] [swarm_manager_node]: 📍 scout_2 detected high-value spectral anomaly at [-14.5, -14.3]!
[landing_controller-11] [INFO] [1786781439.158081461] [landing_scout_2]: [scout_2] Landing controller state: FLIGHT
[landing_controller-7] [INFO] [1786781439.191710899] [landing_scout_1]: [scout_1] Landing controller state: FLIGHT
[landing_controller-15] [INFO] [1786781439.192337993] [landing_scout_3]: [scout_3] Landing controller state: FLIGHT
[swarm_manager-3] [INFO] [1786781444.148634147] [swarm_manager_node]: 📍 scout_3 detected high-value spectral anomaly at [-10.0, -9.5]!
[landing_controller-11] [INFO] [1786781444.157845018] [landing_scout_2]: [scout_2] Landing controller state: FLIGHT
[landing_controller-15] [INFO] [1786781444.190352403] [landing_scout_3]: [scout_3] Landing controller state: FLIGHT
[landing_controller-7] [INFO] [1786781444.190749444] [landing_scout_1]: [scout_1] Landing controller state: FLIGHT
[swarm_manager-3] [INFO] [1786781448.149463958] [swarm_manager_node]: 📍 scout_2 detected high-value spectral anomaly at [-17.6, -9.5]!
[landing_controller-11] [INFO] [1786781449.158022462] [landing_scout_2]: [scout_2] Landing controller state: FLIGHT
[landing_controller-15] [INFO] [1786781449.190338555] [landing_scout_3]: [scout_3] Landing controller state: FLIGHT
[landing_controller-7] [INFO] [1786781449.191528422] [landing_scout_1]: [scout_1] Landing controller state: FLIGHT
[swarm_manager-3] [INFO] [1786781450.148778220] [swarm_manager_node]: 📍 scout_2 detected high-value spectral anomaly at [-8.2, -13.0]!
[swarm_manager-3] [INFO] [1786781452.149804407] [swarm_manager_node]: 📍 scout_3 detected high-value spectral anomaly at [-26.8, -12.8]!
[landing_controller-11] [INFO] [1786781454.157977131] [landing_scout_2]: [scout_2] Landing controller state: FLIGHT
[landing_controller-7] [INFO] [1786781454.190572376] [landing_scout_1]: [scout_1] Landing controller state: FLIGHT
[landing_controller-15] [INFO] [1786781454.190572376] [landing_scout_3]: [scout_3] Landing controller state: FLIGHT
[swarm_manager-3] [INFO] [1786781456.151531054] [swarm_manager_node]: 📍 scout_3 detected high-value spectral anomaly at [-7.4, -2.6]!
[landing_controller-11] [INFO] [1786781459.159279870] [landing_scout_2]: [scout_2] Landing controller state: FLIGHT
[landing_controller-7] [INFO] [1786781459.191123355] [landing_scout_1]: [scout_1] Landing controller state: FLIGHT
[landing_controller-15] [INFO] [1786781459.191576757] [landing_scout_3]: [scout_3] Landing controller state: FLIGHT
[landing_controller-11] [INFO] [1786781464.158851425] [landing_scout_2]: [scout_2] Landing controller state: FLIGHT
[landing_controller-15] [INFO] [1786781464.190312116] [landing_scout_3]: [scout_3] Landing controller state: FLIGHT
[landing_controller-7] [INFO] [1786781464.190639597] [landing_scout_1]: [scout_1] Landing controller state: FLIGHT
[swarm_manager-3] [INFO] [1786781468.148537935] [swarm_manager_node]: 📍 scout_2 detected high-value spectral anomaly at [-6.7, 4.5]!
[swarm_manager-3] [INFO] [1786781468.149261269] [swarm_manager_node]: 📍 scout_3 detected high-value spectral anomaly at [-20.1, -7.5]!
[landing_controller-11] [INFO] [1786781469.157877963] [landing_scout_2]: [scout_2] Landing controller state: FLIGHT
[landing_controller-15] [INFO] [1786781469.190610653] [landing_scout_3]: [scout_3] Landing controller state: FLIGHT
[landing_controller-7] [INFO] [1786781469.193888671] [landing_scout_1]: [scout_1] Landing controller state: FLIGHT
[landing_controller-11] [INFO] [1786781474.157868518] [landing_scout_2]: [scout_2] Landing controller state: FLIGHT
[landing_controller-7] [INFO] [1786781474.190806538] [landing_scout_1]: [scout_1] Landing controller state: FLIGHT
[landing_controller-15] [INFO] [1786781474.190921216] [landing_scout_3]: [scout_3] Landing controller state: FLIGHT
[landing_controller-11] [INFO] [1786781479.157974463] [landing_scout_2]: [scout_2] Landing controller state: FLIGHT
[landing_controller-15] [INFO] [1786781479.190864014] [landing_scout_3]: [scout_3] Landing controller state: FLIGHT
[landing_controller-7] [INFO] [1786781479.191335715] [landing_scout_1]: [scout_1] Landing controller state: FLIGHT
[swarm_manager-3] [INFO] [1786781484.148662755] [swarm_manager_node]: 📍 scout_3 detected high-value spectral anomaly at [-19.7, -6.0]!
[landing_controller-11] [INFO] [1786781484.158568186] [landing_scout_2]: [scout_2] Landing controller state: FLIGHT
[landing_controller-15] [INFO] [1786781484.190540457] [landing_scout_3]: [scout_3] Landing controller state: FLIGHT
[landing_controller-7] [INFO] [1786781484.191156377] [landing_scout_1]: [scout_1] Landing controller state: FLIGHT
[landing_controller-11] [INFO] [1786781489.157889435] [landing_scout_2]: [scout_2] Landing controller state: FLIGHT
[landing_controller-15] [INFO] [1786781489.190565974] [landing_scout_3]: [scout_3] Landing controller state: FLIGHT
[landing_controller-7] [INFO] [1786781489.190591606] [landing_scout_1]: [scout_1] Landing controller state: FLIGHT
[landing_controller-11] [INFO] [1786781494.160244136] [landing_scout_2]: [scout_2] Landing controller state: FLIGHT
[landing_controller-15] [INFO] [1786781494.190156262] [landing_scout_3]: [scout_3] Landing controller state: FLIGHT
[landing_controller-7] [INFO] [1786781494.190632642] [landing_scout_1]: [scout_1] Landing controller state: FLIGHT
[swarm_manager-3] [INFO] [1786781496.151688232] [swarm_manager_node]: 📍 scout_3 detected high-value spectral anomaly at [-16.7, -3.1]!
[landing_controller-11] [INFO] [1786781499.158231186] [landing_scout_2]: [scout_2] Landing controller state: FLIGHT
[landing_controller-15] [INFO] [1786781499.190202410] [landing_scout_3]: [scout_3] Landing controller state: FLIGHT
[landing_controller-7] [INFO] [1786781499.190820216] [landing_scout_1]: [scout_1] Landing controller state: FLIGHT
[swarm_manager-3] [INFO] [1786781502.149105643] [swarm_manager_node]: 📍 scout_2 detected high-value spectral anomaly at [-6.0, -12.1]!
[landing_controller-11] [INFO] [1786781504.158528144] [landing_scout_2]: [scout_2] Landing controller state: FLIGHT
[landing_controller-15] [INFO] [1786781504.190258209] [landing_scout_3]: [scout_3] Landing controller state: FLIGHT
[landing_controller-7] [INFO] [1786781504.190921970] [landing_scout_1]: [scout_1] Landing controller state: FLIGHT
[landing_controller-11] [INFO] [1786781509.159602924] [landing_scout_2]: [scout_2] Landing controller state: FLIGHT
[landing_controller-15] [INFO] [1786781509.190059663] [landing_scout_3]: [scout_3] Landing controller state: FLIGHT
[landing_controller-7] [INFO] [1786781509.190539884] [landing_scout_1]: [scout_1] Landing controller state: FLIGHT
[swarm_manager-3] [INFO] [1786781514.151401197] [swarm_manager_node]: 📍 scout_3 detected high-value spectral anomaly at [-22.5, -12.5]!
[landing_controller-11] [INFO] [1786781514.157843674] [landing_scout_2]: [scout_2] Landing controller state: FLIGHT
[landing_controller-15] [INFO] [1786781514.190674071] [landing_scout_3]: [scout_3] Landing controller state: FLIGHT
[landing_controller-7] [INFO] [1786781514.191115950] [landing_scout_1]: [scout_1] Landing controller state: FLIGHT
[swarm_manager-3] [INFO] [1786781516.148457810] [swarm_manager_node]: 📍 scout_3 detected high-value spectral anomaly at [-5.1, -5.4]!
[landing_controller-11] [INFO] [1786781519.158056513] [landing_scout_2]: [scout_2] Landing controller state: FLIGHT
[landing_controller-15] [INFO] [1786781519.190275180] [landing_scout_3]: [scout_3] Landing controller state: FLIGHT
[landing_controller-7] [INFO] [1786781519.190606502] [landing_scout_1]: [scout_1] Landing controller state: FLIGHT
[swarm_manager-3] [INFO] [1786781522.148972766] [swarm_manager_node]: 📍 scout_2 detected high-value spectral anomaly at [-2.3, -5.6]!
[landing_controller-11] [INFO] [1786781524.160031363] [landing_scout_2]: [scout_2] Landing controller state: FLIGHT
[landing_controller-15] [INFO] [1786781524.190284030] [landing_scout_3]: [scout_3] Landing controller state: FLIGHT
[landing_controller-7] [INFO] [1786781524.190847570] [landing_scout_1]: [scout_1] Landing controller state: FLIGHT
[swarm_manager-3] [INFO] [1786781526.148838256] [swarm_manager_node]: 📍 scout_3 detected high-value spectral anomaly at [-20.8, -8.7]!
[landing_controller-11] [INFO] [1786781529.158304697] [landing_scout_2]: [scout_2] Landing controller state: FLIGHT
[landing_controller-15] [INFO] [1786781529.190185059] [landing_scout_3]: [scout_3] Landing controller state: FLIGHT
[landing_controller-7] [INFO] [1786781529.192584907] [landing_scout_1]: [scout_1] Landing controller state: FLIGHT
[swarm_manager-3] [INFO] [1786781532.149159576] [swarm_manager_node]: 📍 scout_2 detected high-value spectral anomaly at [-0.5, -3.0]!
[landing_controller-11] [INFO] [1786781534.159056951] [landing_scout_2]: [scout_2] Landing controller state: FLIGHT
[landing_controller-15] [INFO] [1786781534.190322161] [landing_scout_3]: [scout_3] Landing controller state: FLIGHT
[landing_controller-7] [INFO] [1786781534.190645241] [landing_scout_1]: [scout_1] Landing controller state: FLIGHT
[landing_controller-11] [INFO] [1786781539.158075435] [landing_scout_2]: [scout_2] Landing controller state: FLIGHT
[landing_controller-7] [INFO] [1786781539.190533166] [landing_scout_1]: [scout_1] Landing controller state: FLIGHT
[landing_controller-15] [INFO] [1786781539.190618231] [landing_scout_3]: [scout_3] Landing controller state: FLIGHT
[swarm_manager-3] [WARN] [1786781542.149307465] [swarm_manager_node]: 🔋 scout_1 BMS Alert! Li-ion cells critical (15.0%). Fleeing to sunlight.
[swarm_manager-3] [INFO] [1786781542.149880155] [swarm_manager_node]: 📡 scout_2 assuming RELAY role. Climbing to highest elevation.
[landing_controller-11] [INFO] [1786781544.161639479] [landing_scout_2]: [scout_2] Landing controller state: FLIGHT
[landing_controller-15] [INFO] [1786781544.190357828] [landing_scout_3]: [scout_3] Landing controller state: FLIGHT
[landing_controller-7] [INFO] [1786781544.190711638] [landing_scout_1]: [scout_1] Landing controller state: FLIGHT
[swarm_manager-3] [INFO] [1786781546.148627405] [swarm_manager_node]: 📍 scout_3 detected high-value spectral anomaly at [-10.6, -13.7]!
[swarm_manager-3] [INFO] [1786781548.149333060] [swarm_manager_node]: 📍 scout_3 detected high-value spectral anomaly at [-14.2, -19.8]!
[landing_controller-11] [INFO] [1786781549.157887778] [landing_scout_2]: [scout_2] Landing controller state: FLIGHT
[landing_controller-15] [INFO] [1786781549.190159943] [landing_scout_3]: [scout_3] Landing controller state: FLIGHT
[landing_controller-7] [INFO] [1786781549.191012343] [landing_scout_1]: [scout_1] Landing controller state: FLIGHT
[landing_controller-11] [INFO] [1786781554.158574222] [landing_scout_2]: [scout_2] Landing controller state: FLIGHT
[landing_controller-15] [INFO] [1786781554.190098260] [landing_scout_3]: [scout_3] Landing controller state: FLIGHT
[landing_controller-7] [INFO] [1786781554.190541396] [landing_scout_1]: [scout_1] Landing controller state: FLIGHT
[swarm_manager-3] [INFO] [1786781556.148640363] [swarm_manager_node]: 📍 scout_3 detected high-value spectral anomaly at [-12.8, -7.3]!
[landing_controller-11] [INFO] [1786781559.158535528] [landing_scout_2]: [scout_2] Landing controller state: FLIGHT
[landing_controller-7] [INFO] [1786781559.190475953] [landing_scout_1]: [scout_1] Landing controller state: FLIGHT
[landing_controller-15] [INFO] [1786781559.190670248] [landing_scout_3]: [scout_3] Landing controller state: FLIGHT
[landing_controller-11] [INFO] [1786781564.157845656] [landing_scout_2]: [scout_2] Landing controller state: FLIGHT
[landing_controller-15] [INFO] [1786781564.191510225] [landing_scout_3]: [scout_3] Landing controller state: FLIGHT
[landing_controller-7] [INFO] [1786781564.194242163] [landing_scout_1]: [scout_1] Landing controller state: FLIGHT
[swarm_manager-3] [INFO] [1786781568.148926244] [swarm_manager_node]: 📍 scout_3 detected high-value spectral anomaly at [-16.3, -3.5]!
[landing_controller-11] [INFO] [1786781569.158133698] [landing_scout_2]: [scout_2] Landing controller state: FLIGHT
[landing_controller-15] [INFO] [1786781569.193283209] [landing_scout_3]: [scout_3] Landing controller state: FLIGHT
[landing_controller-7] [INFO] [1786781569.193896336] [landing_scout_1]: [scout_1] Landing controller state: FLIGHT
[landing_controller-11] [INFO] [1786781574.158530563] [landing_scout_2]: [scout_2] Landing controller state: FLIGHT
[landing_controller-15] [INFO] [1786781574.190242052] [landing_scout_3]: [scout_3] Landing controller state: FLIGHT
[landing_controller-7] [INFO] [1786781574.191508324] [landing_scout_1]: [scout_1] Landing controller state: FLIGHT
[landing_controller-11] [INFO] [1786781579.157908471] [landing_scout_2]: [scout_2] Landing controller state: FLIGHT
[landing_controller-15] [INFO] [1786781579.190250477] [landing_scout_3]: [scout_3] Landing controller state: FLIGHT
[landing_controller-7] [INFO] [1786781579.190695080] [landing_scout_1]: [scout_1] Landing controller state: FLIGHT
[swarm_manager-3] [INFO] [1786781580.148659408] [swarm_manager_node]: 📍 scout_3 detected high-value spectral anomaly at [-20.9, -20.5]!
[landing_controller-11] [INFO] [1786781584.158157368] [landing_scout_2]: [scout_2] Landing controller state: FLIGHT
[landing_controller-7] [INFO] [1786781584.192454829] [landing_scout_1]: [scout_1] Landing controller state: FLIGHT
[landing_controller-15] [INFO] [1786781584.192964383] [landing_scout_3]: [scout_3] Landing controller state: FLIGHT
[landing_controller-11] [INFO] [1786781589.158524166] [landing_scout_2]: [scout_2] Landing controller state: FLIGHT
[landing_controller-15] [INFO] [1786781589.190330847] [landing_scout_3]: [scout_3] Landing controller state: FLIGHT
[landing_controller-7] [INFO] [1786781589.190593516] [landing_scout_1]: [scout_1] Landing controller state: FLIGHT
[landing_controller-11] [INFO] [1786781594.157935632] [landing_scout_2]: [scout_2] Landing controller state: FLIGHT
[landing_controller-15] [INFO] [1786781594.190091793] [landing_scout_3]: [scout_3] Landing controller state: FLIGHT
[landing_controller-7] [INFO] [1786781594.191490413] [landing_scout_1]: [scout_1] Landing controller state: FLIGHT
[landing_controller-11] [INFO] [1786781599.158705221] [landing_scout_2]: [scout_2] Landing controller state: FLIGHT
[landing_controller-7] [INFO] [1786781599.191293065] [landing_scout_1]: [scout_1] Landing controller state: FLIGHT
[landing_controller-15] [INFO] [1786781599.197107748] [landing_scout_3]: [scout_3] Landing controller state: FLIGHT
[swarm_manager-3] [INFO] [1786781600.148506689] [swarm_manager_node]: 📍 scout_3 detected high-value spectral anomaly at [-20.4, -10.8]!
[landing_controller-11] [INFO] [1786781604.157798867] [landing_scout_2]: [scout_2] Landing controller state: FLIGHT
[landing_controller-15] [INFO] [1786781604.190289493] [landing_scout_3]: [scout_3] Landing controller state: FLIGHT
[landing_controller-7] [INFO] [1786781604.190675290] [landing_scout_1]: [scout_1] Landing controller state: FLIGHT
[swarm_manager-3] [INFO] [1786781608.148649055] [swarm_manager_node]: 📍 scout_3 detected high-value spectral anomaly at [-12.6, -18.8]!
[landing_controller-11] [INFO] [1786781609.158271797] [landing_scout_2]: [scout_2] Landing controller state: FLIGHT
[landing_controller-15] [INFO] [1786781609.190444022] [landing_scout_3]: [scout_3] Landing controller state: FLIGHT
[landing_controller-7] [INFO] [1786781609.190850282] [landing_scout_1]: [scout_1] Landing controller state: FLIGHT
[landing_controller-11] [INFO] [1786781614.158524392] [landing_scout_2]: [scout_2] Landing controller state: FLIGHT
[landing_controller-15] [INFO] [1786781614.190144810] [landing_scout_3]: [scout_3] Landing controller state: FLIGHT
[landing_controller-7] [INFO] [1786781614.191150299] [landing_scout_1]: [scout_1] Landing controller state: FLIGHT
[landing_controller-11] [INFO] [1786781619.158030826] [landing_scout_2]: [scout_2] Landing controller state: FLIGHT
[landing_controller-15] [INFO] [1786781619.190188594] [landing_scout_3]: [scout_3] Landing controller state: FLIGHT
[landing_controller-7] [INFO] [1786781619.191180185] [landing_scout_1]: [scout_1] Landing controller state: FLIGHT
[landing_controller-11] [INFO] [1786781624.158136638] [landing_scout_2]: [scout_2] Landing controller state: FLIGHT
[landing_controller-15] [INFO] [1786781624.190361663] [landing_scout_3]: [scout_3] Landing controller state: FLIGHT
[landing_controller-7] [INFO] [1786781624.190564967] [landing_scout_1]: [scout_1] Landing controller state: FLIGHT
[swarm_manager-3] [INFO] [1786781628.148588911] [swarm_manager_node]: 📍 scout_3 detected high-value spectral anomaly at [-22.7, -8.4]!
[landing_controller-11] [INFO] [1786781629.157994808] [landing_scout_2]: [scout_2] Landing controller state: FLIGHT
[landing_controller-15] [INFO] [1786781629.190105574] [landing_scout_3]: [scout_3] Landing controller state: FLIGHT
[landing_controller-7] [INFO] [1786781629.190672188] [landing_scout_1]: [scout_1] Landing controller state: FLIGHT
[landing_controller-11] [INFO] [1786781634.157752070] [landing_scout_2]: [scout_2] Landing controller state: FLIGHT
[landing_controller-7] [INFO] [1786781634.190923708] [landing_scout_1]: [scout_1] Landing controller state: FLIGHT
[landing_controller-15] [INFO] [1786781634.193443681] [landing_scout_3]: [scout_3] Landing controller state: FLIGHT
[landing_controller-11] [INFO] [1786781639.158164023] [landing_scout_2]: [scout_2] Landing controller state: FLIGHT
[landing_controller-7] [INFO] [1786781639.191650431] [landing_scout_1]: [scout_1] Landing controller state: FLIGHT
[landing_controller-15] [INFO] [1786781639.191750233] [landing_scout_3]: [scout_3] Landing controller state: FLIGHT
[landing_controller-11] [INFO] [1786781644.157924169] [landing_scout_2]: [scout_2] Landing controller state: FLIGHT
[landing_controller-7] [INFO] [1786781644.190554406] [landing_scout_1]: [scout_1] Landing controller state: FLIGHT
[landing_controller-15] [INFO] [1786781644.190569562] [landing_scout_3]: [scout_3] Landing controller state: FLIGHT
[swarm_manager-3] [INFO] [1786781646.148588990] [swarm_manager_node]: 📍 scout_3 detected high-value spectral anomaly at [-20.8, -12.7]!
[landing_controller-11] [INFO] [1786781649.157748159] [landing_scout_2]: [scout_2] Landing controller state: FLIGHT
[landing_controller-15] [INFO] [1786781649.190166641] [landing_scout_3]: [scout_3] Landing controller state: FLIGHT
[landing_controller-7] [INFO] [1786781649.190803164] [landing_scout_1]: [scout_1] Landing controller state: FLIGHT
[landing_controller-11] [INFO] [1786781654.157941473] [landing_scout_2]: [scout_2] Landing controller state: FLIGHT
[landing_controller-15] [INFO] [1786781654.190933133] [landing_scout_3]: [scout_3] Landing controller state: FLIGHT
[landing_controller-7] [INFO] [1786781654.191044668] [landing_scout_1]: [scout_1] Landing controller state: FLIGHT
[landing_controller-11] [INFO] [1786781659.158059300] [landing_scout_2]: [scout_2] Landing controller state: FLIGHT
[landing_controller-15] [INFO] [1786781659.190259183] [landing_scout_3]: [scout_3] Landing controller state: FLIGHT
[landing_controller-7] [INFO] [1786781659.190704414] [landing_scout_1]: [scout_1] Landing controller state: FLIGHT
[swarm_manager-3] [INFO] [1786781664.148890839] [swarm_manager_node]: 📍 scout_3 detected high-value spectral anomaly at [-7.6, -2.6]!
[landing_controller-11] [INFO] [1786781664.158338398] [landing_scout_2]: [scout_2] Landing controller state: FLIGHT
[landing_controller-15] [INFO] [1786781664.190461038] [landing_scout_3]: [scout_3] Landing controller state: FLIGHT
[landing_controller-7] [INFO] [1786781664.190667765] [landing_scout_1]: [scout_1] Landing controller state: FLIGHT
[landing_controller-11] [INFO] [1786781669.158011503] [landing_scout_2]: [scout_2] Landing controller state: FLIGHT
[landing_controller-15] [INFO] [1786781669.190384869] [landing_scout_3]: [scout_3] Landing controller state: FLIGHT
[landing_controller-7] [INFO] [1786781669.190741333] [landing_scout_1]: [scout_1] Landing controller state: FLIGHT
[swarm_manager-3] [INFO] [1786781672.148720322] [swarm_manager_node]: 📍 scout_3 detected high-value spectral anomaly at [-20.8, -15.3]!
[swarm_manager-3] [INFO] [1786781674.149049788] [swarm_manager_node]: 📍 scout_3 detected high-value spectral anomaly at [-4.8, -14.1]!
[landing_controller-11] [INFO] [1786781674.159158245] [landing_scout_2]: [scout_2] Landing controller state: FLIGHT
[landing_controller-15] [INFO] [1786781674.190523188] [landing_scout_3]: [scout_3] Landing controller state: FLIGHT
[landing_controller-7] [INFO] [1786781674.191935217] [landing_scout_1]: [scout_1] Landing controller state: FLIGHT
[swarm_manager-3] [INFO] [1786781678.149295619] [swarm_manager_node]: 📍 scout_3 detected high-value spectral anomaly at [-20.5, -6.1]!
[landing_controller-11] [INFO] [1786781679.157959903] [landing_scout_2]: [scout_2] Landing controller state: FLIGHT
[landing_controller-15] [INFO] [1786781679.190509127] [landing_scout_3]: [scout_3] Landing controller state: FLIGHT
[landing_controller-7] [INFO] [1786781679.191635020] [landing_scout_1]: [scout_1] Landing controller state: FLIGHT
[swarm_manager-3] [INFO] [1786781684.149498263] [swarm_manager_node]: 📍 scout_3 detected high-value spectral anomaly at [-27.8, -13.5]!
[landing_controller-11] [INFO] [1786781684.158103061] [landing_scout_2]: [scout_2] Landing controller state: FLIGHT
[landing_controller-15] [INFO] [1786781684.190134839] [landing_scout_3]: [scout_3] Landing controller state: FLIGHT
[landing_controller-7] [INFO] [1786781684.190845253] [landing_scout_1]: [scout_1] Landing controller state: FLIGHT
[landing_controller-11] [INFO] [1786781689.158810467] [landing_scout_2]: [scout_2] Landing controller state: FLIGHT
[landing_controller-15] [INFO] [1786781689.190230864] [landing_scout_3]: [scout_3] Landing controller state: FLIGHT
[landing_controller-7] [INFO] [1786781689.190483266] [landing_scout_1]: [scout_1] Landing controller state: FLIGHT
[landing_controller-11] [INFO] [1786781694.158016668] [landing_scout_2]: [scout_2] Landing controller state: FLIGHT
[landing_controller-7] [INFO] [1786781694.190743984] [landing_scout_1]: [scout_1] Landing controller state: FLIGHT
[landing_controller-15] [INFO] [1786781694.190795386] [landing_scout_3]: [scout_3] Landing controller state: FLIGHT
[swarm_manager-3] [INFO] [1786781698.148711885] [swarm_manager_node]: 📍 scout_3 detected high-value spectral anomaly at [-24.0, -19.3]!
[landing_controller-11] [INFO] [1786781699.158075976] [landing_scout_2]: [scout_2] Landing controller state: FLIGHT
[landing_controller-15] [INFO] [1786781699.190386136] [landing_scout_3]: [scout_3] Landing controller state: FLIGHT
[landing_controller-7] [INFO] [1786781699.191208644] [landing_scout_1]: [scout_1] Landing controller state: FLIGHT
[landing_controller-11] [INFO] [1786781704.158727817] [landing_scout_2]: [scout_2] Landing controller state: FLIGHT
[landing_controller-15] [INFO] [1786781704.190320160] [landing_scout_3]: [scout_3] Landing controller state: FLIGHT
[landing_controller-7] [INFO] [1786781704.190846475] [landing_scout_1]: [scout_1] Landing controller state: FLIGHT
[swarm_manager-3] [INFO] [1786781708.148908117] [swarm_manager_node]: 📍 scout_3 detected high-value spectral anomaly at [-27.9, -11.6]!
[landing_controller-11] [INFO] [1786781709.157877823] [landing_scout_2]: [scout_2] Landing controller state: FLIGHT
[landing_controller-7] [INFO] [1786781709.190730433] [landing_scout_1]: [scout_1] Landing controller state: FLIGHT
[landing_controller-15] [INFO] [1786781709.192908887] [landing_scout_3]: [scout_3] Landing controller state: FLIGHT
[landing_controller-11] [INFO] [1786781714.161148828] [landing_scout_2]: [scout_2] Landing controller state: FLIGHT
[landing_controller-15] [INFO] [1786781714.190260449] [landing_scout_3]: [scout_3] Landing controller state: FLIGHT
[landing_controller-7] [INFO] [1786781714.191577704] [landing_scout_1]: [scout_1] Landing controller state: FLIGHT
[landing_controller-11] [INFO] [1786781719.158858539] [landing_scout_2]: [scout_2] Landing controller state: FLIGHT
[landing_controller-7] [INFO] [1786781719.191635093] [landing_scout_1]: [scout_1] Landing controller state: FLIGHT
[landing_controller-15] [INFO] [1786781719.192803309] [landing_scout_3]: [scout_3] Landing controller state: FLIGHT
[landing_controller-11] [INFO] [1786781724.159277149] [landing_scout_2]: [scout_2] Landing controller state: FLIGHT
[landing_controller-15] [INFO] [1786781724.190413087] [landing_scout_3]: [scout_3] Landing controller state: FLIGHT
[landing_controller-7] [INFO] [1786781724.191623837] [landing_scout_1]: [scout_1] Landing controller state: FLIGHT
[landing_controller-11] [INFO] [1786781729.160978942] [landing_scout_2]: [scout_2] Landing controller state: FLIGHT
[landing_controller-7] [INFO] [1786781729.191839640] [landing_scout_1]: [scout_1] Landing controller state: FLIGHT
[landing_controller-15] [INFO] [1786781729.194084163] [landing_scout_3]: [scout_3] Landing controller state: FLIGHT
[landing_controller-11] [INFO] [1786781734.159337983] [landing_scout_2]: [scout_2] Landing controller state: FLIGHT
[landing_controller-7] [INFO] [1786781734.190919711] [landing_scout_1]: [scout_1] Landing controller state: FLIGHT
[landing_controller-15] [INFO] [1786781734.191506019] [landing_scout_3]: [scout_3] Landing controller state: FLIGHT
[swarm_manager-3] [INFO] [1786781738.148876983] [swarm_manager_node]: 📍 scout_3 detected high-value spectral anomaly at [-27.1, -5.7]!
[landing_controller-11] [INFO] [1786781739.158818456] [landing_scout_2]: [scout_2] Landing controller state: FLIGHT
[landing_controller-15] [INFO] [1786781739.190241297] [landing_scout_3]: [scout_3] Landing controller state: FLIGHT
[landing_controller-7] [INFO] [1786781739.190447815] [landing_scout_1]: [scout_1] Landing controller state: FLIGHT
[landing_controller-11] [INFO] [1786781744.158521728] [landing_scout_2]: [scout_2] Landing controller state: FLIGHT
[landing_controller-15] [INFO] [1786781744.190186984] [landing_scout_3]: [scout_3] Landing controller state: FLIGHT
[landing_controller-7] [INFO] [1786781744.190925265] [landing_scout_1]: [scout_1] Landing controller state: FLIGHT
[landing_controller-11] [INFO] [1786781749.158446192] [landing_scout_2]: [scout_2] Landing controller state: FLIGHT
[landing_controller-7] [INFO] [1786781749.190505347] [landing_scout_1]: [scout_1] Landing controller state: FLIGHT
[landing_controller-15] [INFO] [1786781749.190815507] [landing_scout_3]: [scout_3] Landing controller state: FLIGHT
[landing_controller-11] [INFO] [1786781754.158548477] [landing_scout_2]: [scout_2] Landing controller state: FLIGHT
[landing_controller-7] [INFO] [1786781754.190474028] [landing_scout_1]: [scout_1] Landing controller state: FLIGHT
[landing_controller-15] [INFO] [1786781754.192595144] [landing_scout_3]: [scout_3] Landing controller state: FLIGHT
[landing_controller-11] [INFO] [1786781759.159067856] [landing_scout_2]: [scout_2] Landing controller state: FLIGHT
[landing_controller-15] [INFO] [1786781759.190281107] [landing_scout_3]: [scout_3] Landing controller state: FLIGHT
[landing_controller-7] [INFO] [1786781759.190676891] [landing_scout_1]: [scout_1] Landing controller state: FLIGHT
[swarm_manager-3] [INFO] [1786781760.148650506] [swarm_manager_node]: 🛰️ scout_1 assuming SCOUT role. Scanning regolith...
[landing_controller-11] [INFO] [1786781764.157829436] [landing_scout_2]: [scout_2] Landing controller state: FLIGHT
[landing_controller-7] [INFO] [1786781764.190555984] [landing_scout_1]: [scout_1] Landing controller state: FLIGHT
[landing_controller-15] [INFO] [1786781764.191143060] [landing_scout_3]: [scout_3] Landing controller state: FLIGHT
[landing_controller-11] [INFO] [1786781769.157966316] [landing_scout_2]: [scout_2] Landing controller state: FLIGHT
[landing_controller-15] [INFO] [1786781769.190262370] [landing_scout_3]: [scout_3] Landing controller state: FLIGHT
[landing_controller-7] [INFO] [1786781769.190773320] [landing_scout_1]: [scout_1] Landing controller state: FLIGHT
[swarm_manager-3] [INFO] [1786781770.149548074] [swarm_manager_node]: 📍 scout_1 detected high-value spectral anomaly at [-26.8, 12.5]!
[swarm_manager-3] [INFO] [1786781774.148818931] [swarm_manager_node]: 📍 scout_3 detected high-value spectral anomaly at [-27.0, -7.2]!
[landing_controller-11] [INFO] [1786781774.157966388] [landing_scout_2]: [scout_2] Landing controller state: FLIGHT
[landing_controller-15] [INFO] [1786781774.190339824] [landing_scout_3]: [scout_3] Landing controller state: FLIGHT
[landing_controller-7] [INFO] [1786781774.190774928] [landing_scout_1]: [scout_1] Landing controller state: FLIGHT
[landing_controller-11] [INFO] [1786781779.158829971] [landing_scout_2]: [scout_2] Landing controller state: FLIGHT
[landing_controller-15] [INFO] [1786781779.191008833] [landing_scout_3]: [scout_3] Landing controller state: FLIGHT
[landing_controller-7] [INFO] [1786781779.192554605] [landing_scout_1]: [scout_1] Landing controller state: FLIGHT
[swarm_manager-3] [INFO] [1786781782.148953155] [swarm_manager_node]: 📍 scout_3 detected high-value spectral anomaly at [-10.1, -2.4]!
[landing_controller-11] [INFO] [1786781784.157863261] [landing_scout_2]: [scout_2] Landing controller state: FLIGHT
[landing_controller-15] [INFO] [1786781784.190490077] [landing_scout_3]: [scout_3] Landing controller state: FLIGHT
[landing_controller-7] [INFO] [1786781784.191250008] [landing_scout_1]: [scout_1] Landing controller state: FLIGHT
[swarm_manager-3] [INFO] [1786781788.148748006] [swarm_manager_node]: 📍 scout_1 detected high-value spectral anomaly at [-30.2, 24.5]!
[swarm_manager-3] [INFO] [1786781788.149502419] [swarm_manager_node]: 📍 scout_3 detected high-value spectral anomaly at [-20.4, -21.8]!
[landing_controller-11] [INFO] [1786781789.159724806] [landing_scout_2]: [scout_2] Landing controller state: FLIGHT
[landing_controller-15] [INFO] [1786781789.190178825] [landing_scout_3]: [scout_3] Landing controller state: FLIGHT
[landing_controller-7] [INFO] [1786781789.190549956] [landing_scout_1]: [scout_1] Landing controller state: FLIGHT
[landing_controller-11] [INFO] [1786781794.157709391] [landing_scout_2]: [scout_2] Landing controller state: FLIGHT
[landing_controller-15] [INFO] [1786781794.190177391] [landing_scout_3]: [scout_3] Landing controller state: FLIGHT
[landing_controller-7] [INFO] [1786781794.190613543] [landing_scout_1]: [scout_1] Landing controller state: FLIGHT
[swarm_manager-3] [INFO] [1786781796.149610348] [swarm_manager_node]: 📍 scout_1 detected high-value spectral anomaly at [-31.1, 26.0]!
[swarm_manager-3] [INFO] [1786781796.150453179] [swarm_manager_node]: 📍 scout_3 detected high-value spectral anomaly at [-10.4, -9.9]!
[landing_controller-11] [INFO] [1786781799.157773126] [landing_scout_2]: [scout_2] Landing controller state: FLIGHT
[landing_controller-15] [INFO] [1786781799.190342953] [landing_scout_3]: [scout_3] Landing controller state: FLIGHT
[landing_controller-7] [INFO] [1786781799.190542486] [landing_scout_1]: [scout_1] Landing controller state: FLIGHT
[swarm_manager-3] [INFO] [1786781800.151001305] [swarm_manager_node]: 📍 scout_3 detected high-value spectral anomaly at [-11.4, -13.5]!
[landing_controller-11] [INFO] [1786781804.158533174] [landing_scout_2]: [scout_2] Landing controller state: FLIGHT
[landing_controller-7] [INFO] [1786781804.190719998] [landing_scout_1]: [scout_1] Landing controller state: FLIGHT
[landing_controller-15] [INFO] [1786781804.190806321] [landing_scout_3]: [scout_3] Landing controller state: FLIGHT
[landing_controller-11] [INFO] [1786781809.158051193] [landing_scout_2]: [scout_2] Landing controller state: FLIGHT
[landing_controller-7] [INFO] [1786781809.190508508] [landing_scout_1]: [scout_1] Landing controller state: FLIGHT
[landing_controller-15] [INFO] [1786781809.192921975] [landing_scout_3]: [scout_3] Landing controller state: FLIGHT
[landing_controller-11] [INFO] [1786781814.158801339] [landing_scout_2]: [scout_2] Landing controller state: FLIGHT
[landing_controller-15] [INFO] [1786781814.190251908] [landing_scout_3]: [scout_3] Landing controller state: FLIGHT
[landing_controller-7] [INFO] [1786781814.190720256] [landing_scout_1]: [scout_1] Landing controller state: FLIGHT
[landing_controller-11] [INFO] [1786781819.157883499] [landing_scout_2]: [scout_2] Landing controller state: FLIGHT
[landing_controller-7] [INFO] [1786781819.190538811] [landing_scout_1]: [scout_1] Landing controller state: FLIGHT
[landing_controller-15] [INFO] [1786781819.191615328] [landing_scout_3]: [scout_3] Landing controller state: FLIGHT
[swarm_manager-3] [INFO] [1786781820.148844254] [swarm_manager_node]: 📍 scout_3 detected high-value spectral anomaly at [-9.6, -17.6]!
[swarm_manager-3] [INFO] [1786781822.148905562] [swarm_manager_node]: 📍 scout_3 detected high-value spectral anomaly at [-16.0, -3.6]!
[landing_controller-11] [INFO] [1786781824.157894681] [landing_scout_2]: [scout_2] Landing controller state: FLIGHT
[landing_controller-15] [INFO] [1786781824.190226144] [landing_scout_3]: [scout_3] Landing controller state: FLIGHT
[landing_controller-7] [INFO] [1786781824.190780047] [landing_scout_1]: [scout_1] Landing controller state: FLIGHT
[swarm_manager-3] [INFO] [1786781826.150106584] [swarm_manager_node]: 📍 scout_3 detected high-value spectral anomaly at [-12.3, -10.4]!
[landing_controller-11] [INFO] [1786781829.157818221] [landing_scout_2]: [scout_2] Landing controller state: FLIGHT
[landing_controller-15] [INFO] [1786781829.191117389] [landing_scout_3]: [scout_3] Landing controller state: FLIGHT
[landing_controller-7] [INFO] [1786781829.191471758] [landing_scout_1]: [scout_1] Landing controller state: FLIGHT
[swarm_manager-3] [INFO] [1786781834.148668062] [swarm_manager_node]: 📍 scout_3 detected high-value spectral anomaly at [-6.4, -9.3]!
[landing_controller-11] [INFO] [1786781834.158565323] [landing_scout_2]: [scout_2] Landing controller state: FLIGHT
[landing_controller-15] [INFO] [1786781834.190418311] [landing_scout_3]: [scout_3] Landing controller state: FLIGHT
[landing_controller-7] [INFO] [1786781834.190760528] [landing_scout_1]: [scout_1] Landing controller state: FLIGHT
[landing_controller-11] [INFO] [1786781839.158037360] [landing_scout_2]: [scout_2] Landing controller state: FLIGHT
[landing_controller-15] [INFO] [1786781839.190225162] [landing_scout_3]: [scout_3] Landing controller state: FLIGHT
[landing_controller-7] [INFO] [1786781839.190442155] [landing_scout_1]: [scout_1] Landing controller state: FLIGHT
[swarm_manager-3] [INFO] [1786781840.149082556] [swarm_manager_node]: 📍 scout_3 detected high-value spectral anomaly at [-10.4, -11.1]!
[swarm_manager-3] [INFO] [1786781844.148769394] [swarm_manager_node]: 📍 scout_3 detected high-value spectral anomaly at [-21.4, -22.3]!
[landing_controller-11] [INFO] [1786781844.158789644] [landing_scout_2]: [scout_2] Landing controller state: FLIGHT
[landing_controller-15] [INFO] [1786781844.190414324] [landing_scout_3]: [scout_3] Landing controller state: FLIGHT
[landing_controller-7] [INFO] [1786781844.190968716] [landing_scout_1]: [scout_1] Landing controller state: FLIGHT
[landing_controller-11] [INFO] [1786781849.158679478] [landing_scout_2]: [scout_2] Landing controller state: FLIGHT
[landing_controller-7] [INFO] [1786781849.190638344] [landing_scout_1]: [scout_1] Landing controller state: FLIGHT
[landing_controller-15] [INFO] [1786781849.190955768] [landing_scout_3]: [scout_3] Landing controller state: FLIGHT
[landing_controller-11] [INFO] [1786781854.159229798] [landing_scout_2]: [scout_2] Landing controller state: FLIGHT
[landing_controller-7] [INFO] [1786781854.192974827] [landing_scout_1]: [scout_1] Landing controller state: FLIGHT
[landing_controller-15] [INFO] [1786781854.193940298] [landing_scout_3]: [scout_3] Landing controller state: FLIGHT
[landing_controller-11] [INFO] [1786781859.159226223] [landing_scout_2]: [scout_2] Landing controller state: FLIGHT
[landing_controller-15] [INFO] [1786781859.190166470] [landing_scout_3]: [scout_3] Landing controller state: FLIGHT
[landing_controller-7] [INFO] [1786781859.190462732] [landing_scout_1]: [scout_1] Landing controller state: FLIGHT
[swarm_manager-3] [INFO] [1786781864.149051340] [swarm_manager_node]: 📍 scout_3 detected high-value spectral anomaly at [-12.8, -6.4]!
[landing_controller-11] [INFO] [1786781864.158181267] [landing_scout_2]: [scout_2] Landing controller state: FLIGHT
[landing_controller-7] [INFO] [1786781864.191147298] [landing_scout_1]: [scout_1] Landing controller state: FLIGHT
[landing_controller-15] [INFO] [1786781864.192101804] [landing_scout_3]: [scout_3] Landing controller state: FLIGHT
[swarm_manager-3] [INFO] [1786781866.149338815] [swarm_manager_node]: 📍 scout_1 detected high-value spectral anomaly at [-24.6, 23.1]!
[swarm_manager-3] [INFO] [1786781868.148594821] [swarm_manager_node]: 📍 scout_1 detected high-value spectral anomaly at [-37.9, 26.5]!
[landing_controller-11] [INFO] [1786781869.158253271] [landing_scout_2]: [scout_2] Landing controller state: FLIGHT
[landing_controller-15] [INFO] [1786781869.190303139] [landing_scout_3]: [scout_3] Landing controller state: FLIGHT
[landing_controller-7] [INFO] [1786781869.190713311] [landing_scout_1]: [scout_1] Landing controller state: FLIGHT
[landing_controller-11] [INFO] [1786781874.158345606] [landing_scout_2]: [scout_2] Landing controller state: FLIGHT
[landing_controller-15] [INFO] [1786781874.190175757] [landing_scout_3]: [scout_3] Landing controller state: FLIGHT
[landing_controller-7] [INFO] [1786781874.191570186] [landing_scout_1]: [scout_1] Landing controller state: FLIGHT
[swarm_manager-3] [INFO] [1786781878.148817348] [swarm_manager_node]: 📍 scout_1 detected high-value spectral anomaly at [-27.0, 24.9]!
[landing_controller-11] [INFO] [1786781879.157932863] [landing_scout_2]: [scout_2] Landing controller state: FLIGHT
[landing_controller-15] [INFO] [1786781879.190154049] [landing_scout_3]: [scout_3] Landing controller state: FLIGHT
[landing_controller-7] [INFO] [1786781879.190548157] [landing_scout_1]: [scout_1] Landing controller state: FLIGHT
[landing_controller-11] [INFO] [1786781884.157833569] [landing_scout_2]: [scout_2] Landing controller state: FLIGHT
[landing_controller-15] [INFO] [1786781884.190184728] [landing_scout_3]: [scout_3] Landing controller state: FLIGHT
[landing_controller-7] [INFO] [1786781884.190690510] [landing_scout_1]: [scout_1] Landing controller state: FLIGHT
[swarm_manager-3] [INFO] [1786781888.149075309] [swarm_manager_node]: 📍 scout_3 detected high-value spectral anomaly at [-21.6, -7.1]!
[landing_controller-11] [INFO] [1786781889.159063620] [landing_scout_2]: [scout_2] Landing controller state: FLIGHT
[landing_controller-15] [INFO] [1786781889.190192924] [landing_scout_3]: [scout_3] Landing controller state: FLIGHT
[landing_controller-7] [INFO] [1786781889.190655197] [landing_scout_1]: [scout_1] Landing controller state: FLIGHT
[swarm_manager-3] [INFO] [1786781892.151640172] [swarm_manager_node]: 📍 scout_3 detected high-value spectral anomaly at [-12.2, -9.2]!
[swarm_manager-3] [INFO] [1786781894.149930302] [swarm_manager_node]: 📍 scout_1 detected high-value spectral anomaly at [-33.3, 25.9]!
[landing_controller-11] [INFO] [1786781894.158154891] [landing_scout_2]: [scout_2] Landing controller state: FLIGHT
[landing_controller-15] [INFO] [1786781894.190551516] [landing_scout_3]: [scout_3] Landing controller state: FLIGHT
[landing_controller-7] [INFO] [1786781894.190563598] [landing_scout_1]: [scout_1] Landing controller state: FLIGHT
[landing_controller-11] [INFO] [1786781899.157789874] [landing_scout_2]: [scout_2] Landing controller state: FLIGHT
[landing_controller-7] [INFO] [1786781899.190535350] [landing_scout_1]: [scout_1] Landing controller state: FLIGHT
[landing_controller-15] [INFO] [1786781899.191335579] [landing_scout_3]: [scout_3] Landing controller state: FLIGHT
[swarm_manager-3] [INFO] [1786781904.149225976] [swarm_manager_node]: 📍 scout_3 detected high-value spectral anomaly at [-19.1, -3.2]!
[landing_controller-11] [INFO] [1786781904.157664695] [landing_scout_2]: [scout_2] Landing controller state: FLIGHT
[landing_controller-15] [INFO] [1786781904.190220625] [landing_scout_3]: [scout_3] Landing controller state: FLIGHT
[landing_controller-7] [INFO] [1786781904.193042238] [landing_scout_1]: [scout_1] Landing controller state: FLIGHT
[swarm_manager-3] [INFO] [1786781906.150011990] [swarm_manager_node]: 📍 scout_1 detected high-value spectral anomaly at [-36.6, 21.8]!
[landing_controller-11] [INFO] [1786781909.158834079] [landing_scout_2]: [scout_2] Landing controller state: FLIGHT
[landing_controller-15] [INFO] [1786781909.190444932] [landing_scout_3]: [scout_3] Landing controller state: FLIGHT
[landing_controller-7] [INFO] [1786781909.190766476] [landing_scout_1]: [scout_1] Landing controller state: FLIGHT
[swarm_manager-3] [INFO] [1786781912.149308456] [swarm_manager_node]: 📍 scout_3 detected high-value spectral anomaly at [-7.6, -5.1]!
[landing_controller-11] [INFO] [1786781914.157960295] [landing_scout_2]: [scout_2] Landing controller state: FLIGHT
[landing_controller-15] [INFO] [1786781914.190634325] [landing_scout_3]: [scout_3] Landing controller state: FLIGHT
[landing_controller-7] [INFO] [1786781914.190647594] [landing_scout_1]: [scout_1] Landing controller state: FLIGHT
[landing_controller-11] [INFO] [1786781919.158852216] [landing_scout_2]: [scout_2] Landing controller state: FLIGHT
[landing_controller-15] [INFO] [1786781919.190280088] [landing_scout_3]: [scout_3] Landing controller state: FLIGHT
[landing_controller-7] [INFO] [1786781919.190427380] [landing_scout_1]: [scout_1] Landing controller state: FLIGHT
[swarm_manager-3] [INFO] [1786781920.148601688] [swarm_manager_node]: 📍 scout_3 detected high-value spectral anomaly at [-21.0, -14.2]!
[landing_controller-11] [INFO] [1786781924.159044275] [landing_scout_2]: [scout_2] Landing controller state: FLIGHT
[landing_controller-15] [INFO] [1786781924.190437785] [landing_scout_3]: [scout_3] Landing controller state: FLIGHT
[landing_controller-7] [INFO] [1786781924.190659947] [landing_scout_1]: [scout_1] Landing controller state: FLIGHT
[landing_controller-11] [INFO] [1786781929.158076992] [landing_scout_2]: [scout_2] Landing controller state: FLIGHT
[landing_controller-15] [INFO] [1786781929.190471243] [landing_scout_3]: [scout_3] Landing controller state: FLIGHT
[landing_controller-7] [INFO] [1786781929.190701436] [landing_scout_1]: [scout_1] Landing controller state: FLIGHT
[swarm_manager-3] [INFO] [1786781930.148383652] [swarm_manager_node]: 📍 scout_1 detected high-value spectral anomaly at [-32.7, 26.5]!
[swarm_manager-3] [INFO] [1786781934.148554992] [swarm_manager_node]: 📍 scout_3 detected high-value spectral anomaly at [-15.8, -1.4]!
[landing_controller-11] [INFO] [1786781934.158086989] [landing_scout_2]: [scout_2] Landing controller state: FLIGHT
[landing_controller-15] [INFO] [1786781934.190255935] [landing_scout_3]: [scout_3] Landing controller state: FLIGHT
[landing_controller-7] [INFO] [1786781934.190608977] [landing_scout_1]: [scout_1] Landing controller state: FLIGHT
[landing_controller-11] [INFO] [1786781939.157994257] [landing_scout_2]: [scout_2] Landing controller state: FLIGHT
[landing_controller-7] [INFO] [1786781939.190691474] [landing_scout_1]: [scout_1] Landing controller state: FLIGHT
[landing_controller-15] [INFO] [1786781939.190703906] [landing_scout_3]: [scout_3] Landing controller state: FLIGHT
[swarm_manager-3] [INFO] [1786781944.149310630] [swarm_manager_node]: 📍 scout_1 detected high-value spectral anomaly at [-19.7, 27.8]!
[landing_controller-11] [INFO] [1786781944.157911099] [landing_scout_2]: [scout_2] Landing controller state: FLIGHT
[landing_controller-7] [INFO] [1786781944.191154187] [landing_scout_1]: [scout_1] Landing controller state: FLIGHT
[landing_controller-15] [INFO] [1786781944.191255106] [landing_scout_3]: [scout_3] Landing controller state: FLIGHT
[landing_controller-11] [INFO] [1786781949.158613090] [landing_scout_2]: [scout_2] Landing controller state: FLIGHT
[landing_controller-15] [INFO] [1786781949.191468355] [landing_scout_3]: [scout_3] Landing controller state: FLIGHT
[landing_controller-7] [INFO] [1786781949.193210100] [landing_scout_1]: [scout_1] Landing controller state: FLIGHT
[landing_controller-11] [INFO] [1786781954.158959390] [landing_scout_2]: [scout_2] Landing controller state: FLIGHT
[landing_controller-7] [INFO] [1786781954.191238823] [landing_scout_1]: [scout_1] Landing controller state: FLIGHT
[landing_controller-15] [INFO] [1786781954.191487454] [landing_scout_3]: [scout_3] Landing controller state: FLIGHT
[landing_controller-11] [INFO] [1786781959.157966860] [landing_scout_2]: [scout_2] Landing controller state: FLIGHT
[landing_controller-15] [INFO] [1786781959.191175307] [landing_scout_3]: [scout_3] Landing controller state: FLIGHT
[landing_controller-7] [INFO] [1786781959.193300753] [landing_scout_1]: [scout_1] Landing controller state: FLIGHT
[swarm_manager-3] [INFO] [1786781960.148644238] [swarm_manager_node]: 📍 scout_3 detected high-value spectral anomaly at [-16.0, -0.3]!
[landing_controller-11] [INFO] [1786781964.157919622] [landing_scout_2]: [scout_2] Landing controller state: FLIGHT
[landing_controller-15] [INFO] [1786781964.190174192] [landing_scout_3]: [scout_3] Landing controller state: FLIGHT
[landing_controller-7] [INFO] [1786781964.190900180] [landing_scout_1]: [scout_1] Landing controller state: FLIGHT
[landing_controller-11] [INFO] [1786781969.157779083] [landing_scout_2]: [scout_2] Landing controller state: FLIGHT
[landing_controller-15] [INFO] [1786781969.190199314] [landing_scout_3]: [scout_3] Landing controller state: FLIGHT
[landing_controller-7] [INFO] [1786781969.190576311] [landing_scout_1]: [scout_1] Landing controller state: FLIGHT
[swarm_manager-3] [INFO] [1786781970.149482415] [swarm_manager_node]: 📍 scout_1 detected high-value spectral anomaly at [-30.9, 30.6]!
[swarm_manager-3] [INFO] [1786781972.148616250] [swarm_manager_node]: 📍 scout_3 detected high-value spectral anomaly at [-23.2, -5.6]!
[swarm_manager-3] [INFO] [1786781974.149180693] [swarm_manager_node]: 📍 scout_3 detected high-value spectral anomaly at [-7.4, -13.2]!
[landing_controller-11] [INFO] [1786781974.159555662] [landing_scout_2]: [scout_2] Landing controller state: FLIGHT
[landing_controller-7] [INFO] [1786781974.191209467] [landing_scout_1]: [scout_1] Landing controller state: FLIGHT
[landing_controller-15] [INFO] [1786781974.193936516] [landing_scout_3]: [scout_3] Landing controller state: FLIGHT
[landing_controller-11] [INFO] [1786781979.159402492] [landing_scout_2]: [scout_2] Landing controller state: FLIGHT
[landing_controller-7] [INFO] [1786781979.191689468] [landing_scout_1]: [scout_1] Landing controller state: FLIGHT
[landing_controller-15] [INFO] [1786781979.192342195] [landing_scout_3]: [scout_3] Landing controller state: FLIGHT
[swarm_manager-3] [INFO] [1786781982.148820374] [swarm_manager_node]: 📍 scout_3 detected high-value spectral anomaly at [-12.2, -13.1]!
[landing_controller-11] [INFO] [1786781984.158058902] [landing_scout_2]: [scout_2] Landing controller state: FLIGHT
[landing_controller-15] [INFO] [1786781984.191361075] [landing_scout_3]: [scout_3] Landing controller state: FLIGHT
[landing_controller-7] [INFO] [1786781984.195079366] [landing_scout_1]: [scout_1] Landing controller state: FLIGHT
[swarm_manager-3] [INFO] [1786781988.148707930] [swarm_manager_node]: 📍 scout_3 detected high-value spectral anomaly at [-9.4, -8.0]!
[landing_controller-11] [INFO] [1786781989.158331349] [landing_scout_2]: [scout_2] Landing controller state: FLIGHT
[landing_controller-15] [INFO] [1786781989.190211646] [landing_scout_3]: [scout_3] Landing controller state: FLIGHT
[landing_controller-7] [INFO] [1786781989.191395088] [landing_scout_1]: [scout_1] Landing controller state: FLIGHT
[landing_controller-11] [INFO] [1786781994.159321479] [landing_scout_2]: [scout_2] Landing controller state: FLIGHT
[landing_controller-15] [INFO] [1786781994.190093412] [landing_scout_3]: [scout_3] Landing controller state: FLIGHT
[landing_controller-7] [INFO] [1786781994.190600382] [landing_scout_1]: [scout_1] Landing controller state: FLIGHT
[landing_controller-11] [INFO] [1786781999.157838294] [landing_scout_2]: [scout_2] Landing controller state: FLIGHT
[landing_controller-15] [INFO] [1786781999.190417621] [landing_scout_3]: [scout_3] Landing controller state: FLIGHT
[landing_controller-7] [INFO] [1786781999.193309983] [landing_scout_1]: [scout_1] Landing controller state: FLIGHT
[landing_controller-11] [INFO] [1786782004.158152381] [landing_scout_2]: [scout_2] Landing controller state: FLIGHT
[landing_controller-7] [INFO] [1786782004.190838355] [landing_scout_1]: [scout_1] Landing controller state: FLIGHT
[landing_controller-15] [INFO] [1786782004.192745830] [landing_scout_3]: [scout_3] Landing controller state: FLIGHT
[landing_controller-11] [INFO] [1786782009.159563453] [landing_scout_2]: [scout_2] Landing controller state: FLIGHT
[landing_controller-15] [INFO] [1786782009.190233629] [landing_scout_3]: [scout_3] Landing controller state: FLIGHT
[landing_controller-7] [INFO] [1786782009.193279709] [landing_scout_1]: [scout_1] Landing controller state: FLIGHT
[landing_controller-11] [INFO] [1786782014.158653951] [landing_scout_2]: [scout_2] Landing controller state: FLIGHT
[landing_controller-15] [INFO] [1786782014.190550031] [landing_scout_3]: [scout_3] Landing controller state: FLIGHT
[landing_controller-7] [INFO] [1786782014.190627694] [landing_scout_1]: [scout_1] Landing controller state: FLIGHT
[swarm_manager-3] [INFO] [1786782016.149484785] [swarm_manager_node]: 📍 scout_1 detected high-value spectral anomaly at [-25.3, 18.0]!
[landing_controller-11] [INFO] [1786782019.157903758] [landing_scout_2]: [scout_2] Landing controller state: FLIGHT
[landing_controller-15] [INFO] [1786782019.190264625] [landing_scout_3]: [scout_3] Landing controller state: FLIGHT
[landing_controller-7] [INFO] [1786782019.191595779] [landing_scout_1]: [scout_1] Landing controller state: FLIGHT
[swarm_manager-3] [INFO] [1786782024.148915432] [swarm_manager_node]: 📍 scout_3 detected high-value spectral anomaly at [-11.5, -15.5]!
[landing_controller-11] [INFO] [1786782024.157847503] [landing_scout_2]: [scout_2] Landing controller state: FLIGHT
[landing_controller-7] [INFO] [1786782024.190671690] [landing_scout_1]: [scout_1] Landing controller state: FLIGHT
[landing_controller-15] [INFO] [1786782024.192945337] [landing_scout_3]: [scout_3] Landing controller state: FLIGHT
[landing_controller-11] [INFO] [1786782029.157912355] [landing_scout_2]: [scout_2] Landing controller state: FLIGHT
[landing_controller-15] [INFO] [1786782029.190206176] [landing_scout_3]: [scout_3] Landing controller state: FLIGHT
[landing_controller-7] [INFO] [1786782029.192333438] [landing_scout_1]: [scout_1] Landing controller state: FLIGHT
[swarm_manager-3] [INFO] [1786782034.148539569] [swarm_manager_node]: 📍 scout_3 detected high-value spectral anomaly at [-13.8, -20.1]!
[landing_controller-11] [INFO] [1786782034.158058157] [landing_scout_2]: [scout_2] Landing controller state: FLIGHT
[landing_controller-15] [INFO] [1786782034.190269217] [landing_scout_3]: [scout_3] Landing controller state: FLIGHT
[landing_controller-7] [INFO] [1786782034.191316610] [landing_scout_1]: [scout_1] Landing controller state: FLIGHT
[landing_controller-11] [INFO] [1786782039.158048429] [landing_scout_2]: [scout_2] Landing controller state: FLIGHT
[landing_controller-7] [INFO] [1786782039.190398122] [landing_scout_1]: [scout_1] Landing controller state: FLIGHT
[landing_controller-15] [INFO] [1786782039.190565459] [landing_scout_3]: [scout_3] Landing controller state: FLIGHT
[swarm_manager-3] [INFO] [1786782040.149647923] [swarm_manager_node]: 📍 scout_3 detected high-value spectral anomaly at [-17.9, -6.9]!
[swarm_manager-3] [INFO] [1786782044.148547635] [swarm_manager_node]: 📍 scout_3 detected high-value spectral anomaly at [-24.1, -19.5]!
[landing_controller-11] [INFO] [1786782044.158808765] [landing_scout_2]: [scout_2] Landing controller state: FLIGHT
[landing_controller-15] [INFO] [1786782044.190282452] [landing_scout_3]: [scout_3] Landing controller state: FLIGHT
[landing_controller-7] [INFO] [1786782044.192041936] [landing_scout_1]: [scout_1] Landing controller state: FLIGHT
[swarm_manager-3] [INFO] [1786782048.149300071] [swarm_manager_node]: 📍 scout_3 detected high-value spectral anomaly at [-19.3, -18.0]!
[landing_controller-11] [INFO] [1786782049.158022703] [landing_scout_2]: [scout_2] Landing controller state: FLIGHT
[landing_controller-15] [INFO] [1786782049.190281045] [landing_scout_3]: [scout_3] Landing controller state: FLIGHT
[landing_controller-7] [INFO] [1786782049.190523740] [landing_scout_1]: [scout_1] Landing controller state: FLIGHT
[landing_controller-11] [INFO] [1786782054.159964184] [landing_scout_2]: [scout_2] Landing controller state: FLIGHT
[landing_controller-15] [INFO] [1786782054.190267211] [landing_scout_3]: [scout_3] Landing controller state: FLIGHT
[landing_controller-7] [INFO] [1786782054.190675427] [landing_scout_1]: [scout_1] Landing controller state: FLIGHT
[landing_controller-11] [INFO] [1786782059.159495346] [landing_scout_2]: [scout_2] Landing controller state: FLIGHT
[landing_controller-7] [INFO] [1786782059.190984678] [landing_scout_1]: [scout_1] Landing controller state: FLIGHT
[landing_controller-15] [INFO] [1786782059.191055635] [landing_scout_3]: [scout_3] Landing controller state: FLIGHT
[landing_controller-11] [INFO] [1786782064.157854454] [landing_scout_2]: [scout_2] Landing controller state: FLIGHT
[landing_controller-15] [INFO] [1786782064.190411084] [landing_scout_3]: [scout_3] Landing controller state: FLIGHT
[landing_controller-7] [INFO] [1786782064.190652870] [landing_scout_1]: [scout_1] Landing controller state: FLIGHT
[landing_controller-11] [INFO] [1786782069.157927585] [landing_scout_2]: [scout_2] Landing controller state: FLIGHT
[landing_controller-15] [INFO] [1786782069.191510935] [landing_scout_3]: [scout_3] Landing controller state: FLIGHT
[landing_controller-7] [INFO] [1786782069.191698945] [landing_scout_1]: [scout_1] Landing controller state: FLIGHT
[swarm_manager-3] [INFO] [1786782070.149077732] [swarm_manager_node]: 📍 scout_1 detected high-value spectral anomaly at [-35.2, 17.9]!
[landing_controller-11] [INFO] [1786782074.159718439] [landing_scout_2]: [scout_2] Landing controller state: FLIGHT
[landing_controller-15] [INFO] [1786782074.190397974] [landing_scout_3]: [scout_3] Landing controller state: FLIGHT
[landing_controller-7] [INFO] [1786782074.190754229] [landing_scout_1]: [scout_1] Landing controller state: FLIGHT
[landing_controller-11] [INFO] [1786782079.162433632] [landing_scout_2]: [scout_2] Landing controller state: FLIGHT
[landing_controller-15] [INFO] [1786782079.190271510] [landing_scout_3]: [scout_3] Landing controller state: FLIGHT
[landing_controller-7] [INFO] [1786782079.190497722] [landing_scout_1]: [scout_1] Landing controller state: FLIGHT
[landing_controller-11] [INFO] [1786782084.157787535] [landing_scout_2]: [scout_2] Landing controller state: FLIGHT
[landing_controller-15] [INFO] [1786782084.190335155] [landing_scout_3]: [scout_3] Landing controller state: FLIGHT
[landing_controller-7] [INFO] [1786782084.190892690] [landing_scout_1]: [scout_1] Landing controller state: FLIGHT
[swarm_manager-3] [INFO] [1786782086.148470264] [swarm_manager_node]: 📍 scout_3 detected high-value spectral anomaly at [-10.9, -20.4]!
[landing_controller-11] [INFO] [1786782089.157970891] [landing_scout_2]: [scout_2] Landing controller state: FLIGHT
[landing_controller-7] [INFO] [1786782089.190584091] [landing_scout_1]: [scout_1] Landing controller state: FLIGHT
[landing_controller-15] [INFO] [1786782089.191801894] [landing_scout_3]: [scout_3] Landing controller state: FLIGHT
[landing_controller-11] [INFO] [1786782094.158050678] [landing_scout_2]: [scout_2] Landing controller state: FLIGHT
[landing_controller-15] [INFO] [1786782094.190599555] [landing_scout_3]: [scout_3] Landing controller state: FLIGHT
[landing_controller-7] [INFO] [1786782094.193112824] [landing_scout_1]: [scout_1] Landing controller state: FLIGHT
[landing_controller-11] [INFO] [1786782099.159257899] [landing_scout_2]: [scout_2] Landing controller state: FLIGHT
[landing_controller-15] [INFO] [1786782099.190757079] [landing_scout_3]: [scout_3] Landing controller state: FLIGHT
[landing_controller-7] [INFO] [1786782099.191669052] [landing_scout_1]: [scout_1] Landing controller state: FLIGHT
[swarm_manager-3] [INFO] [1786782100.149689396] [swarm_manager_node]: 📍 scout_1 detected high-value spectral anomaly at [-34.4, 35.4]!
[landing_controller-11] [INFO] [1786782104.157891304] [landing_scout_2]: [scout_2] Landing controller state: FLIGHT
[landing_controller-7] [INFO] [1786782104.191005887] [landing_scout_1]: [scout_1] Landing controller state: FLIGHT
[landing_controller-15] [INFO] [1786782104.191107435] [landing_scout_3]: [scout_3] Landing controller state: FLIGHT
[swarm_manager-3] [INFO] [1786782106.149436915] [swarm_manager_node]: 📍 scout_3 detected high-value spectral anomaly at [-11.7, -16.1]!
[landing_controller-11] [INFO] [1786782109.158408234] [landing_scout_2]: [scout_2] Landing controller state: FLIGHT
[landing_controller-7] [INFO] [1786782109.190532134] [landing_scout_1]: [scout_1] Landing controller state: FLIGHT
[landing_controller-15] [INFO] [1786782109.190754505] [landing_scout_3]: [scout_3] Landing controller state: FLIGHT
[swarm_manager-3] [INFO] [1786782114.149611559] [swarm_manager_node]: 📍 scout_1 detected high-value spectral anomaly at [-37.1, 17.9]!
[landing_controller-11] [INFO] [1786782114.158405626] [landing_scout_2]: [scout_2] Landing controller state: FLIGHT
[landing_controller-15] [INFO] [1786782114.190056009] [landing_scout_3]: [scout_3] Landing controller state: FLIGHT
[landing_controller-7] [INFO] [1786782114.190735904] [landing_scout_1]: [scout_1] Landing controller state: FLIGHT
[swarm_manager-3] [INFO] [1786782118.149381602] [swarm_manager_node]: 📍 scout_3 detected high-value spectral anomaly at [-16.2, -6.6]!
[landing_controller-11] [INFO] [1786782119.157855335] [landing_scout_2]: [scout_2] Landing controller state: FLIGHT
[landing_controller-15] [INFO] [1786782119.191824553] [landing_scout_3]: [scout_3] Landing controller state: FLIGHT
[landing_controller-7] [INFO] [1786782119.192295345] [landing_scout_1]: [scout_1] Landing controller state: FLIGHT
[swarm_manager-3] [INFO] [1786782120.148570876] [swarm_manager_node]: 📍 scout_1 detected high-value spectral anomaly at [-31.4, 33.0]!
[swarm_manager-3] [INFO] [1786782124.149954090] [swarm_manager_node]: 📍 scout_1 detected high-value spectral anomaly at [-39.9, 17.9]!
[landing_controller-11] [INFO] [1786782124.157954982] [landing_scout_2]: [scout_2] Landing controller state: FLIGHT
[landing_controller-15] [INFO] [1786782124.190575725] [landing_scout_3]: [scout_3] Landing controller state: FLIGHT
[landing_controller-7] [INFO] [1786782124.191190318] [landing_scout_1]: [scout_1] Landing controller state: FLIGHT
[landing_controller-11] [INFO] [1786782129.159400382] [landing_scout_2]: [scout_2] Landing controller state: FLIGHT
[landing_controller-15] [INFO] [1786782129.190291045] [landing_scout_3]: [scout_3] Landing controller state: FLIGHT
[landing_controller-7] [INFO] [1786782129.193578212] [landing_scout_1]: [scout_1] Landing controller state: FLIGHT
[landing_controller-11] [INFO] [1786782134.158029971] [landing_scout_2]: [scout_2] Landing controller state: FLIGHT
[landing_controller-15] [INFO] [1786782134.190582340] [landing_scout_3]: [scout_3] Landing controller state: FLIGHT
[landing_controller-7] [INFO] [1786782134.192535351] [landing_scout_1]: [scout_1] Landing controller state: FLIGHT
[landing_controller-11] [INFO] [1786782139.159796155] [landing_scout_2]: [scout_2] Landing controller state: FLIGHT
[landing_controller-15] [INFO] [1786782139.190469824] [landing_scout_3]: [scout_3] Landing controller state: FLIGHT
[landing_controller-7] [INFO] [1786782139.190622495] [landing_scout_1]: [scout_1] Landing controller state: FLIGHT
[swarm_manager-3] [INFO] [1786782142.148844320] [swarm_manager_node]: 📍 scout_1 detected high-value spectral anomaly at [-25.4, 28.3]!
[landing_controller-11] [INFO] [1786782144.158032132] [landing_scout_2]: [scout_2] Landing controller state: FLIGHT
[landing_controller-15] [INFO] [1786782144.190226431] [landing_scout_3]: [scout_3] Landing controller state: FLIGHT
[landing_controller-7] [INFO] [1786782144.190471570] [landing_scout_1]: [scout_1] Landing controller state: FLIGHT
[swarm_manager-3] [INFO] [1786782146.148690995] [swarm_manager_node]: 📍 scout_3 detected high-value spectral anomaly at [-8.5, -19.2]!
[landing_controller-11] [INFO] [1786782149.157789441] [landing_scout_2]: [scout_2] Landing controller state: FLIGHT
[landing_controller-7] [INFO] [1786782149.190695272] [landing_scout_1]: [scout_1] Landing controller state: FLIGHT
[landing_controller-15] [INFO] [1786782149.192041302] [landing_scout_3]: [scout_3] Landing controller state: FLIGHT
[swarm_manager-3] [INFO] [1786782150.149552170] [swarm_manager_node]: 📍 scout_1 detected high-value spectral anomaly at [-28.3, 25.1]!
[landing_controller-15] [INFO] [1786782151.443719959] [landing_scout_3]: [scout_3] 🎯 Contact detected! accel=0.1009 m/s² → hands-off settle (no posture commands at contact)
[landing_controller-15] [INFO] [1786782151.777157667] [landing_scout_3]: [scout_3] ⚠️ Bounce detected (v=0.0244 m/s) → back to FLIGHT
[attitude_controller-14] [INFO] [1786782152.202247764] [attitude_scout_3]: [scout_3] Contact — commanded-flight latch cleared (full attitude PD locked out until next ignition).
[swarm_manager-3] [INFO] [1786782154.148899562] [swarm_manager_node]: 📍 scout_1 detected high-value spectral anomaly at [-29.7, 16.1]!
[landing_controller-11] [INFO] [1786782154.158752615] [landing_scout_2]: [scout_2] Landing controller state: FLIGHT
[landing_controller-15] [INFO] [1786782154.190946844] [landing_scout_3]: [scout_3] Landing controller state: FLIGHT
[landing_controller-7] [INFO] [1786782154.191192332] [landing_scout_1]: [scout_1] Landing controller state: FLIGHT
[swarm_manager-3] [INFO] [1786782158.148770478] [swarm_manager_node]: 📍 scout_1 detected high-value spectral anomaly at [-37.0, 31.3]!
[landing_controller-11] [INFO] [1786782159.159043022] [landing_scout_2]: [scout_2] Landing controller state: FLIGHT
[landing_controller-7] [INFO] [1786782159.191111609] [landing_scout_1]: [scout_1] Landing controller state: FLIGHT
[landing_controller-15] [INFO] [1786782159.191331745] [landing_scout_3]: [scout_3] Landing controller state: FLIGHT
[swarm_manager-3] [INFO] [1786782160.148809929] [swarm_manager_node]: 📍 scout_3 detected high-value spectral anomaly at [-7.1, -17.4]!
[swarm_manager-3] [INFO] [1786782162.148815159] [swarm_manager_node]: 📍 scout_3 detected high-value spectral anomaly at [-11.4, -4.2]!
[landing_controller-11] [INFO] [1786782164.158609259] [landing_scout_2]: [scout_2] Landing controller state: FLIGHT
[landing_controller-15] [INFO] [1786782164.190030428] [landing_scout_3]: [scout_3] Landing controller state: FLIGHT
[landing_controller-7] [INFO] [1786782164.190695237] [landing_scout_1]: [scout_1] Landing controller state: FLIGHT
[swarm_manager-3] [INFO] [1786782168.149253246] [swarm_manager_node]: 📍 scout_1 detected high-value spectral anomaly at [-45.0, 26.5]!
[landing_controller-11] [INFO] [1786782169.157915556] [landing_scout_2]: [scout_2] Landing controller state: FLIGHT
[landing_controller-15] [INFO] [1786782169.190585536] [landing_scout_3]: [scout_3] Landing controller state: FLIGHT
[landing_controller-7] [INFO] [1786782169.190861964] [landing_scout_1]: [scout_1] Landing controller state: FLIGHT
[landing_controller-11] [INFO] [1786782174.157887153] [landing_scout_2]: [scout_2] Landing controller state: FLIGHT
[landing_controller-15] [INFO] [1786782174.190163654] [landing_scout_3]: [scout_3] Landing controller state: FLIGHT
[landing_controller-7] [INFO] [1786782174.190793473] [landing_scout_1]: [scout_1] Landing controller state: FLIGHT
[swarm_manager-3] [INFO] [1786782176.148653718] [swarm_manager_node]: 📍 scout_3 detected high-value spectral anomaly at [-14.7, -4.2]!
[landing_controller-11] [INFO] [1786782179.158036148] [landing_scout_2]: [scout_2] Landing controller state: FLIGHT
[landing_controller-15] [INFO] [1786782179.190823111] [landing_scout_3]: [scout_3] Landing controller state: FLIGHT
[landing_controller-7] [INFO] [1786782179.191227626] [landing_scout_1]: [scout_1] Landing controller state: FLIGHT
[swarm_manager-3] [INFO] [1786782182.151337179] [swarm_manager_node]: 📍 scout_1 detected high-value spectral anomaly at [-32.3, 19.6]!
[landing_controller-11] [INFO] [1786782184.157875057] [landing_scout_2]: [scout_2] Landing controller state: FLIGHT
[landing_controller-15] [INFO] [1786782184.190157634] [landing_scout_3]: [scout_3] Landing controller state: FLIGHT
[landing_controller-7] [INFO] [1786782184.190799814] [landing_scout_1]: [scout_1] Landing controller state: FLIGHT
[landing_controller-11] [INFO] [1786782189.157967768] [landing_scout_2]: [scout_2] Landing controller state: FLIGHT
[landing_controller-15] [INFO] [1786782189.190169889] [landing_scout_3]: [scout_3] Landing controller state: FLIGHT
[landing_controller-7] [INFO] [1786782189.190541229] [landing_scout_1]: [scout_1] Landing controller state: FLIGHT
[landing_controller-11] [INFO] [1786782194.157721478] [landing_scout_2]: [scout_2] Landing controller state: FLIGHT
[landing_controller-15] [INFO] [1786782194.190177958] [landing_scout_3]: [scout_3] Landing controller state: FLIGHT
[landing_controller-7] [INFO] [1786782194.191841481] [landing_scout_1]: [scout_1] Landing controller state: FLIGHT
[landing_controller-11] [INFO] [1786782199.158048021] [landing_scout_2]: [scout_2] Landing controller state: FLIGHT
[landing_controller-15] [INFO] [1786782199.190759208] [landing_scout_3]: [scout_3] Landing controller state: FLIGHT
[landing_controller-7] [INFO] [1786782199.191249835] [landing_scout_1]: [scout_1] Landing controller state: FLIGHT
[swarm_manager-3] [INFO] [1786782202.148766929] [swarm_manager_node]: 📍 scout_1 detected high-value spectral anomaly at [-29.8, 33.7]!
[landing_controller-11] [INFO] [1786782204.158564441] [landing_scout_2]: [scout_2] Landing controller state: FLIGHT
[landing_controller-7] [INFO] [1786782204.190679253] [landing_scout_1]: [scout_1] Landing controller state: FLIGHT
[landing_controller-15] [INFO] [1786782204.191675589] [landing_scout_3]: [scout_3] Landing controller state: FLIGHT
[swarm_manager-3] [INFO] [1786782206.148681357] [swarm_manager_node]: 📍 scout_3 detected high-value spectral anomaly at [-21.5, -10.7]!
[swarm_manager-3] [INFO] [1786782208.150662274] [swarm_manager_node]: 📍 scout_1 detected high-value spectral anomaly at [-29.4, 21.9]!
[landing_controller-11] [INFO] [1786782209.159117200] [landing_scout_2]: [scout_2] Landing controller state: FLIGHT
[landing_controller-7] [INFO] [1786782209.190646276] [landing_scout_1]: [scout_1] Landing controller state: FLIGHT
[landing_controller-15] [INFO] [1786782209.191554189] [landing_scout_3]: [scout_3] Landing controller state: FLIGHT
[swarm_manager-3] [INFO] [1786782210.148946882] [swarm_manager_node]: 📍 scout_1 detected high-value spectral anomaly at [-43.8, 32.7]!
[swarm_manager-3] [INFO] [1786782212.148491439] [swarm_manager_node]: 📍 scout_3 detected high-value spectral anomaly at [-20.9, -20.1]!
[landing_controller-11] [INFO] [1786782214.158120568] [landing_scout_2]: [scout_2] Landing controller state: FLIGHT
[landing_controller-15] [INFO] [1786782214.190474459] [landing_scout_3]: [scout_3] Landing controller state: FLIGHT
[landing_controller-7] [INFO] [1786782214.190996199] [landing_scout_1]: [scout_1] Landing controller state: FLIGHT
[landing_controller-11] [INFO] [1786782219.158426216] [landing_scout_2]: [scout_2] Landing controller state: FLIGHT
[landing_controller-15] [INFO] [1786782219.190432536] [landing_scout_3]: [scout_3] Landing controller state: FLIGHT
[landing_controller-7] [INFO] [1786782219.191181416] [landing_scout_1]: [scout_1] Landing controller state: FLIGHT
[swarm_manager-3] [INFO] [1786782220.148744476] [swarm_manager_node]: 📍 scout_3 detected high-value spectral anomaly at [-11.4, -9.0]!
[swarm_manager-3] [INFO] [1786782224.148757285] [swarm_manager_node]: 📍 scout_3 detected high-value spectral anomaly at [-27.5, -13.0]!
[landing_controller-11] [INFO] [1786782224.157747258] [landing_scout_2]: [scout_2] Landing controller state: FLIGHT
[landing_controller-15] [INFO] [1786782224.190216994] [landing_scout_3]: [scout_3] Landing controller state: FLIGHT
[landing_controller-7] [INFO] [1786782224.191235362] [landing_scout_1]: [scout_1] Landing controller state: FLIGHT
[swarm_manager-3] [INFO] [1786782228.148981841] [swarm_manager_node]: 📍 scout_1 detected high-value spectral anomaly at [-45.0, 26.6]!
[landing_controller-11] [INFO] [1786782229.158944530] [landing_scout_2]: [scout_2] Landing controller state: FLIGHT
[landing_controller-7] [INFO] [1786782229.190583501] [landing_scout_1]: [scout_1] Landing controller state: FLIGHT
[landing_controller-15] [INFO] [1786782229.190775748] [landing_scout_3]: [scout_3] Landing controller state: FLIGHT
[swarm_manager-3] [INFO] [1786782230.148480363] [swarm_manager_node]: 📍 scout_3 detected high-value spectral anomaly at [-15.9, -6.5]!
[swarm_manager-3] [INFO] [1786782234.148815127] [swarm_manager_node]: 📍 scout_1 detected high-value spectral anomaly at [-35.3, 34.5]!
[landing_controller-11] [INFO] [1786782234.157729426] [landing_scout_2]: [scout_2] Landing controller state: FLIGHT
[landing_controller-15] [INFO] [1786782234.190417477] [landing_scout_3]: [scout_3] Landing controller state: FLIGHT
[landing_controller-7] [INFO] [1786782234.190814939] [landing_scout_1]: [scout_1] Landing controller state: FLIGHT
[landing_controller-11] [INFO] [1786782239.159754215] [landing_scout_2]: [scout_2] Landing controller state: FLIGHT
[landing_controller-15] [INFO] [1786782239.190234090] [landing_scout_3]: [scout_3] Landing controller state: FLIGHT
[landing_controller-7] [INFO] [1786782239.190628715] [landing_scout_1]: [scout_1] Landing controller state: FLIGHT
[landing_controller-11] [INFO] [1786782244.160084243] [landing_scout_2]: [scout_2] Landing controller state: FLIGHT
[landing_controller-15] [INFO] [1786782244.190168683] [landing_scout_3]: [scout_3] Landing controller state: FLIGHT
[landing_controller-7] [INFO] [1786782244.190575861] [landing_scout_1]: [scout_1] Landing controller state: FLIGHT
[swarm_manager-3] [INFO] [1786782246.149000399] [swarm_manager_node]: 📍 scout_3 detected high-value spectral anomaly at [-8.4, -18.7]!
[swarm_manager-3] [INFO] [1786782248.148629783] [swarm_manager_node]: 📍 scout_1 detected high-value spectral anomaly at [-34.3, 31.3]!
[landing_controller-11] [INFO] [1786782249.157868918] [landing_scout_2]: [scout_2] Landing controller state: FLIGHT
[landing_controller-7] [INFO] [1786782249.190993253] [landing_scout_1]: [scout_1] Landing controller state: FLIGHT
[landing_controller-15] [INFO] [1786782249.191052416] [landing_scout_3]: [scout_3] Landing controller state: FLIGHT
[swarm_manager-3] [INFO] [1786782254.148758089] [swarm_manager_node]: 📍 scout_3 detected high-value spectral anomaly at [-16.0, -9.5]!
[landing_controller-11] [INFO] [1786782254.157672929] [landing_scout_2]: [scout_2] Landing controller state: FLIGHT
[landing_controller-15] [INFO] [1786782254.190240634] [landing_scout_3]: [scout_3] Landing controller state: FLIGHT
[landing_controller-7] [INFO] [1786782254.190739419] [landing_scout_1]: [scout_1] Landing controller state: FLIGHT
[landing_controller-11] [INFO] [1786782259.157948596] [landing_scout_2]: [scout_2] Landing controller state: FLIGHT
[landing_controller-15] [INFO] [1786782259.190536729] [landing_scout_3]: [scout_3] Landing controller state: FLIGHT
[landing_controller-7] [INFO] [1786782259.190796137] [landing_scout_1]: [scout_1] Landing controller state: FLIGHT
[swarm_manager-3] [INFO] [1786782262.148638720] [swarm_manager_node]: 📍 scout_3 detected high-value spectral anomaly at [-13.4, -12.3]!
[landing_controller-11] [INFO] [1786782264.161101218] [landing_scout_2]: [scout_2] Landing controller state: FLIGHT
[landing_controller-15] [INFO] [1786782264.190297467] [landing_scout_3]: [scout_3] Landing controller state: FLIGHT
[landing_controller-7] [INFO] [1786782264.191358031] [landing_scout_1]: [scout_1] Landing controller state: FLIGHT
[landing_controller-11] [INFO] [1786782269.159151821] [landing_scout_2]: [scout_2] Landing controller state: FLIGHT
[landing_controller-7] [INFO] [1786782269.190672377] [landing_scout_1]: [scout_1] Landing controller state: FLIGHT
[landing_controller-15] [INFO] [1786782269.191590744] [landing_scout_3]: [scout_3] Landing controller state: FLIGHT
[landing_controller-11] [INFO] [1786782274.157816841] [landing_scout_2]: [scout_2] Landing controller state: FLIGHT
[landing_controller-15] [INFO] [1786782274.190407910] [landing_scout_3]: [scout_3] Landing controller state: FLIGHT
[landing_controller-7] [INFO] [1786782274.190673981] [landing_scout_1]: [scout_1] Landing controller state: FLIGHT
[landing_controller-11] [INFO] [1786782279.157876932] [landing_scout_2]: [scout_2] Landing controller state: FLIGHT
[landing_controller-15] [INFO] [1786782279.190401611] [landing_scout_3]: [scout_3] Landing controller state: FLIGHT
[landing_controller-7] [INFO] [1786782279.190495213] [landing_scout_1]: [scout_1] Landing controller state: FLIGHT
[swarm_manager-3] [INFO] [1786782280.149776020] [swarm_manager_node]: 📍 scout_1 detected high-value spectral anomaly at [-34.7, 20.6]!
[swarm_manager-3] [INFO] [1786782282.149535102] [swarm_manager_node]: 📍 scout_1 detected high-value spectral anomaly at [-37.3, 32.3]!
[swarm_manager-3] [INFO] [1786782284.149129523] [swarm_manager_node]: 📍 scout_3 detected high-value spectral anomaly at [-11.0, -12.8]!
[landing_controller-11] [INFO] [1786782284.157869744] [landing_scout_2]: [scout_2] Landing controller state: FLIGHT
[landing_controller-7] [INFO] [1786782284.190541717] [landing_scout_1]: [scout_1] Landing controller state: FLIGHT
[landing_controller-15] [INFO] [1786782284.190546540] [landing_scout_3]: [scout_3] Landing controller state: FLIGHT
[swarm_manager-3] [INFO] [1786782288.149710584] [swarm_manager_node]: 📍 scout_1 detected high-value spectral anomaly at [-42.9, 19.1]!
[landing_controller-11] [INFO] [1786782289.158098356] [landing_scout_2]: [scout_2] Landing controller state: FLIGHT
[landing_controller-15] [INFO] [1786782289.190306474] [landing_scout_3]: [scout_3] Landing controller state: FLIGHT
[landing_controller-7] [INFO] [1786782289.190601792] [landing_scout_1]: [scout_1] Landing controller state: FLIGHT
[landing_controller-11] [INFO] [1786782294.158962253] [landing_scout_2]: [scout_2] Landing controller state: FLIGHT
[landing_controller-15] [INFO] [1786782294.191007075] [landing_scout_3]: [scout_3] Landing controller state: FLIGHT
[landing_controller-7] [INFO] [1786782294.192645204] [landing_scout_1]: [scout_1] Landing controller state: FLIGHT
[swarm_manager-3] [INFO] [1786782298.148633459] [swarm_manager_node]: 📍 scout_3 detected high-value spectral anomaly at [-20.5, -20.6]!
[landing_controller-11] [INFO] [1786782299.157865906] [landing_scout_2]: [scout_2] Landing controller state: FLIGHT
[landing_controller-7] [INFO] [1786782299.190880779] [landing_scout_1]: [scout_1] Landing controller state: FLIGHT
[landing_controller-15] [INFO] [1786782299.193843723] [landing_scout_3]: [scout_3] Landing controller state: FLIGHT
[landing_controller-11] [INFO] [1786782304.157892965] [landing_scout_2]: [scout_2] Landing controller state: FLIGHT
[landing_controller-15] [INFO] [1786782304.191172657] [landing_scout_3]: [scout_3] Landing controller state: FLIGHT
[landing_controller-7] [INFO] [1786782304.191484506] [landing_scout_1]: [scout_1] Landing controller state: FLIGHT
[swarm_manager-3] [INFO] [1786782308.149577949] [swarm_manager_node]: 📍 scout_3 detected high-value spectral anomaly at [-14.2, -17.2]!
[landing_controller-11] [INFO] [1786782309.157868035] [landing_scout_2]: [scout_2] Landing controller state: FLIGHT
[landing_controller-15] [INFO] [1786782309.190224252] [landing_scout_3]: [scout_3] Landing controller state: FLIGHT
[landing_controller-7] [INFO] [1786782309.190518129] [landing_scout_1]: [scout_1] Landing controller state: FLIGHT
[swarm_manager-3] [INFO] [1786782310.149775771] [swarm_manager_node]: 📍 scout_3 detected high-value spectral anomaly at [-20.6, -17.7]!
[landing_controller-11] [INFO] [1786782314.161185690] [landing_scout_2]: [scout_2] Landing controller state: FLIGHT
[landing_controller-7] [INFO] [1786782314.191299975] [landing_scout_1]: [scout_1] Landing controller state: FLIGHT
[landing_controller-15] [INFO] [1786782314.193527779] [landing_scout_3]: [scout_3] Landing controller state: FLIGHT
[swarm_manager-3] [INFO] [1786782316.148673491] [swarm_manager_node]: 📍 scout_1 detected high-value spectral anomaly at [-33.1, 28.6]!
[swarm_manager-3] [INFO] [1786782318.148681182] [swarm_manager_node]: 📍 scout_3 detected high-value spectral anomaly at [-13.8, -8.9]!
[landing_controller-11] [INFO] [1786782319.158072960] [landing_scout_2]: [scout_2] Landing controller state: FLIGHT
[landing_controller-15] [INFO] [1786782319.190218392] [landing_scout_3]: [scout_3] Landing controller state: FLIGHT
[landing_controller-7] [INFO] [1786782319.190427553] [landing_scout_1]: [scout_1] Landing controller state: FLIGHT
[landing_controller-11] [INFO] [1786782324.158046072] [landing_scout_2]: [scout_2] Landing controller state: FLIGHT
[landing_controller-15] [INFO] [1786782324.190171167] [landing_scout_3]: [scout_3] Landing controller state: FLIGHT
[landing_controller-7] [INFO] [1786782324.190506179] [landing_scout_1]: [scout_1] Landing controller state: FLIGHT
[landing_controller-7] [INFO] [1786782327.418241695] [landing_scout_1]: [scout_1] 🎯 Contact detected! accel=0.0906 m/s² → hands-off settle (no posture commands at contact)
[landing_controller-7] [WARN] [1786782328.710689873] [landing_scout_1]: [scout_1] Sustained contact accel but velocity still 0.0814 m/s — not actually landed, resetting settle counter (likely a false accel trigger, e.g. RW/leg motor reaction torque).
[landing_controller-11] [INFO] [1786782329.157894226] [landing_scout_2]: [scout_2] Landing controller state: FLIGHT
[landing_controller-7] [INFO] [1786782329.190109109] [landing_scout_1]: [scout_1] ⚠️ Bounce detected (v=0.0870 m/s) → back to FLIGHT
[landing_controller-15] [INFO] [1786782329.191623475] [landing_scout_3]: [scout_3] Landing controller state: FLIGHT
[landing_controller-7] [INFO] [1786782329.194264025] [landing_scout_1]: [scout_1] Landing controller state: FLIGHT
[landing_controller-7] [INFO] [1786782329.591071567] [landing_scout_1]: [scout_1] 🎯 Contact detected! accel=0.2580 m/s² → hands-off settle (no posture commands at contact)
[landing_controller-7] [INFO] [1786782329.914203192] [landing_scout_1]: [scout_1] ⚠️ Bounce detected (v=0.0568 m/s) → back to FLIGHT
[landing_controller-11] [INFO] [1786782334.158344837] [landing_scout_2]: [scout_2] Landing controller state: FLIGHT
[landing_controller-15] [INFO] [1786782334.190574934] [landing_scout_3]: [scout_3] Landing controller state: FLIGHT
[landing_controller-7] [INFO] [1786782334.191909678] [landing_scout_1]: [scout_1] Landing controller state: FLIGHT
[landing_controller-11] [INFO] [1786782339.157773191] [landing_scout_2]: [scout_2] Landing controller state: FLIGHT
[landing_controller-15] [INFO] [1786782339.191301773] [landing_scout_3]: [scout_3] Landing controller state: FLIGHT
[landing_controller-7] [INFO] [1786782339.192248883] [landing_scout_1]: [scout_1] Landing controller state: FLIGHT
[landing_controller-11] [INFO] [1786782344.159268403] [landing_scout_2]: [scout_2] Landing controller state: FLIGHT
[landing_controller-15] [INFO] [1786782344.190521549] [landing_scout_3]: [scout_3] Landing controller state: FLIGHT
[landing_controller-7] [INFO] [1786782344.191406243] [landing_scout_1]: [scout_1] Landing controller state: FLIGHT
[swarm_manager-3] [INFO] [1786782346.148832837] [swarm_manager_node]: 📍 scout_1 detected high-value spectral anomaly at [-37.2, 40.5]!
[landing_controller-11] [INFO] [1786782349.158452737] [landing_scout_2]: [scout_2] Landing controller state: FLIGHT
[landing_controller-15] [INFO] [1786782349.190952657] [landing_scout_3]: [scout_3] Landing controller state: FLIGHT
[landing_controller-7] [INFO] [1786782349.192742417] [landing_scout_1]: [scout_1] Landing controller state: FLIGHT
[swarm_manager-3] [INFO] [1786782350.148436351] [swarm_manager_node]: 📍 scout_1 detected high-value spectral anomaly at [-44.6, 35.4]!
[landing_controller-11] [INFO] [1786782354.157891133] [landing_scout_2]: [scout_2] Landing controller state: FLIGHT
[landing_controller-15] [INFO] [1786782354.190145618] [landing_scout_3]: [scout_3] Landing controller state: FLIGHT
[landing_controller-7] [INFO] [1786782354.190689721] [landing_scout_1]: [scout_1] Landing controller state: FLIGHT
[landing_controller-11] [INFO] [1786782359.157938550] [landing_scout_2]: [scout_2] Landing controller state: FLIGHT
[landing_controller-15] [INFO] [1786782359.190271016] [landing_scout_3]: [scout_3] Landing controller state: FLIGHT
[landing_controller-7] [INFO] [1786782359.190891900] [landing_scout_1]: [scout_1] Landing controller state: FLIGHT
[swarm_manager-3] [INFO] [1786782364.148536752] [swarm_manager_node]: 📍 scout_1 detected high-value spectral anomaly at [-45.0, 31.1]!
[swarm_manager-3] [INFO] [1786782364.149252791] [swarm_manager_node]: 📍 scout_3 detected high-value spectral anomaly at [-20.9, -10.4]!
[landing_controller-11] [INFO] [1786782364.159676093] [landing_scout_2]: [scout_2] Landing controller state: FLIGHT
[landing_controller-7] [INFO] [1786782364.190987851] [landing_scout_1]: [scout_1] Landing controller state: FLIGHT
[landing_controller-15] [INFO] [1786782364.191510417] [landing_scout_3]: [scout_3] Landing controller state: FLIGHT
[landing_controller-11] [INFO] [1786782369.158125157] [landing_scout_2]: [scout_2] Landing controller state: FLIGHT
[landing_controller-15] [INFO] [1786782369.190345245] [landing_scout_3]: [scout_3] Landing controller state: FLIGHT
[landing_controller-7] [INFO] [1786782369.191401682] [landing_scout_1]: [scout_1] Landing controller state: FLIGHT
[swarm_manager-3] [INFO] [1786782370.148701223] [swarm_manager_node]: 📍 scout_3 detected high-value spectral anomaly at [-11.9, -12.0]!
[landing_controller-7] [INFO] [1786782374.038349752] [landing_scout_1]: [scout_1] 🎯 Altitude static (±2 cm for 60 s) — grounded without an impact spike, settling in place
[swarm_manager-3] [INFO] [1786782374.148570024] [swarm_manager_node]: 📍 scout_1 detected high-value spectral anomaly at [-42.5, 38.4]!
[landing_controller-11] [INFO] [1786782374.160577635] [landing_scout_2]: [scout_2] Landing controller state: FLIGHT
[landing_controller-15] [INFO] [1786782374.190266391] [landing_scout_3]: [scout_3] Landing controller state: FLIGHT
[landing_controller-7] [INFO] [1786782374.190917714] [landing_scout_1]: [scout_1] Landing controller state: CONTACT
[landing_controller-7] [WARN] [1786782375.316261008] [landing_scout_1]: [scout_1] ⚠️ Settled badly tilted/inverted — initiating RW righting roll
[attitude_controller-6] [INFO] [1786782375.322841640] [attitude_scout_1]: [scout_1] RW righting in progress — attitude controller standing down.
[landing_controller-7] [INFO] [1786782375.329274010] [landing_scout_1]: [scout_1] 🔄 RW righting attempt 1/5: proportional roll, u_z=-0.93
[landing_controller-7] [INFO] [1786782376.626335283] [landing_scout_1]: [scout_1] 📐 RIGHTTRACE attempt=1 u_z=-0.9063 w=26 omega=0.675 omega_roll=-0.504 dir=(0.81,-0.59)
[landing_controller-7] [INFO] [1786782377.855955979] [landing_scout_1]: [scout_1] 📐 RIGHTTRACE attempt=1 u_z=-0.6420 w=42 omega=0.933 omega_roll=-0.665 dir=(0.96,-0.29)
[landing_controller-7] [INFO] [1786782379.116190728] [landing_scout_1]: [scout_1] 📐 RIGHTTRACE attempt=1 u_z=-0.2310 w=60 omega=0.816 omega_roll=-0.673 dir=(0.89,-0.45)
[landing_controller-11] [INFO] [1786782379.157781066] [landing_scout_2]: [scout_2] Landing controller state: FLIGHT
[landing_controller-15] [INFO] [1786782379.190399716] [landing_scout_3]: [scout_3] Landing controller state: FLIGHT
[landing_controller-7] [INFO] [1786782379.190596466] [landing_scout_1]: [scout_1] Landing controller state: RIGHTING
[landing_controller-7] [INFO] [1786782380.402042565] [landing_scout_1]: [scout_1] 📐 RIGHTTRACE attempt=1 u_z=0.3631 w=76 omega=1.199 omega_roll=-1.161 dir=(0.92,-0.40)
[landing_controller-7] [INFO] [1786782381.673672437] [landing_scout_1]: [scout_1] 📐 RIGHTTRACE attempt=1 u_z=0.8936 w=82 omega=1.282 omega_roll=-1.147 dir=(0.97,0.26)
[landing_controller-7] [INFO] [1786782382.188270675] [landing_scout_1]: [scout_1] 🎯 HOLD-START attempt=1 u_z=0.9689 omega=0.148 start_speed=81
[landing_controller-7] [INFO] [1786782382.232352465] [landing_scout_1]: [scout_1] 🎯 HOLD-LOST attempt=1 held_ticks=6 u_z=0.9689 omega=0.241
[landing_controller-11] [INFO] [1786782384.157963140] [landing_scout_2]: [scout_2] Landing controller state: FLIGHT
[landing_controller-15] [INFO] [1786782384.190480080] [landing_scout_3]: [scout_3] Landing controller state: FLIGHT
[landing_controller-7] [INFO] [1786782384.191264417] [landing_scout_1]: [scout_1] Landing controller state: RIGHTING
[landing_controller-7] [INFO] [1786782384.224317174] [landing_scout_1]: [scout_1] 📐 RIGHTTRACE attempt=1 u_z=0.8779 w=69 omega=0.311 omega_roll=0.077 dir=(0.91,0.42)
[landing_controller-7] [WARN] [1786782385.181534379] [landing_scout_1]: [scout_1] Still inverted (u_z=0.82), retrying with alternate roll axis/sign (attempt 2/5)
[landing_controller-7] [INFO] [1786782385.201165893] [landing_scout_1]: [scout_1] 🔄 RW righting attempt 2/5: proportional roll, u_z=0.82
[landing_controller-7] [INFO] [1786782386.476704440] [landing_scout_1]: [scout_1] 📐 RIGHTTRACE attempt=2 u_z=0.5377 w=6 omega=1.471 omega_roll=1.023 dir=(0.78,-0.62)
[landing_controller-7] [INFO] [1786782387.707797965] [landing_scout_1]: [scout_1] 📐 RIGHTTRACE attempt=2 u_z=0.1749 w=28 omega=1.445 omega_roll=-0.219 dir=(0.13,-0.99)
[landing_controller-7] [INFO] [1786782388.913938646] [landing_scout_1]: [scout_1] 📐 RIGHTTRACE attempt=2 u_z=-0.4731 w=48 omega=2.486 omega_roll=-1.991 dir=(-0.80,-0.60)
[landing_controller-11] [INFO] [1786782389.157945892] [landing_scout_2]: [scout_2] Landing controller state: FLIGHT
[landing_controller-7] [INFO] [1786782389.191508859] [landing_scout_1]: [scout_1] Landing controller state: RIGHTING
[landing_controller-15] [INFO] [1786782389.193248064] [landing_scout_3]: [scout_3] Landing controller state: FLIGHT
[landing_controller-7] [INFO] [1786782390.177891296] [landing_scout_1]: [scout_1] 📐 RIGHTTRACE attempt=2 u_z=-0.2465 w=64 omega=3.449 omega_roll=-2.141 dir=(-0.09,1.00)
[landing_controller-7] [INFO] [1786782391.455759620] [landing_scout_1]: [scout_1] 📐 RIGHTTRACE attempt=2 u_z=0.7092 w=77 omega=2.097 omega_roll=-1.139 dir=(0.96,0.26)
[landing_controller-7] [INFO] [1786782393.909077808] [landing_scout_1]: [scout_1] 📐 RIGHTTRACE attempt=2 u_z=0.8044 w=76 omega=2.341 omega_roll=-1.289 dir=(-0.62,-0.79)
[landing_controller-11] [INFO] [1786782394.158807179] [landing_scout_2]: [scout_2] Landing controller state: FLIGHT
[landing_controller-7] [INFO] [1786782394.190690819] [landing_scout_1]: [scout_1] Landing controller state: RIGHTING
[landing_controller-15] [INFO] [1786782394.190458024] [landing_scout_3]: [scout_3] Landing controller state: FLIGHT
[landing_controller-7] [WARN] [1786782394.820244354] [landing_scout_1]: [scout_1] Still inverted (u_z=0.27), retrying with alternate roll axis/sign (attempt 3/5)
[landing_controller-7] [INFO] [1786782394.821934917] [landing_scout_1]: [scout_1] 🔄 RW righting attempt 3/5: proportional roll, u_z=0.27
[landing_controller-7] [INFO] [1786782396.104733376] [landing_scout_1]: [scout_1] 📐 RIGHTTRACE attempt=3 u_z=0.2436 w=29 omega=1.965 omega_roll=-1.557 dir=(-1.00,0.08)
[swarm_manager-3] [INFO] [1786782396.148533256] [swarm_manager_node]: 📍 scout_1 detected high-value spectral anomaly at [-45.0, 36.6]!
[landing_controller-7] [INFO] [1786782397.333462545] [landing_scout_1]: [scout_1] 📐 RIGHTTRACE attempt=3 u_z=0.3039 w=44 omega=2.864 omega_roll=-2.653 dir=(0.14,0.99)
[swarm_manager-3] [INFO] [1786782398.148640742] [swarm_manager_node]: 📍 scout_3 detected high-value spectral anomaly at [-10.2, -20.5]!
[landing_controller-7] [INFO] [1786782398.609987712] [landing_scout_1]: [scout_1] 📐 RIGHTTRACE attempt=3 u_z=0.5619 w=58 omega=2.393 omega_roll=-0.863 dir=(0.86,-0.51)
[landing_controller-11] [INFO] [1786782399.159179638] [landing_scout_2]: [scout_2] Landing controller state: FLIGHT
[landing_controller-15] [INFO] [1786782399.190542171] [landing_scout_3]: [scout_3] Landing controller state: FLIGHT
[landing_controller-7] [INFO] [1786782399.190648437] [landing_scout_1]: [scout_1] Landing controller state: RIGHTING
[swarm_manager-3] [INFO] [1786782400.148958093] [swarm_manager_node]: 📍 scout_3 detected high-value spectral anomaly at [-12.7, -20.2]!
[landing_controller-7] [INFO] [1786782401.124744832] [landing_scout_1]: [scout_1] 📐 RIGHTTRACE attempt=3 u_z=0.7513 w=63 omega=1.180 omega_roll=-0.404 dir=(0.95,0.31)
[landing_controller-7] [INFO] [1786782402.402551239] [landing_scout_1]: [scout_1] 📐 RIGHTTRACE attempt=3 u_z=0.2450 w=79 omega=1.047 omega_roll=-0.525 dir=(0.86,0.51)
[landing_controller-7] [INFO] [1786782403.641993867] [landing_scout_1]: [scout_1] 📐 RIGHTTRACE attempt=3 u_z=0.3601 w=95 omega=1.318 omega_roll=-1.093 dir=(0.62,0.79)
[landing_controller-11] [INFO] [1786782404.157842064] [landing_scout_2]: [scout_2] Landing controller state: FLIGHT
[landing_controller-15] [INFO] [1786782404.190477315] [landing_scout_3]: [scout_3] Landing controller state: FLIGHT
[landing_controller-7] [INFO] [1786782404.191716939] [landing_scout_1]: [scout_1] Landing controller state: RIGHTING
[landing_controller-7] [WARN] [1786782404.589795530] [landing_scout_1]: [scout_1] Still inverted (u_z=0.83), retrying with alternate roll axis/sign (attempt 4/5)
[landing_controller-7] [INFO] [1786782404.593487296] [landing_scout_1]: [scout_1] 🔄 RW righting attempt 4/5: proportional roll, u_z=0.83
[landing_controller-7] [INFO] [1786782405.870513853] [landing_scout_1]: [scout_1] 📐 RIGHTTRACE attempt=4 u_z=0.6795 w=3 omega=1.549 omega_roll=0.916 dir=(0.98,-0.18)
[landing_controller-7] [INFO] [1786782407.126978435] [landing_scout_1]: [scout_1] 📐 RIGHTTRACE attempt=4 u_z=0.2398 w=27 omega=1.656 omega_roll=-0.736 dir=(0.45,-0.90)
[landing_controller-7] [INFO] [1786782408.373893557] [landing_scout_1]: [scout_1] 📐 RIGHTTRACE attempt=4 u_z=-0.3910 w=42 omega=2.647 omega_roll=-2.486 dir=(-0.70,-0.72)
[landing_controller-11] [INFO] [1786782409.157778504] [landing_scout_2]: [scout_2] Landing controller state: FLIGHT
[landing_controller-15] [INFO] [1786782409.190207848] [landing_scout_3]: [scout_3] Landing controller state: FLIGHT
[landing_controller-7] [INFO] [1786782409.191230254] [landing_scout_1]: [scout_1] Landing controller state: RIGHTING
[landing_controller-7] [INFO] [1786782409.604636751] [landing_scout_1]: [scout_1] 📐 RIGHTTRACE attempt=4 u_z=0.1218 w=58 omega=3.105 omega_roll=-2.286 dir=(-0.51,0.86)
[landing_controller-7] [INFO] [1786782413.345102797] [landing_scout_1]: [scout_1] 📐 RIGHTTRACE attempt=4 u_z=0.4492 w=66 omega=2.068 omega_roll=-1.339 dir=(0.28,-0.96)
[landing_controller-11] [INFO] [1786782414.158468915] [landing_scout_2]: [scout_2] Landing controller state: FLIGHT
[landing_controller-7] [INFO] [1786782414.191831026] [landing_scout_1]: [scout_1] Landing controller state: RIGHTING
[landing_controller-15] [INFO] [1786782414.192604498] [landing_scout_3]: [scout_3] Landing controller state: FLIGHT
[landing_controller-7] [WARN] [1786782414.259758878] [landing_scout_1]: [scout_1] Still inverted (u_z=-0.43), retrying with alternate roll axis/sign (attempt 5/5)
[landing_controller-7] [INFO] [1786782414.273444312] [landing_scout_1]: [scout_1] 🔄 RW righting attempt 5/5: proportional roll, u_z=-0.45
[landing_controller-7] [INFO] [1786782415.533232567] [landing_scout_1]: [scout_1] 📐 RIGHTTRACE attempt=5 u_z=-0.4147 w=21 omega=2.427 omega_roll=-2.065 dir=(-0.99,0.11)
[landing_controller-7] [INFO] [1786782416.775855045] [landing_scout_1]: [scout_1] 📐 RIGHTTRACE attempt=5 u_z=-0.0036 w=37 omega=2.787 omega_roll=-1.983 dir=(0.05,1.00)
[landing_controller-7] [INFO] [1786782418.047106850] [landing_scout_1]: [scout_1] 📐 RIGHTTRACE attempt=5 u_z=0.5141 w=52 omega=1.986 omega_roll=-0.465 dir=(1.00,-0.04)
[landing_controller-11] [INFO] [1786782419.158422306] [landing_scout_2]: [scout_2] Landing controller state: FLIGHT
[landing_controller-15] [INFO] [1786782419.190154639] [landing_scout_3]: [scout_3] Landing controller state: FLIGHT
[landing_controller-7] [INFO] [1786782419.190573895] [landing_scout_1]: [scout_1] Landing controller state: RIGHTING
[landing_controller-7] [INFO] [1786782419.262944364] [landing_scout_1]: [scout_1] 📐 RIGHTTRACE attempt=5 u_z=0.8231 w=59 omega=1.414 omega_roll=-0.480 dir=(0.95,-0.31)
[landing_controller-7] [INFO] [1786782420.552498751] [landing_scout_1]: [scout_1] 📐 RIGHTTRACE attempt=5 u_z=0.6895 w=64 omega=1.077 omega_roll=-0.372 dir=(0.98,0.19)
[landing_controller-7] [INFO] [1786782421.823025795] [landing_scout_1]: [scout_1] 📐 RIGHTTRACE attempt=5 u_z=0.2603 w=82 omega=0.948 omega_roll=-0.545 dir=(0.90,0.43)
[landing_controller-7] [INFO] [1786782423.106732501] [landing_scout_1]: [scout_1] 📐 RIGHTTRACE attempt=5 u_z=0.4891 w=98 omega=1.334 omega_roll=-1.177 dir=(0.65,0.76)
[landing_controller-7] [INFO] [1786782424.048656264] [landing_scout_1]: [scout_1] 🎯 Near-upright at timeout (u_z=0.86) -- extension 1/3, giving this attempt more time to hold instead of discarding progress into a fresh attempt.
[landing_controller-11] [INFO] [1786782424.157852836] [landing_scout_2]: [scout_2] Landing controller state: FLIGHT
[landing_controller-15] [INFO] [1786782424.190181495] [landing_scout_3]: [scout_3] Landing controller state: FLIGHT
[landing_controller-7] [INFO] [1786782424.190474224] [landing_scout_1]: [scout_1] Landing controller state: RIGHTING
[landing_controller-7] [INFO] [1786782425.257130867] [landing_scout_1]: [scout_1] 📐 RIGHTTRACE attempt=5 u_z=0.7298 w=2 omega=1.604 omega_roll=0.752 dir=(0.99,-0.17)
[swarm_manager-3] [INFO] [1786782426.148897642] [swarm_manager_node]: 📍 scout_3 detected high-value spectral anomaly at [-20.3, -9.7]!
[landing_controller-7] [INFO] [1786782426.516398286] [landing_scout_1]: [scout_1] 📐 RIGHTTRACE attempt=5 u_z=0.3526 w=21 omega=1.732 omega_roll=-0.800 dir=(0.49,-0.87)
[landing_controller-7] [INFO] [1786782427.776928567] [landing_scout_1]: [scout_1] 📐 RIGHTTRACE attempt=5 u_z=-0.1894 w=37 omega=2.507 omega_roll=-2.492 dir=(-0.73,-0.68)
[landing_controller-7] [INFO] [1786782429.067557438] [landing_scout_1]: [scout_1] 📐 RIGHTTRACE attempt=5 u_z=0.4061 w=53 omega=2.884 omega_roll=-2.142 dir=(-0.56,0.83)
[landing_controller-11] [INFO] [1786782429.158254027] [landing_scout_2]: [scout_2] Landing controller state: FLIGHT
[landing_controller-15] [INFO] [1786782429.190276243] [landing_scout_3]: [scout_3] Landing controller state: FLIGHT
[landing_controller-7] [INFO] [1786782429.191398391] [landing_scout_1]: [scout_1] Landing controller state: RIGHTING
[landing_controller-7] [INFO] [1786782432.861256816] [landing_scout_1]: [scout_1] 📐 RIGHTTRACE attempt=5 u_z=0.2514 w=60 omega=1.986 omega_roll=-1.299 dir=(0.54,-0.84)
[landing_controller-7] [ERROR] [1786782433.793693761] [landing_scout_1]: [scout_1] ❌ Self-righting failed after 5 attempts — giving up, marking LANDED anyway so downstream logic (e.g. SAMPLER dispatch) does not hang forever. Robot may still be physically inverted.
[attitude_controller-6] [INFO] [1786782433.796288481] [attitude_scout_1]: [scout_1] Landed — tilt correction stopped, yaw-hold pinned to current heading.
[attitude_controller-6] [INFO] [1786782433.799012589] [attitude_scout_1]: [scout_1] Landed — tilt correction stopped, yaw-hold pinned to current heading.
[attitude_controller-6] [INFO] [1786782433.802220779] [attitude_scout_1]: [scout_1] Landed — tilt correction stopped, yaw-hold pinned to current heading.
[attitude_controller-6] [INFO] [1786782433.955308329] [attitude_scout_1]: [scout_1] Landed — tilt correction stopped, yaw-hold pinned to current heading.
[attitude_controller-6] [INFO] [1786782434.026815500] [attitude_scout_1]: [scout_1] Landed — tilt correction stopped, yaw-hold pinned to current heading.
[attitude_controller-6] [INFO] [1786782434.101806078] [attitude_scout_1]: [scout_1] Landed — tilt correction stopped, yaw-hold pinned to current heading.
[swarm_manager-3] [INFO] [1786782434.148748127] [swarm_manager_node]: 🏷️ [fifo] Dispatch for [-10.6, -15.4]: scout_1 wins at cost n/a (189 target(s), 1 bidder(s) considered)
[swarm_manager-3] [INFO] [1786782434.149688066] [swarm_manager_node]: 🚀 scout_1 accepting bid for SAMPLER. Navigating to [-10.6, -15.4] via 54.4m jump.
[landing_controller-11] [INFO] [1786782434.158271456] [landing_scout_2]: [scout_2] Landing controller state: FLIGHT
[attitude_controller-6] [INFO] [1786782434.180560884] [attitude_scout_1]: [scout_1] Landed — tilt correction stopped, yaw-hold pinned to current heading.
[landing_controller-15] [INFO] [1786782434.190282346] [landing_scout_3]: [scout_3] Landing controller state: FLIGHT
[landing_controller-7] [INFO] [1786782434.190706974] [landing_scout_1]: [scout_1] Landing controller state: LANDED
[attitude_controller-6] [INFO] [1786782434.269189593] [attitude_scout_1]: [scout_1] Landed — tilt correction stopped, yaw-hold pinned to current heading.
[attitude_controller-6] [INFO] [1786782434.335663920] [attitude_scout_1]: [scout_1] Landed — tilt correction stopped, yaw-hold pinned to current heading.
[attitude_controller-6] [INFO] [1786782434.336357661] [attitude_scout_1]: [scout_1] New target yaw received: -0.98 rad
[attitude_controller-6] [INFO] [1786782434.407403345] [attitude_scout_1]: [scout_1] Landed — tilt correction stopped, yaw-hold pinned to current heading.
[attitude_controller-6] [INFO] [1786782434.468428692] [attitude_scout_1]: [scout_1] Landed — tilt correction stopped, yaw-hold pinned to current heading.
[attitude_controller-6] [INFO] [1786782434.533833972] [attitude_scout_1]: [scout_1] Landed — tilt correction stopped, yaw-hold pinned to current heading.
[attitude_controller-6] [INFO] [1786782434.613694782] [attitude_scout_1]: [scout_1] Landed — tilt correction stopped, yaw-hold pinned to current heading.
[attitude_controller-6] [INFO] [1786782434.687851404] [attitude_scout_1]: [scout_1] Landed — tilt correction stopped, yaw-hold pinned to current heading.
[attitude_controller-6] [INFO] [1786782434.761551539] [attitude_scout_1]: [scout_1] Landed — tilt correction stopped, yaw-hold pinned to current heading.
[attitude_controller-6] [INFO] [1786782434.836760859] [attitude_scout_1]: [scout_1] Landed — tilt correction stopped, yaw-hold pinned to current heading.
[attitude_controller-6] [INFO] [1786782434.906882881] [attitude_scout_1]: [scout_1] Landed — tilt correction stopped, yaw-hold pinned to current heading.
[attitude_controller-6] [INFO] [1786782434.977037041] [attitude_scout_1]: [scout_1] Landed — tilt correction stopped, yaw-hold pinned to current heading.
[attitude_controller-6] [INFO] [1786782435.052920983] [attitude_scout_1]: [scout_1] Landed — tilt correction stopped, yaw-hold pinned to current heading.
[attitude_controller-6] [INFO] [1786782435.130572302] [attitude_scout_1]: [scout_1] Landed — tilt correction stopped, yaw-hold pinned to current heading.
[attitude_controller-6] [INFO] [1786782435.201687856] [attitude_scout_1]: [scout_1] Landed — tilt correction stopped, yaw-hold pinned to current heading.
[attitude_controller-6] [INFO] [1786782435.280298255] [attitude_scout_1]: [scout_1] Landed — tilt correction stopped, yaw-hold pinned to current heading.
[attitude_controller-6] [INFO] [1786782435.357603263] [attitude_scout_1]: [scout_1] Landed — tilt correction stopped, yaw-hold pinned to current heading.
[attitude_controller-6] [INFO] [1786782435.431651251] [attitude_scout_1]: [scout_1] Landed — tilt correction stopped, yaw-hold pinned to current heading.
[attitude_controller-6] [INFO] [1786782435.503267514] [attitude_scout_1]: [scout_1] Landed — tilt correction stopped, yaw-hold pinned to current heading.
[attitude_controller-6] [INFO] [1786782435.570733209] [attitude_scout_1]: [scout_1] Landed — tilt correction stopped, yaw-hold pinned to current heading.
[attitude_controller-6] [INFO] [1786782435.638343661] [attitude_scout_1]: [scout_1] Landed — tilt correction stopped, yaw-hold pinned to current heading.
[attitude_controller-6] [INFO] [1786782435.711602127] [attitude_scout_1]: [scout_1] Landed — tilt correction stopped, yaw-hold pinned to current heading.
[attitude_controller-6] [INFO] [1786782435.794812314] [attitude_scout_1]: [scout_1] Landed — tilt correction stopped, yaw-hold pinned to current heading.
[attitude_controller-6] [INFO] [1786782435.867529620] [attitude_scout_1]: [scout_1] Landed — tilt correction stopped, yaw-hold pinned to current heading.
[attitude_controller-6] [INFO] [1786782435.962911499] [attitude_scout_1]: [scout_1] Landed — tilt correction stopped, yaw-hold pinned to current heading.
[attitude_controller-6] [INFO] [1786782436.042326057] [attitude_scout_1]: [scout_1] Landed — tilt correction stopped, yaw-hold pinned to current heading.
[attitude_controller-6] [INFO] [1786782436.113746642] [attitude_scout_1]: [scout_1] Landed — tilt correction stopped, yaw-hold pinned to current heading.
[attitude_controller-6] [INFO] [1786782436.185241630] [attitude_scout_1]: [scout_1] Landed — tilt correction stopped, yaw-hold pinned to current heading.
[attitude_controller-6] [INFO] [1786782436.252671916] [attitude_scout_1]: [scout_1] Landed — tilt correction stopped, yaw-hold pinned to current heading.
[attitude_controller-6] [INFO] [1786782436.336392660] [attitude_scout_1]: [scout_1] Landed — tilt correction stopped, yaw-hold pinned to current heading.
[attitude_controller-6] [INFO] [1786782436.407129914] [attitude_scout_1]: [scout_1] Landed — tilt correction stopped, yaw-hold pinned to current heading.
[attitude_controller-6] [INFO] [1786782436.501082662] [attitude_scout_1]: [scout_1] Landed — tilt correction stopped, yaw-hold pinned to current heading.
[attitude_controller-6] [INFO] [1786782436.582798825] [attitude_scout_1]: [scout_1] Landed — tilt correction stopped, yaw-hold pinned to current heading.
[attitude_controller-6] [INFO] [1786782436.670441262] [attitude_scout_1]: [scout_1] Landed — tilt correction stopped, yaw-hold pinned to current heading.
[attitude_controller-6] [INFO] [1786782436.759631445] [attitude_scout_1]: [scout_1] Landed — tilt correction stopped, yaw-hold pinned to current heading.
[attitude_controller-6] [INFO] [1786782436.841206415] [attitude_scout_1]: [scout_1] Landed — tilt correction stopped, yaw-hold pinned to current heading.
[attitude_controller-6] [INFO] [1786782436.926037144] [attitude_scout_1]: [scout_1] Landed — tilt correction stopped, yaw-hold pinned to current heading.
[attitude_controller-6] [INFO] [1786782437.007528762] [attitude_scout_1]: [scout_1] Landed — tilt correction stopped, yaw-hold pinned to current heading.
[attitude_controller-6] [INFO] [1786782437.082401146] [attitude_scout_1]: [scout_1] Landed — tilt correction stopped, yaw-hold pinned to current heading.
[attitude_controller-6] [INFO] [1786782437.163530880] [attitude_scout_1]: [scout_1] Landed — tilt correction stopped, yaw-hold pinned to current heading.
[hopper_locomotion-5] [INFO] [1786782437.206571097] [loco_scout_1]: [scout_1] Landing controller reported LANDED. Settling to IDLE.
[attitude_controller-6] [INFO] [1786782437.238729664] [attitude_scout_1]: [scout_1] Landed — tilt correction stopped, yaw-hold pinned to current heading.
[attitude_controller-6] [INFO] [1786782437.317200901] [attitude_scout_1]: [scout_1] Landed — tilt correction stopped, yaw-hold pinned to current heading.
[attitude_controller-6] [INFO] [1786782437.400328297] [attitude_scout_1]: [scout_1] Landed — tilt correction stopped, yaw-hold pinned to current heading.
[attitude_controller-6] [INFO] [1786782437.480997703] [attitude_scout_1]: [scout_1] Landed — tilt correction stopped, yaw-hold pinned to current heading.
[attitude_controller-6] [INFO] [1786782437.484789377] [attitude_scout_1]: [scout_1] Landed — tilt correction stopped, yaw-hold pinned to current heading.
[attitude_controller-6] [INFO] [1786782437.486715780] [attitude_scout_1]: [scout_1] Landed — tilt correction stopped, yaw-hold pinned to current heading.
[attitude_controller-6] [INFO] [1786782437.488108638] [attitude_scout_1]: [scout_1] Landed — tilt correction stopped, yaw-hold pinned to current heading.
[attitude_controller-6] [INFO] [1786782437.490749669] [attitude_scout_1]: [scout_1] Landed — tilt correction stopped, yaw-hold pinned to current heading.
[attitude_controller-6] [INFO] [1786782437.536328428] [attitude_scout_1]: [scout_1] Landed — tilt correction stopped, yaw-hold pinned to current heading.
[attitude_controller-6] [INFO] [1786782437.603774865] [attitude_scout_1]: [scout_1] Landed — tilt correction stopped, yaw-hold pinned to current heading.
[attitude_controller-6] [INFO] [1786782437.839034458] [attitude_scout_1]: [scout_1] Landed — tilt correction stopped, yaw-hold pinned to current heading.
[attitude_controller-6] [INFO] [1786782437.904342388] [attitude_scout_1]: [scout_1] Landed — tilt correction stopped, yaw-hold pinned to current heading.
[attitude_controller-6] [INFO] [1786782437.968021323] [attitude_scout_1]: [scout_1] Landed — tilt correction stopped, yaw-hold pinned to current heading.
[attitude_controller-6] [INFO] [1786782438.046326946] [attitude_scout_1]: [scout_1] Landed — tilt correction stopped, yaw-hold pinned to current heading.
[attitude_controller-6] [INFO] [1786782438.117361067] [attitude_scout_1]: [scout_1] Landed — tilt correction stopped, yaw-hold pinned to current heading.
[swarm_manager-3] [INFO] [1786782438.150696448] [swarm_manager_node]: 📍 scout_3 detected high-value spectral anomaly at [-13.4, -10.4]!
[attitude_controller-6] [INFO] [1786782438.196902468] [attitude_scout_1]: [scout_1] Landed — tilt correction stopped, yaw-hold pinned to current heading.
[attitude_controller-6] [INFO] [1786782438.198166847] [attitude_scout_1]: [scout_1] Landed — tilt correction stopped, yaw-hold pinned to current heading.
[attitude_controller-6] [INFO] [1786782438.199519743] [attitude_scout_1]: [scout_1] Landed — tilt correction stopped, yaw-hold pinned to current heading.
[attitude_controller-6] [INFO] [1786782438.202075819] [attitude_scout_1]: [scout_1] Landed — tilt correction stopped, yaw-hold pinned to current heading.
[attitude_controller-6] [INFO] [1786782438.204458564] [attitude_scout_1]: [scout_1] Landed — tilt correction stopped, yaw-hold pinned to current heading.
[hopper_locomotion-5] [INFO] [1786782438.548961169] [loco_scout_1]: [scout_1] 🦵 Idle 300s with no jump command -- self-initiating recovery hop (legs).
[hopper_locomotion-5] [INFO] [1786782438.549796660] [loco_scout_1]: 1. Crouching (waking physics, planting feet under body)
[attitude_controller-6] [INFO] [1786782438.628300038] [attitude_scout_1]: [scout_1] Landed — tilt correction stopped, yaw-hold pinned to current heading.
[attitude_controller-6] [INFO] [1786782438.710341135] [attitude_scout_1]: [scout_1] Landed — tilt correction stopped, yaw-hold pinned to current heading.
[attitude_controller-6] [INFO] [1786782438.792808326] [attitude_scout_1]: [scout_1] Landed — tilt correction stopped, yaw-hold pinned to current heading.
[attitude_controller-6] [INFO] [1786782438.886788580] [attitude_scout_1]: [scout_1] Landed — tilt correction stopped, yaw-hold pinned to current heading.
[attitude_controller-6] [INFO] [1786782438.962804907] [attitude_scout_1]: [scout_1] Landed — tilt correction stopped, yaw-hold pinned to current heading.
[attitude_controller-6] [INFO] [1786782439.027487907] [attitude_scout_1]: [scout_1] Landed — tilt correction stopped, yaw-hold pinned to current heading.
[attitude_controller-6] [INFO] [1786782439.029089164] [attitude_scout_1]: [scout_1] Landed — tilt correction stopped, yaw-hold pinned to current heading.
[attitude_controller-6] [INFO] [1786782439.032248294] [attitude_scout_1]: [scout_1] Landed — tilt correction stopped, yaw-hold pinned to current heading.
[attitude_controller-6] [INFO] [1786782439.034916008] [attitude_scout_1]: [scout_1] Landed — tilt correction stopped, yaw-hold pinned to current heading.
[attitude_controller-6] [INFO] [1786782439.037639892] [attitude_scout_1]: [scout_1] Landed — tilt correction stopped, yaw-hold pinned to current heading.
[attitude_controller-6] [INFO] [1786782439.074975593] [attitude_scout_1]: [scout_1] Landed — tilt correction stopped, yaw-hold pinned to current heading.
[landing_controller-11] [INFO] [1786782439.158436167] [landing_scout_2]: [scout_2] Landing controller state: FLIGHT
[landing_controller-15] [INFO] [1786782439.190359661] [landing_scout_3]: [scout_3] Landing controller state: FLIGHT
[landing_controller-7] [INFO] [1786782439.190767311] [landing_scout_1]: [scout_1] Landing controller state: LANDED
[attitude_controller-6] [INFO] [1786782439.614824729] [attitude_scout_1]: [scout_1] Landed — tilt correction stopped, yaw-hold pinned to current heading.
[attitude_controller-6] [INFO] [1786782439.616328108] [attitude_scout_1]: [scout_1] Landed — tilt correction stopped, yaw-hold pinned to current heading.
[attitude_controller-6] [INFO] [1786782439.700389572] [attitude_scout_1]: [scout_1] Landed — tilt correction stopped, yaw-hold pinned to current heading.
[attitude_controller-6] [INFO] [1786782439.782494666] [attitude_scout_1]: [scout_1] Landed — tilt correction stopped, yaw-hold pinned to current heading.
[attitude_controller-6] [INFO] [1786782439.861340516] [attitude_scout_1]: [scout_1] Landed — tilt correction stopped, yaw-hold pinned to current heading.
[attitude_controller-6] [INFO] [1786782439.933769251] [attitude_scout_1]: [scout_1] Landed — tilt correction stopped, yaw-hold pinned to current heading.
[attitude_controller-6] [INFO] [1786782439.955014763] [attitude_scout_1]: [scout_1] Landed — tilt correction stopped, yaw-hold pinned to current heading.
[attitude_controller-6] [INFO] [1786782439.957025976] [attitude_scout_1]: [scout_1] Landed — tilt correction stopped, yaw-hold pinned to current heading.
[attitude_controller-6] [INFO] [1786782439.958550733] [attitude_scout_1]: [scout_1] Landed — tilt correction stopped, yaw-hold pinned to current heading.
[attitude_controller-6] [INFO] [1786782439.959945685] [attitude_scout_1]: [scout_1] Landed — tilt correction stopped, yaw-hold pinned to current heading.
[attitude_controller-6] [INFO] [1786782439.961295576] [attitude_scout_1]: [scout_1] Landed — tilt correction stopped, yaw-hold pinned to current heading.
[attitude_controller-6] [INFO] [1786782440.032641061] [attitude_scout_1]: [scout_1] Landed — tilt correction stopped, yaw-hold pinned to current heading.
[attitude_controller-6] [INFO] [1786782440.231814244] [attitude_scout_1]: [scout_1] Landed — tilt correction stopped, yaw-hold pinned to current heading.
[attitude_controller-6] [INFO] [1786782440.609254160] [attitude_scout_1]: [scout_1] Landed — tilt correction stopped, yaw-hold pinned to current heading.
[attitude_controller-6] [INFO] [1786782440.684125031] [attitude_scout_1]: [scout_1] Landed — tilt correction stopped, yaw-hold pinned to current heading.
[attitude_controller-6] [INFO] [1786782440.685970947] [attitude_scout_1]: [scout_1] Landed — tilt correction stopped, yaw-hold pinned to current heading.
[attitude_controller-6] [INFO] [1786782440.687890078] [attitude_scout_1]: [scout_1] Landed — tilt correction stopped, yaw-hold pinned to current heading.
[attitude_controller-6] [INFO] [1786782440.791305432] [attitude_scout_1]: [scout_1] Landed — tilt correction stopped, yaw-hold pinned to current heading.
[attitude_controller-6] [INFO] [1786782441.373358870] [attitude_scout_1]: [scout_1] Landed — tilt correction stopped, yaw-hold pinned to current heading.
[attitude_controller-6] [INFO] [1786782441.448228563] [attitude_scout_1]: [scout_1] Landed — tilt correction stopped, yaw-hold pinned to current heading.
[attitude_controller-6] [INFO] [1786782441.522599156] [attitude_scout_1]: [scout_1] Landed — tilt correction stopped, yaw-hold pinned to current heading.
[attitude_controller-6] [INFO] [1786782441.619931266] [attitude_scout_1]: [scout_1] Landed — tilt correction stopped, yaw-hold pinned to current heading.
[attitude_controller-6] [INFO] [1786782441.703494752] [attitude_scout_1]: [scout_1] Landed — tilt correction stopped, yaw-hold pinned to current heading.
[attitude_controller-6] [INFO] [1786782441.705150779] [attitude_scout_1]: [scout_1] Landed — tilt correction stopped, yaw-hold pinned to current heading.
[attitude_controller-6] [INFO] [1786782441.707786841] [attitude_scout_1]: [scout_1] Landed — tilt correction stopped, yaw-hold pinned to current heading.
[attitude_controller-6] [INFO] [1786782441.710360865] [attitude_scout_1]: [scout_1] Landed — tilt correction stopped, yaw-hold pinned to current heading.
[attitude_controller-6] [INFO] [1786782441.713624854] [attitude_scout_1]: [scout_1] Landed — tilt correction stopped, yaw-hold pinned to current heading.
[attitude_controller-6] [INFO] [1786782441.715886731] [attitude_scout_1]: [scout_1] Landed — tilt correction stopped, yaw-hold pinned to current heading.
[attitude_controller-6] [INFO] [1786782441.717671934] [attitude_scout_1]: [scout_1] Landed — tilt correction stopped, yaw-hold pinned to current heading.
[hopper_locomotion-5] [WARN] [1786782441.838426096] [loco_scout_1]: [scout_1] Ignoring jump command, currently not IDLE (state=1)
[attitude_controller-6] [INFO] [1786782442.011084024] [attitude_scout_1]: [scout_1] Landed — tilt correction stopped, yaw-hold pinned to current heading.
[attitude_controller-6] [INFO] [1786782442.132925644] [attitude_scout_1]: [scout_1] Landed — tilt correction stopped, yaw-hold pinned to current heading.
[attitude_controller-6] [INFO] [1786782442.134409598] [attitude_scout_1]: [scout_1] Landed — tilt correction stopped, yaw-hold pinned to current heading.
[attitude_controller-6] [INFO] [1786782442.135809716] [attitude_scout_1]: [scout_1] Landed — tilt correction stopped, yaw-hold pinned to current heading.
[attitude_controller-6] [INFO] [1786782442.137116079] [attitude_scout_1]: [scout_1] Landed — tilt correction stopped, yaw-hold pinned to current heading.
[attitude_controller-6] [INFO] [1786782442.138621062] [attitude_scout_1]: [scout_1] Landed — tilt correction stopped, yaw-hold pinned to current heading.
[attitude_controller-6] [INFO] [1786782442.152150745] [attitude_scout_1]: [scout_1] Landed — tilt correction stopped, yaw-hold pinned to current heading.
[attitude_controller-6] [INFO] [1786782442.228687303] [attitude_scout_1]: [scout_1] Landed — tilt correction stopped, yaw-hold pinned to current heading.
[attitude_controller-6] [INFO] [1786782442.375320055] [attitude_scout_1]: [scout_1] Landed — tilt correction stopped, yaw-hold pinned to current heading.
[attitude_controller-6] [INFO] [1786782442.456438839] [attitude_scout_1]: [scout_1] Landed — tilt correction stopped, yaw-hold pinned to current heading.
[attitude_controller-6] [INFO] [1786782442.549354920] [attitude_scout_1]: [scout_1] Landed — tilt correction stopped, yaw-hold pinned to current heading.
[attitude_controller-6] [INFO] [1786782442.551112945] [attitude_scout_1]: [scout_1] Landed — tilt correction stopped, yaw-hold pinned to current heading.
[attitude_controller-6] [INFO] [1786782442.554635563] [attitude_scout_1]: [scout_1] Landed — tilt correction stopped, yaw-hold pinned to current heading.
[attitude_controller-6] [INFO] [1786782442.556263993] [attitude_scout_1]: [scout_1] Landed — tilt correction stopped, yaw-hold pinned to current heading.
[attitude_controller-6] [INFO] [1786782442.558999118] [attitude_scout_1]: [scout_1] Landed — tilt correction stopped, yaw-hold pinned to current heading.
[attitude_controller-6] [INFO] [1786782442.561511241] [attitude_scout_1]: [scout_1] Landed — tilt correction stopped, yaw-hold pinned to current heading.
[attitude_controller-6] [INFO] [1786782442.563309438] [attitude_scout_1]: [scout_1] Landed — tilt correction stopped, yaw-hold pinned to current heading.
[attitude_controller-6] [INFO] [1786782442.715073467] [attitude_scout_1]: [scout_1] Landed — tilt correction stopped, yaw-hold pinned to current heading.
[attitude_controller-6] [INFO] [1786782442.857523539] [attitude_scout_1]: [scout_1] Landed — tilt correction stopped, yaw-hold pinned to current heading.
[attitude_controller-6] [INFO] [1786782442.938765840] [attitude_scout_1]: [scout_1] Landed — tilt correction stopped, yaw-hold pinned to current heading.
[attitude_controller-6] [INFO] [1786782443.029978995] [attitude_scout_1]: [scout_1] Landed — tilt correction stopped, yaw-hold pinned to current heading.
[attitude_controller-6] [INFO] [1786782443.144811758] [attitude_scout_1]: [scout_1] Landed — tilt correction stopped, yaw-hold pinned to current heading.
[attitude_controller-6] [INFO] [1786782443.146082280] [attitude_scout_1]: [scout_1] Landed — tilt correction stopped, yaw-hold pinned to current heading.
[attitude_controller-6] [INFO] [1786782443.418078150] [attitude_scout_1]: [scout_1] Landed — tilt correction stopped, yaw-hold pinned to current heading.
[attitude_controller-6] [INFO] [1786782443.491181737] [attitude_scout_1]: [scout_1] Landed — tilt correction stopped, yaw-hold pinned to current heading.
[attitude_controller-6] [INFO] [1786782443.580800159] [attitude_scout_1]: [scout_1] Landed — tilt correction stopped, yaw-hold pinned to current heading.
[attitude_controller-6] [INFO] [1786782443.657393526] [attitude_scout_1]: [scout_1] Landed — tilt correction stopped, yaw-hold pinned to current heading.
[attitude_controller-6] [INFO] [1786782443.725967987] [attitude_scout_1]: [scout_1] Landed — tilt correction stopped, yaw-hold pinned to current heading.
[attitude_controller-6] [INFO] [1786782443.727599350] [attitude_scout_1]: [scout_1] Landed — tilt correction stopped, yaw-hold pinned to current heading.
[attitude_controller-6] [INFO] [1786782443.729086307] [attitude_scout_1]: [scout_1] Landed — tilt correction stopped, yaw-hold pinned to current heading.
[attitude_controller-6] [INFO] [1786782443.730815477] [attitude_scout_1]: [scout_1] Landed — tilt correction stopped, yaw-hold pinned to current heading.
[attitude_controller-6] [INFO] [1786782443.732112617] [attitude_scout_1]: [scout_1] Landed — tilt correction stopped, yaw-hold pinned to current heading.
[attitude_controller-6] [INFO] [1786782443.733532366] [attitude_scout_1]: [scout_1] Landed — tilt correction stopped, yaw-hold pinned to current heading.
[attitude_controller-6] [INFO] [1786782443.813668469] [attitude_scout_1]: [scout_1] Landed — tilt correction stopped, yaw-hold pinned to current heading.
[attitude_controller-6] [INFO] [1786782443.886141615] [attitude_scout_1]: [scout_1] Landed — tilt correction stopped, yaw-hold pinned to current heading.
[attitude_controller-6] [INFO] [1786782443.957500662] [attitude_scout_1]: [scout_1] Landed — tilt correction stopped, yaw-hold pinned to current heading.
[attitude_controller-6] [INFO] [1786782444.026900881] [attitude_scout_1]: [scout_1] Landed — tilt correction stopped, yaw-hold pinned to current heading.
[attitude_controller-6] [INFO] [1786782444.100958805] [attitude_scout_1]: [scout_1] Landed — tilt correction stopped, yaw-hold pinned to current heading.
[attitude_controller-6] [INFO] [1786782444.102314699] [attitude_scout_1]: [scout_1] Landed — tilt correction stopped, yaw-hold pinned to current heading.
[attitude_controller-6] [INFO] [1786782444.103685473] [attitude_scout_1]: [scout_1] Landed — tilt correction stopped, yaw-hold pinned to current heading.
[attitude_controller-6] [INFO] [1786782444.108664790] [attitude_scout_1]: [scout_1] Landed — tilt correction stopped, yaw-hold pinned to current heading.
[attitude_controller-6] [INFO] [1786782444.110171727] [attitude_scout_1]: [scout_1] Landed — tilt correction stopped, yaw-hold pinned to current heading.
[attitude_controller-6] [INFO] [1786782444.111649740] [attitude_scout_1]: [scout_1] Landed — tilt correction stopped, yaw-hold pinned to current heading.
[landing_controller-11] [INFO] [1786782444.159841873] [landing_scout_2]: [scout_2] Landing controller state: FLIGHT
[landing_controller-7] [INFO] [1786782444.190738610] [landing_scout_1]: [scout_1] Landing controller state: LANDED
[landing_controller-15] [INFO] [1786782444.191939409] [landing_scout_3]: [scout_3] Landing controller state: FLIGHT
[attitude_controller-6] [INFO] [1786782444.438907212] [attitude_scout_1]: [scout_1] Landed — tilt correction stopped, yaw-hold pinned to current heading.
[attitude_controller-6] [INFO] [1786782444.561100820] [attitude_scout_1]: [scout_1] Landed — tilt correction stopped, yaw-hold pinned to current heading.
[attitude_controller-6] [INFO] [1786782444.643854823] [attitude_scout_1]: [scout_1] Landed — tilt correction stopped, yaw-hold pinned to current heading.
[attitude_controller-6] [INFO] [1786782444.734789247] [attitude_scout_1]: [scout_1] Landed — tilt correction stopped, yaw-hold pinned to current heading.
[attitude_controller-6] [INFO] [1786782444.737356908] [attitude_scout_1]: [scout_1] Landed — tilt correction stopped, yaw-hold pinned to current heading.
[attitude_controller-6] [INFO] [1786782444.834319916] [attitude_scout_1]: [scout_1] Landed — tilt correction stopped, yaw-hold pinned to current heading.
[attitude_controller-6] [INFO] [1786782444.835933952] [attitude_scout_1]: [scout_1] Landed — tilt correction stopped, yaw-hold pinned to current heading.
[attitude_controller-6] [INFO] [1786782444.841825885] [attitude_scout_1]: [scout_1] Landed — tilt correction stopped, yaw-hold pinned to current heading.
[attitude_controller-6] [INFO] [1786782445.277811647] [attitude_scout_1]: [scout_1] Landed — tilt correction stopped, yaw-hold pinned to current heading.
[attitude_controller-6] [INFO] [1786782445.368191085] [attitude_scout_1]: [scout_1] Landed — tilt correction stopped, yaw-hold pinned to current heading.
[attitude_controller-6] [INFO] [1786782445.451053661] [attitude_scout_1]: [scout_1] Landed — tilt correction stopped, yaw-hold pinned to current heading.
[attitude_controller-6] [INFO] [1786782445.452985990] [attitude_scout_1]: [scout_1] Landed — tilt correction stopped, yaw-hold pinned to current heading.
[attitude_controller-6] [INFO] [1786782445.600967941] [attitude_scout_1]: [scout_1] Landed — tilt correction stopped, yaw-hold pinned to current heading.
[attitude_controller-6] [INFO] [1786782445.602256555] [attitude_scout_1]: [scout_1] Landed — tilt correction stopped, yaw-hold pinned to current heading.
[attitude_controller-6] [INFO] [1786782445.603774739] [attitude_scout_1]: [scout_1] Landed — tilt correction stopped, yaw-hold pinned to current heading.
[attitude_controller-6] [INFO] [1786782445.605275666] [attitude_scout_1]: [scout_1] Landed — tilt correction stopped, yaw-hold pinned to current heading.
[attitude_controller-6] [INFO] [1786782445.709336357] [attitude_scout_1]: [scout_1] Landed — tilt correction stopped, yaw-hold pinned to current heading.
[attitude_controller-6] [INFO] [1786782445.878429374] [attitude_scout_1]: [scout_1] Landed — tilt correction stopped, yaw-hold pinned to current heading.
[attitude_controller-6] [INFO] [1786782446.232419264] [attitude_scout_1]: [scout_1] Landed — tilt correction stopped, yaw-hold pinned to current heading.
[attitude_controller-6] [INFO] [1786782446.233741132] [attitude_scout_1]: [scout_1] Landed — tilt correction stopped, yaw-hold pinned to current heading.
[attitude_controller-6] [INFO] [1786782446.235063000] [attitude_scout_1]: [scout_1] Landed — tilt correction stopped, yaw-hold pinned to current heading.
[attitude_controller-6] [INFO] [1786782446.236333869] [attitude_scout_1]: [scout_1] Landed — tilt correction stopped, yaw-hold pinned to current heading.
[attitude_controller-6] [INFO] [1786782446.237640577] [attitude_scout_1]: [scout_1] Landed — tilt correction stopped, yaw-hold pinned to current heading.
[attitude_controller-6] [INFO] [1786782446.238962376] [attitude_scout_1]: [scout_1] Landed — tilt correction stopped, yaw-hold pinned to current heading.
[attitude_controller-6] [INFO] [1786782446.240322669] [attitude_scout_1]: [scout_1] Landed — tilt correction stopped, yaw-hold pinned to current heading.
[attitude_controller-6] [INFO] [1786782446.241739969] [attitude_scout_1]: [scout_1] Landed — tilt correction stopped, yaw-hold pinned to current heading.
[attitude_controller-6] [INFO] [1786782446.242979120] [attitude_scout_1]: [scout_1] Landed — tilt correction stopped, yaw-hold pinned to current heading.
[attitude_controller-6] [INFO] [1786782446.249077488] [attitude_scout_1]: [scout_1] Landed — tilt correction stopped, yaw-hold pinned to current heading.
[attitude_controller-6] [INFO] [1786782446.336890879] [attitude_scout_1]: [scout_1] Landed — tilt correction stopped, yaw-hold pinned to current heading.
[attitude_controller-6] [INFO] [1786782446.410324122] [attitude_scout_1]: [scout_1] Landed — tilt correction stopped, yaw-hold pinned to current heading.
[attitude_controller-6] [INFO] [1786782446.487155198] [attitude_scout_1]: [scout_1] Landed — tilt correction stopped, yaw-hold pinned to current heading.
[attitude_controller-6] [INFO] [1786782446.556884471] [attitude_scout_1]: [scout_1] Landed — tilt correction stopped, yaw-hold pinned to current heading.
[attitude_controller-6] [INFO] [1786782446.624944449] [attitude_scout_1]: [scout_1] Landed — tilt correction stopped, yaw-hold pinned to current heading.
[attitude_controller-6] [INFO] [1786782446.694485513] [attitude_scout_1]: [scout_1] Landed — tilt correction stopped, yaw-hold pinned to current heading.
[attitude_controller-6] [INFO] [1786782446.698103552] [attitude_scout_1]: [scout_1] Landed — tilt correction stopped, yaw-hold pinned to current heading.
[attitude_controller-6] [INFO] [1786782446.699921235] [attitude_scout_1]: [scout_1] Landed — tilt correction stopped, yaw-hold pinned to current heading.
[attitude_controller-6] [INFO] [1786782446.701548891] [attitude_scout_1]: [scout_1] Landed — tilt correction stopped, yaw-hold pinned to current heading.
[attitude_controller-6] [INFO] [1786782446.703026343] [attitude_scout_1]: [scout_1] Landed — tilt correction stopped, yaw-hold pinned to current heading.
[attitude_controller-6] [INFO] [1786782446.767422662] [attitude_scout_1]: [scout_1] Landed — tilt correction stopped, yaw-hold pinned to current heading.
[attitude_controller-6] [INFO] [1786782446.768780161] [attitude_scout_1]: [scout_1] Landed — tilt correction stopped, yaw-hold pinned to current heading.
[attitude_controller-6] [INFO] [1786782446.770171542] [attitude_scout_1]: [scout_1] Landed — tilt correction stopped, yaw-hold pinned to current heading.
[attitude_controller-6] [INFO] [1786782446.925983083] [attitude_scout_1]: [scout_1] Landed — tilt correction stopped, yaw-hold pinned to current heading.
[attitude_controller-6] [INFO] [1786782446.999442315] [attitude_scout_1]: [scout_1] Landed — tilt correction stopped, yaw-hold pinned to current heading.
[attitude_controller-6] [INFO] [1786782447.066078239] [attitude_scout_1]: [scout_1] Landed — tilt correction stopped, yaw-hold pinned to current heading.
[attitude_controller-6] [INFO] [1786782447.152761751] [attitude_scout_1]: [scout_1] Landed — tilt correction stopped, yaw-hold pinned to current heading.
[attitude_controller-6] [INFO] [1786782447.154383607] [attitude_scout_1]: [scout_1] Landed — tilt correction stopped, yaw-hold pinned to current heading.
[attitude_controller-6] [INFO] [1786782447.155853653] [attitude_scout_1]: [scout_1] Landed — tilt correction stopped, yaw-hold pinned to current heading.
[attitude_controller-6] [INFO] [1786782447.157351155] [attitude_scout_1]: [scout_1] Landed — tilt correction stopped, yaw-hold pinned to current heading.
[attitude_controller-6] [INFO] [1786782447.158908039] [attitude_scout_1]: [scout_1] Landed — tilt correction stopped, yaw-hold pinned to current heading.
[attitude_controller-6] [INFO] [1786782447.160425172] [attitude_scout_1]: [scout_1] Landed — tilt correction stopped, yaw-hold pinned to current heading.
[attitude_controller-6] [INFO] [1786782447.161721540] [attitude_scout_1]: [scout_1] Landed — tilt correction stopped, yaw-hold pinned to current heading.
[attitude_controller-6] [INFO] [1786782447.557284478] [attitude_scout_1]: [scout_1] Landed — tilt correction stopped, yaw-hold pinned to current heading.
[attitude_controller-6] [INFO] [1786782447.624342579] [attitude_scout_1]: [scout_1] Landed — tilt correction stopped, yaw-hold pinned to current heading.
[attitude_controller-6] [INFO] [1786782447.693275649] [attitude_scout_1]: [scout_1] Landed — tilt correction stopped, yaw-hold pinned to current heading.
[attitude_controller-6] [INFO] [1786782447.764037368] [attitude_scout_1]: [scout_1] Landed — tilt correction stopped, yaw-hold pinned to current heading.
[attitude_controller-6] [INFO] [1786782447.859847919] [attitude_scout_1]: [scout_1] Landed — tilt correction stopped, yaw-hold pinned to current heading.
[attitude_controller-6] [INFO] [1786782447.862772990] [attitude_scout_1]: [scout_1] Landed — tilt correction stopped, yaw-hold pinned to current heading.
[attitude_controller-6] [INFO] [1786782447.865553795] [attitude_scout_1]: [scout_1] Landed — tilt correction stopped, yaw-hold pinned to current heading.
[attitude_controller-6] [INFO] [1786782447.867606354] [attitude_scout_1]: [scout_1] Landed — tilt correction stopped, yaw-hold pinned to current heading.
[attitude_controller-6] [INFO] [1786782447.869663663] [attitude_scout_1]: [scout_1] Landed — tilt correction stopped, yaw-hold pinned to current heading.
[attitude_controller-6] [INFO] [1786782447.872106404] [attitude_scout_1]: [scout_1] Landed — tilt correction stopped, yaw-hold pinned to current heading.
[attitude_controller-6] [INFO] [1786782448.057065313] [attitude_scout_1]: [scout_1] Landed — tilt correction stopped, yaw-hold pinned to current heading.
[attitude_controller-6] [INFO] [1786782448.305550988] [attitude_scout_1]: [scout_1] Landed — tilt correction stopped, yaw-hold pinned to current heading.
[attitude_controller-6] [INFO] [1786782448.378680433] [attitude_scout_1]: [scout_1] Landed — tilt correction stopped, yaw-hold pinned to current heading.
[attitude_controller-6] [INFO] [1786782448.451244831] [attitude_scout_1]: [scout_1] Landed — tilt correction stopped, yaw-hold pinned to current heading.
[attitude_controller-6] [INFO] [1786782448.523137991] [attitude_scout_1]: [scout_1] Landed — tilt correction stopped, yaw-hold pinned to current heading.
[hopper_locomotion-5] [INFO] [1786782448.551226448] [loco_scout_1]: 2. IGNITION (stroke fraction=0.90, ramp=4.0s)
[landing_controller-7] [INFO] [1786782448.552886937] [landing_scout_1]: [scout_1] 🚀 Jump detected → FLIGHT mode (contact detection blanked 100 s for launch)
[hopper_locomotion-5] [WARN] [1786782448.559922151] [loco_scout_1]: [scout_1] Aborting launch mid-stroke: tipping (uz=-0.32). Retracting; righting will recover.
[attitude_controller-6] [INFO] [1786782448.607275305] [attitude_scout_1]: [scout_1] Landed — tilt correction stopped, yaw-hold pinned to current heading.
[attitude_controller-6] [INFO] [1786782448.608854265] [attitude_scout_1]: [scout_1] Landed — tilt correction stopped, yaw-hold pinned to current heading.
[attitude_controller-6] [INFO] [1786782448.610475282] [attitude_scout_1]: [scout_1] Landed — tilt correction stopped, yaw-hold pinned to current heading.
[attitude_controller-6] [INFO] [1786782448.612214716] [attitude_scout_1]: [scout_1] Landed — tilt correction stopped, yaw-hold pinned to current heading.
[attitude_controller-6] [INFO] [1786782448.613811072] [attitude_scout_1]: [scout_1] Landed — tilt correction stopped, yaw-hold pinned to current heading.
[attitude_controller-6] [INFO] [1786782448.615328972] [attitude_scout_1]: [scout_1] Landed — tilt correction stopped, yaw-hold pinned to current heading.
[landing_controller-7] [INFO] [1786782448.621034634] [landing_scout_1]: [scout_1] 📏 CALIBSERIES t=0.1s v=0.07440 m/s (vx=-0.05302 vy=-0.05185 vz=0.00599)
[attitude_controller-6] [INFO] [1786782448.801740997] [attitude_scout_1]: [scout_1] Landed — tilt correction stopped, yaw-hold pinned to current heading.
[attitude_controller-6] [INFO] [1786782448.868172524] [attitude_scout_1]: [scout_1] Landed — tilt correction stopped, yaw-hold pinned to current heading.
[attitude_controller-6] [INFO] [1786782448.935986558] [attitude_scout_1]: [scout_1] Landed — tilt correction stopped, yaw-hold pinned to current heading.
[hopper_locomotion-5] [INFO] [1786782449.072404579] [loco_scout_1]: [scout_1] Landing controller reported LANDED. Settling to IDLE.
[landing_controller-11] [INFO] [1786782449.157853639] [landing_scout_2]: [scout_2] Landing controller state: FLIGHT
[landing_controller-15] [INFO] [1786782449.191723186] [landing_scout_3]: [scout_3] Landing controller state: FLIGHT
[landing_controller-7] [INFO] [1786782449.193643981] [landing_scout_1]: [scout_1] Landing controller state: FLIGHT
[attitude_controller-6] [INFO] [1786782449.308961292] [attitude_scout_1]: [scout_1] Landed — tilt correction stopped, yaw-hold pinned to current heading.
[attitude_controller-6] [INFO] [1786782449.386327417] [attitude_scout_1]: [scout_1] Landed — tilt correction stopped, yaw-hold pinned to current heading.
[attitude_controller-6] [INFO] [1786782449.468325137] [attitude_scout_1]: [scout_1] Landed — tilt correction stopped, yaw-hold pinned to current heading.
[attitude_controller-6] [INFO] [1786782449.549210928] [attitude_scout_1]: [scout_1] Landed — tilt correction stopped, yaw-hold pinned to current heading.
[attitude_controller-6] [INFO] [1786782449.623593303] [attitude_scout_1]: [scout_1] Landed — tilt correction stopped, yaw-hold pinned to current heading.
[attitude_controller-6] [INFO] [1786782449.717560958] [attitude_scout_1]: [scout_1] Landed — tilt correction stopped, yaw-hold pinned to current heading.
[attitude_controller-6] [INFO] [1786782449.719043158] [attitude_scout_1]: [scout_1] Landed — tilt correction stopped, yaw-hold pinned to current heading.
[attitude_controller-6] [INFO] [1786782449.720542055] [attitude_scout_1]: [scout_1] Landed — tilt correction stopped, yaw-hold pinned to current heading.
[attitude_controller-6] [INFO] [1786782449.721967805] [attitude_scout_1]: [scout_1] Landed — tilt correction stopped, yaw-hold pinned to current heading.
[attitude_controller-6] [INFO] [1786782449.723410463] [attitude_scout_1]: [scout_1] Landed — tilt correction stopped, yaw-hold pinned to current heading.
[attitude_controller-6] [INFO] [1786782450.234085778] [attitude_scout_1]: [scout_1] Airborne (landed=False) — tilt correction armed.
[hopper_locomotion-5] [INFO] [1786782450.415660065] [loco_scout_1]: [scout_1] 🦵 Idle 300s with no jump command -- self-initiating recovery hop (legs).
[hopper_locomotion-5] [INFO] [1786782450.416593286] [loco_scout_1]: 1. Crouching (waking physics, planting feet under body)
[landing_controller-7] [INFO] [1786782450.716690156] [landing_scout_1]: [scout_1] 📏 CALIBSERIES t=2.2s v=0.37906 m/s (vx=-0.27029 vy=0.26575 vz=0.00196)
[landing_controller-7] [INFO] [1786782452.730055810] [landing_scout_1]: [scout_1] 📏 CALIBSERIES t=4.2s v=0.17790 m/s (vx=-0.14871 vy=0.09735 vz=-0.00749)
[landing_controller-11] [INFO] [1786782454.159695433] [landing_scout_2]: [scout_2] Landing controller state: FLIGHT
[landing_controller-7] [INFO] [1786782454.191456427] [landing_scout_1]: [scout_1] Landing controller state: FLIGHT
[landing_controller-15] [INFO] [1786782454.193606573] [landing_scout_3]: [scout_3] Landing controller state: FLIGHT
[landing_controller-7] [INFO] [1786782454.796895974] [landing_scout_1]: [scout_1] 📏 CALIBSERIES t=6.2s v=0.07403 m/s (vx=-0.06328 vy=-0.03796 vz=-0.00595)
[landing_controller-7] [INFO] [1786782456.838322327] [landing_scout_1]: [scout_1] 📏 CALIBSERIES t=8.3s v=0.07402 m/s (vx=-0.06287 vy=-0.03861 vz=-0.00593)
[landing_controller-7] [INFO] [1786782458.938682936] [landing_scout_1]: [scout_1] 📏 CALIBSERIES t=10.4s v=0.07393 m/s (vx=-0.06283 vy=-0.03850 vz=-0.00591)
[landing_controller-7] [INFO] [1786782458.939265794] [landing_scout_1]: [scout_1] 📏 CALIBSTABLE t=10.4s v=0.07393 m/s (vx=-0.06283 vy=-0.03850 vz=-0.00591) -- 3 consecutive samples steady
[landing_controller-11] [INFO] [1786782459.157967312] [landing_scout_2]: [scout_2] Landing controller state: FLIGHT
[landing_controller-15] [INFO] [1786782459.190141579] [landing_scout_3]: [scout_3] Landing controller state: FLIGHT
[landing_controller-7] [INFO] [1786782459.191691466] [landing_scout_1]: [scout_1] Landing controller state: FLIGHT
[hopper_locomotion-5] [INFO] [1786782461.011843781] [loco_scout_1]: 2. IGNITION (stroke fraction=0.90, ramp=4.0s)
[landing_controller-7] [INFO] [1786782461.013993638] [landing_scout_1]: [scout_1] 🚀 Jump detected → FLIGHT mode (contact detection blanked 100 s for launch)
[hopper_locomotion-5] [WARN] [1786782461.016045375] [loco_scout_1]: [scout_1] Aborting launch mid-stroke: tipping (uz=-0.15). Retracting; righting will recover.
[landing_controller-7] [INFO] [1786782461.019751064] [landing_scout_1]: [scout_1] 📏 CALIBSERIES t=0.0s v=0.07383 m/s (vx=-0.06280 vy=-0.03838 vz=-0.00589)
[attitude_controller-6] [INFO] [1786782461.253386536] [attitude_scout_1]: [scout_1] Jump initiated. Flight mode active (tilt-PD held for stroke).
[attitude_controller-6] [INFO] [1786782461.254644446] [attitude_scout_1]: [scout_1] Jump initiated. Flight mode active (tilt-PD held for stroke).
[landing_controller-7] [INFO] [1786782463.089565266] [landing_scout_1]: [scout_1] 📏 CALIBSERIES t=2.1s v=0.04717 m/s (vx=-0.04685 vy=-0.00541 vz=-0.00110)
[landing_controller-11] [INFO] [1786782464.158060080] [landing_scout_2]: [scout_2] Landing controller state: FLIGHT
[landing_controller-15] [INFO] [1786782464.190215860] [landing_scout_3]: [scout_3] Landing controller state: FLIGHT
[landing_controller-7] [INFO] [1786782464.190538080] [landing_scout_1]: [scout_1] Landing controller state: FLIGHT
[landing_controller-7] [INFO] [1786782465.170122873] [landing_scout_1]: [scout_1] 📏 CALIBSERIES t=4.2s v=0.05259 m/s (vx=-0.05068 vy=0.01189 vz=0.00752)
[landing_controller-7] [INFO] [1786782467.254819648] [landing_scout_1]: [scout_1] 📏 CALIBSERIES t=6.2s v=0.06355 m/s (vx=-0.05692 vy=0.02545 vz=0.01231)
[swarm_manager-3] [INFO] [1786782468.149232186] [swarm_manager_node]: 📍 scout_3 detected high-value spectral anomaly at [-17.1, -11.0]!
[landing_controller-11] [INFO] [1786782469.160941206] [landing_scout_2]: [scout_2] Landing controller state: FLIGHT
[landing_controller-15] [INFO] [1786782469.190386973] [landing_scout_3]: [scout_3] Landing controller state: FLIGHT
[landing_controller-7] [INFO] [1786782469.194246263] [landing_scout_1]: [scout_1] Landing controller state: FLIGHT
[landing_controller-7] [INFO] [1786782469.282274374] [landing_scout_1]: [scout_1] 📏 CALIBSERIES t=8.3s v=0.07331 m/s (vx=-0.06455 vy=0.03199 vz=0.01357)
[swarm_manager-3] [INFO] [1786782470.148913775] [swarm_manager_node]: 📍 scout_3 detected high-value spectral anomaly at [-13.4, -15.7]!
[landing_controller-7] [INFO] [1786782471.376516338] [landing_scout_1]: [scout_1] 📏 CALIBSERIES t=10.4s v=0.07252 m/s (vx=-0.06322 vy=0.03264 vz=0.01405)
[landing_controller-7] [INFO] [1786782473.394744736] [landing_scout_1]: [scout_1] 📏 CALIBSERIES t=12.4s v=0.07243 m/s (vx=-0.06311 vy=0.03271 vz=0.01396)
[landing_controller-7] [INFO] [1786782473.395497578] [landing_scout_1]: [scout_1] 📏 CALIBSTABLE t=12.4s v=0.07243 m/s (vx=-0.06311 vy=0.03271 vz=0.01396) -- 3 consecutive samples steady
[landing_controller-11] [INFO] [1786782474.158955012] [landing_scout_2]: [scout_2] Landing controller state: FLIGHT
[landing_controller-15] [INFO] [1786782474.190328754] [landing_scout_3]: [scout_3] Landing controller state: FLIGHT
[landing_controller-7] [INFO] [1786782474.190624701] [landing_scout_1]: [scout_1] Landing controller state: FLIGHT
