[INFO] [launch]: All log files can be found below /home/melvin/.ros/log/2026-08-14-17-34-22-746137-ubuntu-mel-4157144
[INFO] [launch]: Default logging verbosity is set to INFO
[INFO] [gz-1]: process started with pid [4157146]
[INFO] [spawner-2]: process started with pid [4157148]
[INFO] [swarm_manager-3]: process started with pid [4157150]
[INFO] [swarm_gui-4]: process started with pid [4157152]
[INFO] [hopper_locomotion-5]: process started with pid [4157154]
[INFO] [attitude_controller-6]: process started with pid [4157156]
[INFO] [landing_controller-7]: process started with pid [4157158]
[INFO] [parameter_bridge-8]: process started with pid [4157160]
[INFO] [hopper_locomotion-9]: process started with pid [4157162]
[INFO] [attitude_controller-10]: process started with pid [4157164]
[INFO] [landing_controller-11]: process started with pid [4157166]
[INFO] [parameter_bridge-12]: process started with pid [4157168]
[INFO] [hopper_locomotion-13]: process started with pid [4157170]
[INFO] [attitude_controller-14]: process started with pid [4157172]
[INFO] [landing_controller-15]: process started with pid [4157174]
[INFO] [parameter_bridge-16]: process started with pid [4157176]
[hopper_locomotion-9] [INFO] [1786714463.298032439] [loco_scout_2]: [scout_2] Tri-Pedal Locomotion Engine: ONLINE
[hopper_locomotion-13] [INFO] [1786714463.332353697] [loco_scout_3]: [scout_3] Tri-Pedal Locomotion Engine: ONLINE
[swarm_manager-3] [INFO] [1786714463.334763241] [swarm_manager_node]: 🧠 Ryugu Homogeneous Swarm Manager: ONLINE
[swarm_manager-3] [INFO] [1786714463.335552733] [swarm_manager_node]: 📋 Dispatch policy: auction
[landing_controller-7] [INFO] [1786714463.379684256] [landing_scout_1]: [scout_1] Landing Controller: ONLINE
[hopper_locomotion-5] [INFO] [1786714463.397355219] [loco_scout_1]: [scout_1] Tri-Pedal Locomotion Engine: ONLINE
[attitude_controller-6] [INFO] [1786714463.418086233] [attitude_scout_1]: [scout_1] Reaction Wheel Attitude Controller: ONLINE
[landing_controller-11] [INFO] [1786714463.422689858] [landing_scout_2]: [scout_2] Landing Controller: ONLINE
[attitude_controller-10] [INFO] [1786714463.428488198] [attitude_scout_2]: [scout_2] Reaction Wheel Attitude Controller: ONLINE
[attitude_controller-14] [INFO] [1786714463.442097160] [attitude_scout_3]: [scout_3] Reaction Wheel Attitude Controller: ONLINE
[swarm_manager-3] [INFO] [1786714463.482095442] [swarm_manager_node]: Initiating Cooperative Mission Bidding Protocol...
[landing_controller-15] [INFO] [1786714463.486767931] [landing_scout_3]: [scout_3] Landing Controller: ONLINE
[spawner-2] data: true
[spawner-2] 
[parameter_bridge-12] [INFO] [1786714463.880963873] [bridge_scout_2]: Creating GZ->ROS Bridge: [/world/ryugu_world/model/scout_2/link/base_link/sensor/imu_sensor/imu (gz.msgs.IMU) -> /scout_2/imu (sensor_msgs/msg/Imu)] (Lazy 0)
[parameter_bridge-8] [INFO] [1786714463.882004726] [bridge_scout_1]: Creating GZ->ROS Bridge: [/world/ryugu_world/model/scout_1/link/base_link/sensor/imu_sensor/imu (gz.msgs.IMU) -> /scout_1/imu (sensor_msgs/msg/Imu)] (Lazy 0)
[parameter_bridge-12] [INFO] [1786714463.883641749] [bridge_scout_2]: Creating GZ->ROS Bridge: [/model/scout_2/odometry (gz.msgs.Odometry) -> /scout_2/odometry (nav_msgs/msg/Odometry)] (Lazy 0)
[parameter_bridge-8] [INFO] [1786714463.885487389] [bridge_scout_1]: Creating GZ->ROS Bridge: [/model/scout_1/odometry (gz.msgs.Odometry) -> /scout_1/odometry (nav_msgs/msg/Odometry)] (Lazy 0)
[parameter_bridge-12] [INFO] [1786714463.885913354] [bridge_scout_2]: Creating ROS->GZ Bridge: [/scout_2/rw_x_joint_cmd_vel (std_msgs/msg/Float64) -> /model/scout_2/joint/rw_x_joint/cmd_vel (gz.msgs.Double)] (Lazy 0)
[parameter_bridge-12] [INFO] [1786714463.887036551] [bridge_scout_2]: Creating ROS->GZ Bridge: [/scout_2/rw_y_joint_cmd_vel (std_msgs/msg/Float64) -> /model/scout_2/joint/rw_y_joint/cmd_vel (gz.msgs.Double)] (Lazy 0)
[parameter_bridge-8] [INFO] [1786714463.888077334] [bridge_scout_1]: Creating ROS->GZ Bridge: [/scout_1/rw_x_joint_cmd_vel (std_msgs/msg/Float64) -> /model/scout_1/joint/rw_x_joint/cmd_vel (gz.msgs.Double)] (Lazy 0)
[parameter_bridge-12] [INFO] [1786714463.888220091] [bridge_scout_2]: Creating ROS->GZ Bridge: [/scout_2/rw_z_joint_cmd_vel (std_msgs/msg/Float64) -> /model/scout_2/joint/rw_z_joint/cmd_vel (gz.msgs.Double)] (Lazy 0)
[parameter_bridge-12] [INFO] [1786714463.889273725] [bridge_scout_2]: Creating ROS->GZ Bridge: [/scout_2/joint_hip_joint_0_cmd_pos (std_msgs/msg/Float64) -> /model/scout_2/joint/hip_joint_0/0/cmd_pos (gz.msgs.Double)] (Lazy 0)
[parameter_bridge-8] [INFO] [1786714463.889796980] [bridge_scout_1]: Creating ROS->GZ Bridge: [/scout_1/rw_y_joint_cmd_vel (std_msgs/msg/Float64) -> /model/scout_1/joint/rw_y_joint/cmd_vel (gz.msgs.Double)] (Lazy 0)
[parameter_bridge-8] [INFO] [1786714463.890845934] [bridge_scout_1]: Creating ROS->GZ Bridge: [/scout_1/rw_z_joint_cmd_vel (std_msgs/msg/Float64) -> /model/scout_1/joint/rw_z_joint/cmd_vel (gz.msgs.Double)] (Lazy 0)
[parameter_bridge-12] [INFO] [1786714463.890845934] [bridge_scout_2]: Creating ROS->GZ Bridge: [/scout_2/joint_knee_joint_0_cmd_pos (std_msgs/msg/Float64) -> /model/scout_2/joint/knee_joint_0/0/cmd_pos (gz.msgs.Double)] (Lazy 0)
[parameter_bridge-12] [INFO] [1786714463.892264632] [bridge_scout_2]: Creating ROS->GZ Bridge: [/scout_2/joint_hip_joint_1_cmd_pos (std_msgs/msg/Float64) -> /model/scout_2/joint/hip_joint_1/0/cmd_pos (gz.msgs.Double)] (Lazy 0)
[parameter_bridge-8] [INFO] [1786714463.892270917] [bridge_scout_1]: Creating ROS->GZ Bridge: [/scout_1/joint_hip_joint_0_cmd_pos (std_msgs/msg/Float64) -> /model/scout_1/joint/hip_joint_0/0/cmd_pos (gz.msgs.Double)] (Lazy 0)
[parameter_bridge-12] [INFO] [1786714463.893341663] [bridge_scout_2]: Creating ROS->GZ Bridge: [/scout_2/joint_knee_joint_1_cmd_pos (std_msgs/msg/Float64) -> /model/scout_2/joint/knee_joint_1/0/cmd_pos (gz.msgs.Double)] (Lazy 0)
[parameter_bridge-8] [INFO] [1786714463.893341663] [bridge_scout_1]: Creating ROS->GZ Bridge: [/scout_1/joint_knee_joint_0_cmd_pos (std_msgs/msg/Float64) -> /model/scout_1/joint/knee_joint_0/0/cmd_pos (gz.msgs.Double)] (Lazy 0)
[parameter_bridge-12] [INFO] [1786714463.894461996] [bridge_scout_2]: Creating ROS->GZ Bridge: [/scout_2/joint_hip_joint_2_cmd_pos (std_msgs/msg/Float64) -> /model/scout_2/joint/hip_joint_2/0/cmd_pos (gz.msgs.Double)] (Lazy 0)
[parameter_bridge-8] [INFO] [1786714463.894579540] [bridge_scout_1]: Creating ROS->GZ Bridge: [/scout_1/joint_hip_joint_1_cmd_pos (std_msgs/msg/Float64) -> /model/scout_1/joint/hip_joint_1/0/cmd_pos (gz.msgs.Double)] (Lazy 0)
[parameter_bridge-12] [INFO] [1786714463.895593922] [bridge_scout_2]: Creating ROS->GZ Bridge: [/scout_2/joint_knee_joint_2_cmd_pos (std_msgs/msg/Float64) -> /model/scout_2/joint/knee_joint_2/0/cmd_pos (gz.msgs.Double)] (Lazy 0)
[parameter_bridge-8] [INFO] [1786714463.896390399] [bridge_scout_1]: Creating ROS->GZ Bridge: [/scout_1/joint_knee_joint_1_cmd_pos (std_msgs/msg/Float64) -> /model/scout_1/joint/knee_joint_1/0/cmd_pos (gz.msgs.Double)] (Lazy 0)
[parameter_bridge-12] [INFO] [1786714463.897023934] [bridge_scout_2]: Creating ROS->GZ Bridge: [/scout_2/cmd_drill (std_msgs/msg/Float64) -> /model/scout_2/joint/drill_joint/0/cmd_pos (gz.msgs.Double)] (Lazy 0)
[parameter_bridge-8] [INFO] [1786714463.897954577] [bridge_scout_1]: Creating ROS->GZ Bridge: [/scout_1/joint_hip_joint_2_cmd_pos (std_msgs/msg/Float64) -> /model/scout_1/joint/hip_joint_2/0/cmd_pos (gz.msgs.Double)] (Lazy 0)
[parameter_bridge-8] [INFO] [1786714463.899526507] [bridge_scout_1]: Creating ROS->GZ Bridge: [/scout_1/joint_knee_joint_2_cmd_pos (std_msgs/msg/Float64) -> /model/scout_1/joint/knee_joint_2/0/cmd_pos (gz.msgs.Double)] (Lazy 0)
[parameter_bridge-8] [INFO] [1786714463.901069383] [bridge_scout_1]: Creating ROS->GZ Bridge: [/scout_1/cmd_drill (std_msgs/msg/Float64) -> /model/scout_1/joint/drill_joint/0/cmd_pos (gz.msgs.Double)] (Lazy 0)
[parameter_bridge-16] [INFO] [1786714463.910101470] [bridge_scout_3]: Creating GZ->ROS Bridge: [/world/ryugu_world/model/scout_3/link/base_link/sensor/imu_sensor/imu (gz.msgs.IMU) -> /scout_3/imu (sensor_msgs/msg/Imu)] (Lazy 0)
[parameter_bridge-16] [INFO] [1786714463.913230314] [bridge_scout_3]: Creating GZ->ROS Bridge: [/model/scout_3/odometry (gz.msgs.Odometry) -> /scout_3/odometry (nav_msgs/msg/Odometry)] (Lazy 0)
[parameter_bridge-16] [INFO] [1786714463.915281080] [bridge_scout_3]: Creating ROS->GZ Bridge: [/scout_3/rw_x_joint_cmd_vel (std_msgs/msg/Float64) -> /model/scout_3/joint/rw_x_joint/cmd_vel (gz.msgs.Double)] (Lazy 0)
[parameter_bridge-16] [INFO] [1786714463.916611986] [bridge_scout_3]: Creating ROS->GZ Bridge: [/scout_3/rw_y_joint_cmd_vel (std_msgs/msg/Float64) -> /model/scout_3/joint/rw_y_joint/cmd_vel (gz.msgs.Double)] (Lazy 0)
[parameter_bridge-16] [INFO] [1786714463.917737697] [bridge_scout_3]: Creating ROS->GZ Bridge: [/scout_3/rw_z_joint_cmd_vel (std_msgs/msg/Float64) -> /model/scout_3/joint/rw_z_joint/cmd_vel (gz.msgs.Double)] (Lazy 0)
[parameter_bridge-16] [INFO] [1786714463.919012520] [bridge_scout_3]: Creating ROS->GZ Bridge: [/scout_3/joint_hip_joint_0_cmd_pos (std_msgs/msg/Float64) -> /model/scout_3/joint/hip_joint_0/0/cmd_pos (gz.msgs.Double)] (Lazy 0)
[parameter_bridge-16] [INFO] [1786714463.920347966] [bridge_scout_3]: Creating ROS->GZ Bridge: [/scout_3/joint_knee_joint_0_cmd_pos (std_msgs/msg/Float64) -> /model/scout_3/joint/knee_joint_0/0/cmd_pos (gz.msgs.Double)] (Lazy 0)
[parameter_bridge-16] [INFO] [1786714463.921741311] [bridge_scout_3]: Creating ROS->GZ Bridge: [/scout_3/joint_hip_joint_1_cmd_pos (std_msgs/msg/Float64) -> /model/scout_3/joint/hip_joint_1/0/cmd_pos (gz.msgs.Double)] (Lazy 0)
[parameter_bridge-16] [INFO] [1786714463.922899009] [bridge_scout_3]: Creating ROS->GZ Bridge: [/scout_3/joint_knee_joint_1_cmd_pos (std_msgs/msg/Float64) -> /model/scout_3/joint/knee_joint_1/0/cmd_pos (gz.msgs.Double)] (Lazy 0)
[parameter_bridge-16] [INFO] [1786714463.924248912] [bridge_scout_3]: Creating ROS->GZ Bridge: [/scout_3/joint_hip_joint_2_cmd_pos (std_msgs/msg/Float64) -> /model/scout_3/joint/hip_joint_2/0/cmd_pos (gz.msgs.Double)] (Lazy 0)
[parameter_bridge-16] [INFO] [1786714463.925464719] [bridge_scout_3]: Creating ROS->GZ Bridge: [/scout_3/joint_knee_joint_2_cmd_pos (std_msgs/msg/Float64) -> /model/scout_3/joint/knee_joint_2/0/cmd_pos (gz.msgs.Double)] (Lazy 0)
[parameter_bridge-16] [INFO] [1786714463.926506829] [bridge_scout_3]: Creating ROS->GZ Bridge: [/scout_3/cmd_drill (std_msgs/msg/Float64) -> /model/scout_3/joint/drill_joint/0/cmd_pos (gz.msgs.Double)] (Lazy 0)
[spawner-2] data: true
[spawner-2] 
[swarm_manager-3] [INFO] [1786714465.482972766] [swarm_manager_node]: 📡 scout_1 assuming RELAY role. Climbing to highest elevation.
[swarm_manager-3] [INFO] [1786714465.483395239] [swarm_manager_node]: 🛰️ scout_2 assuming SCOUT role. Scanning regolith...
[swarm_manager-3] [INFO] [1786714465.483771617] [swarm_manager_node]: 🛰️ scout_3 assuming SCOUT role. Scanning regolith...
[swarm_manager-3] [INFO] [1786714465.484412556] [swarm_manager_node]: 🔭 scout_2 search hop toward [-10.0, 0.0] (10.0m, 9.0m leg)
[attitude_controller-10] [INFO] [1786714465.484877004] [attitude_scout_2]: [scout_2] New target yaw received: -3.14 rad
[swarm_manager-3] [INFO] [1786714465.484999087] [swarm_manager_node]: 🔭 scout_3 search hop toward [0.0, -10.0] (10.0m, 9.0m leg)
[attitude_controller-14] [INFO] [1786714465.485916320] [attitude_scout_3]: [scout_3] New target yaw received: -1.57 rad
[gz-1] [1;36mDbg[0m ODE Heightfield AABB: min = {-49.9512, -49.9512, -0.05} max = {49.9512, 49.9512, 5}
[parameter_bridge-12] [INFO] [1786714465.556557571] [bridge_scout_2]: Passing message from ROS std_msgs/msg/Float64 to Gazebo gz.msgs.Double (showing msg only once per type)
[parameter_bridge-8] [INFO] [1786714465.557480671] [bridge_scout_1]: Passing message from ROS std_msgs/msg/Float64 to Gazebo gz.msgs.Double (showing msg only once per type)
[attitude_controller-6] [INFO] [1786714465.559401042] [attitude_scout_1]: [scout_1] Airborne (landed=False) — tilt correction armed.
[attitude_controller-10] [INFO] [1786714465.559458382] [attitude_scout_2]: [scout_2] Airborne (landed=False) — tilt correction armed.
[spawner-2] data: true
[spawner-2] 
[parameter_bridge-16] [INFO] [1786714466.629171666] [bridge_scout_3]: Passing message from ROS std_msgs/msg/Float64 to Gazebo gz.msgs.Double (showing msg only once per type)
[attitude_controller-14] [INFO] [1786714466.630625284] [attitude_scout_3]: [scout_3] Airborne (landed=False) — tilt correction armed.
[landing_controller-15] [INFO] [1786714466.657945108] [landing_scout_3]: [scout_3] 🛫 Airborne while IDLE (v=11180.340 m/s, free-fall accel) → FLIGHT mode armed
[spawner-2] 🚀 Initiating Swarm Deployment Sequence...
[spawner-2] Deploying scout_1 at [0.0, 0.5, 6.0]...
[spawner-2] Deploying scout_2 at [8.0, -5.0, 6.0]...
[spawner-2] Deploying scout_3 at [-8.0, -5.0, 6.0]...
[spawner-2] ✅ Swarm Deployment Complete.
[INFO] [spawner-2]: process has finished cleanly [pid 4157148]
[landing_controller-7] [INFO] [1786714468.484806669] [landing_scout_1]: [scout_1] Landing controller state: IDLE
[landing_controller-11] [INFO] [1786714468.514977926] [landing_scout_2]: [scout_2] Landing controller state: IDLE
[landing_controller-15] [INFO] [1786714468.561188431] [landing_scout_3]: [scout_3] Landing controller state: FLIGHT
[swarm_manager-3] [INFO] [1786714471.485438671] [swarm_manager_node]: 📍 scout_2 detected high-value spectral anomaly at [11.8, 5.3]!
[INFO] [bash-17]: process started with pid [4157591]
[INFO] [bash-17]: process has finished cleanly [pid 4157591]
[landing_controller-7] [INFO] [1786714473.484026940] [landing_scout_1]: [scout_1] Landing controller state: IDLE
[landing_controller-11] [INFO] [1786714473.515002774] [landing_scout_2]: [scout_2] Landing controller state: IDLE
[landing_controller-15] [INFO] [1786714473.560125702] [landing_scout_3]: [scout_3] Landing controller state: FLIGHT
[swarm_manager-3] [INFO] [1786714475.483738827] [swarm_manager_node]: 📍 scout_3 detected high-value spectral anomaly at [-14.4, -4.4]!
[swarm_manager-3] [INFO] [1786714477.482671632] [swarm_manager_node]: 📍 scout_3 detected high-value spectral anomaly at [-17.4, -0.4]!
[landing_controller-7] [INFO] [1786714478.487025533] [landing_scout_1]: [scout_1] Landing controller state: IDLE
[landing_controller-11] [INFO] [1786714478.517651180] [landing_scout_2]: [scout_2] Landing controller state: IDLE
[landing_controller-15] [INFO] [1786714478.560577094] [landing_scout_3]: [scout_3] Landing controller state: FLIGHT
[landing_controller-7] [INFO] [1786714483.485870789] [landing_scout_1]: [scout_1] Landing controller state: IDLE
[landing_controller-11] [INFO] [1786714483.515661338] [landing_scout_2]: [scout_2] Landing controller state: IDLE
[landing_controller-15] [INFO] [1786714483.562077946] [landing_scout_3]: [scout_3] Landing controller state: FLIGHT
[swarm_manager-3] [INFO] [1786714487.483253398] [swarm_manager_node]: 📍 scout_2 detected high-value spectral anomaly at [15.5, -3.6]!
[landing_controller-7] [INFO] [1786714488.484286605] [landing_scout_1]: [scout_1] Landing controller state: IDLE
[landing_controller-11] [INFO] [1786714488.515050400] [landing_scout_2]: [scout_2] Landing controller state: IDLE
[landing_controller-15] [INFO] [1786714488.560137290] [landing_scout_3]: [scout_3] Landing controller state: FLIGHT
[swarm_manager-3] [INFO] [1786714493.482764110] [swarm_manager_node]: 📍 scout_3 detected high-value spectral anomaly at [1.1, -2.3]!
[landing_controller-7] [INFO] [1786714493.484936331] [landing_scout_1]: [scout_1] Landing controller state: IDLE
[landing_controller-11] [INFO] [1786714493.515027409] [landing_scout_2]: [scout_2] Landing controller state: IDLE
[landing_controller-15] [INFO] [1786714493.560351273] [landing_scout_3]: [scout_3] Landing controller state: FLIGHT
[landing_controller-7] [INFO] [1786714498.486258231] [landing_scout_1]: [scout_1] Landing controller state: IDLE
[landing_controller-11] [INFO] [1786714498.515911262] [landing_scout_2]: [scout_2] Landing controller state: IDLE
[landing_controller-15] [INFO] [1786714498.561688120] [landing_scout_3]: [scout_3] Landing controller state: FLIGHT
[landing_controller-7] [INFO] [1786714503.484209303] [landing_scout_1]: [scout_1] Landing controller state: IDLE
[landing_controller-11] [INFO] [1786714503.517898424] [landing_scout_2]: [scout_2] Landing controller state: IDLE
[landing_controller-15] [INFO] [1786714503.561107058] [landing_scout_3]: [scout_3] Landing controller state: FLIGHT
[landing_controller-7] [INFO] [1786714508.484673231] [landing_scout_1]: [scout_1] Landing controller state: IDLE
[landing_controller-11] [INFO] [1786714508.515544513] [landing_scout_2]: [scout_2] Landing controller state: IDLE
[landing_controller-15] [INFO] [1786714508.562189785] [landing_scout_3]: [scout_3] Landing controller state: FLIGHT
[landing_controller-7] [INFO] [1786714513.484262407] [landing_scout_1]: [scout_1] Landing controller state: IDLE
[landing_controller-11] [INFO] [1786714513.518383640] [landing_scout_2]: [scout_2] Landing controller state: IDLE
[landing_controller-15] [INFO] [1786714513.560828623] [landing_scout_3]: [scout_3] Landing controller state: FLIGHT
[landing_controller-7] [INFO] [1786714518.484362283] [landing_scout_1]: [scout_1] Landing controller state: IDLE
[landing_controller-11] [INFO] [1786714518.516802423] [landing_scout_2]: [scout_2] Landing controller state: IDLE
[landing_controller-15] [INFO] [1786714518.562096255] [landing_scout_3]: [scout_3] Landing controller state: FLIGHT
[swarm_manager-3] [INFO] [1786714519.483028083] [swarm_manager_node]: 📍 scout_3 detected high-value spectral anomaly at [-11.2, 4.1]!
[swarm_manager-3] [INFO] [1786714523.485525449] [swarm_manager_node]: 📍 scout_2 detected high-value spectral anomaly at [2.7, -5.4]!
[landing_controller-7] [INFO] [1786714523.485622319] [landing_scout_1]: [scout_1] Landing controller state: IDLE
[landing_controller-11] [INFO] [1786714523.516135802] [landing_scout_2]: [scout_2] Landing controller state: IDLE
[landing_controller-15] [INFO] [1786714523.560247352] [landing_scout_3]: [scout_3] Landing controller state: FLIGHT
[swarm_manager-3] [INFO] [1786714525.484256896] [swarm_manager_node]: 📍 scout_2 detected high-value spectral anomaly at [-2.0, -3.5]!
[landing_controller-7] [INFO] [1786714528.485532888] [landing_scout_1]: [scout_1] Landing controller state: IDLE
[landing_controller-11] [INFO] [1786714528.514989454] [landing_scout_2]: [scout_2] Landing controller state: IDLE
[landing_controller-15] [INFO] [1786714528.560491136] [landing_scout_3]: [scout_3] Landing controller state: FLIGHT
[landing_controller-7] [INFO] [1786714533.484730108] [landing_scout_1]: [scout_1] Landing controller state: IDLE
[landing_controller-11] [INFO] [1786714533.514907232] [landing_scout_2]: [scout_2] Landing controller state: IDLE
[landing_controller-15] [INFO] [1786714533.560410870] [landing_scout_3]: [scout_3] Landing controller state: FLIGHT
[swarm_manager-3] [INFO] [1786714535.484731991] [swarm_manager_node]: 📍 scout_2 detected high-value spectral anomaly at [12.6, -8.5]!
[landing_controller-7] [INFO] [1786714538.485199234] [landing_scout_1]: [scout_1] Landing controller state: IDLE
[landing_controller-11] [INFO] [1786714538.517663609] [landing_scout_2]: [scout_2] Landing controller state: IDLE
[landing_controller-15] [INFO] [1786714538.560607334] [landing_scout_3]: [scout_3] Landing controller state: FLIGHT
[swarm_manager-3] [INFO] [1786714541.484927206] [swarm_manager_node]: 📍 scout_3 detected high-value spectral anomaly at [-14.6, -7.0]!
[landing_controller-7] [INFO] [1786714543.484166985] [landing_scout_1]: [scout_1] Landing controller state: IDLE
[landing_controller-11] [INFO] [1786714543.515338099] [landing_scout_2]: [scout_2] Landing controller state: IDLE
[landing_controller-15] [INFO] [1786714543.563855413] [landing_scout_3]: [scout_3] Landing controller state: FLIGHT
[landing_controller-7] [INFO] [1786714548.484451831] [landing_scout_1]: [scout_1] Landing controller state: IDLE
[landing_controller-11] [INFO] [1786714548.517584104] [landing_scout_2]: [scout_2] Landing controller state: IDLE
[landing_controller-15] [INFO] [1786714548.560531600] [landing_scout_3]: [scout_3] Landing controller state: FLIGHT
[swarm_manager-3] [INFO] [1786714551.483285847] [swarm_manager_node]: 📍 scout_3 detected high-value spectral anomaly at [-9.2, -14.1]!
[landing_controller-7] [INFO] [1786714553.484502093] [landing_scout_1]: [scout_1] Landing controller state: IDLE
[landing_controller-11] [INFO] [1786714553.516245351] [landing_scout_2]: [scout_2] Landing controller state: IDLE
[landing_controller-15] [INFO] [1786714553.560847122] [landing_scout_3]: [scout_3] Landing controller state: FLIGHT
[swarm_manager-3] [INFO] [1786714555.482920756] [swarm_manager_node]: 📍 scout_3 detected high-value spectral anomaly at [-9.7, -9.4]!
[swarm_manager-3] [INFO] [1786714557.484652440] [swarm_manager_node]: 📍 scout_3 detected high-value spectral anomaly at [-3.8, 1.3]!
[landing_controller-7] [INFO] [1786714558.485502150] [landing_scout_1]: [scout_1] Landing controller state: IDLE
[landing_controller-11] [INFO] [1786714558.515108038] [landing_scout_2]: [scout_2] Landing controller state: IDLE
[landing_controller-15] [INFO] [1786714558.560317573] [landing_scout_3]: [scout_3] Landing controller state: FLIGHT
[landing_controller-7] [INFO] [1786714563.484584435] [landing_scout_1]: [scout_1] Landing controller state: IDLE
[landing_controller-11] [INFO] [1786714563.514934279] [landing_scout_2]: [scout_2] Landing controller state: IDLE
[landing_controller-15] [INFO] [1786714563.561032062] [landing_scout_3]: [scout_3] Landing controller state: FLIGHT
[landing_controller-7] [INFO] [1786714568.487629980] [landing_scout_1]: [scout_1] Landing controller state: IDLE
[landing_controller-11] [INFO] [1786714568.515080410] [landing_scout_2]: [scout_2] Landing controller state: IDLE
[landing_controller-15] [INFO] [1786714568.560320815] [landing_scout_3]: [scout_3] Landing controller state: FLIGHT
[swarm_manager-3] [INFO] [1786714569.485739591] [swarm_manager_node]: 📍 scout_3 detected high-value spectral anomaly at [-0.1, -9.4]!
[landing_controller-7] [INFO] [1786714573.485504102] [landing_scout_1]: [scout_1] Landing controller state: IDLE
[landing_controller-11] [INFO] [1786714573.515138556] [landing_scout_2]: [scout_2] Landing controller state: IDLE
[landing_controller-15] [INFO] [1786714573.567142236] [landing_scout_3]: [scout_3] Landing controller state: FLIGHT
[swarm_manager-3] [INFO] [1786714575.486729803] [swarm_manager_node]: 📍 scout_3 detected high-value spectral anomaly at [1.9, -6.8]!
[swarm_manager-3] [INFO] [1786714577.483505953] [swarm_manager_node]: 📍 scout_2 detected high-value spectral anomaly at [16.2, -13.8]!
[landing_controller-7] [INFO] [1786714578.484155438] [landing_scout_1]: [scout_1] Landing controller state: IDLE
[landing_controller-11] [INFO] [1786714578.517535371] [landing_scout_2]: [scout_2] Landing controller state: IDLE
[landing_controller-15] [INFO] [1786714578.562853091] [landing_scout_3]: [scout_3] Landing controller state: FLIGHT
[swarm_manager-3] [INFO] [1786714581.486781851] [swarm_manager_node]: 📍 scout_2 detected high-value spectral anomaly at [1.4, -11.7]!
[landing_controller-7] [INFO] [1786714583.484651662] [landing_scout_1]: [scout_1] Landing controller state: IDLE
[landing_controller-11] [INFO] [1786714583.515147545] [landing_scout_2]: [scout_2] Landing controller state: IDLE
[landing_controller-15] [INFO] [1786714583.565006103] [landing_scout_3]: [scout_3] Landing controller state: FLIGHT
[landing_controller-7] [INFO] [1786714588.484301347] [landing_scout_1]: [scout_1] Landing controller state: IDLE
[landing_controller-11] [INFO] [1786714588.517384871] [landing_scout_2]: [scout_2] Landing controller state: IDLE
[landing_controller-15] [INFO] [1786714588.560816372] [landing_scout_3]: [scout_3] Landing controller state: FLIGHT
[swarm_manager-3] [INFO] [1786714593.483072925] [swarm_manager_node]: 📍 scout_2 detected high-value spectral anomaly at [16.7, -11.4]!
[landing_controller-7] [INFO] [1786714593.484643389] [landing_scout_1]: [scout_1] Landing controller state: IDLE
[landing_controller-11] [INFO] [1786714593.515445599] [landing_scout_2]: [scout_2] Landing controller state: IDLE
[landing_controller-15] [INFO] [1786714593.562212468] [landing_scout_3]: [scout_3] Landing controller state: FLIGHT
[landing_controller-7] [INFO] [1786714598.485193573] [landing_scout_1]: [scout_1] Landing controller state: IDLE
[landing_controller-11] [INFO] [1786714598.515532732] [landing_scout_2]: [scout_2] Landing controller state: IDLE
[landing_controller-15] [INFO] [1786714598.560625632] [landing_scout_3]: [scout_3] Landing controller state: FLIGHT
[landing_controller-7] [INFO] [1786714603.485803697] [landing_scout_1]: [scout_1] Landing controller state: IDLE
[landing_controller-11] [INFO] [1786714603.515001291] [landing_scout_2]: [scout_2] Landing controller state: IDLE
[landing_controller-15] [INFO] [1786714603.561482786] [landing_scout_3]: [scout_3] Landing controller state: FLIGHT
[landing_controller-7] [INFO] [1786714608.484426555] [landing_scout_1]: [scout_1] Landing controller state: IDLE
[landing_controller-11] [INFO] [1786714608.515042706] [landing_scout_2]: [scout_2] Landing controller state: IDLE
[landing_controller-15] [INFO] [1786714608.561329413] [landing_scout_3]: [scout_3] Landing controller state: FLIGHT
[swarm_manager-3] [INFO] [1786714611.485193131] [swarm_manager_node]: 📍 scout_3 detected high-value spectral anomaly at [-15.0, -2.5]!
[landing_controller-7] [INFO] [1786714613.485103684] [landing_scout_1]: [scout_1] Landing controller state: IDLE
[landing_controller-11] [INFO] [1786714613.516785343] [landing_scout_2]: [scout_2] Landing controller state: IDLE
[landing_controller-15] [INFO] [1786714613.560755117] [landing_scout_3]: [scout_3] Landing controller state: FLIGHT
[landing_controller-7] [INFO] [1786714618.486835510] [landing_scout_1]: [scout_1] Landing controller state: IDLE
[landing_controller-11] [INFO] [1786714618.515939725] [landing_scout_2]: [scout_2] Landing controller state: IDLE
[landing_controller-15] [INFO] [1786714618.564067184] [landing_scout_3]: [scout_3] Landing controller state: FLIGHT
[landing_controller-7] [INFO] [1786714623.484261389] [landing_scout_1]: [scout_1] Landing controller state: IDLE
[landing_controller-11] [INFO] [1786714623.515593420] [landing_scout_2]: [scout_2] Landing controller state: IDLE
[landing_controller-15] [INFO] [1786714623.560443480] [landing_scout_3]: [scout_3] Landing controller state: FLIGHT
[landing_controller-7] [INFO] [1786714628.484082648] [landing_scout_1]: [scout_1] Landing controller state: IDLE
[landing_controller-11] [INFO] [1786714628.516395399] [landing_scout_2]: [scout_2] Landing controller state: IDLE
[landing_controller-15] [INFO] [1786714628.563077201] [landing_scout_3]: [scout_3] Landing controller state: FLIGHT
[landing_controller-7] [INFO] [1786714633.487584726] [landing_scout_1]: [scout_1] Landing controller state: IDLE
[landing_controller-11] [INFO] [1786714633.516054917] [landing_scout_2]: [scout_2] Landing controller state: IDLE
[landing_controller-15] [INFO] [1786714633.563692855] [landing_scout_3]: [scout_3] Landing controller state: FLIGHT
[swarm_manager-3] [INFO] [1786714635.482825119] [swarm_manager_node]: 📍 scout_2 detected high-value spectral anomaly at [2.2, -4.0]!
[swarm_manager-3] [INFO] [1786714637.482994811] [swarm_manager_node]: 📍 scout_2 detected high-value spectral anomaly at [-0.4, 3.3]!
[landing_controller-7] [INFO] [1786714638.484526572] [landing_scout_1]: [scout_1] Landing controller state: IDLE
[landing_controller-11] [INFO] [1786714638.516353782] [landing_scout_2]: [scout_2] Landing controller state: IDLE
[landing_controller-15] [INFO] [1786714638.564321583] [landing_scout_3]: [scout_3] Landing controller state: FLIGHT
[landing_controller-7] [INFO] [1786714643.484624445] [landing_scout_1]: [scout_1] Landing controller state: IDLE
[swarm_manager-3] [INFO] [1786714643.486492784] [swarm_manager_node]: 📍 scout_3 detected high-value spectral anomaly at [-4.6, 4.9]!
[landing_controller-11] [INFO] [1786714643.515537355] [landing_scout_2]: [scout_2] Landing controller state: IDLE
[landing_controller-15] [INFO] [1786714643.561040646] [landing_scout_3]: [scout_3] Landing controller state: FLIGHT
[landing_controller-7] [INFO] [1786714648.485078314] [landing_scout_1]: [scout_1] Landing controller state: IDLE
[landing_controller-11] [INFO] [1786714648.516233925] [landing_scout_2]: [scout_2] Landing controller state: IDLE
[landing_controller-15] [INFO] [1786714648.562475235] [landing_scout_3]: [scout_3] Landing controller state: FLIGHT
[landing_controller-7] [INFO] [1786714653.487444816] [landing_scout_1]: [scout_1] Landing controller state: IDLE
[landing_controller-11] [INFO] [1786714653.516706735] [landing_scout_2]: [scout_2] Landing controller state: IDLE
[landing_controller-15] [INFO] [1786714653.560685868] [landing_scout_3]: [scout_3] Landing controller state: FLIGHT
[swarm_manager-3] [INFO] [1786714657.482902016] [swarm_manager_node]: 📍 scout_2 detected high-value spectral anomaly at [6.7, 6.8]!
[landing_controller-7] [INFO] [1786714658.485031354] [landing_scout_1]: [scout_1] Landing controller state: IDLE
[landing_controller-11] [INFO] [1786714658.515060974] [landing_scout_2]: [scout_2] Landing controller state: IDLE
[landing_controller-15] [INFO] [1786714658.561249275] [landing_scout_3]: [scout_3] Landing controller state: FLIGHT
[swarm_manager-3] [INFO] [1786714659.484781390] [swarm_manager_node]: 📍 scout_2 detected high-value spectral anomaly at [-1.0, -8.0]!
[landing_controller-7] [INFO] [1786714663.486360380] [landing_scout_1]: [scout_1] Landing controller state: IDLE
[landing_controller-11] [INFO] [1786714663.515053577] [landing_scout_2]: [scout_2] Landing controller state: IDLE
[landing_controller-15] [INFO] [1786714663.561543176] [landing_scout_3]: [scout_3] Landing controller state: FLIGHT
[swarm_manager-3] [INFO] [1786714665.484841884] [swarm_manager_node]: 📍 scout_3 detected high-value spectral anomaly at [-4.9, -11.8]!
[landing_controller-7] [INFO] [1786714668.485348530] [landing_scout_1]: [scout_1] Landing controller state: IDLE
[landing_controller-11] [INFO] [1786714668.515272270] [landing_scout_2]: [scout_2] Landing controller state: IDLE
[landing_controller-15] [INFO] [1786714668.562565958] [landing_scout_3]: [scout_3] Landing controller state: FLIGHT
[landing_controller-7] [INFO] [1786714673.484470928] [landing_scout_1]: [scout_1] Landing controller state: IDLE
[landing_controller-11] [INFO] [1786714673.515930840] [landing_scout_2]: [scout_2] Landing controller state: IDLE
[landing_controller-15] [INFO] [1786714673.560906826] [landing_scout_3]: [scout_3] Landing controller state: FLIGHT
[swarm_manager-3] [INFO] [1786714677.482852446] [swarm_manager_node]: 📍 scout_2 detected high-value spectral anomaly at [13.8, -9.4]!
[landing_controller-7] [INFO] [1786714678.485259066] [landing_scout_1]: [scout_1] Landing controller state: IDLE
[landing_controller-11] [INFO] [1786714678.516840852] [landing_scout_2]: [scout_2] Landing controller state: IDLE
[landing_controller-15] [INFO] [1786714678.560186311] [landing_scout_3]: [scout_3] Landing controller state: FLIGHT
[landing_controller-7] [INFO] [1786714683.486272736] [landing_scout_1]: [scout_1] Landing controller state: IDLE
[landing_controller-11] [INFO] [1786714683.518020816] [landing_scout_2]: [scout_2] Landing controller state: IDLE
[landing_controller-15] [INFO] [1786714683.562898884] [landing_scout_3]: [scout_3] Landing controller state: FLIGHT
[swarm_manager-3] [INFO] [1786714685.487043117] [swarm_manager_node]: 📍 scout_2 detected high-value spectral anomaly at [7.2, -11.6]!
[swarm_manager-3] [INFO] [1786714687.483151906] [swarm_manager_node]: 📍 scout_3 detected high-value spectral anomaly at [-16.6, -4.8]!
[landing_controller-7] [INFO] [1786714688.484639062] [landing_scout_1]: [scout_1] Landing controller state: IDLE
[landing_controller-11] [INFO] [1786714688.515432404] [landing_scout_2]: [scout_2] Landing controller state: IDLE
[landing_controller-15] [INFO] [1786714688.563840140] [landing_scout_3]: [scout_3] Landing controller state: FLIGHT
[landing_controller-7] [INFO] [1786714693.485200740] [landing_scout_1]: [scout_1] Landing controller state: IDLE
[landing_controller-11] [INFO] [1786714693.515139217] [landing_scout_2]: [scout_2] Landing controller state: IDLE
[landing_controller-15] [INFO] [1786714693.562238885] [landing_scout_3]: [scout_3] Landing controller state: FLIGHT
[landing_controller-7] [INFO] [1786714698.484899114] [landing_scout_1]: [scout_1] Landing controller state: IDLE
[landing_controller-11] [INFO] [1786714698.514867554] [landing_scout_2]: [scout_2] Landing controller state: IDLE
[landing_controller-15] [INFO] [1786714698.563022672] [landing_scout_3]: [scout_3] Landing controller state: FLIGHT
[landing_controller-7] [INFO] [1786714703.486182910] [landing_scout_1]: [scout_1] Landing controller state: IDLE
[landing_controller-11] [INFO] [1786714703.515214770] [landing_scout_2]: [scout_2] Landing controller state: IDLE
[landing_controller-15] [INFO] [1786714703.560669593] [landing_scout_3]: [scout_3] Landing controller state: FLIGHT
[landing_controller-7] [INFO] [1786714708.484392698] [landing_scout_1]: [scout_1] Landing controller state: IDLE
[landing_controller-11] [INFO] [1786714708.518396460] [landing_scout_2]: [scout_2] Landing controller state: IDLE
[landing_controller-15] [INFO] [1786714708.562458427] [landing_scout_3]: [scout_3] Landing controller state: FLIGHT
[landing_controller-7] [INFO] [1786714713.484474608] [landing_scout_1]: [scout_1] Landing controller state: IDLE
[landing_controller-11] [INFO] [1786714713.516569872] [landing_scout_2]: [scout_2] Landing controller state: IDLE
[landing_controller-15] [INFO] [1786714713.562861471] [landing_scout_3]: [scout_3] Landing controller state: FLIGHT
[landing_controller-7] [INFO] [1786714718.484211232] [landing_scout_1]: [scout_1] Landing controller state: IDLE
[landing_controller-11] [INFO] [1786714718.515071273] [landing_scout_2]: [scout_2] Landing controller state: IDLE
[landing_controller-15] [INFO] [1786714718.565277298] [landing_scout_3]: [scout_3] Landing controller state: FLIGHT
[landing_controller-7] [INFO] [1786714723.484624076] [landing_scout_1]: [scout_1] Landing controller state: IDLE
[landing_controller-11] [INFO] [1786714723.515213410] [landing_scout_2]: [scout_2] Landing controller state: IDLE
[landing_controller-15] [INFO] [1786714723.561294016] [landing_scout_3]: [scout_3] Landing controller state: FLIGHT
[swarm_manager-3] [INFO] [1786714727.482647189] [swarm_manager_node]: 📍 scout_2 detected high-value spectral anomaly at [9.5, -0.8]!
[landing_controller-7] [INFO] [1786714728.489250141] [landing_scout_1]: [scout_1] Landing controller state: IDLE
[landing_controller-11] [INFO] [1786714728.515210078] [landing_scout_2]: [scout_2] Landing controller state: IDLE
[landing_controller-15] [INFO] [1786714728.562775242] [landing_scout_3]: [scout_3] Landing controller state: FLIGHT
[swarm_manager-3] [INFO] [1786714729.484242234] [swarm_manager_node]: 📍 scout_2 detected high-value spectral anomaly at [17.5, -1.6]!
[landing_controller-7] [INFO] [1786714733.484218904] [landing_scout_1]: [scout_1] Landing controller state: IDLE
[landing_controller-11] [INFO] [1786714733.516987514] [landing_scout_2]: [scout_2] Landing controller state: IDLE
[landing_controller-15] [INFO] [1786714733.561081259] [landing_scout_3]: [scout_3] Landing controller state: FLIGHT
[swarm_manager-3] [INFO] [1786714737.484709059] [swarm_manager_node]: 📍 scout_2 detected high-value spectral anomaly at [12.4, -0.1]!
[swarm_manager-3] [INFO] [1786714737.485417744] [swarm_manager_node]: 📍 scout_3 detected high-value spectral anomaly at [-2.8, -8.8]!
[landing_controller-7] [INFO] [1786714738.484826151] [landing_scout_1]: [scout_1] Landing controller state: IDLE
[landing_controller-11] [INFO] [1786714738.514989101] [landing_scout_2]: [scout_2] Landing controller state: IDLE
[landing_controller-15] [INFO] [1786714738.562592329] [landing_scout_3]: [scout_3] Landing controller state: FLIGHT
[landing_controller-7] [INFO] [1786714743.484856166] [landing_scout_1]: [scout_1] Landing controller state: IDLE
[landing_controller-11] [INFO] [1786714743.515415049] [landing_scout_2]: [scout_2] Landing controller state: IDLE
[landing_controller-15] [INFO] [1786714743.565514216] [landing_scout_3]: [scout_3] Landing controller state: FLIGHT
[landing_controller-7] [INFO] [1786714748.484174014] [landing_scout_1]: [scout_1] Landing controller state: IDLE
[landing_controller-11] [INFO] [1786714748.515876767] [landing_scout_2]: [scout_2] Landing controller state: IDLE
[landing_controller-15] [INFO] [1786714748.560892215] [landing_scout_3]: [scout_3] Landing controller state: FLIGHT
[swarm_manager-3] [INFO] [1786714751.485389179] [swarm_manager_node]: 📍 scout_2 detected high-value spectral anomaly at [3.9, -2.2]!
[landing_controller-7] [INFO] [1786714753.484183376] [landing_scout_1]: [scout_1] Landing controller state: IDLE
[landing_controller-11] [INFO] [1786714753.518890098] [landing_scout_2]: [scout_2] Landing controller state: IDLE
[landing_controller-15] [INFO] [1786714753.561074577] [landing_scout_3]: [scout_3] Landing controller state: FLIGHT
[swarm_manager-3] [INFO] [1786714757.482751587] [swarm_manager_node]: 📍 scout_3 detected high-value spectral anomaly at [-2.9, -5.1]!
[landing_controller-7] [INFO] [1786714758.486958208] [landing_scout_1]: [scout_1] Landing controller state: IDLE
[landing_controller-11] [INFO] [1786714758.518431670] [landing_scout_2]: [scout_2] Landing controller state: IDLE
[landing_controller-15] [INFO] [1786714758.561462912] [landing_scout_3]: [scout_3] Landing controller state: FLIGHT
[swarm_manager-3] [INFO] [1786714759.483795745] [swarm_manager_node]: 📍 scout_2 detected high-value spectral anomaly at [13.1, -2.5]!
[swarm_manager-3] [INFO] [1786714761.482751842] [swarm_manager_node]: 📍 scout_3 detected high-value spectral anomaly at [-8.7, 0.8]!
[swarm_manager-3] [INFO] [1786714763.483221205] [swarm_manager_node]: 📍 scout_2 detected high-value spectral anomaly at [4.2, -11.3]!
[landing_controller-7] [INFO] [1786714763.486128791] [landing_scout_1]: [scout_1] Landing controller state: IDLE
[landing_controller-11] [INFO] [1786714763.515311860] [landing_scout_2]: [scout_2] Landing controller state: IDLE
[landing_controller-15] [INFO] [1786714763.560857548] [landing_scout_3]: [scout_3] Landing controller state: FLIGHT
[swarm_manager-3] [INFO] [1786714767.483160777] [swarm_manager_node]: 📍 scout_2 detected high-value spectral anomaly at [1.0, -7.7]!
[landing_controller-7] [INFO] [1786714768.484916162] [landing_scout_1]: [scout_1] Landing controller state: IDLE
[landing_controller-11] [INFO] [1786714768.517324109] [landing_scout_2]: [scout_2] Landing controller state: IDLE
[landing_controller-15] [INFO] [1786714768.560405357] [landing_scout_3]: [scout_3] Landing controller state: FLIGHT
[landing_controller-7] [INFO] [1786714773.486157996] [landing_scout_1]: [scout_1] Landing controller state: IDLE
[landing_controller-11] [INFO] [1786714773.515071685] [landing_scout_2]: [scout_2] Landing controller state: IDLE
[landing_controller-15] [INFO] [1786714773.565337006] [landing_scout_3]: [scout_3] Landing controller state: FLIGHT
[swarm_manager-3] [INFO] [1786714777.484610791] [swarm_manager_node]: 📍 scout_2 detected high-value spectral anomaly at [-1.7, -11.2]!
[landing_controller-7] [INFO] [1786714778.484220429] [landing_scout_1]: [scout_1] Landing controller state: IDLE
[landing_controller-11] [INFO] [1786714778.515901112] [landing_scout_2]: [scout_2] Landing controller state: IDLE
[landing_controller-15] [INFO] [1786714778.560344277] [landing_scout_3]: [scout_3] Landing controller state: FLIGHT
[landing_controller-7] [INFO] [1786714783.487029673] [landing_scout_1]: [scout_1] Landing controller state: IDLE
[landing_controller-11] [INFO] [1786714783.518401586] [landing_scout_2]: [scout_2] Landing controller state: IDLE
[landing_controller-15] [INFO] [1786714783.561014895] [landing_scout_3]: [scout_3] Landing controller state: FLIGHT
[landing_controller-7] [INFO] [1786714788.484041565] [landing_scout_1]: [scout_1] Landing controller state: IDLE
[landing_controller-11] [INFO] [1786714788.515585918] [landing_scout_2]: [scout_2] Landing controller state: IDLE
[landing_controller-15] [INFO] [1786714788.562380448] [landing_scout_3]: [scout_3] Landing controller state: FLIGHT
[landing_controller-7] [INFO] [1786714793.484692786] [landing_scout_1]: [scout_1] Landing controller state: IDLE
[landing_controller-11] [INFO] [1786714793.515886393] [landing_scout_2]: [scout_2] Landing controller state: IDLE
[landing_controller-15] [INFO] [1786714793.560473572] [landing_scout_3]: [scout_3] Landing controller state: FLIGHT
[landing_controller-7] [INFO] [1786714798.484781231] [landing_scout_1]: [scout_1] Landing controller state: IDLE
[landing_controller-11] [INFO] [1786714798.515101884] [landing_scout_2]: [scout_2] Landing controller state: IDLE
[landing_controller-15] [INFO] [1786714798.560339012] [landing_scout_3]: [scout_3] Landing controller state: FLIGHT
[landing_controller-7] [INFO] [1786714803.485124050] [landing_scout_1]: [scout_1] Landing controller state: IDLE
[landing_controller-11] [INFO] [1786714803.514923753] [landing_scout_2]: [scout_2] Landing controller state: IDLE
[landing_controller-15] [INFO] [1786714803.560336952] [landing_scout_3]: [scout_3] Landing controller state: FLIGHT
[landing_controller-7] [INFO] [1786714808.485479589] [landing_scout_1]: [scout_1] Landing controller state: IDLE
[landing_controller-11] [INFO] [1786714808.515812395] [landing_scout_2]: [scout_2] Landing controller state: IDLE
[landing_controller-15] [INFO] [1786714808.560868493] [landing_scout_3]: [scout_3] Landing controller state: FLIGHT
[swarm_manager-3] [INFO] [1786714811.484058506] [swarm_manager_node]: 📍 scout_2 detected high-value spectral anomaly at [3.8, -14.6]!
[swarm_manager-3] [INFO] [1786714813.484928102] [swarm_manager_node]: 📍 scout_2 detected high-value spectral anomaly at [0.8, -1.7]!
[landing_controller-7] [INFO] [1786714813.487266756] [landing_scout_1]: [scout_1] Landing controller state: IDLE
[landing_controller-11] [INFO] [1786714813.518952259] [landing_scout_2]: [scout_2] Landing controller state: IDLE
[landing_controller-15] [INFO] [1786714813.560423794] [landing_scout_3]: [scout_3] Landing controller state: FLIGHT
[landing_controller-7] [INFO] [1786714818.486493530] [landing_scout_1]: [scout_1] Landing controller state: IDLE
[landing_controller-11] [INFO] [1786714818.514938162] [landing_scout_2]: [scout_2] Landing controller state: IDLE
[landing_controller-15] [INFO] [1786714818.560935169] [landing_scout_3]: [scout_3] Landing controller state: FLIGHT
[swarm_manager-3] [INFO] [1786714821.483177649] [swarm_manager_node]: 📍 scout_3 detected high-value spectral anomaly at [-1.8, 4.8]!
[swarm_manager-3] [INFO] [1786714823.482819083] [swarm_manager_node]: 📍 scout_2 detected high-value spectral anomaly at [10.7, -8.4]!
[landing_controller-7] [INFO] [1786714823.487315222] [landing_scout_1]: [scout_1] Landing controller state: IDLE
[landing_controller-11] [INFO] [1786714823.516208797] [landing_scout_2]: [scout_2] Landing controller state: IDLE
[landing_controller-15] [INFO] [1786714823.563023373] [landing_scout_3]: [scout_3] Landing controller state: FLIGHT
[landing_controller-11] [INFO] [1786714828.082609554] [landing_scout_2]: [scout_2] 🛫 Airborne while IDLE (v=0.093 m/s, free-fall accel) → FLIGHT mode armed
[landing_controller-11] [INFO] [1786714828.147354839] [landing_scout_2]: [scout_2] 🎯 Contact detected! accel=0.1144 m/s² → hands-off settle (no posture commands at contact)
[attitude_controller-10] [INFO] [1786714828.266424235] [attitude_scout_2]: [scout_2] Contact — commanded-flight latch cleared (full attitude PD locked out until next ignition).
[landing_controller-7] [INFO] [1786714828.484266916] [landing_scout_1]: [scout_1] Landing controller state: IDLE
[landing_controller-11] [INFO] [1786714828.521086844] [landing_scout_2]: [scout_2] Landing controller state: CONTACT
[landing_controller-11] [INFO] [1786714828.537691675] [landing_scout_2]: [scout_2] ⚠️ Bounce detected (v=0.0659 m/s) → back to FLIGHT
[landing_controller-15] [INFO] [1786714828.561152392] [landing_scout_3]: [scout_3] Landing controller state: FLIGHT
[landing_controller-7] [INFO] [1786714833.485577869] [landing_scout_1]: [scout_1] Landing controller state: IDLE
[landing_controller-11] [INFO] [1786714833.515085982] [landing_scout_2]: [scout_2] Landing controller state: FLIGHT
[landing_controller-15] [INFO] [1786714833.563756396] [landing_scout_3]: [scout_3] Landing controller state: FLIGHT
[landing_controller-7] [INFO] [1786714833.751941223] [landing_scout_1]: [scout_1] 🛫 Airborne while IDLE (v=0.025 m/s, free-fall accel) → FLIGHT mode armed
[landing_controller-7] [INFO] [1786714833.806119296] [landing_scout_1]: [scout_1] 🎯 Contact detected! accel=0.0815 m/s² → hands-off settle (no posture commands at contact)
[attitude_controller-6] [INFO] [1786714834.087146436] [attitude_scout_1]: [scout_1] Contact — commanded-flight latch cleared (full attitude PD locked out until next ignition).
[landing_controller-7] [INFO] [1786714834.162689062] [landing_scout_1]: [scout_1] ⚠️ Bounce detected (v=0.0393 m/s) → back to FLIGHT
[landing_controller-7] [INFO] [1786714838.484118273] [landing_scout_1]: [scout_1] Landing controller state: FLIGHT
[landing_controller-11] [INFO] [1786714838.515794767] [landing_scout_2]: [scout_2] Landing controller state: FLIGHT
[landing_controller-15] [INFO] [1786714838.560545726] [landing_scout_3]: [scout_3] Landing controller state: FLIGHT
[swarm_manager-3] [INFO] [1786714839.482649157] [swarm_manager_node]: 📍 scout_2 detected high-value spectral anomaly at [10.1, -9.3]!
[landing_controller-7] [INFO] [1786714843.484290612] [landing_scout_1]: [scout_1] Landing controller state: FLIGHT
[landing_controller-11] [INFO] [1786714843.515202966] [landing_scout_2]: [scout_2] Landing controller state: FLIGHT
[landing_controller-15] [INFO] [1786714843.560752357] [landing_scout_3]: [scout_3] Landing controller state: FLIGHT
[landing_controller-15] [INFO] [1786714844.149901439] [landing_scout_3]: [scout_3] 🎯 Contact detected! accel=0.0897 m/s² → hands-off settle (no posture commands at contact)
[attitude_controller-14] [INFO] [1786714844.329266357] [attitude_scout_3]: [scout_3] Contact — commanded-flight latch cleared (full attitude PD locked out until next ignition).
[landing_controller-15] [WARN] [1786714845.452509722] [landing_scout_3]: [scout_3] Sustained contact accel but velocity still 0.0132 m/s — not actually landed, resetting settle counter (likely a false accel trigger, e.g. RW/leg motor reaction torque).
[swarm_manager-3] [INFO] [1786714845.483596821] [swarm_manager_node]: 📍 scout_3 detected high-value spectral anomaly at [-1.5, -5.0]!
[landing_controller-15] [INFO] [1786714846.711889880] [landing_scout_3]: [scout_3] ✅ LANDED — stable contact confirmed
[swarm_manager-3] [INFO] [1786714846.716119223] [swarm_manager_node]: 🧭 scout_3 heading calibration: measured offset -58°, bias now -29°
[attitude_controller-14] [INFO] [1786714846.717758202] [attitude_scout_3]: [scout_3] Landed — tilt correction stopped, yaw-hold pinned to current heading.
[attitude_controller-14] [INFO] [1786714846.719485880] [attitude_scout_3]: [scout_3] Landed — tilt correction stopped, yaw-hold pinned to current heading.
[attitude_controller-14] [INFO] [1786714846.748047636] [attitude_scout_3]: [scout_3] Landed — tilt correction stopped, yaw-hold pinned to current heading.
[attitude_controller-14] [INFO] [1786714846.758653960] [attitude_scout_3]: [scout_3] Landed — tilt correction stopped, yaw-hold pinned to current heading.
[attitude_controller-14] [INFO] [1786714846.768690305] [attitude_scout_3]: [scout_3] Landed — tilt correction stopped, yaw-hold pinned to current heading.
[attitude_controller-14] [INFO] [1786714846.778893990] [attitude_scout_3]: [scout_3] Landed — tilt correction stopped, yaw-hold pinned to current heading.
[attitude_controller-14] [INFO] [1786714846.790135945] [attitude_scout_3]: [scout_3] Landed — tilt correction stopped, yaw-hold pinned to current heading.
[attitude_controller-14] [INFO] [1786714846.799959900] [attitude_scout_3]: [scout_3] Landed — tilt correction stopped, yaw-hold pinned to current heading.
[attitude_controller-14] [INFO] [1786714846.809270518] [attitude_scout_3]: [scout_3] Landed — tilt correction stopped, yaw-hold pinned to current heading.
[attitude_controller-14] [INFO] [1786714846.820101173] [attitude_scout_3]: [scout_3] Landed — tilt correction stopped, yaw-hold pinned to current heading.
[attitude_controller-14] [INFO] [1786714846.828869120] [attitude_scout_3]: [scout_3] Landed — tilt correction stopped, yaw-hold pinned to current heading.
[attitude_controller-14] [INFO] [1786714846.837413992] [attitude_scout_3]: [scout_3] Landed — tilt correction stopped, yaw-hold pinned to current heading.
[attitude_controller-14] [INFO] [1786714846.847705538] [attitude_scout_3]: [scout_3] Landed — tilt correction stopped, yaw-hold pinned to current heading.
[attitude_controller-14] [INFO] [1786714846.859188447] [attitude_scout_3]: [scout_3] Landed — tilt correction stopped, yaw-hold pinned to current heading.
[attitude_controller-14] [INFO] [1786714846.869611995] [attitude_scout_3]: [scout_3] Landed — tilt correction stopped, yaw-hold pinned to current heading.
[attitude_controller-14] [INFO] [1786714846.878408297] [attitude_scout_3]: [scout_3] Landed — tilt correction stopped, yaw-hold pinned to current heading.
[attitude_controller-14] [INFO] [1786714846.889713877] [attitude_scout_3]: [scout_3] Landed — tilt correction stopped, yaw-hold pinned to current heading.
[attitude_controller-14] [INFO] [1786714846.903118764] [attitude_scout_3]: [scout_3] Landed — tilt correction stopped, yaw-hold pinned to current heading.
[attitude_controller-14] [INFO] [1786714846.917786601] [attitude_scout_3]: [scout_3] Landed — tilt correction stopped, yaw-hold pinned to current heading.
[attitude_controller-14] [INFO] [1786714846.929358698] [attitude_scout_3]: [scout_3] Landed — tilt correction stopped, yaw-hold pinned to current heading.
[attitude_controller-14] [INFO] [1786714846.941041425] [attitude_scout_3]: [scout_3] Landed — tilt correction stopped, yaw-hold pinned to current heading.
[attitude_controller-14] [INFO] [1786714846.954619519] [attitude_scout_3]: [scout_3] Landed — tilt correction stopped, yaw-hold pinned to current heading.
[attitude_controller-14] [INFO] [1786714846.964741560] [attitude_scout_3]: [scout_3] Landed — tilt correction stopped, yaw-hold pinned to current heading.
[attitude_controller-14] [INFO] [1786714846.975289356] [attitude_scout_3]: [scout_3] Landed — tilt correction stopped, yaw-hold pinned to current heading.
[attitude_controller-14] [INFO] [1786714846.984828287] [attitude_scout_3]: [scout_3] Landed — tilt correction stopped, yaw-hold pinned to current heading.
[attitude_controller-14] [INFO] [1786714846.987672038] [attitude_scout_3]: [scout_3] Landed — tilt correction stopped, yaw-hold pinned to current heading.
[attitude_controller-14] [INFO] [1786714846.990243266] [attitude_scout_3]: [scout_3] Landed — tilt correction stopped, yaw-hold pinned to current heading.
[attitude_controller-14] [INFO] [1786714846.993004533] [attitude_scout_3]: [scout_3] Landed — tilt correction stopped, yaw-hold pinned to current heading.
[attitude_controller-14] [INFO] [1786714846.995942990] [attitude_scout_3]: [scout_3] Landed — tilt correction stopped, yaw-hold pinned to current heading.
[attitude_controller-14] [INFO] [1786714847.038043799] [attitude_scout_3]: [scout_3] Landed — tilt correction stopped, yaw-hold pinned to current heading.
[attitude_controller-14] [INFO] [1786714847.039801020] [attitude_scout_3]: [scout_3] Landed — tilt correction stopped, yaw-hold pinned to current heading.
[attitude_controller-14] [INFO] [1786714847.042312534] [attitude_scout_3]: [scout_3] Landed — tilt correction stopped, yaw-hold pinned to current heading.
[attitude_controller-14] [INFO] [1786714847.045974132] [attitude_scout_3]: [scout_3] Landed — tilt correction stopped, yaw-hold pinned to current heading.
[attitude_controller-14] [INFO] [1786714847.047128409] [attitude_scout_3]: [scout_3] Landed — tilt correction stopped, yaw-hold pinned to current heading.
[attitude_controller-14] [INFO] [1786714847.048462039] [attitude_scout_3]: [scout_3] Landed — tilt correction stopped, yaw-hold pinned to current heading.
[attitude_controller-14] [INFO] [1786714847.049761866] [attitude_scout_3]: [scout_3] Landed — tilt correction stopped, yaw-hold pinned to current heading.
[attitude_controller-14] [INFO] [1786714847.051022930] [attitude_scout_3]: [scout_3] Landed — tilt correction stopped, yaw-hold pinned to current heading.
[attitude_controller-14] [INFO] [1786714847.052235804] [attitude_scout_3]: [scout_3] Landed — tilt correction stopped, yaw-hold pinned to current heading.
[attitude_controller-14] [INFO] [1786714847.053823798] [attitude_scout_3]: [scout_3] Landed — tilt correction stopped, yaw-hold pinned to current heading.
[attitude_controller-14] [INFO] [1786714847.134035772] [attitude_scout_3]: [scout_3] Landed — tilt correction stopped, yaw-hold pinned to current heading.
[attitude_controller-14] [INFO] [1786714847.142177377] [attitude_scout_3]: [scout_3] Landed — tilt correction stopped, yaw-hold pinned to current heading.
[attitude_controller-14] [INFO] [1786714847.274492631] [attitude_scout_3]: [scout_3] Landed — tilt correction stopped, yaw-hold pinned to current heading.
[attitude_controller-14] [INFO] [1786714847.277299156] [attitude_scout_3]: [scout_3] Landed — tilt correction stopped, yaw-hold pinned to current heading.
[attitude_controller-14] [INFO] [1786714847.345897337] [attitude_scout_3]: [scout_3] Landed — tilt correction stopped, yaw-hold pinned to current heading.
[attitude_controller-14] [INFO] [1786714847.347335870] [attitude_scout_3]: [scout_3] Landed — tilt correction stopped, yaw-hold pinned to current heading.
[attitude_controller-14] [INFO] [1786714847.402416789] [attitude_scout_3]: [scout_3] Landed — tilt correction stopped, yaw-hold pinned to current heading.
[attitude_controller-14] [INFO] [1786714847.403946884] [attitude_scout_3]: [scout_3] Landed — tilt correction stopped, yaw-hold pinned to current heading.
[attitude_controller-14] [INFO] [1786714847.405598295] [attitude_scout_3]: [scout_3] Landed — tilt correction stopped, yaw-hold pinned to current heading.
[attitude_controller-14] [INFO] [1786714847.452840443] [attitude_scout_3]: [scout_3] Landed — tilt correction stopped, yaw-hold pinned to current heading.
[attitude_controller-14] [INFO] [1786714847.454240982] [attitude_scout_3]: [scout_3] Landed — tilt correction stopped, yaw-hold pinned to current heading.
[swarm_manager-3] [INFO] [1786714847.484387450] [swarm_manager_node]: 🏷️ [auction] Dispatch for [-9.7, -9.4]: scout_3 wins at cost 13.9 (45 target(s), 1 bidder(s) considered)
[swarm_manager-3] [INFO] [1786714847.485349172] [swarm_manager_node]: 🚀 scout_3 accepting bid for SAMPLER. Navigating to [-9.7, -9.4] via 4.8m jump.
[attitude_controller-14] [INFO] [1786714847.507964803] [attitude_scout_3]: [scout_3] Landed — tilt correction stopped, yaw-hold pinned to current heading.
[attitude_controller-14] [INFO] [1786714847.509540645] [attitude_scout_3]: [scout_3] Landed — tilt correction stopped, yaw-hold pinned to current heading.
[attitude_controller-14] [INFO] [1786714847.511692193] [attitude_scout_3]: [scout_3] Landed — tilt correction stopped, yaw-hold pinned to current heading.
[attitude_controller-14] [INFO] [1786714847.513498094] [attitude_scout_3]: [scout_3] Landed — tilt correction stopped, yaw-hold pinned to current heading.
[attitude_controller-14] [INFO] [1786714847.515272985] [attitude_scout_3]: [scout_3] Landed — tilt correction stopped, yaw-hold pinned to current heading.
[attitude_controller-14] [INFO] [1786714847.516906935] [attitude_scout_3]: [scout_3] Landed — tilt correction stopped, yaw-hold pinned to current heading.
[attitude_controller-14] [INFO] [1786714847.534572105] [attitude_scout_3]: [scout_3] Landed — tilt correction stopped, yaw-hold pinned to current heading.
[attitude_controller-14] [INFO] [1786714847.535857335] [attitude_scout_3]: [scout_3] Landed — tilt correction stopped, yaw-hold pinned to current heading.
[attitude_controller-14] [INFO] [1786714847.537070209] [attitude_scout_3]: [scout_3] Landed — tilt correction stopped, yaw-hold pinned to current heading.
[attitude_controller-14] [INFO] [1786714847.538324638] [attitude_scout_3]: [scout_3] Landed — tilt correction stopped, yaw-hold pinned to current heading.
[attitude_controller-14] [INFO] [1786714847.574262813] [attitude_scout_3]: [scout_3] Landed — tilt correction stopped, yaw-hold pinned to current heading.
[attitude_controller-14] [INFO] [1786714847.575424841] [attitude_scout_3]: [scout_3] Landed — tilt correction stopped, yaw-hold pinned to current heading.
[attitude_controller-14] [INFO] [1786714847.576345287] [attitude_scout_3]: [scout_3] Landed — tilt correction stopped, yaw-hold pinned to current heading.
[attitude_controller-14] [INFO] [1786714847.577296184] [attitude_scout_3]: [scout_3] Landed — tilt correction stopped, yaw-hold pinned to current heading.
[attitude_controller-14] [INFO] [1786714847.578270897] [attitude_scout_3]: [scout_3] Landed — tilt correction stopped, yaw-hold pinned to current heading.
[attitude_controller-14] [INFO] [1786714847.579208105] [attitude_scout_3]: [scout_3] Landed — tilt correction stopped, yaw-hold pinned to current heading.
[attitude_controller-14] [INFO] [1786714847.580161306] [attitude_scout_3]: [scout_3] Landed — tilt correction stopped, yaw-hold pinned to current heading.
[attitude_controller-14] [INFO] [1786714847.599746709] [attitude_scout_3]: [scout_3] Landed — tilt correction stopped, yaw-hold pinned to current heading.
[attitude_controller-14] [INFO] [1786714847.601236994] [attitude_scout_3]: [scout_3] Landed — tilt correction stopped, yaw-hold pinned to current heading.
[attitude_controller-14] [INFO] [1786714847.679072110] [attitude_scout_3]: [scout_3] Landed — tilt correction stopped, yaw-hold pinned to current heading.
[attitude_controller-14] [INFO] [1786714847.738116065] [attitude_scout_3]: [scout_3] Landed — tilt correction stopped, yaw-hold pinned to current heading.
[attitude_controller-14] [INFO] [1786714847.739674097] [attitude_scout_3]: [scout_3] Landed — tilt correction stopped, yaw-hold pinned to current heading.
[attitude_controller-14] [INFO] [1786714847.741269704] [attitude_scout_3]: [scout_3] Landed — tilt correction stopped, yaw-hold pinned to current heading.
[attitude_controller-14] [INFO] [1786714847.742891851] [attitude_scout_3]: [scout_3] Landed — tilt correction stopped, yaw-hold pinned to current heading.
[attitude_controller-14] [INFO] [1786714847.744556531] [attitude_scout_3]: [scout_3] Landed — tilt correction stopped, yaw-hold pinned to current heading.
[attitude_controller-14] [INFO] [1786714847.746162824] [attitude_scout_3]: [scout_3] Landed — tilt correction stopped, yaw-hold pinned to current heading.
[attitude_controller-14] [INFO] [1786714847.747602963] [attitude_scout_3]: [scout_3] Landed — tilt correction stopped, yaw-hold pinned to current heading.
[attitude_controller-14] [INFO] [1786714847.833289910] [attitude_scout_3]: [scout_3] Landed — tilt correction stopped, yaw-hold pinned to current heading.
[attitude_controller-14] [INFO] [1786714847.836024009] [attitude_scout_3]: [scout_3] Landed — tilt correction stopped, yaw-hold pinned to current heading.
[attitude_controller-14] [INFO] [1786714847.912324350] [attitude_scout_3]: [scout_3] Landed — tilt correction stopped, yaw-hold pinned to current heading.
[attitude_controller-14] [INFO] [1786714847.913961024] [attitude_scout_3]: [scout_3] Landed — tilt correction stopped, yaw-hold pinned to current heading.
[attitude_controller-14] [INFO] [1786714848.006251099] [attitude_scout_3]: [scout_3] Landed — tilt correction stopped, yaw-hold pinned to current heading.
[attitude_controller-14] [INFO] [1786714848.031305328] [attitude_scout_3]: [scout_3] Landed — tilt correction stopped, yaw-hold pinned to current heading.
[attitude_controller-14] [INFO] [1786714848.054890712] [attitude_scout_3]: [scout_3] Landed — tilt correction stopped, yaw-hold pinned to current heading.
[hopper_locomotion-13] [INFO] [1786714848.055504343] [loco_scout_3]: [scout_3] 🦵 Idle 300s with no jump command -- self-initiating recovery hop (legs).
[hopper_locomotion-13] [INFO] [1786714848.056230419] [loco_scout_3]: 1. Crouching (waking physics, planting feet under body)
[attitude_controller-14] [INFO] [1786714848.066859651] [attitude_scout_3]: [scout_3] Landed — tilt correction stopped, yaw-hold pinned to current heading.
[attitude_controller-14] [INFO] [1786714848.068321930] [attitude_scout_3]: [scout_3] Landed — tilt correction stopped, yaw-hold pinned to current heading.
[attitude_controller-14] [INFO] [1786714848.069955182] [attitude_scout_3]: [scout_3] Landed — tilt correction stopped, yaw-hold pinned to current heading.
[attitude_controller-14] [INFO] [1786714848.071466559] [attitude_scout_3]: [scout_3] Landed — tilt correction stopped, yaw-hold pinned to current heading.
[attitude_controller-14] [INFO] [1786714848.107013829] [attitude_scout_3]: [scout_3] Landed — tilt correction stopped, yaw-hold pinned to current heading.
[attitude_controller-14] [INFO] [1786714848.118597030] [attitude_scout_3]: [scout_3] Landed — tilt correction stopped, yaw-hold pinned to current heading.
[attitude_controller-14] [INFO] [1786714848.127762307] [attitude_scout_3]: [scout_3] Landed — tilt correction stopped, yaw-hold pinned to current heading.
[attitude_controller-14] [INFO] [1786714848.129227170] [attitude_scout_3]: [scout_3] Landed — tilt correction stopped, yaw-hold pinned to current heading.
[attitude_controller-14] [INFO] [1786714848.171344044] [attitude_scout_3]: [scout_3] Landed — tilt correction stopped, yaw-hold pinned to current heading.
[attitude_controller-14] [INFO] [1786714848.176058439] [attitude_scout_3]: [scout_3] Landed — tilt correction stopped, yaw-hold pinned to current heading.
[attitude_controller-14] [INFO] [1786714848.178417208] [attitude_scout_3]: [scout_3] Landed — tilt correction stopped, yaw-hold pinned to current heading.
[attitude_controller-14] [INFO] [1786714848.180001989] [attitude_scout_3]: [scout_3] Landed — tilt correction stopped, yaw-hold pinned to current heading.
[attitude_controller-14] [INFO] [1786714848.181648441] [attitude_scout_3]: [scout_3] Landed — tilt correction stopped, yaw-hold pinned to current heading.
[attitude_controller-14] [INFO] [1786714848.183516990] [attitude_scout_3]: [scout_3] Landed — tilt correction stopped, yaw-hold pinned to current heading.
[attitude_controller-14] [INFO] [1786714848.247205848] [attitude_scout_3]: [scout_3] Landed — tilt correction stopped, yaw-hold pinned to current heading.
[attitude_controller-14] [INFO] [1786714848.256539024] [attitude_scout_3]: [scout_3] Landed — tilt correction stopped, yaw-hold pinned to current heading.
[attitude_controller-14] [INFO] [1786714848.258130720] [attitude_scout_3]: [scout_3] Landed — tilt correction stopped, yaw-hold pinned to current heading.
[attitude_controller-14] [INFO] [1786714848.259679882] [attitude_scout_3]: [scout_3] Landed — tilt correction stopped, yaw-hold pinned to current heading.
[attitude_controller-14] [INFO] [1786714848.261080840] [attitude_scout_3]: [scout_3] Landed — tilt correction stopped, yaw-hold pinned to current heading.
[attitude_controller-14] [INFO] [1786714848.318625849] [attitude_scout_3]: [scout_3] Landed — tilt correction stopped, yaw-hold pinned to current heading.
[attitude_controller-14] [INFO] [1786714848.331253187] [attitude_scout_3]: [scout_3] Landed — tilt correction stopped, yaw-hold pinned to current heading.
[attitude_controller-14] [INFO] [1786714848.332491623] [attitude_scout_3]: [scout_3] Landed — tilt correction stopped, yaw-hold pinned to current heading.
[attitude_controller-14] [INFO] [1786714848.333659029] [attitude_scout_3]: [scout_3] Landed — tilt correction stopped, yaw-hold pinned to current heading.
[attitude_controller-14] [INFO] [1786714848.334775311] [attitude_scout_3]: [scout_3] Landed — tilt correction stopped, yaw-hold pinned to current heading.
[attitude_controller-14] [INFO] [1786714848.335873295] [attitude_scout_3]: [scout_3] Landed — tilt correction stopped, yaw-hold pinned to current heading.
[attitude_controller-14] [INFO] [1786714848.376707244] [attitude_scout_3]: [scout_3] Landed — tilt correction stopped, yaw-hold pinned to current heading.
[attitude_controller-14] [INFO] [1786714848.391795599] [attitude_scout_3]: [scout_3] Landed — tilt correction stopped, yaw-hold pinned to current heading.
[attitude_controller-14] [INFO] [1786714848.393828346] [attitude_scout_3]: [scout_3] Landed — tilt correction stopped, yaw-hold pinned to current heading.
[attitude_controller-14] [INFO] [1786714848.452101596] [attitude_scout_3]: [scout_3] Landed — tilt correction stopped, yaw-hold pinned to current heading.
[attitude_controller-14] [INFO] [1786714848.453489493] [attitude_scout_3]: [scout_3] Landed — tilt correction stopped, yaw-hold pinned to current heading.
[attitude_controller-14] [INFO] [1786714848.476292929] [attitude_scout_3]: [scout_3] Landed — tilt correction stopped, yaw-hold pinned to current heading.
[attitude_controller-14] [INFO] [1786714848.477790129] [attitude_scout_3]: [scout_3] Landed — tilt correction stopped, yaw-hold pinned to current heading.
[landing_controller-7] [INFO] [1786714848.483986009] [landing_scout_1]: [scout_1] Landing controller state: FLIGHT
[attitude_controller-14] [INFO] [1786714848.502823405] [attitude_scout_3]: [scout_3] Landed — tilt correction stopped, yaw-hold pinned to current heading.
[attitude_controller-14] [INFO] [1786714848.506209897] [attitude_scout_3]: [scout_3] Landed — tilt correction stopped, yaw-hold pinned to current heading.
[attitude_controller-14] [INFO] [1786714848.508240409] [attitude_scout_3]: [scout_3] Landed — tilt correction stopped, yaw-hold pinned to current heading.
[attitude_controller-14] [INFO] [1786714848.509737469] [attitude_scout_3]: [scout_3] Landed — tilt correction stopped, yaw-hold pinned to current heading.
[attitude_controller-14] [INFO] [1786714848.511157494] [attitude_scout_3]: [scout_3] Landed — tilt correction stopped, yaw-hold pinned to current heading.
[attitude_controller-14] [INFO] [1786714848.512560198] [attitude_scout_3]: [scout_3] Landed — tilt correction stopped, yaw-hold pinned to current heading.
[landing_controller-11] [INFO] [1786714848.515085749] [landing_scout_2]: [scout_2] Landing controller state: FLIGHT
[landing_controller-15] [INFO] [1786714848.562008860] [landing_scout_3]: [scout_3] Landing controller state: LANDED
[attitude_controller-14] [INFO] [1786714848.580581625] [attitude_scout_3]: [scout_3] Landed — tilt correction stopped, yaw-hold pinned to current heading.
[attitude_controller-14] [INFO] [1786714848.590779723] [attitude_scout_3]: [scout_3] Landed — tilt correction stopped, yaw-hold pinned to current heading.
[attitude_controller-14] [INFO] [1786714848.601434098] [attitude_scout_3]: [scout_3] Landed — tilt correction stopped, yaw-hold pinned to current heading.
[attitude_controller-14] [INFO] [1786714848.615307764] [attitude_scout_3]: [scout_3] Landed — tilt correction stopped, yaw-hold pinned to current heading.
[attitude_controller-14] [INFO] [1786714848.618210251] [attitude_scout_3]: [scout_3] Landed — tilt correction stopped, yaw-hold pinned to current heading.
[attitude_controller-14] [INFO] [1786714848.619758436] [attitude_scout_3]: [scout_3] Landed — tilt correction stopped, yaw-hold pinned to current heading.
[attitude_controller-14] [INFO] [1786714848.621444907] [attitude_scout_3]: [scout_3] Landed — tilt correction stopped, yaw-hold pinned to current heading.
[attitude_controller-14] [INFO] [1786714848.622727064] [attitude_scout_3]: [scout_3] Landed — tilt correction stopped, yaw-hold pinned to current heading.
[attitude_controller-14] [INFO] [1786714848.624641988] [attitude_scout_3]: [scout_3] Landed — tilt correction stopped, yaw-hold pinned to current heading.
[attitude_controller-14] [INFO] [1786714848.625819591] [attitude_scout_3]: [scout_3] Landed — tilt correction stopped, yaw-hold pinned to current heading.
[attitude_controller-14] [INFO] [1786714848.627017379] [attitude_scout_3]: [scout_3] Landed — tilt correction stopped, yaw-hold pinned to current heading.
[attitude_controller-14] [INFO] [1786714848.628321885] [attitude_scout_3]: [scout_3] Landed — tilt correction stopped, yaw-hold pinned to current heading.
[attitude_controller-14] [INFO] [1786714848.743461212] [attitude_scout_3]: [scout_3] Landed — tilt correction stopped, yaw-hold pinned to current heading.
[attitude_controller-14] [INFO] [1786714848.745136229] [attitude_scout_3]: [scout_3] Landed — tilt correction stopped, yaw-hold pinned to current heading.
[attitude_controller-14] [INFO] [1786714848.747187694] [attitude_scout_3]: [scout_3] Landed — tilt correction stopped, yaw-hold pinned to current heading.
[attitude_controller-14] [INFO] [1786714848.756748136] [attitude_scout_3]: [scout_3] Landed — tilt correction stopped, yaw-hold pinned to current heading.
[attitude_controller-14] [INFO] [1786714848.779879619] [attitude_scout_3]: [scout_3] Landed — tilt correction stopped, yaw-hold pinned to current heading.
[attitude_controller-14] [INFO] [1786714848.790114803] [attitude_scout_3]: [scout_3] Landed — tilt correction stopped, yaw-hold pinned to current heading.
[attitude_controller-14] [INFO] [1786714848.806241147] [attitude_scout_3]: [scout_3] Landed — tilt correction stopped, yaw-hold pinned to current heading.
[attitude_controller-14] [INFO] [1786714848.807833472] [attitude_scout_3]: [scout_3] Landed — tilt correction stopped, yaw-hold pinned to current heading.
[attitude_controller-14] [INFO] [1786714848.809548089] [attitude_scout_3]: [scout_3] Landed — tilt correction stopped, yaw-hold pinned to current heading.
[attitude_controller-14] [INFO] [1786714848.810935498] [attitude_scout_3]: [scout_3] Landed — tilt correction stopped, yaw-hold pinned to current heading.
[attitude_controller-14] [INFO] [1786714848.812571054] [attitude_scout_3]: [scout_3] Landed — tilt correction stopped, yaw-hold pinned to current heading.
[attitude_controller-14] [INFO] [1786714848.824183869] [attitude_scout_3]: [scout_3] Landed — tilt correction stopped, yaw-hold pinned to current heading.
[attitude_controller-14] [INFO] [1786714848.841326133] [attitude_scout_3]: [scout_3] Landed — tilt correction stopped, yaw-hold pinned to current heading.
[attitude_controller-14] [INFO] [1786714848.856707475] [attitude_scout_3]: [scout_3] Landed — tilt correction stopped, yaw-hold pinned to current heading.
[attitude_controller-14] [INFO] [1786714848.858758241] [attitude_scout_3]: [scout_3] Landed — tilt correction stopped, yaw-hold pinned to current heading.
[attitude_controller-14] [INFO] [1786714848.860927739] [attitude_scout_3]: [scout_3] Landed — tilt correction stopped, yaw-hold pinned to current heading.
[attitude_controller-14] [INFO] [1786714848.863062735] [attitude_scout_3]: [scout_3] Landed — tilt correction stopped, yaw-hold pinned to current heading.
[attitude_controller-14] [INFO] [1786714848.864431914] [attitude_scout_3]: [scout_3] Landed — tilt correction stopped, yaw-hold pinned to current heading.
[attitude_controller-14] [INFO] [1786714848.865644159] [attitude_scout_3]: [scout_3] Landed — tilt correction stopped, yaw-hold pinned to current heading.
[attitude_controller-14] [INFO] [1786714849.025045762] [attitude_scout_3]: [scout_3] Landed — tilt correction stopped, yaw-hold pinned to current heading.
[attitude_controller-14] [INFO] [1786714849.036913918] [attitude_scout_3]: [scout_3] Landed — tilt correction stopped, yaw-hold pinned to current heading.
[attitude_controller-14] [INFO] [1786714849.038338622] [attitude_scout_3]: [scout_3] Landed — tilt correction stopped, yaw-hold pinned to current heading.
[attitude_controller-14] [INFO] [1786714849.039893651] [attitude_scout_3]: [scout_3] Landed — tilt correction stopped, yaw-hold pinned to current heading.
[attitude_controller-14] [INFO] [1786714849.094991541] [attitude_scout_3]: [scout_3] Landed — tilt correction stopped, yaw-hold pinned to current heading.
[attitude_controller-14] [INFO] [1786714849.104566301] [attitude_scout_3]: [scout_3] Landed — tilt correction stopped, yaw-hold pinned to current heading.
[attitude_controller-14] [INFO] [1786714849.106172524] [attitude_scout_3]: [scout_3] Landed — tilt correction stopped, yaw-hold pinned to current heading.
[attitude_controller-14] [INFO] [1786714849.166753279] [attitude_scout_3]: [scout_3] Landed — tilt correction stopped, yaw-hold pinned to current heading.
[attitude_controller-14] [INFO] [1786714849.181134835] [attitude_scout_3]: [scout_3] Landed — tilt correction stopped, yaw-hold pinned to current heading.
[attitude_controller-14] [INFO] [1786714849.182645933] [attitude_scout_3]: [scout_3] Landed — tilt correction stopped, yaw-hold pinned to current heading.
[attitude_controller-14] [INFO] [1786714849.272756034] [attitude_scout_3]: [scout_3] Landed — tilt correction stopped, yaw-hold pinned to current heading.
[attitude_controller-14] [INFO] [1786714849.274390892] [attitude_scout_3]: [scout_3] Landed — tilt correction stopped, yaw-hold pinned to current heading.
[attitude_controller-14] [INFO] [1786714849.275961705] [attitude_scout_3]: [scout_3] Landed — tilt correction stopped, yaw-hold pinned to current heading.
[attitude_controller-14] [INFO] [1786714849.300635925] [attitude_scout_3]: [scout_3] Landed — tilt correction stopped, yaw-hold pinned to current heading.
[attitude_controller-14] [INFO] [1786714849.302075645] [attitude_scout_3]: [scout_3] Landed — tilt correction stopped, yaw-hold pinned to current heading.
[attitude_controller-14] [INFO] [1786714849.303619918] [attitude_scout_3]: [scout_3] Landed — tilt correction stopped, yaw-hold pinned to current heading.
[hopper_locomotion-13] [WARN] [1786714849.331189222] [loco_scout_3]: [scout_3] Ignoring jump command, currently not IDLE (state=1)
[attitude_controller-14] [INFO] [1786714849.366732161] [attitude_scout_3]: [scout_3] Landed — tilt correction stopped, yaw-hold pinned to current heading.
[attitude_controller-14] [INFO] [1786714849.368163780] [attitude_scout_3]: [scout_3] Landed — tilt correction stopped, yaw-hold pinned to current heading.
[attitude_controller-14] [INFO] [1786714849.369469822] [attitude_scout_3]: [scout_3] Landed — tilt correction stopped, yaw-hold pinned to current heading.
[attitude_controller-14] [INFO] [1786714849.370855904] [attitude_scout_3]: [scout_3] Landed — tilt correction stopped, yaw-hold pinned to current heading.
[attitude_controller-14] [INFO] [1786714849.372294297] [attitude_scout_3]: [scout_3] Landed — tilt correction stopped, yaw-hold pinned to current heading.
[attitude_controller-14] [INFO] [1786714849.373799738] [attitude_scout_3]: [scout_3] Landed — tilt correction stopped, yaw-hold pinned to current heading.
[attitude_controller-14] [INFO] [1786714849.375107108] [attitude_scout_3]: [scout_3] Landed — tilt correction stopped, yaw-hold pinned to current heading.
[attitude_controller-14] [INFO] [1786714849.427262630] [attitude_scout_3]: [scout_3] Landed — tilt correction stopped, yaw-hold pinned to current heading.
[attitude_controller-14] [INFO] [1786714849.429655692] [attitude_scout_3]: [scout_3] Landed — tilt correction stopped, yaw-hold pinned to current heading.
[attitude_controller-14] [INFO] [1786714849.431009785] [attitude_scout_3]: [scout_3] Landed — tilt correction stopped, yaw-hold pinned to current heading.
[attitude_controller-14] [INFO] [1786714849.432584161] [attitude_scout_3]: [scout_3] Landed — tilt correction stopped, yaw-hold pinned to current heading.
[attitude_controller-14] [INFO] [1786714849.455888502] [attitude_scout_3]: [scout_3] Landed — tilt correction stopped, yaw-hold pinned to current heading.
[attitude_controller-14] [INFO] [1786714849.468135201] [attitude_scout_3]: [scout_3] Landed — tilt correction stopped, yaw-hold pinned to current heading.
[attitude_controller-14] [INFO] [1786714849.471500322] [attitude_scout_3]: [scout_3] Landed — tilt correction stopped, yaw-hold pinned to current heading.
[attitude_controller-14] [INFO] [1786714849.473358324] [attitude_scout_3]: [scout_3] Landed — tilt correction stopped, yaw-hold pinned to current heading.
[attitude_controller-14] [INFO] [1786714849.475139781] [attitude_scout_3]: [scout_3] Landed — tilt correction stopped, yaw-hold pinned to current heading.
[attitude_controller-14] [INFO] [1786714849.558055263] [attitude_scout_3]: [scout_3] Landed — tilt correction stopped, yaw-hold pinned to current heading.
[landing_controller-15] [WARN] [1786714849.591699341] [landing_scout_3]: [scout_3] ⚠️ Liftoff detected while LANDED (v=0.056 m/s sustained) → back to FLIGHT
[attitude_controller-14] [INFO] [1786714849.604849864] [attitude_scout_3]: [scout_3] Landed — tilt correction stopped, yaw-hold pinned to current heading.
[attitude_controller-14] [INFO] [1786714849.606322131] [attitude_scout_3]: [scout_3] Landed — tilt correction stopped, yaw-hold pinned to current heading.
[attitude_controller-14] [INFO] [1786714849.607732587] [attitude_scout_3]: [scout_3] Landed — tilt correction stopped, yaw-hold pinned to current heading.
[attitude_controller-14] [INFO] [1786714849.609124675] [attitude_scout_3]: [scout_3] Landed — tilt correction stopped, yaw-hold pinned to current heading.
[landing_controller-15] [INFO] [1786714849.631222149] [landing_scout_3]: [scout_3] 🎯 Contact detected! accel=0.1763 m/s² → hands-off settle (no posture commands at contact)
[attitude_controller-14] [INFO] [1786714849.678284803] [attitude_scout_3]: [scout_3] Landed — tilt correction stopped, yaw-hold pinned to current heading.
[attitude_controller-14] [INFO] [1786714849.679719774] [attitude_scout_3]: [scout_3] Landed — tilt correction stopped, yaw-hold pinned to current heading.
[attitude_controller-14] [INFO] [1786714849.681289121] [attitude_scout_3]: [scout_3] Landed — tilt correction stopped, yaw-hold pinned to current heading.
[attitude_controller-14] [INFO] [1786714849.682760898] [attitude_scout_3]: [scout_3] Landed — tilt correction stopped, yaw-hold pinned to current heading.
[attitude_controller-14] [INFO] [1786714849.684431515] [attitude_scout_3]: [scout_3] Airborne (landed=False) — tilt correction armed.
[landing_controller-15] [INFO] [1786714850.028940294] [landing_scout_3]: [scout_3] ⚠️ Bounce detected (v=0.0488 m/s) → back to FLIGHT
[landing_controller-15] [INFO] [1786714850.068404644] [landing_scout_3]: [scout_3] 🎯 Contact detected! accel=0.1889 m/s² → hands-off settle (no posture commands at contact)
[attitude_controller-14] [INFO] [1786714850.498697170] [attitude_scout_3]: [scout_3] New target yaw received: -1.43 rad
[landing_controller-15] [WARN] [1786714851.303217162] [landing_scout_3]: [scout_3] Sustained contact accel but velocity still 0.0100 m/s — not actually landed, resetting settle counter (likely a false accel trigger, e.g. RW/leg motor reaction torque).
[landing_controller-15] [INFO] [1786714852.640936137] [landing_scout_3]: [scout_3] ✅ LANDED — stable contact confirmed
[attitude_controller-14] [INFO] [1786714852.646248658] [attitude_scout_3]: [scout_3] Landed — tilt correction stopped, yaw-hold pinned to current heading.
[attitude_controller-14] [INFO] [1786714852.647857535] [attitude_scout_3]: [scout_3] Landed — tilt correction stopped, yaw-hold pinned to current heading.
[attitude_controller-14] [INFO] [1786714852.672142945] [attitude_scout_3]: [scout_3] Landed — tilt correction stopped, yaw-hold pinned to current heading.
[attitude_controller-14] [INFO] [1786714852.684281599] [attitude_scout_3]: [scout_3] Landed — tilt correction stopped, yaw-hold pinned to current heading.
[attitude_controller-14] [INFO] [1786714852.695402308] [attitude_scout_3]: [scout_3] Landed — tilt correction stopped, yaw-hold pinned to current heading.
[attitude_controller-14] [INFO] [1786714852.704648252] [attitude_scout_3]: [scout_3] Landed — tilt correction stopped, yaw-hold pinned to current heading.
[attitude_controller-14] [INFO] [1786714852.716473735] [attitude_scout_3]: [scout_3] Landed — tilt correction stopped, yaw-hold pinned to current heading.
[attitude_controller-14] [INFO] [1786714852.728759756] [attitude_scout_3]: [scout_3] Landed — tilt correction stopped, yaw-hold pinned to current heading.
[attitude_controller-14] [INFO] [1786714852.812474229] [attitude_scout_3]: [scout_3] Landed — tilt correction stopped, yaw-hold pinned to current heading.
[attitude_controller-14] [INFO] [1786714852.813959835] [attitude_scout_3]: [scout_3] Landed — tilt correction stopped, yaw-hold pinned to current heading.
[attitude_controller-14] [INFO] [1786714852.815220969] [attitude_scout_3]: [scout_3] Landed — tilt correction stopped, yaw-hold pinned to current heading.
[attitude_controller-14] [INFO] [1786714852.816768315] [attitude_scout_3]: [scout_3] Landed — tilt correction stopped, yaw-hold pinned to current heading.
[attitude_controller-14] [INFO] [1786714852.818167597] [attitude_scout_3]: [scout_3] Landed — tilt correction stopped, yaw-hold pinned to current heading.
[attitude_controller-14] [INFO] [1786714852.819308114] [attitude_scout_3]: [scout_3] Landed — tilt correction stopped, yaw-hold pinned to current heading.
[attitude_controller-14] [INFO] [1786714852.820253354] [attitude_scout_3]: [scout_3] Landed — tilt correction stopped, yaw-hold pinned to current heading.
[attitude_controller-14] [INFO] [1786714852.821172682] [attitude_scout_3]: [scout_3] Landed — tilt correction stopped, yaw-hold pinned to current heading.
[attitude_controller-14] [INFO] [1786714852.839481515] [attitude_scout_3]: [scout_3] Landed — tilt correction stopped, yaw-hold pinned to current heading.
[attitude_controller-14] [INFO] [1786714852.861244237] [attitude_scout_3]: [scout_3] Landed — tilt correction stopped, yaw-hold pinned to current heading.
[attitude_controller-14] [INFO] [1786714852.870531528] [attitude_scout_3]: [scout_3] Landed — tilt correction stopped, yaw-hold pinned to current heading.
[attitude_controller-14] [INFO] [1786714852.882596988] [attitude_scout_3]: [scout_3] Landed — tilt correction stopped, yaw-hold pinned to current heading.
[attitude_controller-14] [INFO] [1786714852.896131152] [attitude_scout_3]: [scout_3] Landed — tilt correction stopped, yaw-hold pinned to current heading.
[attitude_controller-14] [INFO] [1786714852.904882266] [attitude_scout_3]: [scout_3] Landed — tilt correction stopped, yaw-hold pinned to current heading.
[attitude_controller-14] [INFO] [1786714852.905923469] [attitude_scout_3]: [scout_3] Landed — tilt correction stopped, yaw-hold pinned to current heading.
[attitude_controller-14] [INFO] [1786714852.906828549] [attitude_scout_3]: [scout_3] Landed — tilt correction stopped, yaw-hold pinned to current heading.
[attitude_controller-14] [INFO] [1786714852.907701014] [attitude_scout_3]: [scout_3] Landed — tilt correction stopped, yaw-hold pinned to current heading.
[attitude_controller-14] [INFO] [1786714852.908536043] [attitude_scout_3]: [scout_3] Landed — tilt correction stopped, yaw-hold pinned to current heading.
[attitude_controller-14] [INFO] [1786714852.909310659] [attitude_scout_3]: [scout_3] Landed — tilt correction stopped, yaw-hold pinned to current heading.
[attitude_controller-14] [INFO] [1786714853.031562052] [attitude_scout_3]: [scout_3] Landed — tilt correction stopped, yaw-hold pinned to current heading.
[attitude_controller-14] [INFO] [1786714853.044392978] [attitude_scout_3]: [scout_3] Landed — tilt correction stopped, yaw-hold pinned to current heading.
[attitude_controller-14] [INFO] [1786714853.054439520] [attitude_scout_3]: [scout_3] Landed — tilt correction stopped, yaw-hold pinned to current heading.
[attitude_controller-14] [INFO] [1786714853.224420138] [attitude_scout_3]: [scout_3] Landed — tilt correction stopped, yaw-hold pinned to current heading.
[attitude_controller-14] [INFO] [1786714853.225763616] [attitude_scout_3]: [scout_3] Landed — tilt correction stopped, yaw-hold pinned to current heading.
[attitude_controller-14] [INFO] [1786714853.227167856] [attitude_scout_3]: [scout_3] Landed — tilt correction stopped, yaw-hold pinned to current heading.
[attitude_controller-14] [INFO] [1786714853.228820664] [attitude_scout_3]: [scout_3] Landed — tilt correction stopped, yaw-hold pinned to current heading.
[attitude_controller-14] [INFO] [1786714853.230134878] [attitude_scout_3]: [scout_3] Landed — tilt correction stopped, yaw-hold pinned to current heading.
[attitude_controller-14] [INFO] [1786714853.231718751] [attitude_scout_3]: [scout_3] Landed — tilt correction stopped, yaw-hold pinned to current heading.
[attitude_controller-14] [INFO] [1786714853.233036528] [attitude_scout_3]: [scout_3] Landed — tilt correction stopped, yaw-hold pinned to current heading.
[attitude_controller-14] [INFO] [1786714853.291526218] [attitude_scout_3]: [scout_3] Landed — tilt correction stopped, yaw-hold pinned to current heading.
[attitude_controller-14] [INFO] [1786714853.293035500] [attitude_scout_3]: [scout_3] Landed — tilt correction stopped, yaw-hold pinned to current heading.
[attitude_controller-14] [INFO] [1786714853.294750467] [attitude_scout_3]: [scout_3] Landed — tilt correction stopped, yaw-hold pinned to current heading.
[attitude_controller-14] [INFO] [1786714853.323991575] [attitude_scout_3]: [scout_3] Landed — tilt correction stopped, yaw-hold pinned to current heading.
[attitude_controller-14] [INFO] [1786714853.325589068] [attitude_scout_3]: [scout_3] Landed — tilt correction stopped, yaw-hold pinned to current heading.
[attitude_controller-14] [INFO] [1786714853.380424702] [attitude_scout_3]: [scout_3] Landed — tilt correction stopped, yaw-hold pinned to current heading.
[attitude_controller-14] [INFO] [1786714853.381636528] [attitude_scout_3]: [scout_3] Landed — tilt correction stopped, yaw-hold pinned to current heading.
[attitude_controller-14] [INFO] [1786714853.383668647] [attitude_scout_3]: [scout_3] Landed — tilt correction stopped, yaw-hold pinned to current heading.
[attitude_controller-14] [INFO] [1786714853.399088681] [attitude_scout_3]: [scout_3] Landed — tilt correction stopped, yaw-hold pinned to current heading.
[attitude_controller-14] [INFO] [1786714853.400529518] [attitude_scout_3]: [scout_3] Landed — tilt correction stopped, yaw-hold pinned to current heading.
[attitude_controller-14] [INFO] [1786714853.401968610] [attitude_scout_3]: [scout_3] Landed — tilt correction stopped, yaw-hold pinned to current heading.
[attitude_controller-14] [INFO] [1786714853.432787236] [attitude_scout_3]: [scout_3] Landed — tilt correction stopped, yaw-hold pinned to current heading.
[attitude_controller-14] [INFO] [1786714853.442248782] [attitude_scout_3]: [scout_3] Landed — tilt correction stopped, yaw-hold pinned to current heading.
[attitude_controller-14] [INFO] [1786714853.443699677] [attitude_scout_3]: [scout_3] Landed — tilt correction stopped, yaw-hold pinned to current heading.
[attitude_controller-14] [INFO] [1786714853.445013752] [attitude_scout_3]: [scout_3] Landed — tilt correction stopped, yaw-hold pinned to current heading.
[attitude_controller-14] [INFO] [1786714853.446674731] [attitude_scout_3]: [scout_3] Landed — tilt correction stopped, yaw-hold pinned to current heading.
[attitude_controller-14] [INFO] [1786714853.448268801] [attitude_scout_3]: [scout_3] Landed — tilt correction stopped, yaw-hold pinned to current heading.
[attitude_controller-14] [INFO] [1786714853.449790236] [attitude_scout_3]: [scout_3] Landed — tilt correction stopped, yaw-hold pinned to current heading.
[attitude_controller-14] [INFO] [1786714853.451321868] [attitude_scout_3]: [scout_3] Landed — tilt correction stopped, yaw-hold pinned to current heading.
[attitude_controller-14] [INFO] [1786714853.452891843] [attitude_scout_3]: [scout_3] Landed — tilt correction stopped, yaw-hold pinned to current heading.
[attitude_controller-14] [INFO] [1786714853.454447989] [attitude_scout_3]: [scout_3] Landed — tilt correction stopped, yaw-hold pinned to current heading.
[swarm_manager-3] [INFO] [1786714853.482945282] [swarm_manager_node]: 📍 scout_2 detected high-value spectral anomaly at [12.5, 0.8]!
[landing_controller-7] [INFO] [1786714853.484694402] [landing_scout_1]: [scout_1] Landing controller state: FLIGHT
[landing_controller-11] [INFO] [1786714853.515420138] [landing_scout_2]: [scout_2] Landing controller state: FLIGHT
[landing_controller-15] [INFO] [1786714853.560528059] [landing_scout_3]: [scout_3] Landing controller state: LANDED
[attitude_controller-14] [INFO] [1786714853.597723038] [attitude_scout_3]: [scout_3] Landed — tilt correction stopped, yaw-hold pinned to current heading.
[attitude_controller-14] [INFO] [1786714853.599114357] [attitude_scout_3]: [scout_3] Landed — tilt correction stopped, yaw-hold pinned to current heading.
[attitude_controller-14] [INFO] [1786714853.600498763] [attitude_scout_3]: [scout_3] Landed — tilt correction stopped, yaw-hold pinned to current heading.
[attitude_controller-14] [INFO] [1786714853.695236445] [attitude_scout_3]: [scout_3] Landed — tilt correction stopped, yaw-hold pinned to current heading.
[attitude_controller-14] [INFO] [1786714853.697163452] [attitude_scout_3]: [scout_3] Landed — tilt correction stopped, yaw-hold pinned to current heading.
[attitude_controller-14] [INFO] [1786714853.699050719] [attitude_scout_3]: [scout_3] Landed — tilt correction stopped, yaw-hold pinned to current heading.
[attitude_controller-14] [INFO] [1786714853.700598693] [attitude_scout_3]: [scout_3] Landed — tilt correction stopped, yaw-hold pinned to current heading.
[attitude_controller-14] [INFO] [1786714853.713523418] [attitude_scout_3]: [scout_3] Landed — tilt correction stopped, yaw-hold pinned to current heading.
[attitude_controller-14] [INFO] [1786714853.723115149] [attitude_scout_3]: [scout_3] Landed — tilt correction stopped, yaw-hold pinned to current heading.
[attitude_controller-14] [INFO] [1786714853.724279063] [attitude_scout_3]: [scout_3] Landed — tilt correction stopped, yaw-hold pinned to current heading.
[attitude_controller-14] [INFO] [1786714853.774870198] [attitude_scout_3]: [scout_3] Landed — tilt correction stopped, yaw-hold pinned to current heading.
[attitude_controller-14] [INFO] [1786714853.786958566] [attitude_scout_3]: [scout_3] Landed — tilt correction stopped, yaw-hold pinned to current heading.
[attitude_controller-14] [INFO] [1786714853.798166298] [attitude_scout_3]: [scout_3] Landed — tilt correction stopped, yaw-hold pinned to current heading.
[attitude_controller-14] [INFO] [1786714853.800837819] [attitude_scout_3]: [scout_3] Landed — tilt correction stopped, yaw-hold pinned to current heading.
[attitude_controller-14] [INFO] [1786714853.803269852] [attitude_scout_3]: [scout_3] Landed — tilt correction stopped, yaw-hold pinned to current heading.
[attitude_controller-14] [INFO] [1786714853.825812917] [attitude_scout_3]: [scout_3] Landed — tilt correction stopped, yaw-hold pinned to current heading.
[attitude_controller-14] [INFO] [1786714853.827481928] [attitude_scout_3]: [scout_3] Landed — tilt correction stopped, yaw-hold pinned to current heading.
[attitude_controller-14] [INFO] [1786714853.830911513] [attitude_scout_3]: [scout_3] Landed — tilt correction stopped, yaw-hold pinned to current heading.
[attitude_controller-14] [INFO] [1786714853.853472876] [attitude_scout_3]: [scout_3] Landed — tilt correction stopped, yaw-hold pinned to current heading.
[attitude_controller-14] [INFO] [1786714853.862483174] [attitude_scout_3]: [scout_3] Landed — tilt correction stopped, yaw-hold pinned to current heading.
[attitude_controller-14] [INFO] [1786714853.863862132] [attitude_scout_3]: [scout_3] Landed — tilt correction stopped, yaw-hold pinned to current heading.
[attitude_controller-14] [INFO] [1786714853.865241578] [attitude_scout_3]: [scout_3] Landed — tilt correction stopped, yaw-hold pinned to current heading.
[attitude_controller-14] [INFO] [1786714853.866665584] [attitude_scout_3]: [scout_3] Landed — tilt correction stopped, yaw-hold pinned to current heading.
[attitude_controller-14] [INFO] [1786714853.867951372] [attitude_scout_3]: [scout_3] Landed — tilt correction stopped, yaw-hold pinned to current heading.
[attitude_controller-14] [INFO] [1786714853.869343530] [attitude_scout_3]: [scout_3] Landed — tilt correction stopped, yaw-hold pinned to current heading.
[attitude_controller-14] [INFO] [1786714853.870715294] [attitude_scout_3]: [scout_3] Landed — tilt correction stopped, yaw-hold pinned to current heading.
[attitude_controller-14] [INFO] [1786714853.871836186] [attitude_scout_3]: [scout_3] Landed — tilt correction stopped, yaw-hold pinned to current heading.
[attitude_controller-14] [INFO] [1786714853.873079021] [attitude_scout_3]: [scout_3] Landed — tilt correction stopped, yaw-hold pinned to current heading.
[attitude_controller-14] [INFO] [1786714853.909582915] [attitude_scout_3]: [scout_3] Landed — tilt correction stopped, yaw-hold pinned to current heading.
[attitude_controller-14] [INFO] [1786714853.911138223] [attitude_scout_3]: [scout_3] Landed — tilt correction stopped, yaw-hold pinned to current heading.
[attitude_controller-14] [INFO] [1786714853.914149315] [attitude_scout_3]: [scout_3] Landed — tilt correction stopped, yaw-hold pinned to current heading.
[attitude_controller-14] [INFO] [1786714854.107642752] [attitude_scout_3]: [scout_3] Landed — tilt correction stopped, yaw-hold pinned to current heading.
[attitude_controller-14] [INFO] [1786714854.121562653] [attitude_scout_3]: [scout_3] Landed — tilt correction stopped, yaw-hold pinned to current heading.
[attitude_controller-14] [INFO] [1786714854.122996506] [attitude_scout_3]: [scout_3] Landed — tilt correction stopped, yaw-hold pinned to current heading.
[attitude_controller-14] [INFO] [1786714854.124345222] [attitude_scout_3]: [scout_3] Landed — tilt correction stopped, yaw-hold pinned to current heading.
[attitude_controller-14] [INFO] [1786714854.125695545] [attitude_scout_3]: [scout_3] Landed — tilt correction stopped, yaw-hold pinned to current heading.
[attitude_controller-14] [INFO] [1786714854.126917428] [attitude_scout_3]: [scout_3] Landed — tilt correction stopped, yaw-hold pinned to current heading.
[attitude_controller-14] [INFO] [1786714854.213641876] [attitude_scout_3]: [scout_3] Landed — tilt correction stopped, yaw-hold pinned to current heading.
[attitude_controller-14] [INFO] [1786714854.225815101] [attitude_scout_3]: [scout_3] Landed — tilt correction stopped, yaw-hold pinned to current heading.
[attitude_controller-14] [INFO] [1786714854.234448672] [attitude_scout_3]: [scout_3] Landed — tilt correction stopped, yaw-hold pinned to current heading.
[attitude_controller-14] [INFO] [1786714854.244849382] [attitude_scout_3]: [scout_3] Landed — tilt correction stopped, yaw-hold pinned to current heading.
[attitude_controller-14] [INFO] [1786714854.258641961] [attitude_scout_3]: [scout_3] Landed — tilt correction stopped, yaw-hold pinned to current heading.
[attitude_controller-14] [INFO] [1786714854.259987813] [attitude_scout_3]: [scout_3] Landed — tilt correction stopped, yaw-hold pinned to current heading.
[attitude_controller-14] [INFO] [1786714854.327540671] [attitude_scout_3]: [scout_3] Landed — tilt correction stopped, yaw-hold pinned to current heading.
[attitude_controller-14] [INFO] [1786714854.353094619] [attitude_scout_3]: [scout_3] Landed — tilt correction stopped, yaw-hold pinned to current heading.
[attitude_controller-14] [INFO] [1786714854.363974374] [attitude_scout_3]: [scout_3] Landed — tilt correction stopped, yaw-hold pinned to current heading.
[attitude_controller-14] [INFO] [1786714854.379900342] [attitude_scout_3]: [scout_3] Landed — tilt correction stopped, yaw-hold pinned to current heading.
[attitude_controller-14] [INFO] [1786714854.395001688] [attitude_scout_3]: [scout_3] Landed — tilt correction stopped, yaw-hold pinned to current heading.
[attitude_controller-14] [INFO] [1786714854.397098829] [attitude_scout_3]: [scout_3] Landed — tilt correction stopped, yaw-hold pinned to current heading.
[attitude_controller-14] [INFO] [1786714854.400864143] [attitude_scout_3]: [scout_3] Landed — tilt correction stopped, yaw-hold pinned to current heading.
[attitude_controller-14] [INFO] [1786714854.403505003] [attitude_scout_3]: [scout_3] Landed — tilt correction stopped, yaw-hold pinned to current heading.
[attitude_controller-14] [INFO] [1786714854.405255939] [attitude_scout_3]: [scout_3] Landed — tilt correction stopped, yaw-hold pinned to current heading.
[attitude_controller-14] [INFO] [1786714854.407319277] [attitude_scout_3]: [scout_3] Landed — tilt correction stopped, yaw-hold pinned to current heading.
[attitude_controller-14] [INFO] [1786714854.409862428] [attitude_scout_3]: [scout_3] Landed — tilt correction stopped, yaw-hold pinned to current heading.
[attitude_controller-14] [INFO] [1786714854.438111014] [attitude_scout_3]: [scout_3] Landed — tilt correction stopped, yaw-hold pinned to current heading.
[attitude_controller-14] [INFO] [1786714854.447155604] [attitude_scout_3]: [scout_3] Landed — tilt correction stopped, yaw-hold pinned to current heading.
[attitude_controller-14] [INFO] [1786714854.448835720] [attitude_scout_3]: [scout_3] Landed — tilt correction stopped, yaw-hold pinned to current heading.
[attitude_controller-14] [INFO] [1786714854.495970312] [attitude_scout_3]: [scout_3] Landed — tilt correction stopped, yaw-hold pinned to current heading.
[attitude_controller-14] [INFO] [1786714854.497413105] [attitude_scout_3]: [scout_3] Landed — tilt correction stopped, yaw-hold pinned to current heading.
[attitude_controller-14] [INFO] [1786714854.498782983] [attitude_scout_3]: [scout_3] Landed — tilt correction stopped, yaw-hold pinned to current heading.
[attitude_controller-14] [INFO] [1786714854.500122899] [attitude_scout_3]: [scout_3] Landed — tilt correction stopped, yaw-hold pinned to current heading.
[attitude_controller-14] [INFO] [1786714854.533925030] [attitude_scout_3]: [scout_3] Landed — tilt correction stopped, yaw-hold pinned to current heading.
[attitude_controller-14] [INFO] [1786714854.543875538] [attitude_scout_3]: [scout_3] Landed — tilt correction stopped, yaw-hold pinned to current heading.
[attitude_controller-14] [INFO] [1786714854.562060891] [attitude_scout_3]: [scout_3] Landed — tilt correction stopped, yaw-hold pinned to current heading.
[attitude_controller-14] [INFO] [1786714854.564531686] [attitude_scout_3]: [scout_3] Landed — tilt correction stopped, yaw-hold pinned to current heading.
[attitude_controller-14] [INFO] [1786714854.565875094] [attitude_scout_3]: [scout_3] Landed — tilt correction stopped, yaw-hold pinned to current heading.
[attitude_controller-14] [INFO] [1786714854.568569733] [attitude_scout_3]: [scout_3] Landed — tilt correction stopped, yaw-hold pinned to current heading.
[attitude_controller-14] [INFO] [1786714854.569920055] [attitude_scout_3]: [scout_3] Landed — tilt correction stopped, yaw-hold pinned to current heading.
[attitude_controller-14] [INFO] [1786714854.571767093] [attitude_scout_3]: [scout_3] Landed — tilt correction stopped, yaw-hold pinned to current heading.
[attitude_controller-14] [INFO] [1786714854.573198502] [attitude_scout_3]: [scout_3] Landed — tilt correction stopped, yaw-hold pinned to current heading.
[attitude_controller-14] [INFO] [1786714854.574794598] [attitude_scout_3]: [scout_3] Landed — tilt correction stopped, yaw-hold pinned to current heading.
[attitude_controller-14] [INFO] [1786714854.576398446] [attitude_scout_3]: [scout_3] Landed — tilt correction stopped, yaw-hold pinned to current heading.
[attitude_controller-14] [INFO] [1786714854.577929240] [attitude_scout_3]: [scout_3] Landed — tilt correction stopped, yaw-hold pinned to current heading.
[attitude_controller-14] [INFO] [1786714854.579561304] [attitude_scout_3]: [scout_3] Landed — tilt correction stopped, yaw-hold pinned to current heading.
[attitude_controller-14] [INFO] [1786714854.684885685] [attitude_scout_3]: [scout_3] Landed — tilt correction stopped, yaw-hold pinned to current heading.
[attitude_controller-14] [INFO] [1786714854.686599744] [attitude_scout_3]: [scout_3] Landed — tilt correction stopped, yaw-hold pinned to current heading.
[attitude_controller-14] [INFO] [1786714854.688275739] [attitude_scout_3]: [scout_3] Landed — tilt correction stopped, yaw-hold pinned to current heading.
[attitude_controller-14] [INFO] [1786714854.690849411] [attitude_scout_3]: [scout_3] Landed — tilt correction stopped, yaw-hold pinned to current heading.
[attitude_controller-14] [INFO] [1786714854.740969952] [attitude_scout_3]: [scout_3] Landed — tilt correction stopped, yaw-hold pinned to current heading.
[attitude_controller-14] [INFO] [1786714854.744009819] [attitude_scout_3]: [scout_3] Landed — tilt correction stopped, yaw-hold pinned to current heading.
[attitude_controller-14] [INFO] [1786714854.745447583] [attitude_scout_3]: [scout_3] Landed — tilt correction stopped, yaw-hold pinned to current heading.
[attitude_controller-14] [INFO] [1786714854.746829125] [attitude_scout_3]: [scout_3] Landed — tilt correction stopped, yaw-hold pinned to current heading.
[attitude_controller-14] [INFO] [1786714854.774507941] [attitude_scout_3]: [scout_3] Landed — tilt correction stopped, yaw-hold pinned to current heading.
[attitude_controller-14] [INFO] [1786714854.775625690] [attitude_scout_3]: [scout_3] Landed — tilt correction stopped, yaw-hold pinned to current heading.
[attitude_controller-14] [INFO] [1786714854.776844291] [attitude_scout_3]: [scout_3] Landed — tilt correction stopped, yaw-hold pinned to current heading.
[attitude_controller-14] [INFO] [1786714854.791402197] [attitude_scout_3]: [scout_3] Landed — tilt correction stopped, yaw-hold pinned to current heading.
[attitude_controller-14] [INFO] [1786714854.795921035] [attitude_scout_3]: [scout_3] Landed — tilt correction stopped, yaw-hold pinned to current heading.
[attitude_controller-14] [INFO] [1786714854.797705355] [attitude_scout_3]: [scout_3] Landed — tilt correction stopped, yaw-hold pinned to current heading.
[attitude_controller-14] [INFO] [1786714854.799041569] [attitude_scout_3]: [scout_3] Landed — tilt correction stopped, yaw-hold pinned to current heading.
[attitude_controller-14] [INFO] [1786714854.800640249] [attitude_scout_3]: [scout_3] Landed — tilt correction stopped, yaw-hold pinned to current heading.
[attitude_controller-14] [INFO] [1786714854.802206313] [attitude_scout_3]: [scout_3] Landed — tilt correction stopped, yaw-hold pinned to current heading.
[attitude_controller-14] [INFO] [1786714854.803637931] [attitude_scout_3]: [scout_3] Landed — tilt correction stopped, yaw-hold pinned to current heading.
[attitude_controller-14] [INFO] [1786714854.805045524] [attitude_scout_3]: [scout_3] Landed — tilt correction stopped, yaw-hold pinned to current heading.
[attitude_controller-14] [INFO] [1786714854.861509940] [attitude_scout_3]: [scout_3] Landed — tilt correction stopped, yaw-hold pinned to current heading.
[attitude_controller-14] [INFO] [1786714854.862689569] [attitude_scout_3]: [scout_3] Landed — tilt correction stopped, yaw-hold pinned to current heading.
[attitude_controller-14] [INFO] [1786714854.864208699] [attitude_scout_3]: [scout_3] Landed — tilt correction stopped, yaw-hold pinned to current heading.
[attitude_controller-14] [INFO] [1786714854.865607213] [attitude_scout_3]: [scout_3] Landed — tilt correction stopped, yaw-hold pinned to current heading.
[attitude_controller-14] [INFO] [1786714854.867094774] [attitude_scout_3]: [scout_3] Landed — tilt correction stopped, yaw-hold pinned to current heading.
[attitude_controller-14] [INFO] [1786714854.915927850] [attitude_scout_3]: [scout_3] Landed — tilt correction stopped, yaw-hold pinned to current heading.
[attitude_controller-14] [INFO] [1786714854.963903268] [attitude_scout_3]: [scout_3] Landed — tilt correction stopped, yaw-hold pinned to current heading.
[attitude_controller-14] [INFO] [1786714854.982132481] [attitude_scout_3]: [scout_3] Landed — tilt correction stopped, yaw-hold pinned to current heading.
[attitude_controller-14] [INFO] [1786714854.983627516] [attitude_scout_3]: [scout_3] Landed — tilt correction stopped, yaw-hold pinned to current heading.
[attitude_controller-14] [INFO] [1786714854.985187504] [attitude_scout_3]: [scout_3] Landed — tilt correction stopped, yaw-hold pinned to current heading.
[attitude_controller-14] [INFO] [1786714855.020911892] [attitude_scout_3]: [scout_3] Landed — tilt correction stopped, yaw-hold pinned to current heading.
[attitude_controller-14] [INFO] [1786714855.086909791] [attitude_scout_3]: [scout_3] Landed — tilt correction stopped, yaw-hold pinned to current heading.
[attitude_controller-14] [INFO] [1786714855.088573843] [attitude_scout_3]: [scout_3] Landed — tilt correction stopped, yaw-hold pinned to current heading.
[attitude_controller-14] [INFO] [1786714855.090264505] [attitude_scout_3]: [scout_3] Landed — tilt correction stopped, yaw-hold pinned to current heading.
[attitude_controller-14] [INFO] [1786714855.091837763] [attitude_scout_3]: [scout_3] Landed — tilt correction stopped, yaw-hold pinned to current heading.
[attitude_controller-14] [INFO] [1786714855.093230549] [attitude_scout_3]: [scout_3] Landed — tilt correction stopped, yaw-hold pinned to current heading.
[attitude_controller-14] [INFO] [1786714855.094672434] [attitude_scout_3]: [scout_3] Landed — tilt correction stopped, yaw-hold pinned to current heading.
[attitude_controller-14] [INFO] [1786714855.096095881] [attitude_scout_3]: [scout_3] Landed — tilt correction stopped, yaw-hold pinned to current heading.
[attitude_controller-14] [INFO] [1786714855.097523658] [attitude_scout_3]: [scout_3] Landed — tilt correction stopped, yaw-hold pinned to current heading.
[attitude_controller-14] [INFO] [1786714855.098956533] [attitude_scout_3]: [scout_3] Landed — tilt correction stopped, yaw-hold pinned to current heading.
[attitude_controller-14] [INFO] [1786714855.119922709] [attitude_scout_3]: [scout_3] Landed — tilt correction stopped, yaw-hold pinned to current heading.
[attitude_controller-14] [INFO] [1786714855.224113906] [attitude_scout_3]: [scout_3] Landed — tilt correction stopped, yaw-hold pinned to current heading.
[attitude_controller-14] [INFO] [1786714855.234631670] [attitude_scout_3]: [scout_3] Landed — tilt correction stopped, yaw-hold pinned to current heading.
[attitude_controller-14] [INFO] [1786714855.244613398] [attitude_scout_3]: [scout_3] Landed — tilt correction stopped, yaw-hold pinned to current heading.
[attitude_controller-14] [INFO] [1786714855.246251958] [attitude_scout_3]: [scout_3] Landed — tilt correction stopped, yaw-hold pinned to current heading.
[attitude_controller-14] [INFO] [1786714855.247909096] [attitude_scout_3]: [scout_3] Landed — tilt correction stopped, yaw-hold pinned to current heading.
[attitude_controller-14] [INFO] [1786714855.249569516] [attitude_scout_3]: [scout_3] Landed — tilt correction stopped, yaw-hold pinned to current heading.
[attitude_controller-14] [INFO] [1786714855.315956714] [attitude_scout_3]: [scout_3] Landed — tilt correction stopped, yaw-hold pinned to current heading.
[attitude_controller-14] [INFO] [1786714855.317162603] [attitude_scout_3]: [scout_3] Landed — tilt correction stopped, yaw-hold pinned to current heading.
[attitude_controller-14] [INFO] [1786714855.318596526] [attitude_scout_3]: [scout_3] Landed — tilt correction stopped, yaw-hold pinned to current heading.
[attitude_controller-14] [INFO] [1786714855.335211555] [attitude_scout_3]: [scout_3] Landed — tilt correction stopped, yaw-hold pinned to current heading.
[attitude_controller-14] [INFO] [1786714855.336673903] [attitude_scout_3]: [scout_3] Landed — tilt correction stopped, yaw-hold pinned to current heading.
[attitude_controller-14] [INFO] [1786714855.387847101] [attitude_scout_3]: [scout_3] Landed — tilt correction stopped, yaw-hold pinned to current heading.
[attitude_controller-14] [INFO] [1786714855.389451927] [attitude_scout_3]: [scout_3] Landed — tilt correction stopped, yaw-hold pinned to current heading.
[attitude_controller-14] [INFO] [1786714855.391853090] [attitude_scout_3]: [scout_3] Landed — tilt correction stopped, yaw-hold pinned to current heading.
[attitude_controller-14] [INFO] [1786714855.393444855] [attitude_scout_3]: [scout_3] Landed — tilt correction stopped, yaw-hold pinned to current heading.
[attitude_controller-14] [INFO] [1786714855.398813040] [attitude_scout_3]: [scout_3] Landed — tilt correction stopped, yaw-hold pinned to current heading.
[attitude_controller-14] [INFO] [1786714855.399956631] [attitude_scout_3]: [scout_3] Landed — tilt correction stopped, yaw-hold pinned to current heading.
[attitude_controller-14] [INFO] [1786714855.401255899] [attitude_scout_3]: [scout_3] Landed — tilt correction stopped, yaw-hold pinned to current heading.
[attitude_controller-14] [INFO] [1786714855.402638348] [attitude_scout_3]: [scout_3] Landed — tilt correction stopped, yaw-hold pinned to current heading.
[attitude_controller-14] [INFO] [1786714855.404432376] [attitude_scout_3]: [scout_3] Landed — tilt correction stopped, yaw-hold pinned to current heading.
[attitude_controller-14] [INFO] [1786714855.406133514] [attitude_scout_3]: [scout_3] Landed — tilt correction stopped, yaw-hold pinned to current heading.
[attitude_controller-14] [INFO] [1786714855.507638663] [attitude_scout_3]: [scout_3] Landed — tilt correction stopped, yaw-hold pinned to current heading.
[attitude_controller-14] [INFO] [1786714855.591051000] [attitude_scout_3]: [scout_3] Landed — tilt correction stopped, yaw-hold pinned to current heading.
[attitude_controller-14] [INFO] [1786714855.601063459] [attitude_scout_3]: [scout_3] Landed — tilt correction stopped, yaw-hold pinned to current heading.
[attitude_controller-14] [INFO] [1786714855.611036946] [attitude_scout_3]: [scout_3] Landed — tilt correction stopped, yaw-hold pinned to current heading.
[attitude_controller-14] [INFO] [1786714855.612535892] [attitude_scout_3]: [scout_3] Landed — tilt correction stopped, yaw-hold pinned to current heading.
[attitude_controller-14] [INFO] [1786714855.613863934] [attitude_scout_3]: [scout_3] Landed — tilt correction stopped, yaw-hold pinned to current heading.
[attitude_controller-14] [INFO] [1786714855.615156079] [attitude_scout_3]: [scout_3] Landed — tilt correction stopped, yaw-hold pinned to current heading.
[attitude_controller-14] [INFO] [1786714855.616511919] [attitude_scout_3]: [scout_3] Landed — tilt correction stopped, yaw-hold pinned to current heading.
[attitude_controller-14] [INFO] [1786714855.673217499] [attitude_scout_3]: [scout_3] Landed — tilt correction stopped, yaw-hold pinned to current heading.
[attitude_controller-14] [INFO] [1786714855.685345467] [attitude_scout_3]: [scout_3] Landed — tilt correction stopped, yaw-hold pinned to current heading.
[attitude_controller-14] [INFO] [1786714855.687211641] [attitude_scout_3]: [scout_3] Landed — tilt correction stopped, yaw-hold pinned to current heading.
[attitude_controller-14] [INFO] [1786714855.750857895] [attitude_scout_3]: [scout_3] Landed — tilt correction stopped, yaw-hold pinned to current heading.
[attitude_controller-14] [INFO] [1786714855.761417076] [attitude_scout_3]: [scout_3] Landed — tilt correction stopped, yaw-hold pinned to current heading.
[attitude_controller-14] [INFO] [1786714855.771439731] [attitude_scout_3]: [scout_3] Landed — tilt correction stopped, yaw-hold pinned to current heading.
[attitude_controller-14] [INFO] [1786714855.782505894] [attitude_scout_3]: [scout_3] Landed — tilt correction stopped, yaw-hold pinned to current heading.
[attitude_controller-14] [INFO] [1786714855.793836687] [attitude_scout_3]: [scout_3] Landed — tilt correction stopped, yaw-hold pinned to current heading.
[attitude_controller-14] [INFO] [1786714855.807430846] [attitude_scout_3]: [scout_3] Landed — tilt correction stopped, yaw-hold pinned to current heading.
[attitude_controller-14] [INFO] [1786714855.833582849] [attitude_scout_3]: [scout_3] Landed — tilt correction stopped, yaw-hold pinned to current heading.
[attitude_controller-14] [INFO] [1786714855.835002804] [attitude_scout_3]: [scout_3] Landed — tilt correction stopped, yaw-hold pinned to current heading.
[attitude_controller-14] [INFO] [1786714855.850890150] [attitude_scout_3]: [scout_3] Landed — tilt correction stopped, yaw-hold pinned to current heading.
[attitude_controller-14] [INFO] [1786714855.862783798] [attitude_scout_3]: [scout_3] Landed — tilt correction stopped, yaw-hold pinned to current heading.
[attitude_controller-14] [INFO] [1786714855.886359406] [attitude_scout_3]: [scout_3] Landed — tilt correction stopped, yaw-hold pinned to current heading.
[attitude_controller-14] [INFO] [1786714855.895108634] [attitude_scout_3]: [scout_3] Landed — tilt correction stopped, yaw-hold pinned to current heading.
[attitude_controller-14] [INFO] [1786714855.899977170] [attitude_scout_3]: [scout_3] Landed — tilt correction stopped, yaw-hold pinned to current heading.
[attitude_controller-14] [INFO] [1786714855.903687170] [attitude_scout_3]: [scout_3] Landed — tilt correction stopped, yaw-hold pinned to current heading.
[attitude_controller-14] [INFO] [1786714855.935707984] [attitude_scout_3]: [scout_3] Landed — tilt correction stopped, yaw-hold pinned to current heading.
[attitude_controller-14] [INFO] [1786714855.937261686] [attitude_scout_3]: [scout_3] Landed — tilt correction stopped, yaw-hold pinned to current heading.
[attitude_controller-14] [INFO] [1786714855.938979167] [attitude_scout_3]: [scout_3] Landed — tilt correction stopped, yaw-hold pinned to current heading.
[attitude_controller-14] [INFO] [1786714856.026129929] [attitude_scout_3]: [scout_3] Landed — tilt correction stopped, yaw-hold pinned to current heading.
[attitude_controller-14] [INFO] [1786714856.027603313] [attitude_scout_3]: [scout_3] Landed — tilt correction stopped, yaw-hold pinned to current heading.
[attitude_controller-14] [INFO] [1786714856.028957826] [attitude_scout_3]: [scout_3] Landed — tilt correction stopped, yaw-hold pinned to current heading.
[attitude_controller-14] [INFO] [1786714856.030401527] [attitude_scout_3]: [scout_3] Landed — tilt correction stopped, yaw-hold pinned to current heading.
[attitude_controller-14] [INFO] [1786714856.031869184] [attitude_scout_3]: [scout_3] Landed — tilt correction stopped, yaw-hold pinned to current heading.
[attitude_controller-14] [INFO] [1786714856.096422753] [attitude_scout_3]: [scout_3] Landed — tilt correction stopped, yaw-hold pinned to current heading.
[attitude_controller-14] [INFO] [1786714856.097690802] [attitude_scout_3]: [scout_3] Landed — tilt correction stopped, yaw-hold pinned to current heading.
[attitude_controller-14] [INFO] [1786714856.099109919] [attitude_scout_3]: [scout_3] Landed — tilt correction stopped, yaw-hold pinned to current heading.
[attitude_controller-14] [INFO] [1786714856.100689253] [attitude_scout_3]: [scout_3] Landed — tilt correction stopped, yaw-hold pinned to current heading.
[attitude_controller-14] [INFO] [1786714856.102309374] [attitude_scout_3]: [scout_3] Landed — tilt correction stopped, yaw-hold pinned to current heading.
[attitude_controller-14] [INFO] [1786714856.103860632] [attitude_scout_3]: [scout_3] Landed — tilt correction stopped, yaw-hold pinned to current heading.
[attitude_controller-14] [INFO] [1786714856.105146071] [attitude_scout_3]: [scout_3] Landed — tilt correction stopped, yaw-hold pinned to current heading.
[attitude_controller-14] [INFO] [1786714856.106821088] [attitude_scout_3]: [scout_3] Landed — tilt correction stopped, yaw-hold pinned to current heading.
[attitude_controller-14] [INFO] [1786714856.108306555] [attitude_scout_3]: [scout_3] Landed — tilt correction stopped, yaw-hold pinned to current heading.
[attitude_controller-14] [INFO] [1786714856.109839723] [attitude_scout_3]: [scout_3] Landed — tilt correction stopped, yaw-hold pinned to current heading.
[attitude_controller-14] [INFO] [1786714856.192661128] [attitude_scout_3]: [scout_3] Landed — tilt correction stopped, yaw-hold pinned to current heading.
[attitude_controller-14] [INFO] [1786714856.203256976] [attitude_scout_3]: [scout_3] Landed — tilt correction stopped, yaw-hold pinned to current heading.
[attitude_controller-14] [INFO] [1786714856.206975356] [attitude_scout_3]: [scout_3] Landed — tilt correction stopped, yaw-hold pinned to current heading.
[attitude_controller-14] [INFO] [1786714856.264874184] [attitude_scout_3]: [scout_3] Landed — tilt correction stopped, yaw-hold pinned to current heading.
[attitude_controller-14] [INFO] [1786714856.297557519] [attitude_scout_3]: [scout_3] Landed — tilt correction stopped, yaw-hold pinned to current heading.
[attitude_controller-14] [INFO] [1786714856.315816414] [attitude_scout_3]: [scout_3] Landed — tilt correction stopped, yaw-hold pinned to current heading.
[attitude_controller-14] [INFO] [1786714856.317342599] [attitude_scout_3]: [scout_3] Landed — tilt correction stopped, yaw-hold pinned to current heading.
[attitude_controller-14] [INFO] [1786714856.319009654] [attitude_scout_3]: [scout_3] Landed — tilt correction stopped, yaw-hold pinned to current heading.
[attitude_controller-14] [INFO] [1786714856.320496936] [attitude_scout_3]: [scout_3] Landed — tilt correction stopped, yaw-hold pinned to current heading.
[attitude_controller-14] [INFO] [1786714856.322088073] [attitude_scout_3]: [scout_3] Landed — tilt correction stopped, yaw-hold pinned to current heading.
[attitude_controller-14] [INFO] [1786714856.323638144] [attitude_scout_3]: [scout_3] Landed — tilt correction stopped, yaw-hold pinned to current heading.
[attitude_controller-14] [INFO] [1786714856.423261613] [attitude_scout_3]: [scout_3] Landed — tilt correction stopped, yaw-hold pinned to current heading.
[attitude_controller-14] [INFO] [1786714856.434067615] [attitude_scout_3]: [scout_3] Landed — tilt correction stopped, yaw-hold pinned to current heading.
[attitude_controller-14] [INFO] [1786714856.437727608] [attitude_scout_3]: [scout_3] Landed — tilt correction stopped, yaw-hold pinned to current heading.
[attitude_controller-14] [INFO] [1786714856.439585750] [attitude_scout_3]: [scout_3] Landed — tilt correction stopped, yaw-hold pinned to current heading.
[attitude_controller-14] [INFO] [1786714856.441298692] [attitude_scout_3]: [scout_3] Landed — tilt correction stopped, yaw-hold pinned to current heading.
[attitude_controller-14] [INFO] [1786714856.464670011] [attitude_scout_3]: [scout_3] Landed — tilt correction stopped, yaw-hold pinned to current heading.
[attitude_controller-14] [INFO] [1786714856.466333505] [attitude_scout_3]: [scout_3] Landed — tilt correction stopped, yaw-hold pinned to current heading.
[attitude_controller-14] [INFO] [1786714856.471160834] [attitude_scout_3]: [scout_3] Landed — tilt correction stopped, yaw-hold pinned to current heading.
[attitude_controller-14] [INFO] [1786714856.505428321] [attitude_scout_3]: [scout_3] Landed — tilt correction stopped, yaw-hold pinned to current heading.
[attitude_controller-14] [INFO] [1786714856.507001649] [attitude_scout_3]: [scout_3] Landed — tilt correction stopped, yaw-hold pinned to current heading.
[attitude_controller-14] [INFO] [1786714856.509175686] [attitude_scout_3]: [scout_3] Landed — tilt correction stopped, yaw-hold pinned to current heading.
[attitude_controller-14] [INFO] [1786714856.510860551] [attitude_scout_3]: [scout_3] Landed — tilt correction stopped, yaw-hold pinned to current heading.
[attitude_controller-14] [INFO] [1786714856.513509233] [attitude_scout_3]: [scout_3] Landed — tilt correction stopped, yaw-hold pinned to current heading.
[attitude_controller-14] [INFO] [1786714856.524064573] [attitude_scout_3]: [scout_3] Landed — tilt correction stopped, yaw-hold pinned to current heading.
[attitude_controller-14] [INFO] [1786714856.542317532] [attitude_scout_3]: [scout_3] Landed — tilt correction stopped, yaw-hold pinned to current heading.
[attitude_controller-14] [INFO] [1786714856.559252785] [attitude_scout_3]: [scout_3] Landed — tilt correction stopped, yaw-hold pinned to current heading.
[attitude_controller-14] [INFO] [1786714856.560794265] [attitude_scout_3]: [scout_3] Landed — tilt correction stopped, yaw-hold pinned to current heading.
[attitude_controller-14] [INFO] [1786714856.562325757] [attitude_scout_3]: [scout_3] Landed — tilt correction stopped, yaw-hold pinned to current heading.
[attitude_controller-14] [INFO] [1786714856.563902507] [attitude_scout_3]: [scout_3] Landed — tilt correction stopped, yaw-hold pinned to current heading.
[attitude_controller-14] [INFO] [1786714856.565334125] [attitude_scout_3]: [scout_3] Landed — tilt correction stopped, yaw-hold pinned to current heading.
[attitude_controller-14] [INFO] [1786714856.567030025] [attitude_scout_3]: [scout_3] Landed — tilt correction stopped, yaw-hold pinned to current heading.
[attitude_controller-14] [INFO] [1786714856.651737859] [attitude_scout_3]: [scout_3] Landed — tilt correction stopped, yaw-hold pinned to current heading.
[attitude_controller-14] [INFO] [1786714856.680813093] [attitude_scout_3]: [scout_3] Landed — tilt correction stopped, yaw-hold pinned to current heading.
[attitude_controller-14] [INFO] [1786714856.682281518] [attitude_scout_3]: [scout_3] Landed — tilt correction stopped, yaw-hold pinned to current heading.
[attitude_controller-14] [INFO] [1786714856.683841296] [attitude_scout_3]: [scout_3] Landed — tilt correction stopped, yaw-hold pinned to current heading.
[attitude_controller-14] [INFO] [1786714856.694163363] [attitude_scout_3]: [scout_3] Landed — tilt correction stopped, yaw-hold pinned to current heading.
[attitude_controller-14] [INFO] [1786714856.705068401] [attitude_scout_3]: [scout_3] Landed — tilt correction stopped, yaw-hold pinned to current heading.
[attitude_controller-14] [INFO] [1786714856.737078879] [attitude_scout_3]: [scout_3] Landed — tilt correction stopped, yaw-hold pinned to current heading.
[attitude_controller-14] [INFO] [1786714856.746288505] [attitude_scout_3]: [scout_3] Landed — tilt correction stopped, yaw-hold pinned to current heading.
[attitude_controller-14] [INFO] [1786714856.747675634] [attitude_scout_3]: [scout_3] Landed — tilt correction stopped, yaw-hold pinned to current heading.
[attitude_controller-14] [INFO] [1786714856.776268261] [attitude_scout_3]: [scout_3] Landed — tilt correction stopped, yaw-hold pinned to current heading.
[attitude_controller-14] [INFO] [1786714856.778070251] [attitude_scout_3]: [scout_3] Landed — tilt correction stopped, yaw-hold pinned to current heading.
[attitude_controller-14] [INFO] [1786714856.821327642] [attitude_scout_3]: [scout_3] Landed — tilt correction stopped, yaw-hold pinned to current heading.
[attitude_controller-14] [INFO] [1786714856.822443016] [attitude_scout_3]: [scout_3] Landed — tilt correction stopped, yaw-hold pinned to current heading.
[attitude_controller-14] [INFO] [1786714856.837568667] [attitude_scout_3]: [scout_3] Landed — tilt correction stopped, yaw-hold pinned to current heading.
[attitude_controller-14] [INFO] [1786714856.839462149] [attitude_scout_3]: [scout_3] Landed — tilt correction stopped, yaw-hold pinned to current heading.
[attitude_controller-14] [INFO] [1786714856.841018645] [attitude_scout_3]: [scout_3] Landed — tilt correction stopped, yaw-hold pinned to current heading.
[attitude_controller-14] [INFO] [1786714856.842800171] [attitude_scout_3]: [scout_3] Landed — tilt correction stopped, yaw-hold pinned to current heading.
[attitude_controller-14] [INFO] [1786714856.844835502] [attitude_scout_3]: [scout_3] Landed — tilt correction stopped, yaw-hold pinned to current heading.
[attitude_controller-14] [INFO] [1786714856.846622616] [attitude_scout_3]: [scout_3] Landed — tilt correction stopped, yaw-hold pinned to current heading.
[attitude_controller-14] [INFO] [1786714856.869856696] [attitude_scout_3]: [scout_3] Landed — tilt correction stopped, yaw-hold pinned to current heading.
[attitude_controller-14] [INFO] [1786714856.871339090] [attitude_scout_3]: [scout_3] Landed — tilt correction stopped, yaw-hold pinned to current heading.
[attitude_controller-14] [INFO] [1786714856.872905014] [attitude_scout_3]: [scout_3] Landed — tilt correction stopped, yaw-hold pinned to current heading.
[attitude_controller-14] [INFO] [1786714856.890158327] [attitude_scout_3]: [scout_3] Landed — tilt correction stopped, yaw-hold pinned to current heading.
[attitude_controller-14] [INFO] [1786714856.891765318] [attitude_scout_3]: [scout_3] Landed — tilt correction stopped, yaw-hold pinned to current heading.
[attitude_controller-14] [INFO] [1786714856.893291013] [attitude_scout_3]: [scout_3] Landed — tilt correction stopped, yaw-hold pinned to current heading.
[attitude_controller-14] [INFO] [1786714856.894824042] [attitude_scout_3]: [scout_3] Landed — tilt correction stopped, yaw-hold pinned to current heading.
[attitude_controller-14] [INFO] [1786714856.896190149] [attitude_scout_3]: [scout_3] Landed — tilt correction stopped, yaw-hold pinned to current heading.
[attitude_controller-14] [INFO] [1786714856.897597951] [attitude_scout_3]: [scout_3] Landed — tilt correction stopped, yaw-hold pinned to current heading.
[attitude_controller-14] [INFO] [1786714856.907939644] [attitude_scout_3]: [scout_3] Landed — tilt correction stopped, yaw-hold pinned to current heading.
[attitude_controller-14] [INFO] [1786714856.916864246] [attitude_scout_3]: [scout_3] Landed — tilt correction stopped, yaw-hold pinned to current heading.
[attitude_controller-14] [INFO] [1786714856.918008674] [attitude_scout_3]: [scout_3] Landed — tilt correction stopped, yaw-hold pinned to current heading.
[attitude_controller-14] [INFO] [1786714856.969717908] [attitude_scout_3]: [scout_3] Landed — tilt correction stopped, yaw-hold pinned to current heading.
[attitude_controller-14] [INFO] [1786714856.971000693] [attitude_scout_3]: [scout_3] Landed — tilt correction stopped, yaw-hold pinned to current heading.
[attitude_controller-14] [INFO] [1786714856.972595253] [attitude_scout_3]: [scout_3] Landed — tilt correction stopped, yaw-hold pinned to current heading.
[attitude_controller-14] [INFO] [1786714856.974068217] [attitude_scout_3]: [scout_3] Landed — tilt correction stopped, yaw-hold pinned to current heading.
[attitude_controller-14] [INFO] [1786714857.033910116] [attitude_scout_3]: [scout_3] Landed — tilt correction stopped, yaw-hold pinned to current heading.
[attitude_controller-14] [INFO] [1786714857.045608626] [attitude_scout_3]: [scout_3] Landed — tilt correction stopped, yaw-hold pinned to current heading.
[attitude_controller-14] [INFO] [1786714857.056966099] [attitude_scout_3]: [scout_3] Landed — tilt correction stopped, yaw-hold pinned to current heading.
[attitude_controller-14] [INFO] [1786714857.068067672] [attitude_scout_3]: [scout_3] Landed — tilt correction stopped, yaw-hold pinned to current heading.
[attitude_controller-14] [INFO] [1786714857.082149257] [attitude_scout_3]: [scout_3] Landed — tilt correction stopped, yaw-hold pinned to current heading.
[attitude_controller-14] [INFO] [1786714857.094809490] [attitude_scout_3]: [scout_3] Landed — tilt correction stopped, yaw-hold pinned to current heading.
[attitude_controller-14] [INFO] [1786714857.096241317] [attitude_scout_3]: [scout_3] Landed — tilt correction stopped, yaw-hold pinned to current heading.
[attitude_controller-14] [INFO] [1786714857.097614129] [attitude_scout_3]: [scout_3] Landed — tilt correction stopped, yaw-hold pinned to current heading.
[attitude_controller-14] [INFO] [1786714857.099043024] [attitude_scout_3]: [scout_3] Landed — tilt correction stopped, yaw-hold pinned to current heading.
[attitude_controller-14] [INFO] [1786714857.100480997] [attitude_scout_3]: [scout_3] Landed — tilt correction stopped, yaw-hold pinned to current heading.
[attitude_controller-14] [INFO] [1786714857.101909194] [attitude_scout_3]: [scout_3] Landed — tilt correction stopped, yaw-hold pinned to current heading.
[attitude_controller-14] [INFO] [1786714857.237500800] [attitude_scout_3]: [scout_3] Landed — tilt correction stopped, yaw-hold pinned to current heading.
[attitude_controller-14] [INFO] [1786714857.239622735] [attitude_scout_3]: [scout_3] Landed — tilt correction stopped, yaw-hold pinned to current heading.
[attitude_controller-14] [INFO] [1786714857.241705140] [attitude_scout_3]: [scout_3] Landed — tilt correction stopped, yaw-hold pinned to current heading.
[attitude_controller-14] [INFO] [1786714857.243274556] [attitude_scout_3]: [scout_3] Landed — tilt correction stopped, yaw-hold pinned to current heading.
[attitude_controller-14] [INFO] [1786714857.245182915] [attitude_scout_3]: [scout_3] Landed — tilt correction stopped, yaw-hold pinned to current heading.
[attitude_controller-14] [INFO] [1786714857.315404221] [attitude_scout_3]: [scout_3] Landed — tilt correction stopped, yaw-hold pinned to current heading.
[attitude_controller-14] [INFO] [1786714857.317316770] [attitude_scout_3]: [scout_3] Landed — tilt correction stopped, yaw-hold pinned to current heading.
[attitude_controller-14] [INFO] [1786714857.342886642] [attitude_scout_3]: [scout_3] Landed — tilt correction stopped, yaw-hold pinned to current heading.
[attitude_controller-14] [INFO] [1786714857.344479665] [attitude_scout_3]: [scout_3] Landed — tilt correction stopped, yaw-hold pinned to current heading.
[attitude_controller-14] [INFO] [1786714857.345761333] [attitude_scout_3]: [scout_3] Landed — tilt correction stopped, yaw-hold pinned to current heading.
[attitude_controller-14] [INFO] [1786714857.347428667] [attitude_scout_3]: [scout_3] Landed — tilt correction stopped, yaw-hold pinned to current heading.
[attitude_controller-14] [INFO] [1786714857.348625547] [attitude_scout_3]: [scout_3] Landed — tilt correction stopped, yaw-hold pinned to current heading.
[attitude_controller-14] [INFO] [1786714857.423407945] [attitude_scout_3]: [scout_3] Landed — tilt correction stopped, yaw-hold pinned to current heading.
[attitude_controller-14] [INFO] [1786714857.433764515] [attitude_scout_3]: [scout_3] Landed — tilt correction stopped, yaw-hold pinned to current heading.
[attitude_controller-14] [INFO] [1786714857.475967154] [attitude_scout_3]: [scout_3] Landed — tilt correction stopped, yaw-hold pinned to current heading.
[attitude_controller-14] [INFO] [1786714857.477441865] [attitude_scout_3]: [scout_3] Landed — tilt correction stopped, yaw-hold pinned to current heading.
[attitude_controller-14] [INFO] [1786714857.478892341] [attitude_scout_3]: [scout_3] Landed — tilt correction stopped, yaw-hold pinned to current heading.
[attitude_controller-14] [INFO] [1786714857.480450512] [attitude_scout_3]: [scout_3] Landed — tilt correction stopped, yaw-hold pinned to current heading.
[attitude_controller-14] [INFO] [1786714857.481953579] [attitude_scout_3]: [scout_3] Landed — tilt correction stopped, yaw-hold pinned to current heading.
[swarm_manager-3] [INFO] [1786714857.483398328] [swarm_manager_node]: 📍 scout_2 detected high-value spectral anomaly at [16.8, -3.8]!
[attitude_controller-14] [INFO] [1786714857.483437020] [attitude_scout_3]: [scout_3] Landed — tilt correction stopped, yaw-hold pinned to current heading.
[attitude_controller-14] [INFO] [1786714857.521454316] [attitude_scout_3]: [scout_3] Landed — tilt correction stopped, yaw-hold pinned to current heading.
[attitude_controller-14] [INFO] [1786714857.539755886] [attitude_scout_3]: [scout_3] Landed — tilt correction stopped, yaw-hold pinned to current heading.
[attitude_controller-14] [INFO] [1786714857.550324216] [attitude_scout_3]: [scout_3] Landed — tilt correction stopped, yaw-hold pinned to current heading.
[attitude_controller-14] [INFO] [1786714857.551975906] [attitude_scout_3]: [scout_3] Landed — tilt correction stopped, yaw-hold pinned to current heading.
[attitude_controller-14] [INFO] [1786714857.578154798] [attitude_scout_3]: [scout_3] Landed — tilt correction stopped, yaw-hold pinned to current heading.
[attitude_controller-14] [INFO] [1786714857.579968661] [attitude_scout_3]: [scout_3] Landed — tilt correction stopped, yaw-hold pinned to current heading.
[attitude_controller-14] [INFO] [1786714857.581567062] [attitude_scout_3]: [scout_3] Landed — tilt correction stopped, yaw-hold pinned to current heading.
[attitude_controller-14] [INFO] [1786714857.626106819] [attitude_scout_3]: [scout_3] Landed — tilt correction stopped, yaw-hold pinned to current heading.
[attitude_controller-14] [INFO] [1786714857.664121252] [attitude_scout_3]: [scout_3] Landed — tilt correction stopped, yaw-hold pinned to current heading.
[attitude_controller-14] [INFO] [1786714857.675700124] [attitude_scout_3]: [scout_3] Landed — tilt correction stopped, yaw-hold pinned to current heading.
[attitude_controller-14] [INFO] [1786714857.677036547] [attitude_scout_3]: [scout_3] Landed — tilt correction stopped, yaw-hold pinned to current heading.
[attitude_controller-14] [INFO] [1786714857.731400609] [attitude_scout_3]: [scout_3] Landed — tilt correction stopped, yaw-hold pinned to current heading.
[attitude_controller-14] [INFO] [1786714857.744662251] [attitude_scout_3]: [scout_3] Landed — tilt correction stopped, yaw-hold pinned to current heading.
[attitude_controller-14] [INFO] [1786714857.746895374] [attitude_scout_3]: [scout_3] Landed — tilt correction stopped, yaw-hold pinned to current heading.
[attitude_controller-14] [INFO] [1786714857.748709167] [attitude_scout_3]: [scout_3] Landed — tilt correction stopped, yaw-hold pinned to current heading.
[attitude_controller-14] [INFO] [1786714857.750301003] [attitude_scout_3]: [scout_3] Landed — tilt correction stopped, yaw-hold pinned to current heading.
[attitude_controller-14] [INFO] [1786714857.751955277] [attitude_scout_3]: [scout_3] Landed — tilt correction stopped, yaw-hold pinned to current heading.
[attitude_controller-14] [INFO] [1786714857.783019537] [attitude_scout_3]: [scout_3] Landed — tilt correction stopped, yaw-hold pinned to current heading.
[attitude_controller-14] [INFO] [1786714857.784301205] [attitude_scout_3]: [scout_3] Landed — tilt correction stopped, yaw-hold pinned to current heading.
[attitude_controller-14] [INFO] [1786714857.785460371] [attitude_scout_3]: [scout_3] Landed — tilt correction stopped, yaw-hold pinned to current heading.
[attitude_controller-14] [INFO] [1786714857.863844094] [attitude_scout_3]: [scout_3] Landed — tilt correction stopped, yaw-hold pinned to current heading.
[attitude_controller-14] [INFO] [1786714857.866388573] [attitude_scout_3]: [scout_3] Landed — tilt correction stopped, yaw-hold pinned to current heading.
[attitude_controller-14] [INFO] [1786714857.867748882] [attitude_scout_3]: [scout_3] Landed — tilt correction stopped, yaw-hold pinned to current heading.
[attitude_controller-14] [INFO] [1786714857.869224431] [attitude_scout_3]: [scout_3] Landed — tilt correction stopped, yaw-hold pinned to current heading.
[attitude_controller-14] [INFO] [1786714857.870353914] [attitude_scout_3]: [scout_3] Landed — tilt correction stopped, yaw-hold pinned to current heading.
[attitude_controller-14] [INFO] [1786714857.888790906] [attitude_scout_3]: [scout_3] Landed — tilt correction stopped, yaw-hold pinned to current heading.
[attitude_controller-14] [INFO] [1786714857.902122390] [attitude_scout_3]: [scout_3] Landed — tilt correction stopped, yaw-hold pinned to current heading.
[attitude_controller-14] [INFO] [1786714857.911384258] [attitude_scout_3]: [scout_3] Landed — tilt correction stopped, yaw-hold pinned to current heading.
[attitude_controller-14] [INFO] [1786714857.923216376] [attitude_scout_3]: [scout_3] Landed — tilt correction stopped, yaw-hold pinned to current heading.
[attitude_controller-14] [INFO] [1786714857.926264275] [attitude_scout_3]: [scout_3] Landed — tilt correction stopped, yaw-hold pinned to current heading.
[attitude_controller-14] [INFO] [1786714857.927838370] [attitude_scout_3]: [scout_3] Landed — tilt correction stopped, yaw-hold pinned to current heading.
[attitude_controller-14] [INFO] [1786714857.929126952] [attitude_scout_3]: [scout_3] Landed — tilt correction stopped, yaw-hold pinned to current heading.
[attitude_controller-14] [INFO] [1786714857.944662226] [attitude_scout_3]: [scout_3] Landed — tilt correction stopped, yaw-hold pinned to current heading.
[attitude_controller-14] [INFO] [1786714857.946144689] [attitude_scout_3]: [scout_3] Landed — tilt correction stopped, yaw-hold pinned to current heading.
[attitude_controller-14] [INFO] [1786714857.957483793] [attitude_scout_3]: [scout_3] Landed — tilt correction stopped, yaw-hold pinned to current heading.
[attitude_controller-14] [INFO] [1786714857.968157934] [attitude_scout_3]: [scout_3] Landed — tilt correction stopped, yaw-hold pinned to current heading.
[attitude_controller-14] [INFO] [1786714857.982388281] [attitude_scout_3]: [scout_3] Landed — tilt correction stopped, yaw-hold pinned to current heading.
[attitude_controller-14] [INFO] [1786714857.984153953] [attitude_scout_3]: [scout_3] Landed — tilt correction stopped, yaw-hold pinned to current heading.
[attitude_controller-14] [INFO] [1786714858.028901770] [attitude_scout_3]: [scout_3] Landed — tilt correction stopped, yaw-hold pinned to current heading.
[attitude_controller-14] [INFO] [1786714858.039280968] [attitude_scout_3]: [scout_3] Landed — tilt correction stopped, yaw-hold pinned to current heading.
[attitude_controller-14] [INFO] [1786714858.050998755] [attitude_scout_3]: [scout_3] Landed — tilt correction stopped, yaw-hold pinned to current heading.
[attitude_controller-14] [INFO] [1786714858.052545612] [attitude_scout_3]: [scout_3] Landed — tilt correction stopped, yaw-hold pinned to current heading.
[hopper_locomotion-13] [INFO] [1786714858.058521142] [loco_scout_3]: 2. IGNITION (stroke fraction=0.90, ramp=4.0s)
[landing_controller-15] [INFO] [1786714858.065021672] [landing_scout_3]: [scout_3] 🚀 Jump detected → FLIGHT mode (contact detection blanked 100 s for launch)
[attitude_controller-14] [INFO] [1786714858.065900632] [attitude_scout_3]: [scout_3] Landed — tilt correction stopped, yaw-hold pinned to current heading.
[attitude_controller-14] [INFO] [1786714858.067247672] [attitude_scout_3]: [scout_3] Landed — tilt correction stopped, yaw-hold pinned to current heading.
[landing_controller-15] [INFO] [1786714858.085058602] [landing_scout_3]: [scout_3] 📏 CALIBSERIES t=0.0s v=0.01545 m/s (vx=0.00577 vy=-0.01090 vz=0.00931)
[attitude_controller-14] [INFO] [1786714858.104383075] [attitude_scout_3]: [scout_3] Landed — tilt correction stopped, yaw-hold pinned to current heading.
[attitude_controller-14] [INFO] [1786714858.105883069] [attitude_scout_3]: [scout_3] Landed — tilt correction stopped, yaw-hold pinned to current heading.
[attitude_controller-14] [INFO] [1786714858.116543520] [attitude_scout_3]: [scout_3] Landed — tilt correction stopped, yaw-hold pinned to current heading.
[attitude_controller-14] [INFO] [1786714858.118104625] [attitude_scout_3]: [scout_3] Landed — tilt correction stopped, yaw-hold pinned to current heading.
[attitude_controller-14] [INFO] [1786714858.119990006] [attitude_scout_3]: [scout_3] Landed — tilt correction stopped, yaw-hold pinned to current heading.
[attitude_controller-14] [INFO] [1786714858.121592528] [attitude_scout_3]: [scout_3] Landed — tilt correction stopped, yaw-hold pinned to current heading.
[attitude_controller-14] [INFO] [1786714858.170512277] [attitude_scout_3]: [scout_3] Landed — tilt correction stopped, yaw-hold pinned to current heading.
[attitude_controller-14] [INFO] [1786714858.172206361] [attitude_scout_3]: [scout_3] Landed — tilt correction stopped, yaw-hold pinned to current heading.
[attitude_controller-14] [INFO] [1786714858.173651250] [attitude_scout_3]: [scout_3] Airborne (landed=False) — tilt correction armed.
[landing_controller-7] [INFO] [1786714858.484288965] [landing_scout_1]: [scout_1] Landing controller state: FLIGHT
[landing_controller-11] [INFO] [1786714858.516489971] [landing_scout_2]: [scout_2] Landing controller state: FLIGHT
[landing_controller-15] [INFO] [1786714858.560508848] [landing_scout_3]: [scout_3] Landing controller state: FLIGHT
[swarm_manager-3] [INFO] [1786714859.482708108] [swarm_manager_node]: 📍 scout_2 detected high-value spectral anomaly at [-1.9, 0.8]!
[landing_controller-15] [INFO] [1786714860.124309194] [landing_scout_3]: [scout_3] 📏 CALIBSERIES t=2.1s v=0.00855 m/s (vx=0.00210 vy=-0.00027 vz=0.00829)
[attitude_controller-14] [INFO] [1786714861.085698606] [attitude_scout_3]: [scout_3] Jump initiated. Flight mode active (tilt-PD held for stroke).
[landing_controller-15] [INFO] [1786714862.132529471] [landing_scout_3]: [scout_3] 📏 CALIBSERIES t=4.1s v=0.00884 m/s (vx=0.00249 vy=-0.00046 vz=0.00847)
[hopper_locomotion-13] [INFO] [1786714862.574242539] [loco_scout_3]: 3. Separation confirmed (genuine ground clearance) — holding extension for clearance, then slow retract (FLIGHT)
[attitude_controller-14] [INFO] [1786714862.576885634] [attitude_scout_3]: [scout_3] Separation — tilt correction engaged.
[landing_controller-7] [INFO] [1786714863.484081328] [landing_scout_1]: [scout_1] Landing controller state: FLIGHT
[landing_controller-11] [INFO] [1786714863.516208652] [landing_scout_2]: [scout_2] Landing controller state: FLIGHT
[landing_controller-15] [INFO] [1786714863.562198186] [landing_scout_3]: [scout_3] Landing controller state: FLIGHT
[landing_controller-15] [INFO] [1786714864.190964017] [landing_scout_3]: [scout_3] 📏 CALIBSERIES t=6.1s v=0.01461 m/s (vx=0.00204 vy=0.01131 vz=0.00902)
[landing_controller-15] [INFO] [1786714866.201063600] [landing_scout_3]: [scout_3] 📏 CALIBSERIES t=8.1s v=0.01845 m/s (vx=-0.00952 vy=0.01295 vz=0.00907)
[swarm_manager-3] [INFO] [1786714867.483056128] [swarm_manager_node]: 📍 scout_2 detected high-value spectral anomaly at [3.0, -5.2]!
[landing_controller-15] [INFO] [1786714868.255912765] [landing_scout_3]: [scout_3] 📏 CALIBSERIES t=10.2s v=0.02524 m/s (vx=-0.02346 vy=0.00152 vz=0.00917)
[landing_controller-7] [INFO] [1786714868.484243557] [landing_scout_1]: [scout_1] Landing controller state: FLIGHT
[landing_controller-11] [INFO] [1786714868.515304763] [landing_scout_2]: [scout_2] Landing controller state: FLIGHT
[landing_controller-15] [INFO] [1786714868.560749802] [landing_scout_3]: [scout_3] Landing controller state: FLIGHT
[landing_controller-15] [INFO] [1786714870.315118418] [landing_scout_3]: [scout_3] 📏 CALIBSERIES t=12.2s v=0.03432 m/s (vx=-0.02895 vy=-0.01601 vz=0.00914)
[landing_controller-15] [INFO] [1786714872.336187369] [landing_scout_3]: [scout_3] 📏 CALIBSERIES t=14.3s v=0.04725 m/s (vx=-0.01161 vy=-0.04485 vz=0.00930)
[swarm_manager-3] [INFO] [1786714873.482876491] [swarm_manager_node]: 📍 scout_2 detected high-value spectral anomaly at [5.7, 3.9]!
[landing_controller-7] [INFO] [1786714873.483935917] [landing_scout_1]: [scout_1] Landing controller state: FLIGHT
[landing_controller-11] [INFO] [1786714873.515186459] [landing_scout_2]: [scout_2] Landing controller state: FLIGHT
[landing_controller-15] [INFO] [1786714873.560232304] [landing_scout_3]: [scout_3] Landing controller state: FLIGHT
[landing_controller-15] [INFO] [1786714874.388205461] [landing_scout_3]: [scout_3] 📏 CALIBSERIES t=16.3s v=0.06114 m/s (vx=0.02510 vy=-0.05513 vz=0.00826)
[landing_controller-15] [INFO] [1786714876.390542714] [landing_scout_3]: [scout_3] 📏 CALIBSERIES t=18.3s v=0.05698 m/s (vx=0.05545 vy=-0.00978 vz=0.00877)
[landing_controller-15] [INFO] [1786714878.461492968] [landing_scout_3]: [scout_3] 📏 CALIBSERIES t=20.4s v=0.06260 m/s (vx=0.05496 vy=0.01882 vz=0.02331)
[landing_controller-7] [INFO] [1786714878.484571643] [landing_scout_1]: [scout_1] Landing controller state: FLIGHT
[landing_controller-11] [INFO] [1786714878.515092627] [landing_scout_2]: [scout_2] Landing controller state: FLIGHT
[landing_controller-15] [INFO] [1786714878.560788366] [landing_scout_3]: [scout_3] Landing controller state: FLIGHT
[landing_controller-15] [INFO] [1786714880.539394552] [landing_scout_3]: [scout_3] 📏 CALIBSERIES t=22.5s v=0.08256 m/s (vx=0.02661 vy=0.07387 vz=0.02553)
[landing_controller-15] [INFO] [1786714882.550538038] [landing_scout_3]: [scout_3] 📏 CALIBSERIES t=24.5s v=0.11016 m/s (vx=-0.03690 vy=0.10076 vz=0.02491)
[swarm_manager-3] [INFO] [1786714883.483107778] [swarm_manager_node]: 📍 scout_2 detected high-value spectral anomaly at [18.8, -6.7]!
[landing_controller-7] [INFO] [1786714883.484399092] [landing_scout_1]: [scout_1] Landing controller state: FLIGHT
[landing_controller-11] [INFO] [1786714883.515097608] [landing_scout_2]: [scout_2] Landing controller state: FLIGHT
[landing_controller-15] [INFO] [1786714883.560344772] [landing_scout_3]: [scout_3] Landing controller state: FLIGHT
[landing_controller-15] [INFO] [1786714884.650793730] [landing_scout_3]: [scout_3] 📏 CALIBSERIES t=26.6s v=0.13582 m/s (vx=-0.12539 vy=0.04842 vz=0.01948)
[landing_controller-15] [INFO] [1786714886.682518933] [landing_scout_3]: [scout_3] 📏 CALIBSERIES t=28.6s v=0.14688 m/s (vx=-0.12916 vy=-0.06889 vz=0.01208)
[landing_controller-7] [INFO] [1786714888.484061081] [landing_scout_1]: [scout_1] Landing controller state: FLIGHT
[landing_controller-11] [INFO] [1786714888.516651500] [landing_scout_2]: [scout_2] Landing controller state: FLIGHT
[landing_controller-15] [INFO] [1786714888.560180848] [landing_scout_3]: [scout_3] Landing controller state: FLIGHT
[landing_controller-15] [INFO] [1786714888.702145270] [landing_scout_3]: [scout_3] 📏 CALIBSERIES t=30.6s v=0.13917 m/s (vx=-0.01879 vy=-0.13765 vz=0.00817)
[landing_controller-15] [INFO] [1786714890.745580217] [landing_scout_3]: [scout_3] 📏 CALIBSERIES t=32.7s v=0.11968 m/s (vx=0.08295 vy=-0.08548 vz=0.01163)
[landing_controller-15] [INFO] [1786714892.778345699] [landing_scout_3]: [scout_3] 📏 CALIBSERIES t=34.7s v=0.10621 m/s (vx=0.10440 vy=0.00593 vz=0.01859)
[swarm_manager-3] [INFO] [1786714893.482900875] [swarm_manager_node]: 📍 scout_2 detected high-value spectral anomaly at [16.1, -10.9]!
[landing_controller-7] [INFO] [1786714893.486068179] [landing_scout_1]: [scout_1] Landing controller state: FLIGHT
[landing_controller-11] [INFO] [1786714893.515472558] [landing_scout_2]: [scout_2] Landing controller state: FLIGHT
[landing_controller-15] [INFO] [1786714893.560563431] [landing_scout_3]: [scout_3] Landing controller state: FLIGHT
[landing_controller-15] [INFO] [1786714894.804787190] [landing_scout_3]: [scout_3] 📏 CALIBSERIES t=36.7s v=0.11559 m/s (vx=0.06908 vy=0.08972 vz=0.02320)
[swarm_manager-3] [INFO] [1786714895.482935217] [swarm_manager_node]: 📍 scout_2 detected high-value spectral anomaly at [11.7, -2.6]!
[landing_controller-15] [INFO] [1786714896.810831997] [landing_scout_3]: [scout_3] 📏 CALIBSERIES t=38.7s v=0.14676 m/s (vx=-0.01022 vy=0.14452 vz=0.02344)
[landing_controller-7] [INFO] [1786714898.484837205] [landing_scout_1]: [scout_1] Landing controller state: FLIGHT
[landing_controller-11] [INFO] [1786714898.515041934] [landing_scout_2]: [scout_2] Landing controller state: FLIGHT
[landing_controller-15] [INFO] [1786714898.560473073] [landing_scout_3]: [scout_3] Landing controller state: FLIGHT
[landing_controller-15] [INFO] [1786714898.862178324] [landing_scout_3]: [scout_3] 📏 CALIBSERIES t=40.8s v=0.16446 m/s (vx=-0.12759 vy=0.10217 vz=0.01813)
[landing_controller-15] [INFO] [1786714900.878847134] [landing_scout_3]: [scout_3] 📏 CALIBSERIES t=42.8s v=0.16417 m/s (vx=-0.15943 vy=-0.03749 vz=0.01135)
[landing_controller-15] [INFO] [1786714902.912301253] [landing_scout_3]: [scout_3] 📏 CALIBSERIES t=44.8s v=0.14419 m/s (vx=-0.04899 vy=-0.13538 vz=0.00778)
[landing_controller-7] [INFO] [1786714903.484528279] [landing_scout_1]: [scout_1] Landing controller state: FLIGHT
[landing_controller-11] [INFO] [1786714903.515178609] [landing_scout_2]: [scout_2] Landing controller state: FLIGHT
[landing_controller-15] [INFO] [1786714903.561885321] [landing_scout_3]: [scout_3] Landing controller state: FLIGHT
[landing_controller-15] [INFO] [1786714904.989466399] [landing_scout_3]: [scout_3] 📏 CALIBSERIES t=46.9s v=0.11930 m/s (vx=0.06421 vy=-0.10002 vz=0.01034)
[landing_controller-15] [INFO] [1786714906.993501589] [landing_scout_3]: [scout_3] 📏 CALIBSERIES t=48.9s v=0.10337 m/s (vx=0.10175 vy=-0.00672 vz=0.01692)
[landing_controller-7] [INFO] [1786714908.485326584] [landing_scout_1]: [scout_1] Landing controller state: FLIGHT
[landing_controller-11] [INFO] [1786714908.516214025] [landing_scout_2]: [scout_2] Landing controller state: FLIGHT
[landing_controller-15] [INFO] [1786714908.560223198] [landing_scout_3]: [scout_3] Landing controller state: FLIGHT
[landing_controller-15] [INFO] [1786714909.044617932] [landing_scout_3]: [scout_3] 📏 CALIBSERIES t=51.0s v=0.10858 m/s (vx=0.07779 vy=0.07249 vz=0.02199)
[landing_controller-15] [INFO] [1786714911.058718434] [landing_scout_3]: [scout_3] 📏 CALIBSERIES t=53.0s v=0.13666 m/s (vx=0.00745 vy=0.13443 vz=0.02342)
[swarm_manager-3] [INFO] [1786714911.482827836] [swarm_manager_node]: 📍 scout_2 detected high-value spectral anomaly at [7.5, 2.8]!
[landing_controller-15] [INFO] [1786714913.116606420] [landing_scout_3]: [scout_3] 📏 CALIBSERIES t=55.1s v=0.16031 m/s (vx=-0.10580 vy=0.11890 vz=0.01920)
[landing_controller-7] [INFO] [1786714913.484694435] [landing_scout_1]: [scout_1] Landing controller state: FLIGHT
[landing_controller-11] [INFO] [1786714913.515015203] [landing_scout_2]: [scout_2] Landing controller state: FLIGHT
[landing_controller-15] [INFO] [1786714913.561044783] [landing_scout_3]: [scout_3] Landing controller state: FLIGHT
[landing_controller-7] [INFO] [1786714914.907096799] [landing_scout_1]: [scout_1] 🎯 Altitude static (±2 cm for 60 s) — grounded without an impact spike, settling in place
[landing_controller-15] [INFO] [1786714915.170631800] [landing_scout_3]: [scout_3] 📏 CALIBSERIES t=57.1s v=0.16433 m/s (vx=-0.16379 vy=-0.00528 vz=0.01220)
[landing_controller-7] [INFO] [1786714916.203085464] [landing_scout_1]: [scout_1] ✅ LANDED — stable contact confirmed
[attitude_controller-6] [INFO] [1786714916.204954747] [attitude_scout_1]: [scout_1] Landed — tilt correction stopped, yaw-hold pinned to current heading.
[attitude_controller-6] [INFO] [1786714916.206641314] [attitude_scout_1]: [scout_1] Landed — tilt correction stopped, yaw-hold pinned to current heading.
[attitude_controller-6] [INFO] [1786714916.251234502] [attitude_scout_1]: [scout_1] Landed — tilt correction stopped, yaw-hold pinned to current heading.
[attitude_controller-6] [INFO] [1786714916.263019933] [attitude_scout_1]: [scout_1] Landed — tilt correction stopped, yaw-hold pinned to current heading.
[attitude_controller-6] [INFO] [1786714916.274452223] [attitude_scout_1]: [scout_1] Landed — tilt correction stopped, yaw-hold pinned to current heading.
[attitude_controller-6] [INFO] [1786714916.287066444] [attitude_scout_1]: [scout_1] Landed — tilt correction stopped, yaw-hold pinned to current heading.
[attitude_controller-6] [INFO] [1786714916.300052663] [attitude_scout_1]: [scout_1] Landed — tilt correction stopped, yaw-hold pinned to current heading.
[attitude_controller-6] [INFO] [1786714916.314852918] [attitude_scout_1]: [scout_1] Landed — tilt correction stopped, yaw-hold pinned to current heading.
[attitude_controller-6] [INFO] [1786714916.326689196] [attitude_scout_1]: [scout_1] Landed — tilt correction stopped, yaw-hold pinned to current heading.
[attitude_controller-6] [INFO] [1786714916.328454828] [attitude_scout_1]: [scout_1] Landed — tilt correction stopped, yaw-hold pinned to current heading.
[attitude_controller-6] [INFO] [1786714916.330494116] [attitude_scout_1]: [scout_1] Landed — tilt correction stopped, yaw-hold pinned to current heading.
[attitude_controller-6] [INFO] [1786714916.504675634] [attitude_scout_1]: [scout_1] Landed — tilt correction stopped, yaw-hold pinned to current heading.
[attitude_controller-6] [INFO] [1786714916.543197476] [attitude_scout_1]: [scout_1] Landed — tilt correction stopped, yaw-hold pinned to current heading.
[attitude_controller-6] [INFO] [1786714916.560173358] [attitude_scout_1]: [scout_1] Landed — tilt correction stopped, yaw-hold pinned to current heading.
[attitude_controller-6] [INFO] [1786714916.572799801] [attitude_scout_1]: [scout_1] Landed — tilt correction stopped, yaw-hold pinned to current heading.
[attitude_controller-6] [INFO] [1786714916.659415155] [attitude_scout_1]: [scout_1] Landed — tilt correction stopped, yaw-hold pinned to current heading.
[attitude_controller-6] [INFO] [1786714916.677156406] [attitude_scout_1]: [scout_1] Landed — tilt correction stopped, yaw-hold pinned to current heading.
[attitude_controller-6] [INFO] [1786714916.680741172] [attitude_scout_1]: [scout_1] Landed — tilt correction stopped, yaw-hold pinned to current heading.
[attitude_controller-6] [INFO] [1786714916.682089405] [attitude_scout_1]: [scout_1] Landed — tilt correction stopped, yaw-hold pinned to current heading.
[attitude_controller-6] [INFO] [1786714916.722941234] [attitude_scout_1]: [scout_1] Landed — tilt correction stopped, yaw-hold pinned to current heading.
[attitude_controller-6] [INFO] [1786714916.736187070] [attitude_scout_1]: [scout_1] Landed — tilt correction stopped, yaw-hold pinned to current heading.
[attitude_controller-6] [INFO] [1786714916.748736684] [attitude_scout_1]: [scout_1] Landed — tilt correction stopped, yaw-hold pinned to current heading.
[attitude_controller-6] [INFO] [1786714916.790477719] [attitude_scout_1]: [scout_1] Landed — tilt correction stopped, yaw-hold pinned to current heading.
[attitude_controller-6] [INFO] [1786714916.805565739] [attitude_scout_1]: [scout_1] Landed — tilt correction stopped, yaw-hold pinned to current heading.
[attitude_controller-6] [INFO] [1786714916.826087761] [attitude_scout_1]: [scout_1] Landed — tilt correction stopped, yaw-hold pinned to current heading.
[attitude_controller-6] [INFO] [1786714916.887938169] [attitude_scout_1]: [scout_1] Landed — tilt correction stopped, yaw-hold pinned to current heading.
[attitude_controller-6] [INFO] [1786714916.889519548] [attitude_scout_1]: [scout_1] Landed — tilt correction stopped, yaw-hold pinned to current heading.
[attitude_controller-6] [INFO] [1786714916.905047177] [attitude_scout_1]: [scout_1] Landed — tilt correction stopped, yaw-hold pinned to current heading.
[attitude_controller-6] [INFO] [1786714916.917558794] [attitude_scout_1]: [scout_1] Landed — tilt correction stopped, yaw-hold pinned to current heading.
[attitude_controller-6] [INFO] [1786714916.975900220] [attitude_scout_1]: [scout_1] Landed — tilt correction stopped, yaw-hold pinned to current heading.
[attitude_controller-6] [INFO] [1786714916.977310267] [attitude_scout_1]: [scout_1] Landed — tilt correction stopped, yaw-hold pinned to current heading.
[attitude_controller-6] [INFO] [1786714916.978950665] [attitude_scout_1]: [scout_1] Landed — tilt correction stopped, yaw-hold pinned to current heading.
[attitude_controller-6] [INFO] [1786714917.004991343] [attitude_scout_1]: [scout_1] Landed — tilt correction stopped, yaw-hold pinned to current heading.
[attitude_controller-6] [INFO] [1786714917.006529976] [attitude_scout_1]: [scout_1] Landed — tilt correction stopped, yaw-hold pinned to current heading.
[attitude_controller-6] [INFO] [1786714917.008157173] [attitude_scout_1]: [scout_1] Landed — tilt correction stopped, yaw-hold pinned to current heading.
[attitude_controller-6] [INFO] [1786714917.035280808] [attitude_scout_1]: [scout_1] Landed — tilt correction stopped, yaw-hold pinned to current heading.
[attitude_controller-6] [INFO] [1786714917.038077503] [attitude_scout_1]: [scout_1] Landed — tilt correction stopped, yaw-hold pinned to current heading.
[attitude_controller-6] [INFO] [1786714917.039395493] [attitude_scout_1]: [scout_1] Landed — tilt correction stopped, yaw-hold pinned to current heading.
[attitude_controller-6] [INFO] [1786714917.040593907] [attitude_scout_1]: [scout_1] Landed — tilt correction stopped, yaw-hold pinned to current heading.
[attitude_controller-6] [INFO] [1786714917.061520055] [attitude_scout_1]: [scout_1] Landed — tilt correction stopped, yaw-hold pinned to current heading.
[attitude_controller-6] [INFO] [1786714917.062941906] [attitude_scout_1]: [scout_1] Landed — tilt correction stopped, yaw-hold pinned to current heading.
[attitude_controller-6] [INFO] [1786714917.066152438] [attitude_scout_1]: [scout_1] Landed — tilt correction stopped, yaw-hold pinned to current heading.
[attitude_controller-6] [INFO] [1786714917.067618291] [attitude_scout_1]: [scout_1] Landed — tilt correction stopped, yaw-hold pinned to current heading.
[attitude_controller-6] [INFO] [1786714917.072274980] [attitude_scout_1]: [scout_1] Landed — tilt correction stopped, yaw-hold pinned to current heading.
[attitude_controller-6] [INFO] [1786714917.073687332] [attitude_scout_1]: [scout_1] Landed — tilt correction stopped, yaw-hold pinned to current heading.
[attitude_controller-6] [INFO] [1786714917.125429023] [attitude_scout_1]: [scout_1] Landed — tilt correction stopped, yaw-hold pinned to current heading.
[attitude_controller-6] [INFO] [1786714917.127186204] [attitude_scout_1]: [scout_1] Landed — tilt correction stopped, yaw-hold pinned to current heading.
[attitude_controller-6] [INFO] [1786714917.129941271] [attitude_scout_1]: [scout_1] Landed — tilt correction stopped, yaw-hold pinned to current heading.
[attitude_controller-6] [INFO] [1786714917.131124458] [attitude_scout_1]: [scout_1] Landed — tilt correction stopped, yaw-hold pinned to current heading.
[attitude_controller-6] [INFO] [1786714917.132584724] [attitude_scout_1]: [scout_1] Landed — tilt correction stopped, yaw-hold pinned to current heading.
[landing_controller-15] [INFO] [1786714917.175246673] [landing_scout_3]: [scout_3] 📏 CALIBSERIES t=59.1s v=0.15071 m/s (vx=-0.08469 vy=-0.12444 vz=0.00745)
[attitude_controller-6] [INFO] [1786714917.185461270] [attitude_scout_1]: [scout_1] Landed — tilt correction stopped, yaw-hold pinned to current heading.
[attitude_controller-6] [INFO] [1786714917.204022021] [attitude_scout_1]: [scout_1] Landed — tilt correction stopped, yaw-hold pinned to current heading.
[hopper_locomotion-5] [INFO] [1786714917.205430182] [loco_scout_1]: [scout_1] 🦵 Idle 300s with no jump command -- self-initiating recovery hop (legs).
[hopper_locomotion-5] [INFO] [1786714917.206348584] [loco_scout_1]: 1. Crouching (waking physics, planting feet under body)
[attitude_controller-6] [INFO] [1786714917.238565513] [attitude_scout_1]: [scout_1] Landed — tilt correction stopped, yaw-hold pinned to current heading.
[attitude_controller-6] [INFO] [1786714917.240654810] [attitude_scout_1]: [scout_1] Landed — tilt correction stopped, yaw-hold pinned to current heading.
[attitude_controller-6] [INFO] [1786714917.243041581] [attitude_scout_1]: [scout_1] Landed — tilt correction stopped, yaw-hold pinned to current heading.
[attitude_controller-6] [INFO] [1786714917.244606336] [attitude_scout_1]: [scout_1] Landed — tilt correction stopped, yaw-hold pinned to current heading.
[attitude_controller-6] [INFO] [1786714917.246129114] [attitude_scout_1]: [scout_1] Landed — tilt correction stopped, yaw-hold pinned to current heading.
[attitude_controller-6] [INFO] [1786714917.247850882] [attitude_scout_1]: [scout_1] Landed — tilt correction stopped, yaw-hold pinned to current heading.
[attitude_controller-6] [INFO] [1786714917.282935610] [attitude_scout_1]: [scout_1] Landed — tilt correction stopped, yaw-hold pinned to current heading.
[attitude_controller-6] [INFO] [1786714917.298641274] [attitude_scout_1]: [scout_1] Landed — tilt correction stopped, yaw-hold pinned to current heading.
[attitude_controller-6] [INFO] [1786714917.312224045] [attitude_scout_1]: [scout_1] Landed — tilt correction stopped, yaw-hold pinned to current heading.
[attitude_controller-6] [INFO] [1786714917.324917540] [attitude_scout_1]: [scout_1] Landed — tilt correction stopped, yaw-hold pinned to current heading.
[attitude_controller-6] [INFO] [1786714917.337318171] [attitude_scout_1]: [scout_1] Landed — tilt correction stopped, yaw-hold pinned to current heading.
[attitude_controller-6] [INFO] [1786714917.362957164] [attitude_scout_1]: [scout_1] Landed — tilt correction stopped, yaw-hold pinned to current heading.
[attitude_controller-6] [INFO] [1786714917.365653351] [attitude_scout_1]: [scout_1] Landed — tilt correction stopped, yaw-hold pinned to current heading.
[attitude_controller-6] [INFO] [1786714917.368093763] [attitude_scout_1]: [scout_1] Landed — tilt correction stopped, yaw-hold pinned to current heading.
[attitude_controller-6] [INFO] [1786714917.369725919] [attitude_scout_1]: [scout_1] Landed — tilt correction stopped, yaw-hold pinned to current heading.
[attitude_controller-6] [INFO] [1786714917.372112270] [attitude_scout_1]: [scout_1] Landed — tilt correction stopped, yaw-hold pinned to current heading.
[attitude_controller-6] [INFO] [1786714917.414669240] [attitude_scout_1]: [scout_1] Landed — tilt correction stopped, yaw-hold pinned to current heading.
[attitude_controller-6] [INFO] [1786714917.428994612] [attitude_scout_1]: [scout_1] Landed — tilt correction stopped, yaw-hold pinned to current heading.
[attitude_controller-6] [INFO] [1786714917.490060088] [attitude_scout_1]: [scout_1] Landed — tilt correction stopped, yaw-hold pinned to current heading.
[attitude_controller-6] [INFO] [1786714917.491621840] [attitude_scout_1]: [scout_1] Landed — tilt correction stopped, yaw-hold pinned to current heading.
[attitude_controller-6] [INFO] [1786714917.494292323] [attitude_scout_1]: [scout_1] Landed — tilt correction stopped, yaw-hold pinned to current heading.
[attitude_controller-6] [INFO] [1786714917.555722813] [attitude_scout_1]: [scout_1] Landed — tilt correction stopped, yaw-hold pinned to current heading.
[attitude_controller-6] [INFO] [1786714917.557984699] [attitude_scout_1]: [scout_1] Landed — tilt correction stopped, yaw-hold pinned to current heading.
[attitude_controller-6] [INFO] [1786714917.560209078] [attitude_scout_1]: [scout_1] Landed — tilt correction stopped, yaw-hold pinned to current heading.
[attitude_controller-6] [INFO] [1786714917.562714167] [attitude_scout_1]: [scout_1] Landed — tilt correction stopped, yaw-hold pinned to current heading.
[attitude_controller-6] [INFO] [1786714917.564214315] [attitude_scout_1]: [scout_1] Landed — tilt correction stopped, yaw-hold pinned to current heading.
[attitude_controller-6] [INFO] [1786714917.567448245] [attitude_scout_1]: [scout_1] Landed — tilt correction stopped, yaw-hold pinned to current heading.
[attitude_controller-6] [INFO] [1786714917.569109318] [attitude_scout_1]: [scout_1] Landed — tilt correction stopped, yaw-hold pinned to current heading.
[attitude_controller-6] [INFO] [1786714917.597827532] [attitude_scout_1]: [scout_1] Landed — tilt correction stopped, yaw-hold pinned to current heading.
[attitude_controller-6] [INFO] [1786714917.610470807] [attitude_scout_1]: [scout_1] Landed — tilt correction stopped, yaw-hold pinned to current heading.
[attitude_controller-6] [INFO] [1786714917.631622697] [attitude_scout_1]: [scout_1] Landed — tilt correction stopped, yaw-hold pinned to current heading.
[attitude_controller-6] [INFO] [1786714917.657200295] [attitude_scout_1]: [scout_1] Landed — tilt correction stopped, yaw-hold pinned to current heading.
[attitude_controller-6] [INFO] [1786714917.658891122] [attitude_scout_1]: [scout_1] Landed — tilt correction stopped, yaw-hold pinned to current heading.
[attitude_controller-6] [INFO] [1786714917.660790369] [attitude_scout_1]: [scout_1] Landed — tilt correction stopped, yaw-hold pinned to current heading.
[attitude_controller-6] [INFO] [1786714917.685562226] [attitude_scout_1]: [scout_1] Landed — tilt correction stopped, yaw-hold pinned to current heading.
[attitude_controller-6] [INFO] [1786714917.686902916] [attitude_scout_1]: [scout_1] Landed — tilt correction stopped, yaw-hold pinned to current heading.
[attitude_controller-6] [INFO] [1786714917.690248459] [attitude_scout_1]: [scout_1] Landed — tilt correction stopped, yaw-hold pinned to current heading.
[attitude_controller-6] [INFO] [1786714917.691740924] [attitude_scout_1]: [scout_1] Landed — tilt correction stopped, yaw-hold pinned to current heading.
[attitude_controller-6] [INFO] [1786714917.694158846] [attitude_scout_1]: [scout_1] Landed — tilt correction stopped, yaw-hold pinned to current heading.
[attitude_controller-6] [INFO] [1786714917.726704190] [attitude_scout_1]: [scout_1] Landed — tilt correction stopped, yaw-hold pinned to current heading.
[attitude_controller-6] [INFO] [1786714917.806306808] [attitude_scout_1]: [scout_1] Landed — tilt correction stopped, yaw-hold pinned to current heading.
[attitude_controller-6] [INFO] [1786714917.807907464] [attitude_scout_1]: [scout_1] Landed — tilt correction stopped, yaw-hold pinned to current heading.
[attitude_controller-6] [INFO] [1786714917.809592843] [attitude_scout_1]: [scout_1] Landed — tilt correction stopped, yaw-hold pinned to current heading.
[attitude_controller-6] [INFO] [1786714917.811404783] [attitude_scout_1]: [scout_1] Landed — tilt correction stopped, yaw-hold pinned to current heading.
[attitude_controller-6] [INFO] [1786714917.813328336] [attitude_scout_1]: [scout_1] Landed — tilt correction stopped, yaw-hold pinned to current heading.
[attitude_controller-6] [INFO] [1786714917.815084538] [attitude_scout_1]: [scout_1] Landed — tilt correction stopped, yaw-hold pinned to current heading.
[attitude_controller-6] [INFO] [1786714917.880579913] [attitude_scout_1]: [scout_1] Landed — tilt correction stopped, yaw-hold pinned to current heading.
[attitude_controller-6] [INFO] [1786714917.896899731] [attitude_scout_1]: [scout_1] Landed — tilt correction stopped, yaw-hold pinned to current heading.
[attitude_controller-6] [INFO] [1786714917.898867078] [attitude_scout_1]: [scout_1] Landed — tilt correction stopped, yaw-hold pinned to current heading.
[attitude_controller-6] [INFO] [1786714917.900476255] [attitude_scout_1]: [scout_1] Landed — tilt correction stopped, yaw-hold pinned to current heading.
[attitude_controller-6] [INFO] [1786714918.005474243] [attitude_scout_1]: [scout_1] Landed — tilt correction stopped, yaw-hold pinned to current heading.
[attitude_controller-6] [INFO] [1786714918.020677645] [attitude_scout_1]: [scout_1] Landed — tilt correction stopped, yaw-hold pinned to current heading.
[attitude_controller-6] [INFO] [1786714918.037407247] [attitude_scout_1]: [scout_1] Landed — tilt correction stopped, yaw-hold pinned to current heading.
[attitude_controller-6] [INFO] [1786714918.053887918] [attitude_scout_1]: [scout_1] Landed — tilt correction stopped, yaw-hold pinned to current heading.
[attitude_controller-6] [INFO] [1786714918.055223090] [attitude_scout_1]: [scout_1] Landed — tilt correction stopped, yaw-hold pinned to current heading.
[attitude_controller-6] [INFO] [1786714918.056573488] [attitude_scout_1]: [scout_1] Landed — tilt correction stopped, yaw-hold pinned to current heading.
[attitude_controller-6] [INFO] [1786714918.058107022] [attitude_scout_1]: [scout_1] Landed — tilt correction stopped, yaw-hold pinned to current heading.
[attitude_controller-6] [INFO] [1786714918.092429799] [attitude_scout_1]: [scout_1] Landed — tilt correction stopped, yaw-hold pinned to current heading.
[attitude_controller-6] [INFO] [1786714918.093805481] [attitude_scout_1]: [scout_1] Landed — tilt correction stopped, yaw-hold pinned to current heading.
[attitude_controller-6] [INFO] [1786714918.095423808] [attitude_scout_1]: [scout_1] Landed — tilt correction stopped, yaw-hold pinned to current heading.
[attitude_controller-6] [INFO] [1786714918.180504284] [attitude_scout_1]: [scout_1] Landed — tilt correction stopped, yaw-hold pinned to current heading.
[attitude_controller-6] [INFO] [1786714918.191812246] [attitude_scout_1]: [scout_1] Landed — tilt correction stopped, yaw-hold pinned to current heading.
[attitude_controller-6] [INFO] [1786714918.208411726] [attitude_scout_1]: [scout_1] Landed — tilt correction stopped, yaw-hold pinned to current heading.
[attitude_controller-6] [INFO] [1786714918.267086933] [attitude_scout_1]: [scout_1] Landed — tilt correction stopped, yaw-hold pinned to current heading.
[attitude_controller-6] [INFO] [1786714918.268584706] [attitude_scout_1]: [scout_1] Landed — tilt correction stopped, yaw-hold pinned to current heading.
[attitude_controller-6] [INFO] [1786714918.283802635] [attitude_scout_1]: [scout_1] Landed — tilt correction stopped, yaw-hold pinned to current heading.
[attitude_controller-6] [INFO] [1786714918.296795069] [attitude_scout_1]: [scout_1] Landed — tilt correction stopped, yaw-hold pinned to current heading.
[attitude_controller-6] [INFO] [1786714918.309532774] [attitude_scout_1]: [scout_1] Landed — tilt correction stopped, yaw-hold pinned to current heading.
[attitude_controller-6] [INFO] [1786714918.344901631] [attitude_scout_1]: [scout_1] Landed — tilt correction stopped, yaw-hold pinned to current heading.
[attitude_controller-6] [INFO] [1786714918.362606699] [attitude_scout_1]: [scout_1] Landed — tilt correction stopped, yaw-hold pinned to current heading.
[attitude_controller-6] [INFO] [1786714918.385133780] [attitude_scout_1]: [scout_1] Landed — tilt correction stopped, yaw-hold pinned to current heading.
[attitude_controller-6] [INFO] [1786714918.405311738] [attitude_scout_1]: [scout_1] Landed — tilt correction stopped, yaw-hold pinned to current heading.
[attitude_controller-6] [INFO] [1786714918.407015975] [attitude_scout_1]: [scout_1] Landed — tilt correction stopped, yaw-hold pinned to current heading.
[attitude_controller-6] [INFO] [1786714918.408598681] [attitude_scout_1]: [scout_1] Landed — tilt correction stopped, yaw-hold pinned to current heading.
[landing_controller-7] [INFO] [1786714918.485321550] [landing_scout_1]: [scout_1] Landing controller state: LANDED
[attitude_controller-6] [INFO] [1786714918.493519140] [attitude_scout_1]: [scout_1] Landed — tilt correction stopped, yaw-hold pinned to current heading.
[attitude_controller-6] [INFO] [1786714918.504865238] [attitude_scout_1]: [scout_1] Landed — tilt correction stopped, yaw-hold pinned to current heading.
[attitude_controller-6] [INFO] [1786714918.506240502] [attitude_scout_1]: [scout_1] Landed — tilt correction stopped, yaw-hold pinned to current heading.
[attitude_controller-6] [INFO] [1786714918.507341970] [attitude_scout_1]: [scout_1] Landed — tilt correction stopped, yaw-hold pinned to current heading.
[attitude_controller-6] [INFO] [1786714918.508469001] [attitude_scout_1]: [scout_1] Landed — tilt correction stopped, yaw-hold pinned to current heading.
[attitude_controller-6] [INFO] [1786714918.509591074] [attitude_scout_1]: [scout_1] Landed — tilt correction stopped, yaw-hold pinned to current heading.
[landing_controller-11] [INFO] [1786714918.515775149] [landing_scout_2]: [scout_2] Landing controller state: FLIGHT
[attitude_controller-6] [INFO] [1786714918.547828706] [attitude_scout_1]: [scout_1] Landed — tilt correction stopped, yaw-hold pinned to current heading.
[landing_controller-15] [INFO] [1786714918.560329984] [landing_scout_3]: [scout_3] Landing controller state: FLIGHT
[attitude_controller-6] [INFO] [1786714918.573253270] [attitude_scout_1]: [scout_1] Landed — tilt correction stopped, yaw-hold pinned to current heading.
[attitude_controller-6] [INFO] [1786714918.574408519] [attitude_scout_1]: [scout_1] Landed — tilt correction stopped, yaw-hold pinned to current heading.
[attitude_controller-6] [INFO] [1786714918.634439433] [attitude_scout_1]: [scout_1] Landed — tilt correction stopped, yaw-hold pinned to current heading.
[attitude_controller-6] [INFO] [1786714918.635927568] [attitude_scout_1]: [scout_1] Landed — tilt correction stopped, yaw-hold pinned to current heading.
[attitude_controller-6] [INFO] [1786714918.801630123] [attitude_scout_1]: [scout_1] Landed — tilt correction stopped, yaw-hold pinned to current heading.
[attitude_controller-6] [INFO] [1786714918.803165613] [attitude_scout_1]: [scout_1] Landed — tilt correction stopped, yaw-hold pinned to current heading.
[attitude_controller-6] [INFO] [1786714918.900596290] [attitude_scout_1]: [scout_1] Landed — tilt correction stopped, yaw-hold pinned to current heading.
[attitude_controller-6] [INFO] [1786714918.915617673] [attitude_scout_1]: [scout_1] Landed — tilt correction stopped, yaw-hold pinned to current heading.
[attitude_controller-6] [INFO] [1786714918.932305577] [attitude_scout_1]: [scout_1] Landed — tilt correction stopped, yaw-hold pinned to current heading.
[attitude_controller-6] [INFO] [1786714918.981310845] [attitude_scout_1]: [scout_1] Landed — tilt correction stopped, yaw-hold pinned to current heading.
[attitude_controller-6] [INFO] [1786714919.002008456] [attitude_scout_1]: [scout_1] Landed — tilt correction stopped, yaw-hold pinned to current heading.
[attitude_controller-6] [INFO] [1786714919.005095779] [attitude_scout_1]: [scout_1] Landed — tilt correction stopped, yaw-hold pinned to current heading.
[attitude_controller-6] [INFO] [1786714919.007780860] [attitude_scout_1]: [scout_1] Landed — tilt correction stopped, yaw-hold pinned to current heading.
[attitude_controller-6] [INFO] [1786714919.030317159] [attitude_scout_1]: [scout_1] Landed — tilt correction stopped, yaw-hold pinned to current heading.
[attitude_controller-6] [INFO] [1786714919.031658966] [attitude_scout_1]: [scout_1] Landed — tilt correction stopped, yaw-hold pinned to current heading.
[attitude_controller-6] [INFO] [1786714919.032945735] [attitude_scout_1]: [scout_1] Landed — tilt correction stopped, yaw-hold pinned to current heading.
[attitude_controller-6] [INFO] [1786714919.034184030] [attitude_scout_1]: [scout_1] Landed — tilt correction stopped, yaw-hold pinned to current heading.
[attitude_controller-6] [INFO] [1786714919.035553496] [attitude_scout_1]: [scout_1] Landed — tilt correction stopped, yaw-hold pinned to current heading.
[attitude_controller-6] [INFO] [1786714919.077962525] [attitude_scout_1]: [scout_1] Landed — tilt correction stopped, yaw-hold pinned to current heading.
[attitude_controller-6] [INFO] [1786714919.079294414] [attitude_scout_1]: [scout_1] Landed — tilt correction stopped, yaw-hold pinned to current heading.
[attitude_controller-6] [INFO] [1786714919.080664439] [attitude_scout_1]: [scout_1] Landed — tilt correction stopped, yaw-hold pinned to current heading.
[attitude_controller-6] [INFO] [1786714919.082378804] [attitude_scout_1]: [scout_1] Landed — tilt correction stopped, yaw-hold pinned to current heading.
[attitude_controller-6] [INFO] [1786714919.147978865] [attitude_scout_1]: [scout_1] Landed — tilt correction stopped, yaw-hold pinned to current heading.
[attitude_controller-6] [INFO] [1786714919.165005659] [attitude_scout_1]: [scout_1] Landed — tilt correction stopped, yaw-hold pinned to current heading.
[attitude_controller-6] [INFO] [1786714919.194944632] [attitude_scout_1]: [scout_1] Landed — tilt correction stopped, yaw-hold pinned to current heading.
[attitude_controller-6] [INFO] [1786714919.196385480] [attitude_scout_1]: [scout_1] Landed — tilt correction stopped, yaw-hold pinned to current heading.
[attitude_controller-6] [INFO] [1786714919.198608811] [attitude_scout_1]: [scout_1] Landed — tilt correction stopped, yaw-hold pinned to current heading.
[landing_controller-15] [INFO] [1786714919.207924072] [landing_scout_3]: [scout_3] 📏 CALIBSERIES t=61.1s v=0.13053 m/s (vx=0.02428 vy=-0.12802 vz=0.00775)
[attitude_controller-6] [INFO] [1786714919.274507353] [attitude_scout_1]: [scout_1] Landed — tilt correction stopped, yaw-hold pinned to current heading.
[attitude_controller-6] [INFO] [1786714919.276111850] [attitude_scout_1]: [scout_1] Landed — tilt correction stopped, yaw-hold pinned to current heading.
[attitude_controller-6] [INFO] [1786714919.277718024] [attitude_scout_1]: [scout_1] Landed — tilt correction stopped, yaw-hold pinned to current heading.
[attitude_controller-6] [INFO] [1786714919.313424861] [attitude_scout_1]: [scout_1] Landed — tilt correction stopped, yaw-hold pinned to current heading.
[attitude_controller-6] [INFO] [1786714919.314897210] [attitude_scout_1]: [scout_1] Landed — tilt correction stopped, yaw-hold pinned to current heading.
[attitude_controller-6] [INFO] [1786714919.317555610] [attitude_scout_1]: [scout_1] Landed — tilt correction stopped, yaw-hold pinned to current heading.
[attitude_controller-6] [INFO] [1786714919.318642270] [attitude_scout_1]: [scout_1] Landed — tilt correction stopped, yaw-hold pinned to current heading.
[attitude_controller-6] [INFO] [1786714919.319636805] [attitude_scout_1]: [scout_1] Landed — tilt correction stopped, yaw-hold pinned to current heading.
[attitude_controller-6] [INFO] [1786714919.320799318] [attitude_scout_1]: [scout_1] Landed — tilt correction stopped, yaw-hold pinned to current heading.
[attitude_controller-6] [INFO] [1786714919.419314062] [attitude_scout_1]: [scout_1] Landed — tilt correction stopped, yaw-hold pinned to current heading.
[attitude_controller-6] [INFO] [1786714919.421161133] [attitude_scout_1]: [scout_1] Landed — tilt correction stopped, yaw-hold pinned to current heading.
[attitude_controller-6] [INFO] [1786714919.422505315] [attitude_scout_1]: [scout_1] Landed — tilt correction stopped, yaw-hold pinned to current heading.
[attitude_controller-6] [INFO] [1786714919.423902719] [attitude_scout_1]: [scout_1] Landed — tilt correction stopped, yaw-hold pinned to current heading.
[attitude_controller-6] [INFO] [1786714919.425359074] [attitude_scout_1]: [scout_1] Landed — tilt correction stopped, yaw-hold pinned to current heading.
[attitude_controller-6] [INFO] [1786714919.475094994] [attitude_scout_1]: [scout_1] Landed — tilt correction stopped, yaw-hold pinned to current heading.
[attitude_controller-6] [INFO] [1786714919.486468401] [attitude_scout_1]: [scout_1] Landed — tilt correction stopped, yaw-hold pinned to current heading.
[attitude_controller-6] [INFO] [1786714919.491205761] [attitude_scout_1]: [scout_1] Landed — tilt correction stopped, yaw-hold pinned to current heading.
[attitude_controller-6] [INFO] [1786714919.521802681] [attitude_scout_1]: [scout_1] Landed — tilt correction stopped, yaw-hold pinned to current heading.
[attitude_controller-6] [INFO] [1786714919.523149307] [attitude_scout_1]: [scout_1] Landed — tilt correction stopped, yaw-hold pinned to current heading.
[attitude_controller-6] [INFO] [1786714919.526255978] [attitude_scout_1]: [scout_1] Landed — tilt correction stopped, yaw-hold pinned to current heading.
[attitude_controller-6] [INFO] [1786714919.529480967] [attitude_scout_1]: [scout_1] Landed — tilt correction stopped, yaw-hold pinned to current heading.
[attitude_controller-6] [INFO] [1786714919.636175280] [attitude_scout_1]: [scout_1] Landed — tilt correction stopped, yaw-hold pinned to current heading.
[attitude_controller-6] [INFO] [1786714919.637728999] [attitude_scout_1]: [scout_1] Landed — tilt correction stopped, yaw-hold pinned to current heading.
[attitude_controller-6] [INFO] [1786714919.639263720] [attitude_scout_1]: [scout_1] Landed — tilt correction stopped, yaw-hold pinned to current heading.
[attitude_controller-6] [INFO] [1786714919.640901534] [attitude_scout_1]: [scout_1] Landed — tilt correction stopped, yaw-hold pinned to current heading.
[attitude_controller-6] [INFO] [1786714919.642667654] [attitude_scout_1]: [scout_1] Landed — tilt correction stopped, yaw-hold pinned to current heading.
[attitude_controller-6] [INFO] [1786714919.648072530] [attitude_scout_1]: [scout_1] Landed — tilt correction stopped, yaw-hold pinned to current heading.
[attitude_controller-6] [INFO] [1786714919.649498431] [attitude_scout_1]: [scout_1] Landed — tilt correction stopped, yaw-hold pinned to current heading.
[attitude_controller-6] [INFO] [1786714919.753140205] [attitude_scout_1]: [scout_1] Landed — tilt correction stopped, yaw-hold pinned to current heading.
[attitude_controller-6] [INFO] [1786714919.769815255] [attitude_scout_1]: [scout_1] Landed — tilt correction stopped, yaw-hold pinned to current heading.
[attitude_controller-6] [INFO] [1786714919.771196525] [attitude_scout_1]: [scout_1] Landed — tilt correction stopped, yaw-hold pinned to current heading.
[attitude_controller-6] [INFO] [1786714919.772668665] [attitude_scout_1]: [scout_1] Landed — tilt correction stopped, yaw-hold pinned to current heading.
[attitude_controller-6] [INFO] [1786714919.774127254] [attitude_scout_1]: [scout_1] Landed — tilt correction stopped, yaw-hold pinned to current heading.
[attitude_controller-6] [INFO] [1786714919.800511426] [attitude_scout_1]: [scout_1] Landed — tilt correction stopped, yaw-hold pinned to current heading.
[attitude_controller-6] [INFO] [1786714919.802507619] [attitude_scout_1]: [scout_1] Landed — tilt correction stopped, yaw-hold pinned to current heading.
[attitude_controller-6] [INFO] [1786714919.817691113] [attitude_scout_1]: [scout_1] Landed — tilt correction stopped, yaw-hold pinned to current heading.
[attitude_controller-6] [INFO] [1786714919.832068516] [attitude_scout_1]: [scout_1] Landed — tilt correction stopped, yaw-hold pinned to current heading.
[attitude_controller-6] [INFO] [1786714919.846261108] [attitude_scout_1]: [scout_1] Landed — tilt correction stopped, yaw-hold pinned to current heading.
[attitude_controller-6] [INFO] [1786714919.891654647] [attitude_scout_1]: [scout_1] Landed — tilt correction stopped, yaw-hold pinned to current heading.
[attitude_controller-6] [INFO] [1786714919.978863385] [attitude_scout_1]: [scout_1] Landed — tilt correction stopped, yaw-hold pinned to current heading.
[attitude_controller-6] [INFO] [1786714919.980385534] [attitude_scout_1]: [scout_1] Landed — tilt correction stopped, yaw-hold pinned to current heading.
[attitude_controller-6] [INFO] [1786714919.982017690] [attitude_scout_1]: [scout_1] Landed — tilt correction stopped, yaw-hold pinned to current heading.
[attitude_controller-6] [INFO] [1786714919.997711338] [attitude_scout_1]: [scout_1] Landed — tilt correction stopped, yaw-hold pinned to current heading.
[attitude_controller-6] [INFO] [1786714920.069984109] [attitude_scout_1]: [scout_1] Landed — tilt correction stopped, yaw-hold pinned to current heading.
[attitude_controller-6] [INFO] [1786714920.085931435] [attitude_scout_1]: [scout_1] Landed — tilt correction stopped, yaw-hold pinned to current heading.
[attitude_controller-6] [INFO] [1786714920.098870573] [attitude_scout_1]: [scout_1] Landed — tilt correction stopped, yaw-hold pinned to current heading.
[attitude_controller-6] [INFO] [1786714920.100027918] [attitude_scout_1]: [scout_1] Landed — tilt correction stopped, yaw-hold pinned to current heading.
[attitude_controller-6] [INFO] [1786714920.101360086] [attitude_scout_1]: [scout_1] Landed — tilt correction stopped, yaw-hold pinned to current heading.
[attitude_controller-6] [INFO] [1786714920.199597253] [attitude_scout_1]: [scout_1] Landed — tilt correction stopped, yaw-hold pinned to current heading.
[attitude_controller-6] [INFO] [1786714920.201386003] [attitude_scout_1]: [scout_1] Landed — tilt correction stopped, yaw-hold pinned to current heading.
[attitude_controller-6] [INFO] [1786714920.367639890] [attitude_scout_1]: [scout_1] Landed — tilt correction stopped, yaw-hold pinned to current heading.
[attitude_controller-6] [INFO] [1786714920.383332208] [attitude_scout_1]: [scout_1] Landed — tilt correction stopped, yaw-hold pinned to current heading.
[attitude_controller-6] [INFO] [1786714920.400169369] [attitude_scout_1]: [scout_1] Landed — tilt correction stopped, yaw-hold pinned to current heading.
[attitude_controller-6] [INFO] [1786714920.437733402] [attitude_scout_1]: [scout_1] Landed — tilt correction stopped, yaw-hold pinned to current heading.
[attitude_controller-6] [INFO] [1786714920.444102289] [attitude_scout_1]: [scout_1] Landed — tilt correction stopped, yaw-hold pinned to current heading.
[attitude_controller-6] [INFO] [1786714920.464346457] [attitude_scout_1]: [scout_1] Landed — tilt correction stopped, yaw-hold pinned to current heading.
[attitude_controller-6] [INFO] [1786714920.566154489] [attitude_scout_1]: [scout_1] Landed — tilt correction stopped, yaw-hold pinned to current heading.
[attitude_controller-6] [INFO] [1786714920.567808018] [attitude_scout_1]: [scout_1] Landed — tilt correction stopped, yaw-hold pinned to current heading.
[attitude_controller-6] [INFO] [1786714920.570846169] [attitude_scout_1]: [scout_1] Landed — tilt correction stopped, yaw-hold pinned to current heading.
[attitude_controller-6] [INFO] [1786714920.572676687] [attitude_scout_1]: [scout_1] Landed — tilt correction stopped, yaw-hold pinned to current heading.
[attitude_controller-6] [INFO] [1786714920.578639211] [attitude_scout_1]: [scout_1] Landed — tilt correction stopped, yaw-hold pinned to current heading.
[attitude_controller-6] [INFO] [1786714920.580744083] [attitude_scout_1]: [scout_1] Landed — tilt correction stopped, yaw-hold pinned to current heading.
[attitude_controller-6] [INFO] [1786714920.582253939] [attitude_scout_1]: [scout_1] Landed — tilt correction stopped, yaw-hold pinned to current heading.
[attitude_controller-6] [INFO] [1786714920.583778882] [attitude_scout_1]: [scout_1] Landed — tilt correction stopped, yaw-hold pinned to current heading.
[attitude_controller-6] [INFO] [1786714920.637312172] [attitude_scout_1]: [scout_1] Landed — tilt correction stopped, yaw-hold pinned to current heading.
[attitude_controller-6] [INFO] [1786714920.648685927] [attitude_scout_1]: [scout_1] Landed — tilt correction stopped, yaw-hold pinned to current heading.
[attitude_controller-6] [INFO] [1786714920.649773495] [attitude_scout_1]: [scout_1] Landed — tilt correction stopped, yaw-hold pinned to current heading.
[attitude_controller-6] [INFO] [1786714920.651020452] [attitude_scout_1]: [scout_1] Landed — tilt correction stopped, yaw-hold pinned to current heading.
[attitude_controller-6] [INFO] [1786714920.652588909] [attitude_scout_1]: [scout_1] Landed — tilt correction stopped, yaw-hold pinned to current heading.
[attitude_controller-6] [INFO] [1786714920.654003565] [attitude_scout_1]: [scout_1] Landed — tilt correction stopped, yaw-hold pinned to current heading.
[attitude_controller-6] [INFO] [1786714920.655241372] [attitude_scout_1]: [scout_1] Landed — tilt correction stopped, yaw-hold pinned to current heading.
[attitude_controller-6] [INFO] [1786714920.656608114] [attitude_scout_1]: [scout_1] Landed — tilt correction stopped, yaw-hold pinned to current heading.
[attitude_controller-6] [INFO] [1786714920.724330851] [attitude_scout_1]: [scout_1] Landed — tilt correction stopped, yaw-hold pinned to current heading.
[attitude_controller-6] [INFO] [1786714920.738299377] [attitude_scout_1]: [scout_1] Landed — tilt correction stopped, yaw-hold pinned to current heading.
[attitude_controller-6] [INFO] [1786714920.743414602] [attitude_scout_1]: [scout_1] Landed — tilt correction stopped, yaw-hold pinned to current heading.
[attitude_controller-6] [INFO] [1786714920.855089746] [attitude_scout_1]: [scout_1] Landed — tilt correction stopped, yaw-hold pinned to current heading.
[attitude_controller-6] [INFO] [1786714920.931324029] [attitude_scout_1]: [scout_1] Landed — tilt correction stopped, yaw-hold pinned to current heading.
[attitude_controller-6] [INFO] [1786714920.932577202] [attitude_scout_1]: [scout_1] Landed — tilt correction stopped, yaw-hold pinned to current heading.
[attitude_controller-6] [INFO] [1786714920.934330051] [attitude_scout_1]: [scout_1] Landed — tilt correction stopped, yaw-hold pinned to current heading.
[attitude_controller-6] [INFO] [1786714920.935788431] [attitude_scout_1]: [scout_1] Landed — tilt correction stopped, yaw-hold pinned to current heading.
[attitude_controller-6] [INFO] [1786714920.937263574] [attitude_scout_1]: [scout_1] Landed — tilt correction stopped, yaw-hold pinned to current heading.
[attitude_controller-6] [INFO] [1786714920.951270165] [attitude_scout_1]: [scout_1] Landed — tilt correction stopped, yaw-hold pinned to current heading.
[attitude_controller-6] [INFO] [1786714920.952813617] [attitude_scout_1]: [scout_1] Landed — tilt correction stopped, yaw-hold pinned to current heading.
[attitude_controller-6] [INFO] [1786714920.956359198] [attitude_scout_1]: [scout_1] Landed — tilt correction stopped, yaw-hold pinned to current heading.
[attitude_controller-6] [INFO] [1786714921.025741957] [attitude_scout_1]: [scout_1] Landed — tilt correction stopped, yaw-hold pinned to current heading.
[attitude_controller-6] [INFO] [1786714921.026830015] [attitude_scout_1]: [scout_1] Landed — tilt correction stopped, yaw-hold pinned to current heading.
[attitude_controller-6] [INFO] [1786714921.027889854] [attitude_scout_1]: [scout_1] Landed — tilt correction stopped, yaw-hold pinned to current heading.
[attitude_controller-6] [INFO] [1786714921.040049094] [attitude_scout_1]: [scout_1] Landed — tilt correction stopped, yaw-hold pinned to current heading.
[attitude_controller-6] [INFO] [1786714921.041211537] [attitude_scout_1]: [scout_1] Landed — tilt correction stopped, yaw-hold pinned to current heading.
[attitude_controller-6] [INFO] [1786714921.057323767] [attitude_scout_1]: [scout_1] Landed — tilt correction stopped, yaw-hold pinned to current heading.
[attitude_controller-6] [INFO] [1786714921.129711706] [attitude_scout_1]: [scout_1] Landed — tilt correction stopped, yaw-hold pinned to current heading.
[attitude_controller-6] [INFO] [1786714921.147695384] [attitude_scout_1]: [scout_1] Landed — tilt correction stopped, yaw-hold pinned to current heading.
[attitude_controller-6] [INFO] [1786714921.166655645] [attitude_scout_1]: [scout_1] Landed — tilt correction stopped, yaw-hold pinned to current heading.
[attitude_controller-6] [INFO] [1786714921.168387750] [attitude_scout_1]: [scout_1] Landed — tilt correction stopped, yaw-hold pinned to current heading.
[attitude_controller-6] [INFO] [1786714921.170102883] [attitude_scout_1]: [scout_1] Landed — tilt correction stopped, yaw-hold pinned to current heading.
[attitude_controller-6] [INFO] [1786714921.171873752] [attitude_scout_1]: [scout_1] Landed — tilt correction stopped, yaw-hold pinned to current heading.
[attitude_controller-6] [INFO] [1786714921.173696307] [attitude_scout_1]: [scout_1] Landed — tilt correction stopped, yaw-hold pinned to current heading.
[landing_controller-15] [INFO] [1786714921.225959308] [landing_scout_3]: [scout_3] 📏 CALIBSERIES t=63.2s v=0.11051 m/s (vx=0.09511 vy=-0.05482 vz=0.01269)
[attitude_controller-6] [INFO] [1786714921.249356591] [attitude_scout_1]: [scout_1] Landed — tilt correction stopped, yaw-hold pinned to current heading.
[attitude_controller-6] [INFO] [1786714921.262509596] [attitude_scout_1]: [scout_1] Landed — tilt correction stopped, yaw-hold pinned to current heading.
[attitude_controller-6] [INFO] [1786714921.278439319] [attitude_scout_1]: [scout_1] Landed — tilt correction stopped, yaw-hold pinned to current heading.
[attitude_controller-6] [INFO] [1786714921.280075456] [attitude_scout_1]: [scout_1] Landed — tilt correction stopped, yaw-hold pinned to current heading.
[attitude_controller-6] [INFO] [1786714921.281765584] [attitude_scout_1]: [scout_1] Landed — tilt correction stopped, yaw-hold pinned to current heading.
[attitude_controller-6] [INFO] [1786714921.283292482] [attitude_scout_1]: [scout_1] Landed — tilt correction stopped, yaw-hold pinned to current heading.
[attitude_controller-6] [INFO] [1786714921.359282507] [attitude_scout_1]: [scout_1] Landed — tilt correction stopped, yaw-hold pinned to current heading.
[attitude_controller-6] [INFO] [1786714921.374138352] [attitude_scout_1]: [scout_1] Landed — tilt correction stopped, yaw-hold pinned to current heading.
[attitude_controller-6] [INFO] [1786714921.389021576] [attitude_scout_1]: [scout_1] Landed — tilt correction stopped, yaw-hold pinned to current heading.
[attitude_controller-6] [INFO] [1786714921.410014349] [attitude_scout_1]: [scout_1] Landed — tilt correction stopped, yaw-hold pinned to current heading.
[attitude_controller-6] [INFO] [1786714921.424271615] [attitude_scout_1]: [scout_1] Landed — tilt correction stopped, yaw-hold pinned to current heading.
[attitude_controller-6] [INFO] [1786714921.450324574] [attitude_scout_1]: [scout_1] Landed — tilt correction stopped, yaw-hold pinned to current heading.
[attitude_controller-6] [INFO] [1786714921.457464417] [attitude_scout_1]: [scout_1] Landed — tilt correction stopped, yaw-hold pinned to current heading.
[attitude_controller-6] [INFO] [1786714921.458703062] [attitude_scout_1]: [scout_1] Landed — tilt correction stopped, yaw-hold pinned to current heading.
[attitude_controller-6] [INFO] [1786714921.459996675] [attitude_scout_1]: [scout_1] Landed — tilt correction stopped, yaw-hold pinned to current heading.
[attitude_controller-6] [INFO] [1786714921.461896061] [attitude_scout_1]: [scout_1] Landed — tilt correction stopped, yaw-hold pinned to current heading.
[attitude_controller-6] [INFO] [1786714921.472176938] [attitude_scout_1]: [scout_1] Landed — tilt correction stopped, yaw-hold pinned to current heading.
[attitude_controller-6] [INFO] [1786714921.475156139] [attitude_scout_1]: [scout_1] Landed — tilt correction stopped, yaw-hold pinned to current heading.
[attitude_controller-6] [INFO] [1786714921.476804080] [attitude_scout_1]: [scout_1] Landed — tilt correction stopped, yaw-hold pinned to current heading.
[attitude_controller-6] [INFO] [1786714921.493012488] [attitude_scout_1]: [scout_1] Landed — tilt correction stopped, yaw-hold pinned to current heading.
[attitude_controller-6] [INFO] [1786714921.507181749] [attitude_scout_1]: [scout_1] Landed — tilt correction stopped, yaw-hold pinned to current heading.
[attitude_controller-6] [INFO] [1786714921.520892332] [attitude_scout_1]: [scout_1] Landed — tilt correction stopped, yaw-hold pinned to current heading.
[attitude_controller-6] [INFO] [1786714921.542431020] [attitude_scout_1]: [scout_1] Landed — tilt correction stopped, yaw-hold pinned to current heading.
[attitude_controller-6] [INFO] [1786714921.555600159] [attitude_scout_1]: [scout_1] Landed — tilt correction stopped, yaw-hold pinned to current heading.
[attitude_controller-6] [INFO] [1786714921.568399325] [attitude_scout_1]: [scout_1] Landed — tilt correction stopped, yaw-hold pinned to current heading.
[attitude_controller-6] [INFO] [1786714921.569832001] [attitude_scout_1]: [scout_1] Landed — tilt correction stopped, yaw-hold pinned to current heading.
[attitude_controller-6] [INFO] [1786714921.571085873] [attitude_scout_1]: [scout_1] Landed — tilt correction stopped, yaw-hold pinned to current heading.
[attitude_controller-6] [INFO] [1786714921.572350570] [attitude_scout_1]: [scout_1] Landed — tilt correction stopped, yaw-hold pinned to current heading.
[attitude_controller-6] [INFO] [1786714921.573647745] [attitude_scout_1]: [scout_1] Landed — tilt correction stopped, yaw-hold pinned to current heading.
[attitude_controller-6] [INFO] [1786714921.574869138] [attitude_scout_1]: [scout_1] Landed — tilt correction stopped, yaw-hold pinned to current heading.
[attitude_controller-6] [INFO] [1786714921.578814516] [attitude_scout_1]: [scout_1] Landed — tilt correction stopped, yaw-hold pinned to current heading.
[attitude_controller-6] [INFO] [1786714921.580518124] [attitude_scout_1]: [scout_1] Landed — tilt correction stopped, yaw-hold pinned to current heading.
[attitude_controller-6] [INFO] [1786714921.691598940] [attitude_scout_1]: [scout_1] Landed — tilt correction stopped, yaw-hold pinned to current heading.
[attitude_controller-6] [INFO] [1786714921.693271327] [attitude_scout_1]: [scout_1] Landed — tilt correction stopped, yaw-hold pinned to current heading.
[attitude_controller-6] [INFO] [1786714921.697832884] [attitude_scout_1]: [scout_1] Landed — tilt correction stopped, yaw-hold pinned to current heading.
[attitude_controller-6] [INFO] [1786714921.699248168] [attitude_scout_1]: [scout_1] Landed — tilt correction stopped, yaw-hold pinned to current heading.
[attitude_controller-6] [INFO] [1786714921.702247834] [attitude_scout_1]: [scout_1] Landed — tilt correction stopped, yaw-hold pinned to current heading.
[attitude_controller-6] [INFO] [1786714921.705264403] [attitude_scout_1]: [scout_1] Landed — tilt correction stopped, yaw-hold pinned to current heading.
[attitude_controller-6] [INFO] [1786714921.721522401] [attitude_scout_1]: [scout_1] Landed — tilt correction stopped, yaw-hold pinned to current heading.
[attitude_controller-6] [INFO] [1786714921.722977219] [attitude_scout_1]: [scout_1] Landed — tilt correction stopped, yaw-hold pinned to current heading.
[attitude_controller-6] [INFO] [1786714921.776578115] [attitude_scout_1]: [scout_1] Landed — tilt correction stopped, yaw-hold pinned to current heading.
[attitude_controller-6] [INFO] [1786714921.779214024] [attitude_scout_1]: [scout_1] Landed — tilt correction stopped, yaw-hold pinned to current heading.
[attitude_controller-6] [INFO] [1786714921.795308443] [attitude_scout_1]: [scout_1] Landed — tilt correction stopped, yaw-hold pinned to current heading.
[attitude_controller-6] [INFO] [1786714921.797029792] [attitude_scout_1]: [scout_1] Landed — tilt correction stopped, yaw-hold pinned to current heading.
[attitude_controller-6] [INFO] [1786714921.815508118] [attitude_scout_1]: [scout_1] Landed — tilt correction stopped, yaw-hold pinned to current heading.
[attitude_controller-6] [INFO] [1786714921.832466669] [attitude_scout_1]: [scout_1] Landed — tilt correction stopped, yaw-hold pinned to current heading.
[attitude_controller-6] [INFO] [1786714921.849627284] [attitude_scout_1]: [scout_1] Landed — tilt correction stopped, yaw-hold pinned to current heading.
[attitude_controller-6] [INFO] [1786714921.850744676] [attitude_scout_1]: [scout_1] Landed — tilt correction stopped, yaw-hold pinned to current heading.
[attitude_controller-6] [INFO] [1786714921.852087950] [attitude_scout_1]: [scout_1] Landed — tilt correction stopped, yaw-hold pinned to current heading.
[attitude_controller-6] [INFO] [1786714921.853959258] [attitude_scout_1]: [scout_1] Landed — tilt correction stopped, yaw-hold pinned to current heading.
[attitude_controller-6] [INFO] [1786714921.855608177] [attitude_scout_1]: [scout_1] Landed — tilt correction stopped, yaw-hold pinned to current heading.
[attitude_controller-6] [INFO] [1786714921.857243755] [attitude_scout_1]: [scout_1] Landed — tilt correction stopped, yaw-hold pinned to current heading.
[attitude_controller-6] [INFO] [1786714921.927340753] [attitude_scout_1]: [scout_1] Landed — tilt correction stopped, yaw-hold pinned to current heading.
[attitude_controller-6] [INFO] [1786714921.933282602] [attitude_scout_1]: [scout_1] Landed — tilt correction stopped, yaw-hold pinned to current heading.
[attitude_controller-6] [INFO] [1786714921.942083238] [attitude_scout_1]: [scout_1] Landed — tilt correction stopped, yaw-hold pinned to current heading.
[attitude_controller-6] [INFO] [1786714921.943916340] [attitude_scout_1]: [scout_1] Landed — tilt correction stopped, yaw-hold pinned to current heading.
[attitude_controller-6] [INFO] [1786714921.945636711] [attitude_scout_1]: [scout_1] Landed — tilt correction stopped, yaw-hold pinned to current heading.
[attitude_controller-6] [INFO] [1786714921.971025227] [attitude_scout_1]: [scout_1] Landed — tilt correction stopped, yaw-hold pinned to current heading.
[attitude_controller-6] [INFO] [1786714921.985559362] [attitude_scout_1]: [scout_1] Landed — tilt correction stopped, yaw-hold pinned to current heading.
[attitude_controller-6] [INFO] [1786714922.029500726] [attitude_scout_1]: [scout_1] Landed — tilt correction stopped, yaw-hold pinned to current heading.
[attitude_controller-6] [INFO] [1786714922.030875011] [attitude_scout_1]: [scout_1] Landed — tilt correction stopped, yaw-hold pinned to current heading.
[attitude_controller-6] [INFO] [1786714922.033094430] [attitude_scout_1]: [scout_1] Landed — tilt correction stopped, yaw-hold pinned to current heading.
[attitude_controller-6] [INFO] [1786714922.034499028] [attitude_scout_1]: [scout_1] Landed — tilt correction stopped, yaw-hold pinned to current heading.
[attitude_controller-6] [INFO] [1786714922.068633837] [attitude_scout_1]: [scout_1] Landed — tilt correction stopped, yaw-hold pinned to current heading.
[attitude_controller-6] [INFO] [1786714922.070107792] [attitude_scout_1]: [scout_1] Landed — tilt correction stopped, yaw-hold pinned to current heading.
[attitude_controller-6] [INFO] [1786714922.071838709] [attitude_scout_1]: [scout_1] Landed — tilt correction stopped, yaw-hold pinned to current heading.
[attitude_controller-6] [INFO] [1786714922.073412264] [attitude_scout_1]: [scout_1] Landed — tilt correction stopped, yaw-hold pinned to current heading.
[attitude_controller-6] [INFO] [1786714922.075231257] [attitude_scout_1]: [scout_1] Landed — tilt correction stopped, yaw-hold pinned to current heading.
[attitude_controller-6] [INFO] [1786714922.089356653] [attitude_scout_1]: [scout_1] Landed — tilt correction stopped, yaw-hold pinned to current heading.
[attitude_controller-6] [INFO] [1786714922.110433239] [attitude_scout_1]: [scout_1] Landed — tilt correction stopped, yaw-hold pinned to current heading.
[attitude_controller-6] [INFO] [1786714922.198411932] [attitude_scout_1]: [scout_1] Landed — tilt correction stopped, yaw-hold pinned to current heading.
[attitude_controller-6] [INFO] [1786714922.199771549] [attitude_scout_1]: [scout_1] Landed — tilt correction stopped, yaw-hold pinned to current heading.
[attitude_controller-6] [INFO] [1786714922.205240751] [attitude_scout_1]: [scout_1] Landed — tilt correction stopped, yaw-hold pinned to current heading.
[attitude_controller-6] [INFO] [1786714922.207898173] [attitude_scout_1]: [scout_1] Landed — tilt correction stopped, yaw-hold pinned to current heading.
[attitude_controller-6] [INFO] [1786714922.210013661] [attitude_scout_1]: [scout_1] Landed — tilt correction stopped, yaw-hold pinned to current heading.
[attitude_controller-6] [INFO] [1786714922.212022495] [attitude_scout_1]: [scout_1] Landed — tilt correction stopped, yaw-hold pinned to current heading.
[attitude_controller-6] [INFO] [1786714922.213809149] [attitude_scout_1]: [scout_1] Landed — tilt correction stopped, yaw-hold pinned to current heading.
[attitude_controller-6] [INFO] [1786714922.235929440] [attitude_scout_1]: [scout_1] Landed — tilt correction stopped, yaw-hold pinned to current heading.
[attitude_controller-6] [INFO] [1786714922.255332242] [attitude_scout_1]: [scout_1] Landed — tilt correction stopped, yaw-hold pinned to current heading.
[attitude_controller-6] [INFO] [1786714922.286749562] [attitude_scout_1]: [scout_1] Landed — tilt correction stopped, yaw-hold pinned to current heading.
[attitude_controller-6] [INFO] [1786714922.300887670] [attitude_scout_1]: [scout_1] Landed — tilt correction stopped, yaw-hold pinned to current heading.
[attitude_controller-6] [INFO] [1786714922.312984676] [attitude_scout_1]: [scout_1] Landed — tilt correction stopped, yaw-hold pinned to current heading.
[attitude_controller-6] [INFO] [1786714922.314624794] [attitude_scout_1]: [scout_1] Landed — tilt correction stopped, yaw-hold pinned to current heading.
[attitude_controller-6] [INFO] [1786714922.315999568] [attitude_scout_1]: [scout_1] Landed — tilt correction stopped, yaw-hold pinned to current heading.
[attitude_controller-6] [INFO] [1786714922.317342073] [attitude_scout_1]: [scout_1] Landed — tilt correction stopped, yaw-hold pinned to current heading.
[attitude_controller-6] [INFO] [1786714922.321880161] [attitude_scout_1]: [scout_1] Landed — tilt correction stopped, yaw-hold pinned to current heading.
[attitude_controller-6] [INFO] [1786714922.323775356] [attitude_scout_1]: [scout_1] Landed — tilt correction stopped, yaw-hold pinned to current heading.
[attitude_controller-6] [INFO] [1786714922.325559845] [attitude_scout_1]: [scout_1] Landed — tilt correction stopped, yaw-hold pinned to current heading.
[attitude_controller-6] [INFO] [1786714922.327215818] [attitude_scout_1]: [scout_1] Landed — tilt correction stopped, yaw-hold pinned to current heading.
[attitude_controller-6] [INFO] [1786714922.328922011] [attitude_scout_1]: [scout_1] Landed — tilt correction stopped, yaw-hold pinned to current heading.
[attitude_controller-6] [INFO] [1786714922.330633651] [attitude_scout_1]: [scout_1] Landed — tilt correction stopped, yaw-hold pinned to current heading.
[attitude_controller-6] [INFO] [1786714922.374221943] [attitude_scout_1]: [scout_1] Landed — tilt correction stopped, yaw-hold pinned to current heading.
[attitude_controller-6] [INFO] [1786714922.421424473] [attitude_scout_1]: [scout_1] Landed — tilt correction stopped, yaw-hold pinned to current heading.
[attitude_controller-6] [INFO] [1786714922.422999844] [attitude_scout_1]: [scout_1] Landed — tilt correction stopped, yaw-hold pinned to current heading.
[attitude_controller-6] [INFO] [1786714922.424890359] [attitude_scout_1]: [scout_1] Landed — tilt correction stopped, yaw-hold pinned to current heading.
[attitude_controller-6] [INFO] [1786714922.426434300] [attitude_scout_1]: [scout_1] Landed — tilt correction stopped, yaw-hold pinned to current heading.
[attitude_controller-6] [INFO] [1786714922.431277754] [attitude_scout_1]: [scout_1] Landed — tilt correction stopped, yaw-hold pinned to current heading.
[attitude_controller-6] [INFO] [1786714922.450664771] [attitude_scout_1]: [scout_1] Landed — tilt correction stopped, yaw-hold pinned to current heading.
[attitude_controller-6] [INFO] [1786714922.452523087] [attitude_scout_1]: [scout_1] Landed — tilt correction stopped, yaw-hold pinned to current heading.
[attitude_controller-6] [INFO] [1786714922.453985098] [attitude_scout_1]: [scout_1] Landed — tilt correction stopped, yaw-hold pinned to current heading.
[attitude_controller-6] [INFO] [1786714922.458426730] [attitude_scout_1]: [scout_1] Landed — tilt correction stopped, yaw-hold pinned to current heading.
[attitude_controller-6] [INFO] [1786714922.461493936] [attitude_scout_1]: [scout_1] Landed — tilt correction stopped, yaw-hold pinned to current heading.
[attitude_controller-6] [INFO] [1786714922.568748172] [attitude_scout_1]: [scout_1] Landed — tilt correction stopped, yaw-hold pinned to current heading.
[attitude_controller-6] [INFO] [1786714922.570430267] [attitude_scout_1]: [scout_1] Landed — tilt correction stopped, yaw-hold pinned to current heading.
[attitude_controller-6] [INFO] [1786714922.587573349] [attitude_scout_1]: [scout_1] Landed — tilt correction stopped, yaw-hold pinned to current heading.
[attitude_controller-6] [INFO] [1786714922.626293113] [attitude_scout_1]: [scout_1] Landed — tilt correction stopped, yaw-hold pinned to current heading.
[attitude_controller-6] [INFO] [1786714922.650965568] [attitude_scout_1]: [scout_1] Landed — tilt correction stopped, yaw-hold pinned to current heading.
[attitude_controller-6] [INFO] [1786714922.652003964] [attitude_scout_1]: [scout_1] Landed — tilt correction stopped, yaw-hold pinned to current heading.
[attitude_controller-6] [INFO] [1786714922.653328589] [attitude_scout_1]: [scout_1] Landed — tilt correction stopped, yaw-hold pinned to current heading.
[attitude_controller-6] [INFO] [1786714922.678701387] [attitude_scout_1]: [scout_1] Landed — tilt correction stopped, yaw-hold pinned to current heading.
[attitude_controller-6] [INFO] [1786714922.683968456] [attitude_scout_1]: [scout_1] Landed — tilt correction stopped, yaw-hold pinned to current heading.
[attitude_controller-6] [INFO] [1786714922.698606799] [attitude_scout_1]: [scout_1] Landed — tilt correction stopped, yaw-hold pinned to current heading.
[attitude_controller-6] [INFO] [1786714922.699998336] [attitude_scout_1]: [scout_1] Landed — tilt correction stopped, yaw-hold pinned to current heading.
[attitude_controller-6] [INFO] [1786714922.703331585] [attitude_scout_1]: [scout_1] Landed — tilt correction stopped, yaw-hold pinned to current heading.
[attitude_controller-6] [INFO] [1786714922.719675353] [attitude_scout_1]: [scout_1] Landed — tilt correction stopped, yaw-hold pinned to current heading.
[attitude_controller-6] [INFO] [1786714922.739752515] [attitude_scout_1]: [scout_1] Landed — tilt correction stopped, yaw-hold pinned to current heading.
[attitude_controller-6] [INFO] [1786714922.756618589] [attitude_scout_1]: [scout_1] Landed — tilt correction stopped, yaw-hold pinned to current heading.
[attitude_controller-6] [INFO] [1786714922.773982803] [attitude_scout_1]: [scout_1] Landed — tilt correction stopped, yaw-hold pinned to current heading.
[attitude_controller-6] [INFO] [1786714922.793496939] [attitude_scout_1]: [scout_1] Landed — tilt correction stopped, yaw-hold pinned to current heading.
[attitude_controller-6] [INFO] [1786714922.795083625] [attitude_scout_1]: [scout_1] Landed — tilt correction stopped, yaw-hold pinned to current heading.
[attitude_controller-6] [INFO] [1786714922.796573854] [attitude_scout_1]: [scout_1] Landed — tilt correction stopped, yaw-hold pinned to current heading.
[attitude_controller-6] [INFO] [1786714922.797894847] [attitude_scout_1]: [scout_1] Landed — tilt correction stopped, yaw-hold pinned to current heading.
[attitude_controller-6] [INFO] [1786714922.799511986] [attitude_scout_1]: [scout_1] Landed — tilt correction stopped, yaw-hold pinned to current heading.
[attitude_controller-6] [INFO] [1786714922.800880404] [attitude_scout_1]: [scout_1] Landed — tilt correction stopped, yaw-hold pinned to current heading.
[attitude_controller-6] [INFO] [1786714922.802608667] [attitude_scout_1]: [scout_1] Landed — tilt correction stopped, yaw-hold pinned to current heading.
[attitude_controller-6] [INFO] [1786714923.017492628] [attitude_scout_1]: [scout_1] Landed — tilt correction stopped, yaw-hold pinned to current heading.
[attitude_controller-6] [INFO] [1786714923.041160210] [attitude_scout_1]: [scout_1] Landed — tilt correction stopped, yaw-hold pinned to current heading.
[attitude_controller-6] [INFO] [1786714923.053389851] [attitude_scout_1]: [scout_1] Landed — tilt correction stopped, yaw-hold pinned to current heading.
[attitude_controller-6] [INFO] [1786714923.066038847] [attitude_scout_1]: [scout_1] Landed — tilt correction stopped, yaw-hold pinned to current heading.
[attitude_controller-6] [INFO] [1786714923.080253923] [attitude_scout_1]: [scout_1] Landed — tilt correction stopped, yaw-hold pinned to current heading.
[attitude_controller-6] [INFO] [1786714923.081902213] [attitude_scout_1]: [scout_1] Landed — tilt correction stopped, yaw-hold pinned to current heading.
[attitude_controller-6] [INFO] [1786714923.102430438] [attitude_scout_1]: [scout_1] Landed — tilt correction stopped, yaw-hold pinned to current heading.
[attitude_controller-6] [INFO] [1786714923.138573728] [attitude_scout_1]: [scout_1] Landed — tilt correction stopped, yaw-hold pinned to current heading.
[attitude_controller-6] [INFO] [1786714923.140543168] [attitude_scout_1]: [scout_1] Landed — tilt correction stopped, yaw-hold pinned to current heading.
[attitude_controller-6] [INFO] [1786714923.142126711] [attitude_scout_1]: [scout_1] Landed — tilt correction stopped, yaw-hold pinned to current heading.
[attitude_controller-6] [INFO] [1786714923.143947031] [attitude_scout_1]: [scout_1] Landed — tilt correction stopped, yaw-hold pinned to current heading.
[attitude_controller-6] [INFO] [1786714923.159749003] [attitude_scout_1]: [scout_1] Landed — tilt correction stopped, yaw-hold pinned to current heading.
[attitude_controller-6] [INFO] [1786714923.225070076] [attitude_scout_1]: [scout_1] Landed — tilt correction stopped, yaw-hold pinned to current heading.
[attitude_controller-6] [INFO] [1786714923.237555702] [attitude_scout_1]: [scout_1] Landed — tilt correction stopped, yaw-hold pinned to current heading.
[attitude_controller-6] [INFO] [1786714923.239085254] [attitude_scout_1]: [scout_1] Landed — tilt correction stopped, yaw-hold pinned to current heading.
[attitude_controller-6] [INFO] [1786714923.296065277] [attitude_scout_1]: [scout_1] Landed — tilt correction stopped, yaw-hold pinned to current heading.
[landing_controller-15] [INFO] [1786714923.311103835] [landing_scout_3]: [scout_3] 📏 CALIBSERIES t=65.2s v=0.10397 m/s (vx=0.09947 vy=0.02392 vz=0.01856)
[attitude_controller-6] [INFO] [1786714923.327888258] [attitude_scout_1]: [scout_1] Landed — tilt correction stopped, yaw-hold pinned to current heading.
[attitude_controller-6] [INFO] [1786714923.421194427] [attitude_scout_1]: [scout_1] Landed — tilt correction stopped, yaw-hold pinned to current heading.
[attitude_controller-6] [INFO] [1786714923.423743936] [attitude_scout_1]: [scout_1] Landed — tilt correction stopped, yaw-hold pinned to current heading.
[attitude_controller-6] [INFO] [1786714923.440092871] [attitude_scout_1]: [scout_1] Landed — tilt correction stopped, yaw-hold pinned to current heading.
[attitude_controller-6] [INFO] [1786714923.442703356] [attitude_scout_1]: [scout_1] Landed — tilt correction stopped, yaw-hold pinned to current heading.
[landing_controller-7] [INFO] [1786714923.484470206] [landing_scout_1]: [scout_1] Landing controller state: LANDED
[attitude_controller-6] [INFO] [1786714923.495043176] [attitude_scout_1]: [scout_1] Landed — tilt correction stopped, yaw-hold pinned to current heading.
[attitude_controller-6] [INFO] [1786714923.496821589] [attitude_scout_1]: [scout_1] Landed — tilt correction stopped, yaw-hold pinned to current heading.
[attitude_controller-6] [INFO] [1786714923.498556836] [attitude_scout_1]: [scout_1] Landed — tilt correction stopped, yaw-hold pinned to current heading.
[landing_controller-11] [INFO] [1786714923.516030497] [landing_scout_2]: [scout_2] Landing controller state: FLIGHT
[landing_controller-15] [INFO] [1786714923.560359988] [landing_scout_3]: [scout_3] Landing controller state: FLIGHT
[attitude_controller-6] [INFO] [1786714923.607742018] [attitude_scout_1]: [scout_1] Landed — tilt correction stopped, yaw-hold pinned to current heading.
[attitude_controller-6] [INFO] [1786714923.625770393] [attitude_scout_1]: [scout_1] Landed — tilt correction stopped, yaw-hold pinned to current heading.
[attitude_controller-6] [INFO] [1786714923.627341294] [attitude_scout_1]: [scout_1] Landed — tilt correction stopped, yaw-hold pinned to current heading.
[attitude_controller-6] [INFO] [1786714923.714042429] [attitude_scout_1]: [scout_1] Landed — tilt correction stopped, yaw-hold pinned to current heading.
[attitude_controller-6] [INFO] [1786714923.715622480] [attitude_scout_1]: [scout_1] Landed — tilt correction stopped, yaw-hold pinned to current heading.
[attitude_controller-6] [INFO] [1786714923.717188561] [attitude_scout_1]: [scout_1] Landed — tilt correction stopped, yaw-hold pinned to current heading.
[attitude_controller-6] [INFO] [1786714923.719021593] [attitude_scout_1]: [scout_1] Landed — tilt correction stopped, yaw-hold pinned to current heading.
[attitude_controller-6] [INFO] [1786714923.720464676] [attitude_scout_1]: [scout_1] Landed — tilt correction stopped, yaw-hold pinned to current heading.
[attitude_controller-6] [INFO] [1786714923.760555019] [attitude_scout_1]: [scout_1] Landed — tilt correction stopped, yaw-hold pinned to current heading.
[attitude_controller-6] [INFO] [1786714923.780010693] [attitude_scout_1]: [scout_1] Landed — tilt correction stopped, yaw-hold pinned to current heading.
[attitude_controller-6] [INFO] [1786714923.798177223] [attitude_scout_1]: [scout_1] Landed — tilt correction stopped, yaw-hold pinned to current heading.
[attitude_controller-6] [INFO] [1786714923.799691339] [attitude_scout_1]: [scout_1] Landed — tilt correction stopped, yaw-hold pinned to current heading.
[attitude_controller-6] [INFO] [1786714923.906922585] [attitude_scout_1]: [scout_1] Landed — tilt correction stopped, yaw-hold pinned to current heading.
[attitude_controller-6] [INFO] [1786714923.908847604] [attitude_scout_1]: [scout_1] Landed — tilt correction stopped, yaw-hold pinned to current heading.
[attitude_controller-6] [INFO] [1786714923.911150628] [attitude_scout_1]: [scout_1] Landed — tilt correction stopped, yaw-hold pinned to current heading.
[attitude_controller-6] [INFO] [1786714923.912606423] [attitude_scout_1]: [scout_1] Landed — tilt correction stopped, yaw-hold pinned to current heading.
[attitude_controller-6] [INFO] [1786714923.929026251] [attitude_scout_1]: [scout_1] Landed — tilt correction stopped, yaw-hold pinned to current heading.
[attitude_controller-6] [INFO] [1786714923.945441888] [attitude_scout_1]: [scout_1] Landed — tilt correction stopped, yaw-hold pinned to current heading.
[attitude_controller-6] [INFO] [1786714923.965196431] [attitude_scout_1]: [scout_1] Landed — tilt correction stopped, yaw-hold pinned to current heading.
[attitude_controller-6] [INFO] [1786714923.968004090] [attitude_scout_1]: [scout_1] Landed — tilt correction stopped, yaw-hold pinned to current heading.
[attitude_controller-6] [INFO] [1786714923.997034219] [attitude_scout_1]: [scout_1] Landed — tilt correction stopped, yaw-hold pinned to current heading.
[attitude_controller-6] [INFO] [1786714924.015639449] [attitude_scout_1]: [scout_1] Landed — tilt correction stopped, yaw-hold pinned to current heading.
[attitude_controller-6] [INFO] [1786714924.094967520] [attitude_scout_1]: [scout_1] Landed — tilt correction stopped, yaw-hold pinned to current heading.
[attitude_controller-6] [INFO] [1786714924.108648136] [attitude_scout_1]: [scout_1] Landed — tilt correction stopped, yaw-hold pinned to current heading.
[attitude_controller-6] [INFO] [1786714924.110183206] [attitude_scout_1]: [scout_1] Landed — tilt correction stopped, yaw-hold pinned to current heading.
[attitude_controller-6] [INFO] [1786714924.156998223] [attitude_scout_1]: [scout_1] Landed — tilt correction stopped, yaw-hold pinned to current heading.
[attitude_controller-6] [INFO] [1786714924.158664463] [attitude_scout_1]: [scout_1] Landed — tilt correction stopped, yaw-hold pinned to current heading.
[attitude_controller-6] [INFO] [1786714924.164553437] [attitude_scout_1]: [scout_1] Landed — tilt correction stopped, yaw-hold pinned to current heading.
[attitude_controller-6] [INFO] [1786714924.185348052] [attitude_scout_1]: [scout_1] Landed — tilt correction stopped, yaw-hold pinned to current heading.
[attitude_controller-6] [INFO] [1786714924.186829550] [attitude_scout_1]: [scout_1] Landed — tilt correction stopped, yaw-hold pinned to current heading.
[attitude_controller-6] [INFO] [1786714924.188265299] [attitude_scout_1]: [scout_1] Landed — tilt correction stopped, yaw-hold pinned to current heading.
[attitude_controller-6] [INFO] [1786714924.189693016] [attitude_scout_1]: [scout_1] Landed — tilt correction stopped, yaw-hold pinned to current heading.
[attitude_controller-6] [INFO] [1786714924.238244887] [attitude_scout_1]: [scout_1] Landed — tilt correction stopped, yaw-hold pinned to current heading.
[attitude_controller-6] [INFO] [1786714924.348496602] [attitude_scout_1]: [scout_1] Landed — tilt correction stopped, yaw-hold pinned to current heading.
[attitude_controller-6] [INFO] [1786714924.350220465] [attitude_scout_1]: [scout_1] Landed — tilt correction stopped, yaw-hold pinned to current heading.
[attitude_controller-6] [INFO] [1786714924.351853808] [attitude_scout_1]: [scout_1] Landed — tilt correction stopped, yaw-hold pinned to current heading.
[attitude_controller-6] [INFO] [1786714924.353297589] [attitude_scout_1]: [scout_1] Landed — tilt correction stopped, yaw-hold pinned to current heading.
[attitude_controller-6] [INFO] [1786714924.354782021] [attitude_scout_1]: [scout_1] Landed — tilt correction stopped, yaw-hold pinned to current heading.
[attitude_controller-6] [INFO] [1786714924.427283439] [attitude_scout_1]: [scout_1] Landed — tilt correction stopped, yaw-hold pinned to current heading.
[attitude_controller-6] [INFO] [1786714924.429015334] [attitude_scout_1]: [scout_1] Landed — tilt correction stopped, yaw-hold pinned to current heading.
[attitude_controller-6] [INFO] [1786714924.508430991] [attitude_scout_1]: [scout_1] Landed — tilt correction stopped, yaw-hold pinned to current heading.
[attitude_controller-6] [INFO] [1786714924.511086806] [attitude_scout_1]: [scout_1] Landed — tilt correction stopped, yaw-hold pinned to current heading.
[attitude_controller-6] [INFO] [1786714924.512244639] [attitude_scout_1]: [scout_1] Landed — tilt correction stopped, yaw-hold pinned to current heading.
[attitude_controller-6] [INFO] [1786714924.541767527] [attitude_scout_1]: [scout_1] Landed — tilt correction stopped, yaw-hold pinned to current heading.
[attitude_controller-6] [INFO] [1786714924.563201439] [attitude_scout_1]: [scout_1] Landed — tilt correction stopped, yaw-hold pinned to current heading.
[attitude_controller-6] [INFO] [1786714924.670422268] [attitude_scout_1]: [scout_1] Landed — tilt correction stopped, yaw-hold pinned to current heading.
[attitude_controller-6] [INFO] [1786714924.672348823] [attitude_scout_1]: [scout_1] Landed — tilt correction stopped, yaw-hold pinned to current heading.
[attitude_controller-6] [INFO] [1786714924.675267677] [attitude_scout_1]: [scout_1] Landed — tilt correction stopped, yaw-hold pinned to current heading.
[attitude_controller-6] [INFO] [1786714924.678932832] [attitude_scout_1]: [scout_1] Landed — tilt correction stopped, yaw-hold pinned to current heading.
[attitude_controller-6] [INFO] [1786714924.680550879] [attitude_scout_1]: [scout_1] Landed — tilt correction stopped, yaw-hold pinned to current heading.
[attitude_controller-6] [INFO] [1786714924.682255813] [attitude_scout_1]: [scout_1] Landed — tilt correction stopped, yaw-hold pinned to current heading.
[attitude_controller-6] [INFO] [1786714924.683755262] [attitude_scout_1]: [scout_1] Landed — tilt correction stopped, yaw-hold pinned to current heading.
[attitude_controller-6] [INFO] [1786714924.735848661] [attitude_scout_1]: [scout_1] Landed — tilt correction stopped, yaw-hold pinned to current heading.
[attitude_controller-6] [INFO] [1786714924.749758581] [attitude_scout_1]: [scout_1] Landed — tilt correction stopped, yaw-hold pinned to current heading.
[attitude_controller-6] [INFO] [1786714924.828545208] [attitude_scout_1]: [scout_1] Landed — tilt correction stopped, yaw-hold pinned to current heading.
[attitude_controller-6] [INFO] [1786714924.848937790] [attitude_scout_1]: [scout_1] Landed — tilt correction stopped, yaw-hold pinned to current heading.
[attitude_controller-6] [INFO] [1786714924.852668391] [attitude_scout_1]: [scout_1] Landed — tilt correction stopped, yaw-hold pinned to current heading.
[attitude_controller-6] [INFO] [1786714924.857523089] [attitude_scout_1]: [scout_1] Landed — tilt correction stopped, yaw-hold pinned to current heading.
[attitude_controller-6] [INFO] [1786714924.859137993] [attitude_scout_1]: [scout_1] Landed — tilt correction stopped, yaw-hold pinned to current heading.
[attitude_controller-6] [INFO] [1786714924.901762126] [attitude_scout_1]: [scout_1] Landed — tilt correction stopped, yaw-hold pinned to current heading.
[attitude_controller-6] [INFO] [1786714925.012405395] [attitude_scout_1]: [scout_1] Landed — tilt correction stopped, yaw-hold pinned to current heading.
[attitude_controller-6] [INFO] [1786714925.013667577] [attitude_scout_1]: [scout_1] Landed — tilt correction stopped, yaw-hold pinned to current heading.
[attitude_controller-6] [INFO] [1786714925.014815213] [attitude_scout_1]: [scout_1] Landed — tilt correction stopped, yaw-hold pinned to current heading.
[attitude_controller-6] [INFO] [1786714925.019641483] [attitude_scout_1]: [scout_1] Landed — tilt correction stopped, yaw-hold pinned to current heading.
[attitude_controller-6] [INFO] [1786714925.021510206] [attitude_scout_1]: [scout_1] Landed — tilt correction stopped, yaw-hold pinned to current heading.
[attitude_controller-6] [INFO] [1786714925.085962524] [attitude_scout_1]: [scout_1] Landed — tilt correction stopped, yaw-hold pinned to current heading.
[attitude_controller-6] [INFO] [1786714925.108957627] [attitude_scout_1]: [scout_1] Landed — tilt correction stopped, yaw-hold pinned to current heading.
[attitude_controller-6] [INFO] [1786714925.181816648] [attitude_scout_1]: [scout_1] Landed — tilt correction stopped, yaw-hold pinned to current heading.
[attitude_controller-6] [INFO] [1786714925.184530085] [attitude_scout_1]: [scout_1] Landed — tilt correction stopped, yaw-hold pinned to current heading.
[attitude_controller-6] [INFO] [1786714925.191568789] [attitude_scout_1]: [scout_1] Landed — tilt correction stopped, yaw-hold pinned to current heading.
[attitude_controller-6] [INFO] [1786714925.222558155] [attitude_scout_1]: [scout_1] Landed — tilt correction stopped, yaw-hold pinned to current heading.
[attitude_controller-6] [INFO] [1786714925.224159019] [attitude_scout_1]: [scout_1] Landed — tilt correction stopped, yaw-hold pinned to current heading.
[attitude_controller-6] [INFO] [1786714925.226029209] [attitude_scout_1]: [scout_1] Landed — tilt correction stopped, yaw-hold pinned to current heading.
[attitude_controller-6] [INFO] [1786714925.228841058] [attitude_scout_1]: [scout_1] Landed — tilt correction stopped, yaw-hold pinned to current heading.
[attitude_controller-6] [INFO] [1786714925.230969468] [attitude_scout_1]: [scout_1] Landed — tilt correction stopped, yaw-hold pinned to current heading.
[attitude_controller-6] [INFO] [1786714925.284949955] [attitude_scout_1]: [scout_1] Landed — tilt correction stopped, yaw-hold pinned to current heading.
[attitude_controller-6] [INFO] [1786714925.303429879] [attitude_scout_1]: [scout_1] Landed — tilt correction stopped, yaw-hold pinned to current heading.
[attitude_controller-6] [INFO] [1786714925.355351314] [attitude_scout_1]: [scout_1] Landed — tilt correction stopped, yaw-hold pinned to current heading.
[attitude_controller-6] [INFO] [1786714925.380106389] [attitude_scout_1]: [scout_1] Landed — tilt correction stopped, yaw-hold pinned to current heading.
[attitude_controller-6] [INFO] [1786714925.383447181] [attitude_scout_1]: [scout_1] Landed — tilt correction stopped, yaw-hold pinned to current heading.
[attitude_controller-6] [INFO] [1786714925.385298302] [attitude_scout_1]: [scout_1] Landed — tilt correction stopped, yaw-hold pinned to current heading.
[attitude_controller-6] [INFO] [1786714925.395595030] [attitude_scout_1]: [scout_1] Landed — tilt correction stopped, yaw-hold pinned to current heading.
[attitude_controller-6] [INFO] [1786714925.397300663] [attitude_scout_1]: [scout_1] Landed — tilt correction stopped, yaw-hold pinned to current heading.
[landing_controller-15] [INFO] [1786714925.426936349] [landing_scout_3]: [scout_3] 📏 CALIBSERIES t=67.4s v=0.11571 m/s (vx=0.05666 vy=0.09837 vz=0.02239)
[attitude_controller-6] [INFO] [1786714925.491602675] [attitude_scout_1]: [scout_1] Landed — tilt correction stopped, yaw-hold pinned to current heading.
[attitude_controller-6] [INFO] [1786714925.537737111] [attitude_scout_1]: [scout_1] Landed — tilt correction stopped, yaw-hold pinned to current heading.
[attitude_controller-6] [INFO] [1786714925.539572587] [attitude_scout_1]: [scout_1] Landed — tilt correction stopped, yaw-hold pinned to current heading.
[attitude_controller-6] [INFO] [1786714925.570788603] [attitude_scout_1]: [scout_1] Landed — tilt correction stopped, yaw-hold pinned to current heading.
[attitude_controller-6] [INFO] [1786714925.584136542] [attitude_scout_1]: [scout_1] Landed — tilt correction stopped, yaw-hold pinned to current heading.
[attitude_controller-6] [INFO] [1786714925.607111529] [attitude_scout_1]: [scout_1] Landed — tilt correction stopped, yaw-hold pinned to current heading.
[attitude_controller-6] [INFO] [1786714925.662909192] [attitude_scout_1]: [scout_1] Landed — tilt correction stopped, yaw-hold pinned to current heading.
[attitude_controller-6] [INFO] [1786714925.681482431] [attitude_scout_1]: [scout_1] Landed — tilt correction stopped, yaw-hold pinned to current heading.
[attitude_controller-6] [INFO] [1786714925.683768412] [attitude_scout_1]: [scout_1] Landed — tilt correction stopped, yaw-hold pinned to current heading.
[attitude_controller-6] [INFO] [1786714925.688677310] [attitude_scout_1]: [scout_1] Landed — tilt correction stopped, yaw-hold pinned to current heading.
[attitude_controller-6] [INFO] [1786714925.690352071] [attitude_scout_1]: [scout_1] Landed — tilt correction stopped, yaw-hold pinned to current heading.
[attitude_controller-6] [INFO] [1786714925.752427050] [attitude_scout_1]: [scout_1] Landed — tilt correction stopped, yaw-hold pinned to current heading.
[attitude_controller-6] [INFO] [1786714925.754626493] [attitude_scout_1]: [scout_1] Landed — tilt correction stopped, yaw-hold pinned to current heading.
[attitude_controller-6] [INFO] [1786714925.809346646] [attitude_scout_1]: [scout_1] Landed — tilt correction stopped, yaw-hold pinned to current heading.
[attitude_controller-6] [INFO] [1786714925.811178839] [attitude_scout_1]: [scout_1] Landed — tilt correction stopped, yaw-hold pinned to current heading.
[attitude_controller-6] [INFO] [1786714925.813458953] [attitude_scout_1]: [scout_1] Landed — tilt correction stopped, yaw-hold pinned to current heading.
[attitude_controller-6] [INFO] [1786714925.815129803] [attitude_scout_1]: [scout_1] Landed — tilt correction stopped, yaw-hold pinned to current heading.
[attitude_controller-6] [INFO] [1786714925.867104251] [attitude_scout_1]: [scout_1] Landed — tilt correction stopped, yaw-hold pinned to current heading.
[attitude_controller-6] [INFO] [1786714925.871543157] [attitude_scout_1]: [scout_1] Landed — tilt correction stopped, yaw-hold pinned to current heading.
[attitude_controller-6] [INFO] [1786714925.873735545] [attitude_scout_1]: [scout_1] Landed — tilt correction stopped, yaw-hold pinned to current heading.
[attitude_controller-6] [INFO] [1786714925.884436400] [attitude_scout_1]: [scout_1] Landed — tilt correction stopped, yaw-hold pinned to current heading.
[attitude_controller-6] [INFO] [1786714925.887595593] [attitude_scout_1]: [scout_1] Landed — tilt correction stopped, yaw-hold pinned to current heading.
[attitude_controller-6] [INFO] [1786714925.890284304] [attitude_scout_1]: [scout_1] Landed — tilt correction stopped, yaw-hold pinned to current heading.
[attitude_controller-6] [INFO] [1786714925.892454691] [attitude_scout_1]: [scout_1] Landed — tilt correction stopped, yaw-hold pinned to current heading.
[attitude_controller-6] [INFO] [1786714925.961688998] [attitude_scout_1]: [scout_1] Landed — tilt correction stopped, yaw-hold pinned to current heading.
[attitude_controller-6] [INFO] [1786714925.963236430] [attitude_scout_1]: [scout_1] Landed — tilt correction stopped, yaw-hold pinned to current heading.
[attitude_controller-6] [INFO] [1786714925.964788123] [attitude_scout_1]: [scout_1] Landed — tilt correction stopped, yaw-hold pinned to current heading.
[attitude_controller-6] [INFO] [1786714925.966277234] [attitude_scout_1]: [scout_1] Landed — tilt correction stopped, yaw-hold pinned to current heading.
[attitude_controller-6] [INFO] [1786714925.967808462] [attitude_scout_1]: [scout_1] Landed — tilt correction stopped, yaw-hold pinned to current heading.
[attitude_controller-6] [INFO] [1786714925.969298900] [attitude_scout_1]: [scout_1] Landed — tilt correction stopped, yaw-hold pinned to current heading.
[attitude_controller-6] [INFO] [1786714925.971126414] [attitude_scout_1]: [scout_1] Landed — tilt correction stopped, yaw-hold pinned to current heading.
[attitude_controller-6] [INFO] [1786714925.972928015] [attitude_scout_1]: [scout_1] Landed — tilt correction stopped, yaw-hold pinned to current heading.
[attitude_controller-6] [INFO] [1786714925.977727395] [attitude_scout_1]: [scout_1] Landed — tilt correction stopped, yaw-hold pinned to current heading.
[attitude_controller-6] [INFO] [1786714925.981229460] [attitude_scout_1]: [scout_1] Landed — tilt correction stopped, yaw-hold pinned to current heading.
[attitude_controller-6] [INFO] [1786714926.117894576] [attitude_scout_1]: [scout_1] Landed — tilt correction stopped, yaw-hold pinned to current heading.
[attitude_controller-6] [INFO] [1786714926.132087089] [attitude_scout_1]: [scout_1] Landed — tilt correction stopped, yaw-hold pinned to current heading.
[attitude_controller-6] [INFO] [1786714926.145160394] [attitude_scout_1]: [scout_1] Landed — tilt correction stopped, yaw-hold pinned to current heading.
[attitude_controller-6] [INFO] [1786714926.158140524] [attitude_scout_1]: [scout_1] Landed — tilt correction stopped, yaw-hold pinned to current heading.
[attitude_controller-6] [INFO] [1786714926.172855972] [attitude_scout_1]: [scout_1] Landed — tilt correction stopped, yaw-hold pinned to current heading.
[attitude_controller-6] [INFO] [1786714926.174345362] [attitude_scout_1]: [scout_1] Landed — tilt correction stopped, yaw-hold pinned to current heading.
[attitude_controller-6] [INFO] [1786714926.175764627] [attitude_scout_1]: [scout_1] Landed — tilt correction stopped, yaw-hold pinned to current heading.
[attitude_controller-6] [INFO] [1786714926.177732251] [attitude_scout_1]: [scout_1] Landed — tilt correction stopped, yaw-hold pinned to current heading.
[attitude_controller-6] [INFO] [1786714926.232828309] [attitude_scout_1]: [scout_1] Landed — tilt correction stopped, yaw-hold pinned to current heading.
[attitude_controller-6] [INFO] [1786714926.234837002] [attitude_scout_1]: [scout_1] Landed — tilt correction stopped, yaw-hold pinned to current heading.
[attitude_controller-6] [INFO] [1786714926.270344616] [attitude_scout_1]: [scout_1] Landed — tilt correction stopped, yaw-hold pinned to current heading.
[attitude_controller-6] [INFO] [1786714926.287699534] [attitude_scout_1]: [scout_1] Landed — tilt correction stopped, yaw-hold pinned to current heading.
[attitude_controller-6] [INFO] [1786714926.323712830] [attitude_scout_1]: [scout_1] Landed — tilt correction stopped, yaw-hold pinned to current heading.
[attitude_controller-6] [INFO] [1786714926.414588900] [attitude_scout_1]: [scout_1] Landed — tilt correction stopped, yaw-hold pinned to current heading.
[attitude_controller-6] [INFO] [1786714926.416349920] [attitude_scout_1]: [scout_1] Landed — tilt correction stopped, yaw-hold pinned to current heading.
[attitude_controller-6] [INFO] [1786714926.418126167] [attitude_scout_1]: [scout_1] Landed — tilt correction stopped, yaw-hold pinned to current heading.
[attitude_controller-6] [INFO] [1786714926.419912332] [attitude_scout_1]: [scout_1] Landed — tilt correction stopped, yaw-hold pinned to current heading.
[attitude_controller-6] [INFO] [1786714926.465807193] [attitude_scout_1]: [scout_1] Landed — tilt correction stopped, yaw-hold pinned to current heading.
[attitude_controller-6] [INFO] [1786714926.469781415] [attitude_scout_1]: [scout_1] Landed — tilt correction stopped, yaw-hold pinned to current heading.
[attitude_controller-6] [INFO] [1786714926.471139425] [attitude_scout_1]: [scout_1] Landed — tilt correction stopped, yaw-hold pinned to current heading.
[attitude_controller-6] [INFO] [1786714926.472877676] [attitude_scout_1]: [scout_1] Landed — tilt correction stopped, yaw-hold pinned to current heading.
[attitude_controller-6] [INFO] [1786714926.474256221] [attitude_scout_1]: [scout_1] Landed — tilt correction stopped, yaw-hold pinned to current heading.
[attitude_controller-6] [INFO] [1786714926.583647416] [attitude_scout_1]: [scout_1] Landed — tilt correction stopped, yaw-hold pinned to current heading.
[attitude_controller-6] [INFO] [1786714926.588351526] [attitude_scout_1]: [scout_1] Landed — tilt correction stopped, yaw-hold pinned to current heading.
[attitude_controller-6] [INFO] [1786714926.591226306] [attitude_scout_1]: [scout_1] Landed — tilt correction stopped, yaw-hold pinned to current heading.
[attitude_controller-6] [INFO] [1786714926.627185123] [attitude_scout_1]: [scout_1] Landed — tilt correction stopped, yaw-hold pinned to current heading.
[attitude_controller-6] [INFO] [1786714926.633526347] [attitude_scout_1]: [scout_1] Landed — tilt correction stopped, yaw-hold pinned to current heading.
[attitude_controller-6] [INFO] [1786714926.657344090] [attitude_scout_1]: [scout_1] Landed — tilt correction stopped, yaw-hold pinned to current heading.
[attitude_controller-6] [INFO] [1786714926.705731186] [attitude_scout_1]: [scout_1] Landed — tilt correction stopped, yaw-hold pinned to current heading.
[attitude_controller-6] [INFO] [1786714926.709341093] [attitude_scout_1]: [scout_1] Landed — tilt correction stopped, yaw-hold pinned to current heading.
[attitude_controller-6] [INFO] [1786714926.769232898] [attitude_scout_1]: [scout_1] Landed — tilt correction stopped, yaw-hold pinned to current heading.
[attitude_controller-6] [INFO] [1786714926.789338341] [attitude_scout_1]: [scout_1] Landed — tilt correction stopped, yaw-hold pinned to current heading.
[attitude_controller-6] [INFO] [1786714926.790953244] [attitude_scout_1]: [scout_1] Landed — tilt correction stopped, yaw-hold pinned to current heading.
[attitude_controller-6] [INFO] [1786714926.792393463] [attitude_scout_1]: [scout_1] Landed — tilt correction stopped, yaw-hold pinned to current heading.
[attitude_controller-6] [INFO] [1786714926.793936844] [attitude_scout_1]: [scout_1] Landed — tilt correction stopped, yaw-hold pinned to current heading.
[attitude_controller-6] [INFO] [1786714926.828102302] [attitude_scout_1]: [scout_1] Landed — tilt correction stopped, yaw-hold pinned to current heading.
[attitude_controller-6] [INFO] [1786714926.849820413] [attitude_scout_1]: [scout_1] Landed — tilt correction stopped, yaw-hold pinned to current heading.
[attitude_controller-6] [INFO] [1786714926.864164141] [attitude_scout_1]: [scout_1] Landed — tilt correction stopped, yaw-hold pinned to current heading.
[attitude_controller-6] [INFO] [1786714926.877261892] [attitude_scout_1]: [scout_1] Landed — tilt correction stopped, yaw-hold pinned to current heading.
[attitude_controller-6] [INFO] [1786714926.879083538] [attitude_scout_1]: [scout_1] Landed — tilt correction stopped, yaw-hold pinned to current heading.
[attitude_controller-6] [INFO] [1786714926.919775381] [attitude_scout_1]: [scout_1] Landed — tilt correction stopped, yaw-hold pinned to current heading.
[attitude_controller-6] [INFO] [1786714926.932572237] [attitude_scout_1]: [scout_1] Landed — tilt correction stopped, yaw-hold pinned to current heading.
[attitude_controller-6] [INFO] [1786714926.944221387] [attitude_scout_1]: [scout_1] Landed — tilt correction stopped, yaw-hold pinned to current heading.
[attitude_controller-6] [INFO] [1786714926.945319571] [attitude_scout_1]: [scout_1] Landed — tilt correction stopped, yaw-hold pinned to current heading.
[attitude_controller-6] [INFO] [1786714926.975352676] [attitude_scout_1]: [scout_1] Landed — tilt correction stopped, yaw-hold pinned to current heading.
[attitude_controller-6] [INFO] [1786714927.034434687] [attitude_scout_1]: [scout_1] Landed — tilt correction stopped, yaw-hold pinned to current heading.
[attitude_controller-6] [INFO] [1786714927.047236291] [attitude_scout_1]: [scout_1] Landed — tilt correction stopped, yaw-hold pinned to current heading.
[attitude_controller-6] [INFO] [1786714927.063657230] [attitude_scout_1]: [scout_1] Landed — tilt correction stopped, yaw-hold pinned to current heading.
[attitude_controller-6] [INFO] [1786714927.103616108] [attitude_scout_1]: [scout_1] Landed — tilt correction stopped, yaw-hold pinned to current heading.
[attitude_controller-6] [INFO] [1786714927.105107803] [attitude_scout_1]: [scout_1] Landed — tilt correction stopped, yaw-hold pinned to current heading.
[attitude_controller-6] [INFO] [1786714927.145662674] [attitude_scout_1]: [scout_1] Landed — tilt correction stopped, yaw-hold pinned to current heading.
[attitude_controller-6] [INFO] [1786714927.161354494] [attitude_scout_1]: [scout_1] Landed — tilt correction stopped, yaw-hold pinned to current heading.
[attitude_controller-6] [INFO] [1786714927.177435843] [attitude_scout_1]: [scout_1] Landed — tilt correction stopped, yaw-hold pinned to current heading.
[attitude_controller-6] [INFO] [1786714927.179105086] [attitude_scout_1]: [scout_1] Landed — tilt correction stopped, yaw-hold pinned to current heading.
[attitude_controller-6] [INFO] [1786714927.180962004] [attitude_scout_1]: [scout_1] Landed — tilt correction stopped, yaw-hold pinned to current heading.
[hopper_locomotion-5] [INFO] [1786714927.211701806] [loco_scout_1]: 2. IGNITION (stroke fraction=0.90, ramp=4.0s)
[landing_controller-7] [INFO] [1786714927.215507420] [landing_scout_1]: [scout_1] 🚀 Jump detected → FLIGHT mode (contact detection blanked 100 s for launch)
[landing_controller-7] [INFO] [1786714927.259033109] [landing_scout_1]: [scout_1] 📏 CALIBSERIES t=0.0s v=0.02703 m/s (vx=0.02215 vy=-0.01547 vz=-0.00089)
[attitude_controller-6] [INFO] [1786714927.283903076] [attitude_scout_1]: [scout_1] Landed — tilt correction stopped, yaw-hold pinned to current heading.
[attitude_controller-6] [INFO] [1786714927.301410815] [attitude_scout_1]: [scout_1] Landed — tilt correction stopped, yaw-hold pinned to current heading.
[attitude_controller-6] [INFO] [1786714927.303055332] [attitude_scout_1]: [scout_1] Landed — tilt correction stopped, yaw-hold pinned to current heading.
[attitude_controller-6] [INFO] [1786714927.308620919] [attitude_scout_1]: [scout_1] Landed — tilt correction stopped, yaw-hold pinned to current heading.
[attitude_controller-6] [INFO] [1786714927.310305248] [attitude_scout_1]: [scout_1] Landed — tilt correction stopped, yaw-hold pinned to current heading.
[attitude_controller-6] [INFO] [1786714927.312015351] [attitude_scout_1]: [scout_1] Landed — tilt correction stopped, yaw-hold pinned to current heading.
[attitude_controller-6] [INFO] [1786714927.345412852] [attitude_scout_1]: [scout_1] Landed — tilt correction stopped, yaw-hold pinned to current heading.
[attitude_controller-6] [INFO] [1786714927.346959446] [attitude_scout_1]: [scout_1] Landed — tilt correction stopped, yaw-hold pinned to current heading.
[attitude_controller-6] [INFO] [1786714927.362611174] [attitude_scout_1]: [scout_1] Landed — tilt correction stopped, yaw-hold pinned to current heading.
[attitude_controller-6] [INFO] [1786714927.388893980] [attitude_scout_1]: [scout_1] Airborne (landed=False) — tilt correction armed.
[landing_controller-15] [INFO] [1786714927.436956079] [landing_scout_3]: [scout_3] 📏 CALIBSERIES t=69.4s v=0.14473 m/s (vx=-0.01748 vy=0.14193 vz=0.02225)
[landing_controller-7] [INFO] [1786714928.484301595] [landing_scout_1]: [scout_1] Landing controller state: FLIGHT
[landing_controller-11] [INFO] [1786714928.518380577] [landing_scout_2]: [scout_2] Landing controller state: FLIGHT
[landing_controller-15] [INFO] [1786714928.561352945] [landing_scout_3]: [scout_3] Landing controller state: FLIGHT
[landing_controller-7] [INFO] [1786714929.357241151] [landing_scout_1]: [scout_1] 📏 CALIBSERIES t=2.1s v=0.00216 m/s (vx=-0.00129 vy=0.00067 vz=-0.00160)
[landing_controller-15] [INFO] [1786714929.532457147] [landing_scout_3]: [scout_3] 📏 CALIBSERIES t=71.5s v=0.16091 m/s (vx=-0.12285 vy=0.10243 vz=0.01755)
[attitude_controller-6] [INFO] [1786714930.305069201] [attitude_scout_1]: [scout_1] Jump initiated. Flight mode active (tilt-PD held for stroke).
[landing_controller-7] [INFO] [1786714931.425906215] [landing_scout_1]: [scout_1] 📏 CALIBSERIES t=4.2s v=0.00253 m/s (vx=0.00094 vy=-0.00215 vz=-0.00095)
[landing_controller-15] [INFO] [1786714931.600853900] [landing_scout_3]: [scout_3] 📏 CALIBSERIES t=73.5s v=0.16173 m/s (vx=-0.15912 vy=-0.02679 vz=0.01090)
[hopper_locomotion-5] [INFO] [1786714931.721229676] [loco_scout_1]: 3. Separation confirmed (genuine ground clearance) — holding extension for clearance, then slow retract (FLIGHT)
[attitude_controller-6] [INFO] [1786714931.724292410] [attitude_scout_1]: [scout_1] Separation — tilt correction engaged.
[landing_controller-7] [INFO] [1786714933.484544459] [landing_scout_1]: [scout_1] Landing controller state: FLIGHT
[landing_controller-7] [INFO] [1786714933.508589813] [landing_scout_1]: [scout_1] 📏 CALIBSERIES t=6.3s v=0.04884 m/s (vx=-0.02931 vy=-0.03907 vz=-0.00067)
[landing_controller-11] [INFO] [1786714933.515319375] [landing_scout_2]: [scout_2] Landing controller state: FLIGHT
[landing_controller-15] [INFO] [1786714933.562957833] [landing_scout_3]: [scout_3] Landing controller state: FLIGHT
[landing_controller-15] [INFO] [1786714933.689139509] [landing_scout_3]: [scout_3] 📏 CALIBSERIES t=75.6s v=0.14710 m/s (vx=-0.06657 vy=-0.13101 vz=0.00669)
[landing_controller-7] [INFO] [1786714935.561455052] [landing_scout_1]: [scout_1] 📏 CALIBSERIES t=8.3s v=0.08035 m/s (vx=-0.07661 vy=-0.02424 vz=0.00015)
[landing_controller-15] [INFO] [1786714935.741425205] [landing_scout_3]: [scout_3] 📏 CALIBSERIES t=77.7s v=0.12534 m/s (vx=0.04366 vy=-0.11723 vz=0.00777)
[landing_controller-7] [INFO] [1786714937.644027562] [landing_scout_1]: [scout_1] 📏 CALIBSERIES t=10.4s v=0.11223 m/s (vx=-0.10427 vy=0.04147 vz=0.00143)
[landing_controller-15] [INFO] [1786714937.797202931] [landing_scout_3]: [scout_3] 📏 CALIBSERIES t=79.7s v=0.10666 m/s (vx=0.10060 vy=-0.03273 vz=0.01356)
[landing_controller-7] [INFO] [1786714938.484253110] [landing_scout_1]: [scout_1] Landing controller state: FLIGHT
[landing_controller-11] [INFO] [1786714938.515484942] [landing_scout_2]: [scout_2] Landing controller state: FLIGHT
[landing_controller-15] [INFO] [1786714938.560909760] [landing_scout_3]: [scout_3] Landing controller state: FLIGHT
[landing_controller-7] [INFO] [1786714939.713256567] [landing_scout_1]: [scout_1] 📏 CALIBSERIES t=12.5s v=0.14096 m/s (vx=-0.05127 vy=0.13129 vz=0.00168)
[landing_controller-15] [INFO] [1786714939.873941013] [landing_scout_3]: [scout_3] 📏 CALIBSERIES t=81.8s v=0.10449 m/s (vx=0.09125 vy=0.04714 vz=0.01924)
[landing_controller-7] [INFO] [1786714941.766691823] [landing_scout_1]: [scout_1] 📏 CALIBSERIES t=14.6s v=0.15742 m/s (vx=0.07080 vy=0.14052 vz=0.00467)
[landing_controller-15] [INFO] [1786714941.968483048] [landing_scout_3]: [scout_3] 📏 CALIBSERIES t=83.9s v=0.12624 m/s (vx=0.03717 vy=0.11858 vz=0.02218)
[landing_controller-7] [INFO] [1786714943.483962100] [landing_scout_1]: [scout_1] Landing controller state: FLIGHT
[landing_controller-11] [INFO] [1786714943.516168055] [landing_scout_2]: [scout_2] Landing controller state: FLIGHT
[landing_controller-15] [INFO] [1786714943.560426220] [landing_scout_3]: [scout_3] Landing controller state: FLIGHT
[landing_controller-7] [INFO] [1786714943.801273612] [landing_scout_1]: [scout_1] 📏 CALIBSERIES t=16.6s v=0.13680 m/s (vx=0.12706 vy=0.04952 vz=0.01092)
[landing_controller-15] [INFO] [1786714943.988472932] [landing_scout_3]: [scout_3] 📏 CALIBSERIES t=85.9s v=0.15206 m/s (vx=-0.05315 vy=0.14096 vz=0.02069)
[landing_controller-7] [INFO] [1786714945.870007008] [landing_scout_1]: [scout_1] 📏 CALIBSERIES t=18.7s v=0.09931 m/s (vx=0.08882 vy=-0.03270 vz=0.03008)
[landing_controller-15] [INFO] [1786714946.047589318] [landing_scout_3]: [scout_3] 📏 CALIBSERIES t=88.0s v=0.16274 m/s (vx=-0.14706 vy=0.06805 vz=0.01512)
[landing_controller-7] [INFO] [1786714947.954539716] [landing_scout_1]: [scout_1] 📏 CALIBSERIES t=20.7s v=0.10569 m/s (vx=0.04789 vy=-0.08582 vz=0.03890)
[landing_controller-15] [INFO] [1786714948.103619260] [landing_scout_3]: [scout_3] 📏 CALIBSERIES t=90.0s v=0.15955 m/s (vx=-0.14511 vy=-0.06575 vz=0.00872)
[landing_controller-15] [WARN] [1786714948.106008188] [landing_scout_3]: [scout_3] 📏 CALIBTIMEOUT t=90.0s -- never stabilized within 90s (last v=0.15955 m/s) -- likely tumbling/terrain-snagged launch, discard from calibration
[landing_controller-7] [INFO] [1786714948.484229727] [landing_scout_1]: [scout_1] Landing controller state: FLIGHT
[landing_controller-11] [INFO] [1786714948.515057334] [landing_scout_2]: [scout_2] Landing controller state: FLIGHT
[landing_controller-15] [INFO] [1786714948.563319797] [landing_scout_3]: [scout_3] Landing controller state: FLIGHT
[landing_controller-7] [INFO] [1786714949.993287344] [landing_scout_1]: [scout_1] 📏 CALIBSERIES t=22.8s v=0.12752 m/s (vx=-0.02803 vy=-0.11725 vz=0.04156)
[landing_controller-7] [INFO] [1786714951.998502506] [landing_scout_1]: [scout_1] 📏 CALIBSERIES t=24.8s v=0.14338 m/s (vx=-0.11639 vy=-0.07429 vz=0.03861)
[landing_controller-7] [INFO] [1786714953.484680244] [landing_scout_1]: [scout_1] Landing controller state: FLIGHT
[landing_controller-11] [INFO] [1786714953.516099638] [landing_scout_2]: [scout_2] Landing controller state: FLIGHT
[landing_controller-15] [INFO] [1786714953.560439203] [landing_scout_3]: [scout_3] Landing controller state: FLIGHT
[landing_controller-7] [INFO] [1786714954.019835842] [landing_scout_1]: [scout_1] 📏 CALIBSERIES t=26.8s v=0.15157 m/s (vx=-0.14565 vy=0.02778 vz=0.03144)
[swarm_manager-3] [INFO] [1786714955.482936762] [swarm_manager_node]: 📍 scout_2 detected high-value spectral anomaly at [13.5, -12.7]!
[landing_controller-7] [INFO] [1786714956.106011522] [landing_scout_1]: [scout_1] 📏 CALIBSERIES t=28.9s v=0.14895 m/s (vx=-0.07396 vy=0.12719 vz=0.02321)
[landing_controller-7] [INFO] [1786714958.137821851] [landing_scout_1]: [scout_1] 📏 CALIBSERIES t=30.9s v=0.13049 m/s (vx=0.03089 vy=0.12506 vz=0.02077)
[landing_controller-7] [INFO] [1786714958.484187204] [landing_scout_1]: [scout_1] Landing controller state: FLIGHT
[landing_controller-11] [INFO] [1786714958.515114243] [landing_scout_2]: [scout_2] Landing controller state: FLIGHT
[landing_controller-15] [INFO] [1786714958.560678739] [landing_scout_3]: [scout_3] Landing controller state: FLIGHT
[landing_controller-15] [INFO] [1786714959.808718591] [landing_scout_3]: [scout_3] 🎯 Contact detected! accel=0.2785 m/s² → hands-off settle (no posture commands at contact)
[attitude_controller-14] [INFO] [1786714960.153318903] [attitude_scout_3]: [scout_3] Contact — commanded-flight latch cleared (full attitude PD locked out until next ignition).
[landing_controller-7] [INFO] [1786714960.190078526] [landing_scout_1]: [scout_1] 📏 CALIBSERIES t=33.0s v=0.10720 m/s (vx=0.09423 vy=0.04369 vz=0.02655)
[landing_controller-15] [INFO] [1786714960.403708778] [landing_scout_3]: [scout_3] ⚠️ Bounce detected (v=0.1163 m/s) → back to FLIGHT
[landing_controller-15] [INFO] [1786714960.433670197] [landing_scout_3]: [scout_3] 🎯 Contact detected! accel=0.7604 m/s² → hands-off settle (no posture commands at contact)
[landing_controller-15] [INFO] [1786714960.788735586] [landing_scout_3]: [scout_3] ⚠️ Bounce detected (v=0.0657 m/s) → back to FLIGHT
[landing_controller-15] [INFO] [1786714960.817726921] [landing_scout_3]: [scout_3] 🎯 Contact detected! accel=0.2867 m/s² → hands-off settle (no posture commands at contact)
[landing_controller-15] [INFO] [1786714961.154926652] [landing_scout_3]: [scout_3] ⚠️ Bounce detected (v=0.0263 m/s) → back to FLIGHT
[landing_controller-7] [INFO] [1786714962.264750344] [landing_scout_1]: [scout_1] 📏 CALIBSERIES t=35.0s v=0.09992 m/s (vx=0.08685 vy=-0.03573 vz=0.03413)
[landing_controller-7] [INFO] [1786714963.484234357] [landing_scout_1]: [scout_1] Landing controller state: FLIGHT
[landing_controller-11] [INFO] [1786714963.516196563] [landing_scout_2]: [scout_2] Landing controller state: FLIGHT
[landing_controller-15] [INFO] [1786714963.562195827] [landing_scout_3]: [scout_3] Landing controller state: FLIGHT
[landing_controller-7] [INFO] [1786714964.351986916] [landing_scout_1]: [scout_1] 📏 CALIBSERIES t=37.1s v=0.11321 m/s (vx=0.03212 vy=-0.10114 vz=0.03947)
[landing_controller-7] [INFO] [1786714966.366201965] [landing_scout_1]: [scout_1] 📏 CALIBSERIES t=39.2s v=0.13799 m/s (vx=-0.05982 vy=-0.11770 vz=0.04012)
[landing_controller-7] [INFO] [1786714968.398828411] [landing_scout_1]: [scout_1] 📏 CALIBSERIES t=41.2s v=0.15324 m/s (vx=-0.14490 vy=-0.03597 vz=0.03453)
[landing_controller-7] [INFO] [1786714968.485599315] [landing_scout_1]: [scout_1] Landing controller state: FLIGHT
[landing_controller-11] [INFO] [1786714968.515230065] [landing_scout_2]: [scout_2] Landing controller state: FLIGHT
[landing_controller-15] [INFO] [1786714968.560490135] [landing_scout_3]: [scout_3] Landing controller state: FLIGHT
[landing_controller-7] [INFO] [1786714970.402522136] [landing_scout_1]: [scout_1] 📏 CALIBSERIES t=43.2s v=0.15791 m/s (vx=-0.12667 vy=0.09084 vz=0.02526)
[landing_controller-7] [INFO] [1786714972.460112862] [landing_scout_1]: [scout_1] 📏 CALIBSERIES t=45.2s v=0.14338 m/s (vx=-0.01051 vy=0.14168 vz=0.01939)
[landing_controller-7] [INFO] [1786714973.484470073] [landing_scout_1]: [scout_1] Landing controller state: FLIGHT
[landing_controller-11] [INFO] [1786714973.515140879] [landing_scout_2]: [scout_2] Landing controller state: FLIGHT
[landing_controller-15] [INFO] [1786714973.560508491] [landing_scout_3]: [scout_3] Landing controller state: FLIGHT
[landing_controller-7] [INFO] [1786714974.562986805] [landing_scout_1]: [scout_1] 📏 CALIBSERIES t=47.3s v=0.11340 m/s (vx=0.08665 vy=0.06930 vz=0.02342)
[landing_controller-7] [INFO] [1786714976.618280553] [landing_scout_1]: [scout_1] 📏 CALIBSERIES t=49.4s v=0.09923 m/s (vx=0.09223 vy=-0.01807 vz=0.03183)
[landing_controller-7] [INFO] [1786714978.484852290] [landing_scout_1]: [scout_1] Landing controller state: FLIGHT
[landing_controller-11] [INFO] [1786714978.519626919] [landing_scout_2]: [scout_2] Landing controller state: FLIGHT
[landing_controller-15] [INFO] [1786714978.561210008] [landing_scout_3]: [scout_3] Landing controller state: FLIGHT
[landing_controller-7] [INFO] [1786714978.638713330] [landing_scout_1]: [scout_1] 📏 CALIBSERIES t=51.4s v=0.10620 m/s (vx=0.04408 vy=-0.08881 vz=0.03805)
[landing_controller-7] [INFO] [1786714980.672066107] [landing_scout_1]: [scout_1] 📏 CALIBSERIES t=53.5s v=0.13331 m/s (vx=-0.04098 vy=-0.12044 vz=0.03982)
[landing_controller-7] [INFO] [1786714982.685242926] [landing_scout_1]: [scout_1] 📏 CALIBSERIES t=55.5s v=0.15097 m/s (vx=-0.13554 vy=-0.05637 vz=0.03525)
[landing_controller-7] [INFO] [1786714983.485028836] [landing_scout_1]: [scout_1] Landing controller state: FLIGHT
[landing_controller-11] [INFO] [1786714983.520878650] [landing_scout_2]: [scout_2] Landing controller state: FLIGHT
[landing_controller-15] [INFO] [1786714983.562030216] [landing_scout_3]: [scout_3] Landing controller state: FLIGHT
[landing_controller-7] [INFO] [1786714984.736332932] [landing_scout_1]: [scout_1] 📏 CALIBSERIES t=57.5s v=0.15708 m/s (vx=-0.13813 vy=0.07000 vz=0.02632)
[landing_controller-7] [INFO] [1786714986.741603960] [landing_scout_1]: [scout_1] 📏 CALIBSERIES t=59.5s v=0.14683 m/s (vx=-0.02879 vy=0.14268 vz=0.01929)
[landing_controller-7] [INFO] [1786714988.484123382] [landing_scout_1]: [scout_1] Landing controller state: FLIGHT
[landing_controller-11] [INFO] [1786714988.519502842] [landing_scout_2]: [scout_2] Landing controller state: FLIGHT
[landing_controller-15] [INFO] [1786714988.562116952] [landing_scout_3]: [scout_3] Landing controller state: FLIGHT
[landing_controller-7] [INFO] [1786714988.815187305] [landing_scout_1]: [scout_1] 📏 CALIBSERIES t=61.6s v=0.11904 m/s (vx=0.07533 vy=0.08972 vz=0.02110)
[landing_controller-7] [INFO] [1786714990.854289396] [landing_scout_1]: [scout_1] 📏 CALIBSERIES t=63.6s v=0.10036 m/s (vx=0.09594 vy=0.00099 vz=0.02944)
[landing_controller-7] [INFO] [1786714992.893229867] [landing_scout_1]: [scout_1] 📏 CALIBSERIES t=65.7s v=0.10294 m/s (vx=0.05856 vy=-0.07651 vz=0.03623)
[landing_controller-7] [INFO] [1786714993.484320362] [landing_scout_1]: [scout_1] Landing controller state: FLIGHT
[landing_controller-11] [INFO] [1786714993.519216967] [landing_scout_2]: [scout_2] Landing controller state: FLIGHT
[landing_controller-15] [INFO] [1786714993.561412826] [landing_scout_3]: [scout_3] Landing controller state: FLIGHT
[landing_controller-7] [INFO] [1786714994.897591675] [landing_scout_1]: [scout_1] 📏 CALIBSERIES t=67.7s v=0.12805 m/s (vx=-0.01734 vy=-0.12063 vz=0.03928)
[swarm_manager-3] [INFO] [1786714995.483476851] [swarm_manager_node]: 📍 scout_2 detected high-value spectral anomaly at [2.4, -2.6]!
[landing_controller-7] [INFO] [1786714996.921046130] [landing_scout_1]: [scout_1] 📏 CALIBSERIES t=69.7s v=0.14888 m/s (vx=-0.11947 vy=-0.08117 vz=0.03608)
[landing_controller-7] [INFO] [1786714998.484202077] [landing_scout_1]: [scout_1] Landing controller state: FLIGHT
[landing_controller-11] [INFO] [1786714998.515097092] [landing_scout_2]: [scout_2] Landing controller state: FLIGHT
[landing_controller-15] [INFO] [1786714998.560189487] [landing_scout_3]: [scout_3] Landing controller state: FLIGHT
[landing_controller-7] [INFO] [1786714998.987635019] [landing_scout_1]: [scout_1] 📏 CALIBSERIES t=71.8s v=0.15902 m/s (vx=-0.15006 vy=0.04506 vz=0.02721)
[swarm_manager-3] [INFO] [1786714999.483970942] [swarm_manager_node]: 📍 scout_2 detected high-value spectral anomaly at [13.1, -2.3]!
[landing_controller-7] [INFO] [1786715001.053954439] [landing_scout_1]: [scout_1] 📏 CALIBSERIES t=73.8s v=0.15018 m/s (vx=-0.05115 vy=0.13989 vz=0.01920)
[landing_controller-7] [INFO] [1786715003.095683996] [landing_scout_1]: [scout_1] 📏 CALIBSERIES t=75.9s v=0.12424 m/s (vx=0.06173 vy=0.10610 vz=0.01920)
[landing_controller-7] [INFO] [1786715003.484301257] [landing_scout_1]: [scout_1] Landing controller state: FLIGHT
[landing_controller-11] [INFO] [1786715003.515797347] [landing_scout_2]: [scout_2] Landing controller state: FLIGHT
[landing_controller-15] [INFO] [1786715003.560168362] [landing_scout_3]: [scout_3] Landing controller state: FLIGHT
[landing_controller-7] [INFO] [1786715005.129223299] [landing_scout_1]: [scout_1] 📏 CALIBSERIES t=77.9s v=0.10189 m/s (vx=0.09713 vy=0.01433 vz=0.02724)
[landing_controller-7] [INFO] [1786715007.169379334] [landing_scout_1]: [scout_1] 📏 CALIBSERIES t=80.0s v=0.10013 m/s (vx=0.06834 vy=-0.06453 vz=0.03451)
[landing_controller-7] [INFO] [1786715008.485320075] [landing_scout_1]: [scout_1] Landing controller state: FLIGHT
[landing_controller-11] [INFO] [1786715008.514804959] [landing_scout_2]: [scout_2] Landing controller state: FLIGHT
[landing_controller-15] [INFO] [1786715008.560505600] [landing_scout_3]: [scout_3] Landing controller state: FLIGHT
[landing_controller-7] [INFO] [1786715009.170771422] [landing_scout_1]: [scout_1] 📏 CALIBSERIES t=82.0s v=0.12134 m/s (vx=0.00286 vy=-0.11505 vz=0.03846)
[swarm_manager-3] [INFO] [1786715009.482714574] [swarm_manager_node]: 📍 scout_2 detected high-value spectral anomaly at [10.6, -2.8]!
[landing_controller-7] [INFO] [1786715011.220735224] [landing_scout_1]: [scout_1] 📏 CALIBSERIES t=84.0s v=0.14464 m/s (vx=-0.10278 vy=-0.09498 vz=0.03653)
[landing_controller-7] [INFO] [1786715013.241057852] [landing_scout_1]: [scout_1] 📏 CALIBSERIES t=86.0s v=0.15616 m/s (vx=-0.15275 vy=0.01473 vz=0.02893)
[swarm_manager-3] [INFO] [1786715013.482873319] [swarm_manager_node]: 📍 scout_2 detected high-value spectral anomaly at [1.4, -14.1]!
[landing_controller-7] [INFO] [1786715013.484695930] [landing_scout_1]: [scout_1] Landing controller state: FLIGHT
[landing_controller-11] [INFO] [1786715013.515019712] [landing_scout_2]: [scout_2] Landing controller state: FLIGHT
[landing_controller-15] [INFO] [1786715013.560056805] [landing_scout_3]: [scout_3] Landing controller state: FLIGHT
[landing_controller-7] [INFO] [1786715015.277728746] [landing_scout_1]: [scout_1] 📏 CALIBSERIES t=88.1s v=0.15368 m/s (vx=-0.08006 vy=0.12964 vz=0.02004)
[landing_controller-7] [INFO] [1786715017.292273616] [landing_scout_1]: [scout_1] 📏 CALIBSERIES t=90.1s v=0.13068 m/s (vx=0.04199 vy=0.12248 vz=0.01773)
[landing_controller-7] [WARN] [1786715017.293153455] [landing_scout_1]: [scout_1] 📏 CALIBTIMEOUT t=90.1s -- never stabilized within 90s (last v=0.13068 m/s) -- likely tumbling/terrain-snagged launch, discard from calibration
[landing_controller-7] [INFO] [1786715018.485521657] [landing_scout_1]: [scout_1] Landing controller state: FLIGHT
[landing_controller-11] [INFO] [1786715018.514826805] [landing_scout_2]: [scout_2] Landing controller state: FLIGHT
[landing_controller-15] [INFO] [1786715018.560858126] [landing_scout_3]: [scout_3] Landing controller state: FLIGHT
[landing_controller-7] [INFO] [1786715023.484985099] [landing_scout_1]: [scout_1] Landing controller state: FLIGHT
[landing_controller-11] [INFO] [1786715023.515928035] [landing_scout_2]: [scout_2] Landing controller state: FLIGHT
[landing_controller-15] [INFO] [1786715023.560352690] [landing_scout_3]: [scout_3] Landing controller state: FLIGHT
[swarm_manager-3] [INFO] [1786715027.482785417] [swarm_manager_node]: 📍 scout_2 detected high-value spectral anomaly at [-1.5, -6.4]!
[landing_controller-7] [INFO] [1786715028.002871201] [landing_scout_1]: [scout_1] 🎯 Contact detected! accel=0.1079 m/s² → hands-off settle (no posture commands at contact)
[attitude_controller-6] [INFO] [1786715028.239541731] [attitude_scout_1]: [scout_1] Contact — commanded-flight latch cleared (full attitude PD locked out until next ignition).
[landing_controller-7] [INFO] [1786715028.350829589] [landing_scout_1]: [scout_1] ⚠️ Bounce detected (v=0.1570 m/s) → back to FLIGHT
[landing_controller-7] [INFO] [1786715028.484140031] [landing_scout_1]: [scout_1] Landing controller state: FLIGHT
[landing_controller-7] [INFO] [1786715028.511991191] [landing_scout_1]: [scout_1] 🎯 Contact detected! accel=0.2242 m/s² → hands-off settle (no posture commands at contact)
[landing_controller-11] [INFO] [1786715028.515703109] [landing_scout_2]: [scout_2] Landing controller state: FLIGHT
[landing_controller-15] [INFO] [1786715028.561646669] [landing_scout_3]: [scout_3] Landing controller state: FLIGHT
[landing_controller-7] [INFO] [1786715028.837981054] [landing_scout_1]: [scout_1] ⚠️ Bounce detected (v=0.0866 m/s) → back to FLIGHT
[landing_controller-7] [INFO] [1786715029.015483549] [landing_scout_1]: [scout_1] 🎯 Contact detected! accel=0.2591 m/s² → hands-off settle (no posture commands at contact)
[landing_controller-7] [INFO] [1786715029.347527491] [landing_scout_1]: [scout_1] ⚠️ Bounce detected (v=0.0418 m/s) → back to FLIGHT
[swarm_manager-3] [INFO] [1786715031.483095912] [swarm_manager_node]: 📍 scout_2 detected high-value spectral anomaly at [13.3, -12.5]!
[landing_controller-7] [INFO] [1786715033.484618402] [landing_scout_1]: [scout_1] Landing controller state: FLIGHT
[landing_controller-11] [INFO] [1786715033.514880603] [landing_scout_2]: [scout_2] Landing controller state: FLIGHT
[landing_controller-15] [INFO] [1786715033.560626902] [landing_scout_3]: [scout_3] Landing controller state: FLIGHT
[swarm_manager-3] [INFO] [1786715037.482753327] [swarm_manager_node]: 📍 scout_2 detected high-value spectral anomaly at [3.0, -3.9]!
[landing_controller-7] [INFO] [1786715038.484182742] [landing_scout_1]: [scout_1] Landing controller state: FLIGHT
[landing_controller-11] [INFO] [1786715038.515018220] [landing_scout_2]: [scout_2] Landing controller state: FLIGHT
[landing_controller-15] [INFO] [1786715038.560402495] [landing_scout_3]: [scout_3] Landing controller state: FLIGHT
[landing_controller-7] [INFO] [1786715043.484357441] [landing_scout_1]: [scout_1] Landing controller state: FLIGHT
[landing_controller-11] [INFO] [1786715043.514888732] [landing_scout_2]: [scout_2] Landing controller state: FLIGHT
[landing_controller-15] [INFO] [1786715043.560448371] [landing_scout_3]: [scout_3] Landing controller state: FLIGHT
[landing_controller-7] [INFO] [1786715048.484211830] [landing_scout_1]: [scout_1] Landing controller state: FLIGHT
[landing_controller-11] [INFO] [1786715048.514868971] [landing_scout_2]: [scout_2] Landing controller state: FLIGHT
[landing_controller-15] [INFO] [1786715048.560462606] [landing_scout_3]: [scout_3] Landing controller state: FLIGHT
[landing_controller-7] [INFO] [1786715053.484145582] [landing_scout_1]: [scout_1] Landing controller state: FLIGHT
[landing_controller-11] [INFO] [1786715053.515057226] [landing_scout_2]: [scout_2] Landing controller state: FLIGHT
[landing_controller-15] [INFO] [1786715053.560211660] [landing_scout_3]: [scout_3] Landing controller state: FLIGHT
[landing_controller-7] [INFO] [1786715058.484431249] [landing_scout_1]: [scout_1] Landing controller state: FLIGHT
[landing_controller-11] [INFO] [1786715058.515129016] [landing_scout_2]: [scout_2] Landing controller state: FLIGHT
[landing_controller-15] [INFO] [1786715058.560680222] [landing_scout_3]: [scout_3] Landing controller state: FLIGHT
[landing_controller-7] [INFO] [1786715063.483952237] [landing_scout_1]: [scout_1] Landing controller state: FLIGHT
[landing_controller-11] [INFO] [1786715063.514838086] [landing_scout_2]: [scout_2] Landing controller state: FLIGHT
[landing_controller-15] [INFO] [1786715063.560120722] [landing_scout_3]: [scout_3] Landing controller state: FLIGHT
[landing_controller-7] [INFO] [1786715068.484202899] [landing_scout_1]: [scout_1] Landing controller state: FLIGHT
[landing_controller-11] [INFO] [1786715068.514855874] [landing_scout_2]: [scout_2] Landing controller state: FLIGHT
[landing_controller-15] [INFO] [1786715068.561822664] [landing_scout_3]: [scout_3] Landing controller state: FLIGHT
[landing_controller-7] [INFO] [1786715073.485175219] [landing_scout_1]: [scout_1] Landing controller state: FLIGHT
[landing_controller-11] [INFO] [1786715073.516543045] [landing_scout_2]: [scout_2] Landing controller state: FLIGHT
[landing_controller-15] [INFO] [1786715073.560671182] [landing_scout_3]: [scout_3] Landing controller state: FLIGHT
[landing_controller-7] [INFO] [1786715078.484017516] [landing_scout_1]: [scout_1] Landing controller state: FLIGHT
[landing_controller-11] [INFO] [1786715078.514833138] [landing_scout_2]: [scout_2] Landing controller state: FLIGHT
[landing_controller-15] [INFO] [1786715078.560673646] [landing_scout_3]: [scout_3] Landing controller state: FLIGHT
[swarm_manager-3] [INFO] [1786715083.483047473] [swarm_manager_node]: 📍 scout_2 detected high-value spectral anomaly at [10.7, -7.6]!
[landing_controller-7] [INFO] [1786715083.484336459] [landing_scout_1]: [scout_1] Landing controller state: FLIGHT
[landing_controller-11] [INFO] [1786715083.515046744] [landing_scout_2]: [scout_2] Landing controller state: FLIGHT
[landing_controller-15] [INFO] [1786715083.560217075] [landing_scout_3]: [scout_3] Landing controller state: FLIGHT
[landing_controller-7] [INFO] [1786715088.484179341] [landing_scout_1]: [scout_1] Landing controller state: FLIGHT
[landing_controller-11] [INFO] [1786715088.514912036] [landing_scout_2]: [scout_2] Landing controller state: FLIGHT
[landing_controller-15] [INFO] [1786715088.560587608] [landing_scout_3]: [scout_3] Landing controller state: FLIGHT
[swarm_manager-3] [INFO] [1786715089.482727165] [swarm_manager_node]: 📍 scout_2 detected high-value spectral anomaly at [16.7, -6.9]!
[landing_controller-7] [INFO] [1786715093.484228076] [landing_scout_1]: [scout_1] Landing controller state: FLIGHT
[landing_controller-11] [INFO] [1786715093.516106703] [landing_scout_2]: [scout_2] Landing controller state: FLIGHT
[landing_controller-15] [INFO] [1786715093.560899562] [landing_scout_3]: [scout_3] Landing controller state: FLIGHT
[swarm_manager-3] [INFO] [1786715095.482648623] [swarm_manager_node]: 📍 scout_2 detected high-value spectral anomaly at [-3.3, -9.1]!
[landing_controller-7] [INFO] [1786715098.485030960] [landing_scout_1]: [scout_1] Landing controller state: FLIGHT
[landing_controller-11] [INFO] [1786715098.515396181] [landing_scout_2]: [scout_2] Landing controller state: FLIGHT
[landing_controller-15] [INFO] [1786715098.560321659] [landing_scout_3]: [scout_3] Landing controller state: FLIGHT
[swarm_manager-3] [INFO] [1786715103.483218351] [swarm_manager_node]: 📍 scout_2 detected high-value spectral anomaly at [8.5, -5.8]!
[landing_controller-7] [INFO] [1786715103.486395519] [landing_scout_1]: [scout_1] Landing controller state: FLIGHT
[landing_controller-11] [INFO] [1786715103.515122520] [landing_scout_2]: [scout_2] Landing controller state: FLIGHT
[landing_controller-15] [INFO] [1786715103.560223992] [landing_scout_3]: [scout_3] Landing controller state: FLIGHT
[landing_controller-7] [INFO] [1786715108.483980288] [landing_scout_1]: [scout_1] Landing controller state: FLIGHT
[landing_controller-11] [INFO] [1786715108.514847322] [landing_scout_2]: [scout_2] Landing controller state: FLIGHT
[landing_controller-15] [INFO] [1786715108.560119130] [landing_scout_3]: [scout_3] Landing controller state: FLIGHT
[swarm_manager-3] [INFO] [1786715109.482823809] [swarm_manager_node]: 📍 scout_2 detected high-value spectral anomaly at [6.6, 0.4]!
[landing_controller-7] [INFO] [1786715113.484120483] [landing_scout_1]: [scout_1] Landing controller state: FLIGHT
[landing_controller-11] [INFO] [1786715113.514820787] [landing_scout_2]: [scout_2] Landing controller state: FLIGHT
[landing_controller-15] [INFO] [1786715113.560463456] [landing_scout_3]: [scout_3] Landing controller state: FLIGHT
[swarm_manager-3] [INFO] [1786715117.482529003] [swarm_manager_node]: 📍 scout_2 detected high-value spectral anomaly at [4.3, -16.2]!
[landing_controller-7] [INFO] [1786715118.484234447] [landing_scout_1]: [scout_1] Landing controller state: FLIGHT
[landing_controller-11] [INFO] [1786715118.514851836] [landing_scout_2]: [scout_2] Landing controller state: FLIGHT
[landing_controller-15] [INFO] [1786715118.560280136] [landing_scout_3]: [scout_3] Landing controller state: FLIGHT
[swarm_manager-3] [INFO] [1786715121.482594383] [swarm_manager_node]: 📍 scout_2 detected high-value spectral anomaly at [3.2, -20.4]!
[landing_controller-7] [INFO] [1786715123.485011774] [landing_scout_1]: [scout_1] Landing controller state: FLIGHT
[landing_controller-11] [INFO] [1786715123.515130393] [landing_scout_2]: [scout_2] Landing controller state: FLIGHT
[landing_controller-15] [INFO] [1786715123.560346420] [landing_scout_3]: [scout_3] Landing controller state: FLIGHT
[landing_controller-7] [INFO] [1786715128.484151168] [landing_scout_1]: [scout_1] Landing controller state: FLIGHT
[landing_controller-11] [INFO] [1786715128.514867228] [landing_scout_2]: [scout_2] Landing controller state: FLIGHT
[landing_controller-15] [INFO] [1786715128.560303671] [landing_scout_3]: [scout_3] Landing controller state: FLIGHT
[swarm_manager-3] [INFO] [1786715129.482844201] [swarm_manager_node]: 📍 scout_2 detected high-value spectral anomaly at [-1.9, -13.7]!
[swarm_manager-3] [INFO] [1786715133.483313830] [swarm_manager_node]: 📍 scout_2 detected high-value spectral anomaly at [7.0, -6.7]!
[landing_controller-7] [INFO] [1786715133.484094204] [landing_scout_1]: [scout_1] Landing controller state: FLIGHT
[landing_controller-11] [INFO] [1786715133.515337162] [landing_scout_2]: [scout_2] Landing controller state: FLIGHT
[landing_controller-15] [INFO] [1786715133.560357945] [landing_scout_3]: [scout_3] Landing controller state: FLIGHT
[landing_controller-7] [INFO] [1786715138.485027591] [landing_scout_1]: [scout_1] Landing controller state: FLIGHT
[landing_controller-11] [INFO] [1786715138.514928475] [landing_scout_2]: [scout_2] Landing controller state: FLIGHT
[landing_controller-15] [INFO] [1786715138.560393106] [landing_scout_3]: [scout_3] Landing controller state: FLIGHT
[swarm_manager-3] [INFO] [1786715141.484438011] [swarm_manager_node]: 📍 scout_2 detected high-value spectral anomaly at [-1.8, -11.0]!
[landing_controller-7] [INFO] [1786715143.485542509] [landing_scout_1]: [scout_1] Landing controller state: FLIGHT
[landing_controller-11] [INFO] [1786715143.515267445] [landing_scout_2]: [scout_2] Landing controller state: FLIGHT
[landing_controller-15] [INFO] [1786715143.561140444] [landing_scout_3]: [scout_3] Landing controller state: FLIGHT
[landing_controller-7] [INFO] [1786715148.484215403] [landing_scout_1]: [scout_1] Landing controller state: FLIGHT
[landing_controller-11] [INFO] [1786715148.514854245] [landing_scout_2]: [scout_2] Landing controller state: FLIGHT
[landing_controller-15] [INFO] [1786715148.560601649] [landing_scout_3]: [scout_3] Landing controller state: FLIGHT
[landing_controller-7] [INFO] [1786715153.484610524] [landing_scout_1]: [scout_1] Landing controller state: FLIGHT
[landing_controller-11] [INFO] [1786715153.514856692] [landing_scout_2]: [scout_2] Landing controller state: FLIGHT
[landing_controller-15] [INFO] [1786715153.560138498] [landing_scout_3]: [scout_3] Landing controller state: FLIGHT
[swarm_manager-3] [INFO] [1786715155.482913411] [swarm_manager_node]: 📍 scout_2 detected high-value spectral anomaly at [-0.0, -13.0]!
[landing_controller-7] [INFO] [1786715158.484118217] [landing_scout_1]: [scout_1] Landing controller state: FLIGHT
[landing_controller-11] [INFO] [1786715158.515513457] [landing_scout_2]: [scout_2] Landing controller state: FLIGHT
[landing_controller-15] [INFO] [1786715158.560284127] [landing_scout_3]: [scout_3] Landing controller state: FLIGHT
[landing_controller-7] [INFO] [1786715163.484250350] [landing_scout_1]: [scout_1] Landing controller state: FLIGHT
[landing_controller-11] [INFO] [1786715163.515231752] [landing_scout_2]: [scout_2] Landing controller state: FLIGHT
[landing_controller-15] [INFO] [1786715163.560263348] [landing_scout_3]: [scout_3] Landing controller state: FLIGHT
[landing_controller-7] [INFO] [1786715168.484342786] [landing_scout_1]: [scout_1] Landing controller state: FLIGHT
[landing_controller-11] [INFO] [1786715168.515801636] [landing_scout_2]: [scout_2] Landing controller state: FLIGHT
[landing_controller-15] [INFO] [1786715168.560779857] [landing_scout_3]: [scout_3] Landing controller state: FLIGHT
[swarm_manager-3] [INFO] [1786715169.482686030] [swarm_manager_node]: 📍 scout_2 detected high-value spectral anomaly at [3.8, -21.0]!
[landing_controller-7] [INFO] [1786715173.485792638] [landing_scout_1]: [scout_1] Landing controller state: FLIGHT
[landing_controller-11] [INFO] [1786715173.515024349] [landing_scout_2]: [scout_2] Landing controller state: FLIGHT
[landing_controller-15] [INFO] [1786715173.560221310] [landing_scout_3]: [scout_3] Landing controller state: FLIGHT
[landing_controller-7] [INFO] [1786715178.486551454] [landing_scout_1]: [scout_1] Landing controller state: FLIGHT
[landing_controller-11] [INFO] [1786715178.516021466] [landing_scout_2]: [scout_2] Landing controller state: FLIGHT
[landing_controller-15] [INFO] [1786715178.560211816] [landing_scout_3]: [scout_3] Landing controller state: FLIGHT
[landing_controller-7] [INFO] [1786715183.484511832] [landing_scout_1]: [scout_1] Landing controller state: FLIGHT
[landing_controller-11] [INFO] [1786715183.515582599] [landing_scout_2]: [scout_2] Landing controller state: FLIGHT
[landing_controller-15] [INFO] [1786715183.560099319] [landing_scout_3]: [scout_3] Landing controller state: FLIGHT
[landing_controller-7] [INFO] [1786715188.485445589] [landing_scout_1]: [scout_1] Landing controller state: FLIGHT
[landing_controller-11] [INFO] [1786715188.515169398] [landing_scout_2]: [scout_2] Landing controller state: FLIGHT
[landing_controller-15] [INFO] [1786715188.560177112] [landing_scout_3]: [scout_3] Landing controller state: FLIGHT
[landing_controller-7] [INFO] [1786715193.484739447] [landing_scout_1]: [scout_1] Landing controller state: FLIGHT
[landing_controller-11] [INFO] [1786715193.515721284] [landing_scout_2]: [scout_2] Landing controller state: FLIGHT
[landing_controller-15] [INFO] [1786715193.560400576] [landing_scout_3]: [scout_3] Landing controller state: FLIGHT
[landing_controller-7] [INFO] [1786715198.484005915] [landing_scout_1]: [scout_1] Landing controller state: FLIGHT
[landing_controller-11] [INFO] [1786715198.514892267] [landing_scout_2]: [scout_2] Landing controller state: FLIGHT
[landing_controller-15] [INFO] [1786715198.561699354] [landing_scout_3]: [scout_3] Landing controller state: FLIGHT
[landing_controller-7] [INFO] [1786715203.484081256] [landing_scout_1]: [scout_1] Landing controller state: FLIGHT
[landing_controller-11] [INFO] [1786715203.515773881] [landing_scout_2]: [scout_2] Landing controller state: FLIGHT
[landing_controller-15] [INFO] [1786715203.560092613] [landing_scout_3]: [scout_3] Landing controller state: FLIGHT
[landing_controller-7] [INFO] [1786715208.484625409] [landing_scout_1]: [scout_1] Landing controller state: FLIGHT
[landing_controller-11] [INFO] [1786715208.516345405] [landing_scout_2]: [scout_2] Landing controller state: FLIGHT
[landing_controller-15] [INFO] [1786715208.561593961] [landing_scout_3]: [scout_3] Landing controller state: FLIGHT
[landing_controller-7] [INFO] [1786715213.484330623] [landing_scout_1]: [scout_1] Landing controller state: FLIGHT
[landing_controller-11] [INFO] [1786715213.514849219] [landing_scout_2]: [scout_2] Landing controller state: FLIGHT
[landing_controller-15] [INFO] [1786715213.561572176] [landing_scout_3]: [scout_3] Landing controller state: FLIGHT
[swarm_manager-3] [INFO] [1786715215.482629226] [swarm_manager_node]: 📍 scout_2 detected high-value spectral anomaly at [1.8, -8.2]!
[landing_controller-7] [INFO] [1786715218.484199877] [landing_scout_1]: [scout_1] Landing controller state: FLIGHT
[landing_controller-11] [INFO] [1786715218.515113713] [landing_scout_2]: [scout_2] Landing controller state: FLIGHT
[landing_controller-15] [INFO] [1786715218.560253358] [landing_scout_3]: [scout_3] Landing controller state: FLIGHT
[landing_controller-7] [INFO] [1786715223.485940873] [landing_scout_1]: [scout_1] Landing controller state: FLIGHT
[landing_controller-11] [INFO] [1786715223.514765730] [landing_scout_2]: [scout_2] Landing controller state: FLIGHT
[landing_controller-15] [INFO] [1786715223.560505814] [landing_scout_3]: [scout_3] Landing controller state: FLIGHT
[swarm_manager-3] [INFO] [1786715225.482817077] [swarm_manager_node]: 📍 scout_2 detected high-value spectral anomaly at [-0.6, -14.7]!
[landing_controller-7] [INFO] [1786715228.484117859] [landing_scout_1]: [scout_1] Landing controller state: FLIGHT
[landing_controller-11] [INFO] [1786715228.514819352] [landing_scout_2]: [scout_2] Landing controller state: FLIGHT
[landing_controller-15] [INFO] [1786715228.561138083] [landing_scout_3]: [scout_3] Landing controller state: FLIGHT
[swarm_manager-3] [INFO] [1786715229.483052700] [swarm_manager_node]: 📍 scout_2 detected high-value spectral anomaly at [18.1, -11.4]!
[landing_controller-7] [INFO] [1786715233.484091531] [landing_scout_1]: [scout_1] Landing controller state: FLIGHT
[landing_controller-11] [INFO] [1786715233.514990187] [landing_scout_2]: [scout_2] Landing controller state: FLIGHT
[landing_controller-15] [INFO] [1786715233.560579313] [landing_scout_3]: [scout_3] Landing controller state: FLIGHT
[landing_controller-7] [INFO] [1786715238.485706638] [landing_scout_1]: [scout_1] Landing controller state: FLIGHT
[landing_controller-11] [INFO] [1786715238.514961363] [landing_scout_2]: [scout_2] Landing controller state: FLIGHT
[landing_controller-15] [INFO] [1786715238.561117053] [landing_scout_3]: [scout_3] Landing controller state: FLIGHT
[landing_controller-7] [INFO] [1786715243.484250456] [landing_scout_1]: [scout_1] Landing controller state: FLIGHT
[landing_controller-11] [INFO] [1786715243.518251573] [landing_scout_2]: [scout_2] Landing controller state: FLIGHT
[landing_controller-15] [INFO] [1786715243.560404203] [landing_scout_3]: [scout_3] Landing controller state: FLIGHT
[swarm_manager-3] [INFO] [1786715245.482464755] [swarm_manager_node]: 📍 scout_2 detected high-value spectral anomaly at [-1.7, -16.1]!
[landing_controller-7] [INFO] [1786715248.484436502] [landing_scout_1]: [scout_1] Landing controller state: FLIGHT
[landing_controller-11] [INFO] [1786715248.516794527] [landing_scout_2]: [scout_2] Landing controller state: FLIGHT
[landing_controller-15] [INFO] [1786715248.560617679] [landing_scout_3]: [scout_3] Landing controller state: FLIGHT
[landing_controller-7] [INFO] [1786715253.484059807] [landing_scout_1]: [scout_1] Landing controller state: FLIGHT
[landing_controller-11] [INFO] [1786715253.515234385] [landing_scout_2]: [scout_2] Landing controller state: FLIGHT
[landing_controller-15] [INFO] [1786715253.560401048] [landing_scout_3]: [scout_3] Landing controller state: FLIGHT
[landing_controller-7] [INFO] [1786715258.483990783] [landing_scout_1]: [scout_1] Landing controller state: FLIGHT
[landing_controller-11] [INFO] [1786715258.515078747] [landing_scout_2]: [scout_2] Landing controller state: FLIGHT
[landing_controller-15] [INFO] [1786715258.561923472] [landing_scout_3]: [scout_3] Landing controller state: FLIGHT
[landing_controller-7] [INFO] [1786715263.484178174] [landing_scout_1]: [scout_1] Landing controller state: FLIGHT
[landing_controller-11] [INFO] [1786715263.514932555] [landing_scout_2]: [scout_2] Landing controller state: FLIGHT
[landing_controller-15] [INFO] [1786715263.560620651] [landing_scout_3]: [scout_3] Landing controller state: FLIGHT
[landing_controller-7] [INFO] [1786715268.484005201] [landing_scout_1]: [scout_1] Landing controller state: FLIGHT
[landing_controller-11] [INFO] [1786715268.514979374] [landing_scout_2]: [scout_2] Landing controller state: FLIGHT
[landing_controller-15] [INFO] [1786715268.560316282] [landing_scout_3]: [scout_3] Landing controller state: FLIGHT
[swarm_manager-3] [INFO] [1786715273.483405453] [swarm_manager_node]: 📍 scout_2 detected high-value spectral anomaly at [-0.6, -22.3]!
[landing_controller-7] [INFO] [1786715273.484251684] [landing_scout_1]: [scout_1] Landing controller state: FLIGHT
[landing_controller-11] [INFO] [1786715273.514981953] [landing_scout_2]: [scout_2] Landing controller state: FLIGHT
[landing_controller-15] [INFO] [1786715273.560406436] [landing_scout_3]: [scout_3] Landing controller state: FLIGHT
[landing_controller-7] [INFO] [1786715278.484077411] [landing_scout_1]: [scout_1] Landing controller state: FLIGHT
[landing_controller-11] [INFO] [1786715278.514975718] [landing_scout_2]: [scout_2] Landing controller state: FLIGHT
[landing_controller-15] [INFO] [1786715278.561250890] [landing_scout_3]: [scout_3] Landing controller state: FLIGHT
[landing_controller-7] [INFO] [1786715283.484086125] [landing_scout_1]: [scout_1] Landing controller state: FLIGHT
[landing_controller-11] [INFO] [1786715283.515160083] [landing_scout_2]: [scout_2] Landing controller state: FLIGHT
[landing_controller-15] [INFO] [1786715283.560451002] [landing_scout_3]: [scout_3] Landing controller state: FLIGHT
[landing_controller-7] [INFO] [1786715288.484398739] [landing_scout_1]: [scout_1] Landing controller state: FLIGHT
[landing_controller-11] [INFO] [1786715288.515036234] [landing_scout_2]: [scout_2] Landing controller state: FLIGHT
[landing_controller-15] [INFO] [1786715288.560284677] [landing_scout_3]: [scout_3] Landing controller state: FLIGHT
[landing_controller-7] [INFO] [1786715293.485242745] [landing_scout_1]: [scout_1] Landing controller state: FLIGHT
[landing_controller-11] [INFO] [1786715293.515049648] [landing_scout_2]: [scout_2] Landing controller state: FLIGHT
[landing_controller-15] [INFO] [1786715293.561670236] [landing_scout_3]: [scout_3] Landing controller state: FLIGHT
[swarm_manager-3] [INFO] [1786715297.482882130] [swarm_manager_node]: 📍 scout_2 detected high-value spectral anomaly at [6.8, -4.6]!
[landing_controller-7] [INFO] [1786715298.484198340] [landing_scout_1]: [scout_1] Landing controller state: FLIGHT
[landing_controller-11] [INFO] [1786715298.514928364] [landing_scout_2]: [scout_2] Landing controller state: FLIGHT
[landing_controller-15] [INFO] [1786715298.561575341] [landing_scout_3]: [scout_3] Landing controller state: FLIGHT
[swarm_manager-3] [INFO] [1786715301.482710459] [swarm_manager_node]: 📍 scout_2 detected high-value spectral anomaly at [-3.1, -7.3]!
[swarm_manager-3] [INFO] [1786715303.482977551] [swarm_manager_node]: 📍 scout_2 detected high-value spectral anomaly at [14.7, -14.1]!
[landing_controller-7] [INFO] [1786715303.484720507] [landing_scout_1]: [scout_1] Landing controller state: FLIGHT
[landing_controller-11] [INFO] [1786715303.516260644] [landing_scout_2]: [scout_2] Landing controller state: FLIGHT
[landing_controller-15] [INFO] [1786715303.560155130] [landing_scout_3]: [scout_3] Landing controller state: FLIGHT
[swarm_manager-3] [INFO] [1786715305.482540713] [swarm_manager_node]: 📍 scout_2 detected high-value spectral anomaly at [2.6, -20.8]!
[landing_controller-7] [INFO] [1786715308.484221468] [landing_scout_1]: [scout_1] Landing controller state: FLIGHT
[landing_controller-11] [INFO] [1786715308.514889946] [landing_scout_2]: [scout_2] Landing controller state: FLIGHT
[landing_controller-15] [INFO] [1786715308.560462214] [landing_scout_3]: [scout_3] Landing controller state: FLIGHT
[swarm_manager-3] [INFO] [1786715309.483657818] [swarm_manager_node]: 📍 scout_2 detected high-value spectral anomaly at [-0.0, -11.4]!
[landing_controller-7] [INFO] [1786715313.484090013] [landing_scout_1]: [scout_1] Landing controller state: FLIGHT
[landing_controller-11] [INFO] [1786715313.515448332] [landing_scout_2]: [scout_2] Landing controller state: FLIGHT
[landing_controller-15] [INFO] [1786715313.560502557] [landing_scout_3]: [scout_3] Landing controller state: FLIGHT
[landing_controller-7] [INFO] [1786715318.484516337] [landing_scout_1]: [scout_1] Landing controller state: FLIGHT
[landing_controller-11] [INFO] [1786715318.516094098] [landing_scout_2]: [scout_2] Landing controller state: FLIGHT
[landing_controller-15] [INFO] [1786715318.560168124] [landing_scout_3]: [scout_3] Landing controller state: FLIGHT
[landing_controller-7] [INFO] [1786715323.484172437] [landing_scout_1]: [scout_1] Landing controller state: FLIGHT
[landing_controller-11] [INFO] [1786715323.515221893] [landing_scout_2]: [scout_2] Landing controller state: FLIGHT
[landing_controller-15] [INFO] [1786715323.560214426] [landing_scout_3]: [scout_3] Landing controller state: FLIGHT
[landing_controller-7] [INFO] [1786715328.484144748] [landing_scout_1]: [scout_1] Landing controller state: FLIGHT
[landing_controller-11] [INFO] [1786715328.514952956] [landing_scout_2]: [scout_2] Landing controller state: FLIGHT
[landing_controller-15] [INFO] [1786715328.560531889] [landing_scout_3]: [scout_3] Landing controller state: FLIGHT
[landing_controller-7] [INFO] [1786715333.484146641] [landing_scout_1]: [scout_1] Landing controller state: FLIGHT
[landing_controller-11] [INFO] [1786715333.515122397] [landing_scout_2]: [scout_2] Landing controller state: FLIGHT
[landing_controller-15] [INFO] [1786715333.560267800] [landing_scout_3]: [scout_3] Landing controller state: FLIGHT
[landing_controller-7] [INFO] [1786715338.484581962] [landing_scout_1]: [scout_1] Landing controller state: FLIGHT
[landing_controller-11] [INFO] [1786715338.515857202] [landing_scout_2]: [scout_2] Landing controller state: FLIGHT
[landing_controller-15] [INFO] [1786715338.560269514] [landing_scout_3]: [scout_3] Landing controller state: FLIGHT
[landing_controller-7] [INFO] [1786715343.484413750] [landing_scout_1]: [scout_1] Landing controller state: FLIGHT
[landing_controller-11] [INFO] [1786715343.515085115] [landing_scout_2]: [scout_2] Landing controller state: FLIGHT
[landing_controller-15] [INFO] [1786715343.560249914] [landing_scout_3]: [scout_3] Landing controller state: FLIGHT
[landing_controller-7] [INFO] [1786715348.484199860] [landing_scout_1]: [scout_1] Landing controller state: FLIGHT
[landing_controller-11] [INFO] [1786715348.515172244] [landing_scout_2]: [scout_2] Landing controller state: FLIGHT
[landing_controller-15] [INFO] [1786715348.560335638] [landing_scout_3]: [scout_3] Landing controller state: FLIGHT
[swarm_manager-3] [INFO] [1786715349.482691451] [swarm_manager_node]: 📍 scout_2 detected high-value spectral anomaly at [1.1, -13.9]!
[swarm_manager-3] [INFO] [1786715351.483088966] [swarm_manager_node]: 📍 scout_2 detected high-value spectral anomaly at [2.6, -10.4]!
[landing_controller-7] [INFO] [1786715353.484119589] [landing_scout_1]: [scout_1] Landing controller state: FLIGHT
[landing_controller-11] [INFO] [1786715353.514831310] [landing_scout_2]: [scout_2] Landing controller state: FLIGHT
[landing_controller-15] [INFO] [1786715353.560586830] [landing_scout_3]: [scout_3] Landing controller state: FLIGHT
[swarm_manager-3] [INFO] [1786715355.484177822] [swarm_manager_node]: 📍 scout_2 detected high-value spectral anomaly at [7.8, -22.6]!
[landing_controller-7] [INFO] [1786715358.484531387] [landing_scout_1]: [scout_1] Landing controller state: FLIGHT
[landing_controller-11] [INFO] [1786715358.514805671] [landing_scout_2]: [scout_2] Landing controller state: FLIGHT
[landing_controller-15] [INFO] [1786715358.560808149] [landing_scout_3]: [scout_3] Landing controller state: FLIGHT
[swarm_manager-3] [INFO] [1786715359.482606300] [swarm_manager_node]: 📍 scout_2 detected high-value spectral anomaly at [2.7, -5.1]!
[landing_controller-7] [INFO] [1786715363.485500777] [landing_scout_1]: [scout_1] Landing controller state: FLIGHT
[landing_controller-11] [INFO] [1786715363.515161826] [landing_scout_2]: [scout_2] Landing controller state: FLIGHT
[landing_controller-15] [INFO] [1786715363.560240960] [landing_scout_3]: [scout_3] Landing controller state: FLIGHT
[landing_controller-7] [INFO] [1786715368.485340762] [landing_scout_1]: [scout_1] Landing controller state: FLIGHT
[landing_controller-11] [INFO] [1786715368.514834878] [landing_scout_2]: [scout_2] Landing controller state: FLIGHT
[landing_controller-15] [INFO] [1786715368.561827862] [landing_scout_3]: [scout_3] Landing controller state: FLIGHT
[landing_controller-7] [INFO] [1786715373.485534764] [landing_scout_1]: [scout_1] Landing controller state: FLIGHT
[landing_controller-11] [INFO] [1786715373.516285224] [landing_scout_2]: [scout_2] Landing controller state: FLIGHT
[landing_controller-15] [INFO] [1786715373.560107990] [landing_scout_3]: [scout_3] Landing controller state: FLIGHT
[landing_controller-7] [INFO] [1786715378.483976515] [landing_scout_1]: [scout_1] Landing controller state: FLIGHT
[landing_controller-11] [INFO] [1786715378.515204699] [landing_scout_2]: [scout_2] Landing controller state: FLIGHT
[landing_controller-15] [INFO] [1786715378.560268860] [landing_scout_3]: [scout_3] Landing controller state: FLIGHT
[landing_controller-7] [INFO] [1786715383.484148293] [landing_scout_1]: [scout_1] Landing controller state: FLIGHT
[landing_controller-11] [INFO] [1786715383.514899788] [landing_scout_2]: [scout_2] Landing controller state: FLIGHT
[landing_controller-15] [INFO] [1786715383.560870651] [landing_scout_3]: [scout_3] Landing controller state: FLIGHT
[landing_controller-7] [INFO] [1786715388.486974140] [landing_scout_1]: [scout_1] Landing controller state: FLIGHT
[landing_controller-11] [INFO] [1786715388.514783952] [landing_scout_2]: [scout_2] Landing controller state: FLIGHT
[landing_controller-15] [INFO] [1786715388.560282732] [landing_scout_3]: [scout_3] Landing controller state: FLIGHT
[swarm_manager-3] [INFO] [1786715393.484035244] [swarm_manager_node]: 📍 scout_2 detected high-value spectral anomaly at [10.3, -24.5]!
[landing_controller-7] [INFO] [1786715393.484318600] [landing_scout_1]: [scout_1] Landing controller state: FLIGHT
[landing_controller-11] [INFO] [1786715393.514882693] [landing_scout_2]: [scout_2] Landing controller state: FLIGHT
[landing_controller-15] [INFO] [1786715393.562181965] [landing_scout_3]: [scout_3] Landing controller state: FLIGHT
[landing_controller-7] [INFO] [1786715398.484290257] [landing_scout_1]: [scout_1] Landing controller state: FLIGHT
[landing_controller-11] [INFO] [1786715398.515057310] [landing_scout_2]: [scout_2] Landing controller state: FLIGHT
[landing_controller-15] [INFO] [1786715398.560173539] [landing_scout_3]: [scout_3] Landing controller state: FLIGHT
[swarm_manager-3] [INFO] [1786715399.482742648] [swarm_manager_node]: 📍 scout_2 detected high-value spectral anomaly at [14.7, -21.5]!
[landing_controller-7] [INFO] [1786715403.484088738] [landing_scout_1]: [scout_1] Landing controller state: FLIGHT
[landing_controller-11] [INFO] [1786715403.514927864] [landing_scout_2]: [scout_2] Landing controller state: FLIGHT
[landing_controller-15] [INFO] [1786715403.562498671] [landing_scout_3]: [scout_3] Landing controller state: FLIGHT
[landing_controller-7] [INFO] [1786715408.484213015] [landing_scout_1]: [scout_1] Landing controller state: FLIGHT
[landing_controller-11] [INFO] [1786715408.515197201] [landing_scout_2]: [scout_2] Landing controller state: FLIGHT
[landing_controller-15] [INFO] [1786715408.560406515] [landing_scout_3]: [scout_3] Landing controller state: FLIGHT
[swarm_manager-3] [INFO] [1786715413.482758949] [swarm_manager_node]: 📍 scout_2 detected high-value spectral anomaly at [4.2, -24.4]!
[landing_controller-7] [INFO] [1786715413.484729798] [landing_scout_1]: [scout_1] Landing controller state: FLIGHT
[landing_controller-11] [INFO] [1786715413.514861815] [landing_scout_2]: [scout_2] Landing controller state: FLIGHT
[landing_controller-15] [INFO] [1786715413.561838095] [landing_scout_3]: [scout_3] Landing controller state: FLIGHT
[landing_controller-7] [INFO] [1786715418.484102813] [landing_scout_1]: [scout_1] Landing controller state: FLIGHT
[landing_controller-11] [INFO] [1786715418.515130500] [landing_scout_2]: [scout_2] Landing controller state: FLIGHT
[landing_controller-15] [INFO] [1786715418.560459929] [landing_scout_3]: [scout_3] Landing controller state: FLIGHT
[landing_controller-7] [INFO] [1786715423.484485840] [landing_scout_1]: [scout_1] Landing controller state: FLIGHT
[landing_controller-11] [INFO] [1786715423.515733738] [landing_scout_2]: [scout_2] Landing controller state: FLIGHT
[landing_controller-15] [INFO] [1786715423.560841824] [landing_scout_3]: [scout_3] Landing controller state: FLIGHT
[swarm_manager-3] [INFO] [1786715425.482781434] [swarm_manager_node]: 📍 scout_2 detected high-value spectral anomaly at [-3.0, -24.3]!
[landing_controller-7] [INFO] [1786715428.484169324] [landing_scout_1]: [scout_1] Landing controller state: FLIGHT
[landing_controller-11] [INFO] [1786715428.514826689] [landing_scout_2]: [scout_2] Landing controller state: FLIGHT
[landing_controller-15] [INFO] [1786715428.561531182] [landing_scout_3]: [scout_3] Landing controller state: FLIGHT
[swarm_manager-3] [INFO] [1786715431.482841515] [swarm_manager_node]: 📍 scout_2 detected high-value spectral anomaly at [15.7, -20.7]!
[landing_controller-7] [INFO] [1786715433.484260784] [landing_scout_1]: [scout_1] Landing controller state: FLIGHT
[landing_controller-11] [INFO] [1786715433.515233976] [landing_scout_2]: [scout_2] Landing controller state: FLIGHT
[landing_controller-15] [INFO] [1786715433.560492629] [landing_scout_3]: [scout_3] Landing controller state: FLIGHT
[landing_controller-7] [INFO] [1786715438.484277120] [landing_scout_1]: [scout_1] Landing controller state: FLIGHT
[landing_controller-11] [INFO] [1786715438.514868402] [landing_scout_2]: [scout_2] Landing controller state: FLIGHT
[landing_controller-15] [INFO] [1786715438.561265777] [landing_scout_3]: [scout_3] Landing controller state: FLIGHT
[landing_controller-7] [INFO] [1786715443.485142652] [landing_scout_1]: [scout_1] Landing controller state: FLIGHT
[landing_controller-11] [INFO] [1786715443.514780773] [landing_scout_2]: [scout_2] Landing controller state: FLIGHT
[landing_controller-15] [INFO] [1786715443.560562887] [landing_scout_3]: [scout_3] Landing controller state: FLIGHT
[landing_controller-7] [INFO] [1786715448.484033262] [landing_scout_1]: [scout_1] Landing controller state: FLIGHT
[landing_controller-11] [INFO] [1786715448.515628953] [landing_scout_2]: [scout_2] Landing controller state: FLIGHT
[landing_controller-15] [INFO] [1786715448.560146752] [landing_scout_3]: [scout_3] Landing controller state: FLIGHT
[landing_controller-7] [INFO] [1786715453.484259823] [landing_scout_1]: [scout_1] Landing controller state: FLIGHT
[landing_controller-11] [INFO] [1786715453.515053007] [landing_scout_2]: [scout_2] Landing controller state: FLIGHT
[landing_controller-15] [INFO] [1786715453.560330556] [landing_scout_3]: [scout_3] Landing controller state: FLIGHT
[landing_controller-7] [INFO] [1786715458.484710575] [landing_scout_1]: [scout_1] Landing controller state: FLIGHT
[landing_controller-11] [INFO] [1786715458.514927404] [landing_scout_2]: [scout_2] Landing controller state: FLIGHT
[landing_controller-15] [INFO] [1786715458.561407302] [landing_scout_3]: [scout_3] Landing controller state: FLIGHT
[landing_controller-7] [INFO] [1786715463.484208451] [landing_scout_1]: [scout_1] Landing controller state: FLIGHT
[landing_controller-11] [INFO] [1786715463.515222819] [landing_scout_2]: [scout_2] Landing controller state: FLIGHT
[landing_controller-15] [INFO] [1786715463.560202889] [landing_scout_3]: [scout_3] Landing controller state: FLIGHT
[swarm_manager-3] [INFO] [1786715467.482724753] [swarm_manager_node]: 📍 scout_2 detected high-value spectral anomaly at [10.2, -13.3]!
[landing_controller-7] [INFO] [1786715468.483959379] [landing_scout_1]: [scout_1] Landing controller state: FLIGHT
[landing_controller-11] [INFO] [1786715468.514909486] [landing_scout_2]: [scout_2] Landing controller state: FLIGHT
[landing_controller-15] [INFO] [1786715468.561790061] [landing_scout_3]: [scout_3] Landing controller state: FLIGHT
[swarm_manager-3] [INFO] [1786715469.483142947] [swarm_manager_node]: 📍 scout_2 detected high-value spectral anomaly at [6.7, -28.4]!
[landing_controller-7] [INFO] [1786715473.484138395] [landing_scout_1]: [scout_1] Landing controller state: FLIGHT
[landing_controller-11] [INFO] [1786715473.515739438] [landing_scout_2]: [scout_2] Landing controller state: FLIGHT
[landing_controller-15] [INFO] [1786715473.560423147] [landing_scout_3]: [scout_3] Landing controller state: FLIGHT
[landing_controller-7] [INFO] [1786715478.484128718] [landing_scout_1]: [scout_1] Landing controller state: FLIGHT
[landing_controller-11] [INFO] [1786715478.515191053] [landing_scout_2]: [scout_2] Landing controller state: FLIGHT
[landing_controller-15] [INFO] [1786715478.561211420] [landing_scout_3]: [scout_3] Landing controller state: FLIGHT
[swarm_manager-3] [INFO] [1786715479.482916507] [swarm_manager_node]: 📍 scout_2 detected high-value spectral anomaly at [1.8, -13.7]!
[swarm_manager-3] [INFO] [1786715481.482794730] [swarm_manager_node]: 📍 scout_2 detected high-value spectral anomaly at [3.2, -9.3]!
[landing_controller-7] [INFO] [1786715483.485752502] [landing_scout_1]: [scout_1] Landing controller state: FLIGHT
[landing_controller-11] [INFO] [1786715483.517738792] [landing_scout_2]: [scout_2] Landing controller state: FLIGHT
[landing_controller-15] [INFO] [1786715483.560480000] [landing_scout_3]: [scout_3] Landing controller state: FLIGHT
[landing_controller-7] [INFO] [1786715488.485021275] [landing_scout_1]: [scout_1] Landing controller state: FLIGHT
[landing_controller-11] [INFO] [1786715488.514929157] [landing_scout_2]: [scout_2] Landing controller state: FLIGHT
[landing_controller-15] [INFO] [1786715488.560383917] [landing_scout_3]: [scout_3] Landing controller state: FLIGHT
[swarm_manager-3] [INFO] [1786715491.482897101] [swarm_manager_node]: 📍 scout_2 detected high-value spectral anomaly at [13.8, -18.2]!
[landing_controller-7] [INFO] [1786715493.483947513] [landing_scout_1]: [scout_1] Landing controller state: FLIGHT
[landing_controller-11] [INFO] [1786715493.515038679] [landing_scout_2]: [scout_2] Landing controller state: FLIGHT
[landing_controller-15] [INFO] [1786715493.560570120] [landing_scout_3]: [scout_3] Landing controller state: FLIGHT
[swarm_manager-3] [INFO] [1786715495.484486965] [swarm_manager_node]: 📍 scout_2 detected high-value spectral anomaly at [0.8, -24.2]!
[swarm_manager-3] [INFO] [1786715497.482558234] [swarm_manager_node]: 📍 scout_2 detected high-value spectral anomaly at [10.8, -16.6]!
[landing_controller-7] [INFO] [1786715498.484457648] [landing_scout_1]: [scout_1] Landing controller state: FLIGHT
[landing_controller-11] [INFO] [1786715498.515405560] [landing_scout_2]: [scout_2] Landing controller state: FLIGHT
[landing_controller-15] [INFO] [1786715498.560340252] [landing_scout_3]: [scout_3] Landing controller state: FLIGHT
[landing_controller-7] [INFO] [1786715503.484458687] [landing_scout_1]: [scout_1] Landing controller state: FLIGHT
[landing_controller-11] [INFO] [1786715503.514931240] [landing_scout_2]: [scout_2] Landing controller state: FLIGHT
[landing_controller-15] [INFO] [1786715503.561030075] [landing_scout_3]: [scout_3] Landing controller state: FLIGHT
[landing_controller-7] [INFO] [1786715508.484796303] [landing_scout_1]: [scout_1] Landing controller state: FLIGHT
[landing_controller-11] [INFO] [1786715508.518869979] [landing_scout_2]: [scout_2] Landing controller state: FLIGHT
[landing_controller-15] [INFO] [1786715508.560510142] [landing_scout_3]: [scout_3] Landing controller state: FLIGHT
[landing_controller-7] [INFO] [1786715513.484271012] [landing_scout_1]: [scout_1] Landing controller state: FLIGHT
[landing_controller-11] [INFO] [1786715513.515690562] [landing_scout_2]: [scout_2] Landing controller state: FLIGHT
[landing_controller-15] [INFO] [1786715513.560279438] [landing_scout_3]: [scout_3] Landing controller state: FLIGHT
[landing_controller-7] [INFO] [1786715518.484245606] [landing_scout_1]: [scout_1] Landing controller state: FLIGHT
[landing_controller-11] [INFO] [1786715518.515110176] [landing_scout_2]: [scout_2] Landing controller state: FLIGHT
[landing_controller-15] [INFO] [1786715518.560337624] [landing_scout_3]: [scout_3] Landing controller state: FLIGHT
[swarm_manager-3] [INFO] [1786715523.482778865] [swarm_manager_node]: 📍 scout_2 detected high-value spectral anomaly at [0.4, -19.6]!
[landing_controller-7] [INFO] [1786715523.484104703] [landing_scout_1]: [scout_1] Landing controller state: FLIGHT
[landing_controller-11] [INFO] [1786715523.515547082] [landing_scout_2]: [scout_2] Landing controller state: FLIGHT
[landing_controller-15] [INFO] [1786715523.560961704] [landing_scout_3]: [scout_3] Landing controller state: FLIGHT
[landing_controller-7] [INFO] [1786715528.484734412] [landing_scout_1]: [scout_1] Landing controller state: FLIGHT
[landing_controller-11] [INFO] [1786715528.515757517] [landing_scout_2]: [scout_2] Landing controller state: FLIGHT
[landing_controller-15] [INFO] [1786715528.560265494] [landing_scout_3]: [scout_3] Landing controller state: FLIGHT
[swarm_manager-3] [INFO] [1786715533.482532847] [swarm_manager_node]: 📍 scout_2 detected high-value spectral anomaly at [8.9, -29.3]!
[landing_controller-7] [INFO] [1786715533.484164947] [landing_scout_1]: [scout_1] Landing controller state: FLIGHT
[landing_controller-11] [INFO] [1786715533.514832405] [landing_scout_2]: [scout_2] Landing controller state: FLIGHT
[landing_controller-15] [INFO] [1786715533.560252112] [landing_scout_3]: [scout_3] Landing controller state: FLIGHT
[landing_controller-7] [INFO] [1786715538.484212314] [landing_scout_1]: [scout_1] Landing controller state: FLIGHT
[landing_controller-11] [INFO] [1786715538.514884587] [landing_scout_2]: [scout_2] Landing controller state: FLIGHT
[landing_controller-15] [INFO] [1786715538.560522618] [landing_scout_3]: [scout_3] Landing controller state: FLIGHT
[landing_controller-7] [INFO] [1786715543.484208608] [landing_scout_1]: [scout_1] Landing controller state: FLIGHT
[landing_controller-11] [INFO] [1786715543.515634836] [landing_scout_2]: [scout_2] Landing controller state: FLIGHT
[landing_controller-15] [INFO] [1786715543.560323479] [landing_scout_3]: [scout_3] Landing controller state: FLIGHT
[landing_controller-7] [INFO] [1786715548.484633240] [landing_scout_1]: [scout_1] Landing controller state: FLIGHT
[landing_controller-11] [INFO] [1786715548.515205558] [landing_scout_2]: [scout_2] Landing controller state: FLIGHT
[landing_controller-15] [INFO] [1786715548.560305363] [landing_scout_3]: [scout_3] Landing controller state: FLIGHT
[landing_controller-7] [INFO] [1786715553.484899113] [landing_scout_1]: [scout_1] Landing controller state: FLIGHT
[landing_controller-11] [INFO] [1786715553.515021916] [landing_scout_2]: [scout_2] Landing controller state: FLIGHT
[landing_controller-15] [INFO] [1786715553.562605064] [landing_scout_3]: [scout_3] Landing controller state: FLIGHT
[swarm_manager-3] [INFO] [1786715555.482782308] [swarm_manager_node]: 📍 scout_2 detected high-value spectral anomaly at [-0.1, -16.6]!
[landing_controller-7] [INFO] [1786715558.486974281] [landing_scout_1]: [scout_1] Landing controller state: FLIGHT
[landing_controller-11] [INFO] [1786715558.515311116] [landing_scout_2]: [scout_2] Landing controller state: FLIGHT
[landing_controller-15] [INFO] [1786715558.560148227] [landing_scout_3]: [scout_3] Landing controller state: FLIGHT
[landing_controller-7] [INFO] [1786715563.484197163] [landing_scout_1]: [scout_1] Landing controller state: FLIGHT
[landing_controller-11] [INFO] [1786715563.514724210] [landing_scout_2]: [scout_2] Landing controller state: FLIGHT
[landing_controller-15] [INFO] [1786715563.560315763] [landing_scout_3]: [scout_3] Landing controller state: FLIGHT
[landing_controller-7] [INFO] [1786715568.484024449] [landing_scout_1]: [scout_1] Landing controller state: FLIGHT
[landing_controller-11] [INFO] [1786715568.515605847] [landing_scout_2]: [scout_2] Landing controller state: FLIGHT
[landing_controller-15] [INFO] [1786715568.560115311] [landing_scout_3]: [scout_3] Landing controller state: FLIGHT
[swarm_manager-3] [INFO] [1786715569.482893746] [swarm_manager_node]: 📍 scout_2 detected high-value spectral anomaly at [12.8, -24.0]!
[landing_controller-7] [INFO] [1786715573.484177576] [landing_scout_1]: [scout_1] Landing controller state: FLIGHT
[landing_controller-11] [INFO] [1786715573.514974909] [landing_scout_2]: [scout_2] Landing controller state: FLIGHT
[landing_controller-15] [INFO] [1786715573.560383739] [landing_scout_3]: [scout_3] Landing controller state: FLIGHT
[landing_controller-7] [INFO] [1786715578.487153380] [landing_scout_1]: [scout_1] Landing controller state: FLIGHT
[landing_controller-11] [INFO] [1786715578.515231011] [landing_scout_2]: [scout_2] Landing controller state: FLIGHT
[landing_controller-15] [INFO] [1786715578.562326271] [landing_scout_3]: [scout_3] Landing controller state: FLIGHT
[landing_controller-15] [INFO] [1786715579.506321453] [landing_scout_3]: [scout_3] 🎯 Contact detected! accel=0.3131 m/s² → hands-off settle (no posture commands at contact)
[landing_controller-15] [WARN] [1786715580.703093292] [landing_scout_3]: [scout_3] Sustained contact accel but velocity still 0.0106 m/s — not actually landed, resetting settle counter (likely a false accel trigger, e.g. RW/leg motor reaction torque).
[landing_controller-15] [WARN] [1786715583.094964390] [landing_scout_3]: [scout_3] Sustained contact accel but velocity still 0.0106 m/s — not actually landed, resetting settle counter (likely a false accel trigger, e.g. RW/leg motor reaction torque).
[landing_controller-7] [INFO] [1786715583.484324893] [landing_scout_1]: [scout_1] Landing controller state: FLIGHT
[landing_controller-11] [INFO] [1786715583.515783564] [landing_scout_2]: [scout_2] Landing controller state: FLIGHT
[landing_controller-15] [INFO] [1786715583.560490317] [landing_scout_3]: [scout_3] Landing controller state: CONTACT
[landing_controller-15] [WARN] [1786715585.543000852] [landing_scout_3]: [scout_3] Sustained contact accel but velocity still 0.0104 m/s — not actually landed, resetting settle counter (likely a false accel trigger, e.g. RW/leg motor reaction torque).
[landing_controller-15] [WARN] [1786715588.015261743] [landing_scout_3]: [scout_3] Sustained contact accel but velocity still 0.0103 m/s — not actually landed, resetting settle counter (likely a false accel trigger, e.g. RW/leg motor reaction torque).
[landing_controller-7] [INFO] [1786715588.483924550] [landing_scout_1]: [scout_1] Landing controller state: FLIGHT
[landing_controller-11] [INFO] [1786715588.515176690] [landing_scout_2]: [scout_2] Landing controller state: FLIGHT
[landing_controller-15] [INFO] [1786715588.560452800] [landing_scout_3]: [scout_3] Landing controller state: CONTACT
[landing_controller-15] [WARN] [1786715590.441599613] [landing_scout_3]: [scout_3] Sustained contact accel but velocity still 0.0102 m/s — not actually landed, resetting settle counter (likely a false accel trigger, e.g. RW/leg motor reaction torque).
[landing_controller-15] [WARN] [1786715592.904585282] [landing_scout_3]: [scout_3] Sustained contact accel but velocity still 0.0101 m/s — not actually landed, resetting settle counter (likely a false accel trigger, e.g. RW/leg motor reaction torque).
[swarm_manager-3] [INFO] [1786715593.482618389] [swarm_manager_node]: 📍 scout_2 detected high-value spectral anomaly at [9.2, -17.2]!
[landing_controller-7] [INFO] [1786715593.484135524] [landing_scout_1]: [scout_1] Landing controller state: FLIGHT
[landing_controller-11] [INFO] [1786715593.516174514] [landing_scout_2]: [scout_2] Landing controller state: FLIGHT
[landing_controller-15] [INFO] [1786715593.560341438] [landing_scout_3]: [scout_3] Landing controller state: CONTACT
[landing_controller-15] [WARN] [1786715595.397116236] [landing_scout_3]: [scout_3] Sustained contact accel but velocity still 0.0101 m/s — not actually landed, resetting settle counter (likely a false accel trigger, e.g. RW/leg motor reaction torque).
[landing_controller-15] [WARN] [1786715597.850191043] [landing_scout_3]: [scout_3] ⚠️ Settled badly tilted/inverted — initiating RW righting roll
[landing_controller-15] [INFO] [1786715597.854104291] [landing_scout_3]: [scout_3] 🔄 RW righting attempt 1/5: proportional roll, u_z=0.65
[attitude_controller-14] [INFO] [1786715597.858467748] [attitude_scout_3]: [scout_3] RW righting in progress — attitude controller standing down.
[landing_controller-7] [INFO] [1786715598.484174390] [landing_scout_1]: [scout_1] Landing controller state: FLIGHT
[landing_controller-11] [INFO] [1786715598.517013011] [landing_scout_2]: [scout_2] Landing controller state: FLIGHT
[landing_controller-15] [INFO] [1786715598.560257719] [landing_scout_3]: [scout_3] Landing controller state: RIGHTING
[landing_controller-15] [INFO] [1786715600.260201743] [landing_scout_3]: [scout_3] 📐 RIGHTTRACE attempt=1 u_z=0.7650 w=5 omega=1.447 omega_roll=0.528 dir=(0.84,0.54)
[landing_controller-15] [INFO] [1786715601.480284588] [landing_scout_3]: [scout_3] 📐 RIGHTTRACE attempt=1 u_z=0.1669 w=16 omega=1.248 omega_roll=0.906 dir=(0.44,0.90)
[landing_controller-15] [INFO] [1786715602.613956774] [landing_scout_3]: [scout_3] 📐 RIGHTTRACE attempt=1 u_z=-0.2709 w=31 omega=0.968 omega_roll=0.516 dir=(0.19,0.98)
[landing_controller-7] [INFO] [1786715603.486658598] [landing_scout_1]: [scout_1] Landing controller state: FLIGHT
[landing_controller-11] [INFO] [1786715603.514925696] [landing_scout_2]: [scout_2] Landing controller state: FLIGHT
[landing_controller-15] [INFO] [1786715603.560254939] [landing_scout_3]: [scout_3] Landing controller state: RIGHTING
[landing_controller-15] [INFO] [1786715603.855517185] [landing_scout_3]: [scout_3] 📐 RIGHTTRACE attempt=1 u_z=-0.5872 w=68 omega=0.824 omega_roll=-0.465 dir=(0.40,0.92)
[landing_controller-15] [INFO] [1786715605.051701938] [landing_scout_3]: [scout_3] 📐 RIGHTTRACE attempt=1 u_z=-0.2795 w=84 omega=0.949 omega_roll=-0.898 dir=(0.65,0.76)
[landing_controller-15] [INFO] [1786715606.250393327] [landing_scout_3]: [scout_3] 📐 RIGHTTRACE attempt=1 u_z=0.4152 w=99 omega=1.346 omega_roll=-1.269 dir=(0.69,0.72)
[landing_controller-15] [WARN] [1786715607.147879783] [landing_scout_3]: [scout_3] Still inverted (u_z=0.78), retrying with alternate roll axis/sign (attempt 2/5)
[landing_controller-15] [INFO] [1786715607.160345194] [landing_scout_3]: [scout_3] 🔄 RW righting attempt 2/5: proportional roll, u_z=0.78
[landing_controller-15] [INFO] [1786715608.340949566] [landing_scout_3]: [scout_3] 📐 RIGHTTRACE attempt=2 u_z=0.1236 w=10 omega=1.325 omega_roll=0.921 dir=(0.55,0.84)
[landing_controller-7] [INFO] [1786715608.483995427] [landing_scout_1]: [scout_1] Landing controller state: FLIGHT
[landing_controller-11] [INFO] [1786715608.516179050] [landing_scout_2]: [scout_2] Landing controller state: FLIGHT
[landing_controller-15] [INFO] [1786715608.561442356] [landing_scout_3]: [scout_3] Landing controller state: RIGHTING
[landing_controller-15] [INFO] [1786715609.550829744] [landing_scout_3]: [scout_3] 📐 RIGHTTRACE attempt=2 u_z=-0.6336 w=39 omega=1.197 omega_roll=-0.184 dir=(0.39,0.92)
[landing_controller-15] [INFO] [1786715610.760984928] [landing_scout_3]: [scout_3] 📐 RIGHTTRACE attempt=2 u_z=-0.8144 w=65 omega=1.083 omega_roll=-0.594 dir=(0.87,0.50)
[landing_controller-15] [INFO] [1786715611.952217870] [landing_scout_3]: [scout_3] 📐 RIGHTTRACE attempt=2 u_z=-0.4643 w=80 omega=1.046 omega_roll=-0.826 dir=(0.63,0.78)
[landing_controller-15] [INFO] [1786715613.154142934] [landing_scout_3]: [scout_3] 📐 RIGHTTRACE attempt=2 u_z=0.2241 w=95 omega=1.257 omega_roll=-1.165 dir=(0.59,0.80)
[landing_controller-7] [INFO] [1786715613.484931212] [landing_scout_1]: [scout_1] Landing controller state: FLIGHT
[landing_controller-11] [INFO] [1786715613.514935443] [landing_scout_2]: [scout_2] Landing controller state: FLIGHT
[landing_controller-15] [INFO] [1786715613.560349605] [landing_scout_3]: [scout_3] Landing controller state: RIGHTING
[landing_controller-15] [INFO] [1786715614.341089314] [landing_scout_3]: [scout_3] 📐 RIGHTTRACE attempt=2 u_z=0.8222 w=104 omega=1.442 omega_roll=-1.332 dir=(0.92,0.40)
[swarm_manager-3] [INFO] [1786715615.482868955] [swarm_manager_node]: 📍 scout_2 detected high-value spectral anomaly at [1.9, -16.9]!
[landing_controller-15] [WARN] [1786715616.498995022] [landing_scout_3]: [scout_3] Still inverted (u_z=0.62), retrying with alternate roll axis/sign (attempt 3/5)
[landing_controller-15] [INFO] [1786715616.500986881] [landing_scout_3]: [scout_3] 🔄 RW righting attempt 3/5: proportional roll, u_z=0.62
[landing_controller-15] [INFO] [1786715617.662288690] [landing_scout_3]: [scout_3] 📐 RIGHTTRACE attempt=3 u_z=-0.1599 w=13 omega=1.281 omega_roll=0.422 dir=(0.65,0.76)
[landing_controller-7] [INFO] [1786715618.485077708] [landing_scout_1]: [scout_1] Landing controller state: FLIGHT
[landing_controller-11] [INFO] [1786715618.515001896] [landing_scout_2]: [scout_2] Landing controller state: FLIGHT
[landing_controller-15] [INFO] [1786715618.560422477] [landing_scout_3]: [scout_3] Landing controller state: RIGHTING
[landing_controller-15] [INFO] [1786715618.850046938] [landing_scout_3]: [scout_3] 📐 RIGHTTRACE attempt=3 u_z=-0.7715 w=49 omega=1.362 omega_roll=-0.354 dir=(0.83,0.56)
[landing_controller-15] [INFO] [1786715620.066654799] [landing_scout_3]: [scout_3] 📐 RIGHTTRACE attempt=3 u_z=-0.5855 w=68 omega=1.340 omega_roll=-0.736 dir=(0.90,0.43)
[landing_controller-15] [INFO] [1786715621.247358530] [landing_scout_3]: [scout_3] 📐 RIGHTTRACE attempt=3 u_z=-0.0828 w=83 omega=1.036 omega_roll=-0.837 dir=(0.61,0.80)
[landing_controller-15] [INFO] [1786715622.433106794] [landing_scout_3]: [scout_3] 📐 RIGHTTRACE attempt=3 u_z=0.5327 w=96 omega=1.297 omega_roll=-1.180 dir=(0.71,0.70)
[landing_controller-7] [INFO] [1786715623.484561409] [landing_scout_1]: [scout_1] Landing controller state: FLIGHT
[landing_controller-11] [INFO] [1786715623.514993911] [landing_scout_2]: [scout_2] Landing controller state: FLIGHT
[landing_controller-15] [INFO] [1786715623.560689459] [landing_scout_3]: [scout_3] Landing controller state: RIGHTING
[landing_controller-15] [INFO] [1786715624.840706852] [landing_scout_3]: [scout_3] 📐 RIGHTTRACE attempt=3 u_z=0.7467 w=99 omega=2.655 omega_roll=-1.003 dir=(0.71,0.71)
[landing_controller-15] [WARN] [1786715625.746146919] [landing_scout_3]: [scout_3] Still inverted (u_z=0.61), retrying with alternate roll axis/sign (attempt 4/5)
[landing_controller-15] [INFO] [1786715625.748509715] [landing_scout_3]: [scout_3] 🔄 RW righting attempt 4/5: proportional roll, u_z=0.61
[landing_controller-15] [INFO] [1786715626.913317113] [landing_scout_3]: [scout_3] 📐 RIGHTTRACE attempt=4 u_z=0.0130 w=12 omega=1.184 omega_roll=0.871 dir=(0.85,0.53)
[landing_controller-15] [INFO] [1786715628.104688989] [landing_scout_3]: [scout_3] 📐 RIGHTTRACE attempt=4 u_z=-0.5829 w=35 omega=1.012 omega_roll=0.177 dir=(0.80,0.60)
[landing_controller-7] [INFO] [1786715628.484389388] [landing_scout_1]: [scout_1] Landing controller state: FLIGHT
[landing_controller-11] [INFO] [1786715628.515083729] [landing_scout_2]: [scout_2] Landing controller state: FLIGHT
[landing_controller-15] [INFO] [1786715628.560526858] [landing_scout_3]: [scout_3] Landing controller state: RIGHTING
[landing_controller-15] [INFO] [1786715629.272582410] [landing_scout_3]: [scout_3] 📐 RIGHTTRACE attempt=4 u_z=-0.4982 w=67 omega=1.157 omega_roll=-0.637 dir=(0.88,0.47)
[landing_controller-15] [INFO] [1786715630.477861815] [landing_scout_3]: [scout_3] 📐 RIGHTTRACE attempt=4 u_z=-0.0283 w=82 omega=0.989 omega_roll=-0.821 dir=(0.66,0.75)
[landing_controller-15] [INFO] [1786715631.663584113] [landing_scout_3]: [scout_3] 📐 RIGHTTRACE attempt=4 u_z=0.5690 w=95 omega=1.253 omega_roll=-1.132 dir=(0.73,0.68)
[swarm_manager-3] [INFO] [1786715633.483187766] [swarm_manager_node]: 📍 scout_2 detected high-value spectral anomaly at [8.2, -23.5]!
[landing_controller-7] [INFO] [1786715633.484675356] [landing_scout_1]: [scout_1] Landing controller state: FLIGHT
[landing_controller-11] [INFO] [1786715633.518610348] [landing_scout_2]: [scout_2] Landing controller state: FLIGHT
[landing_controller-15] [INFO] [1786715633.560419810] [landing_scout_3]: [scout_3] Landing controller state: RIGHTING
[landing_controller-15] [INFO] [1786715634.112294597] [landing_scout_3]: [scout_3] 📐 RIGHTTRACE attempt=4 u_z=0.7728 w=97 omega=2.803 omega_roll=-1.280 dir=(0.58,0.81)
[landing_controller-15] [WARN] [1786715635.012555033] [landing_scout_3]: [scout_3] Still inverted (u_z=0.51), retrying with alternate roll axis/sign (attempt 5/5)
[landing_controller-15] [INFO] [1786715635.028174275] [landing_scout_3]: [scout_3] 🔄 RW righting attempt 5/5: proportional roll, u_z=0.51
[landing_controller-15] [INFO] [1786715636.194004894] [landing_scout_3]: [scout_3] 📐 RIGHTTRACE attempt=5 u_z=-0.1263 w=14 omega=1.179 omega_roll=0.790 dir=(0.85,0.53)
[landing_controller-15] [INFO] [1786715637.396663793] [landing_scout_3]: [scout_3] 📐 RIGHTTRACE attempt=5 u_z=-0.6719 w=41 omega=1.020 omega_roll=0.051 dir=(0.85,0.52)
[swarm_manager-3] [INFO] [1786715637.482984244] [swarm_manager_node]: 📍 scout_2 detected high-value spectral anomaly at [7.2, -30.6]!
[landing_controller-7] [INFO] [1786715638.485155243] [landing_scout_1]: [scout_1] Landing controller state: FLIGHT
[landing_controller-11] [INFO] [1786715638.518046634] [landing_scout_2]: [scout_2] Landing controller state: FLIGHT
[landing_controller-15] [INFO] [1786715638.560281227] [landing_scout_3]: [scout_3] Landing controller state: RIGHTING
[landing_controller-15] [INFO] [1786715638.590632351] [landing_scout_3]: [scout_3] 📐 RIGHTTRACE attempt=5 u_z=-0.4885 w=69 omega=1.165 omega_roll=-0.661 dir=(0.85,0.52)
[landing_controller-15] [INFO] [1786715639.808337012] [landing_scout_3]: [scout_3] 📐 RIGHTTRACE attempt=5 u_z=-0.0038 w=84 omega=1.000 omega_roll=-0.858 dir=(0.63,0.78)
[landing_controller-15] [INFO] [1786715641.017615548] [landing_scout_3]: [scout_3] 📐 RIGHTTRACE attempt=5 u_z=0.6286 w=97 omega=1.266 omega_roll=-1.134 dir=(0.78,0.63)
[landing_controller-15] [INFO] [1786715643.419718018] [landing_scout_3]: [scout_3] 📐 RIGHTTRACE attempt=5 u_z=0.7583 w=98 omega=2.819 omega_roll=-1.284 dir=(0.61,0.79)
[landing_controller-7] [INFO] [1786715643.484542054] [landing_scout_1]: [scout_1] Landing controller state: FLIGHT
[landing_controller-11] [INFO] [1786715643.515777599] [landing_scout_2]: [scout_2] Landing controller state: FLIGHT
[landing_controller-15] [INFO] [1786715643.560253873] [landing_scout_3]: [scout_3] Landing controller state: RIGHTING
[landing_controller-15] [ERROR] [1786715644.338771588] [landing_scout_3]: [scout_3] ❌ Self-righting failed after 5 attempts — giving up, marking LANDED anyway so downstream logic (e.g. SAMPLER dispatch) does not hang forever. Robot may still be physically inverted.
[swarm_manager-3] [INFO] [1786715644.340971787] [swarm_manager_node]: 🧭 scout_3 heading calibration: measured offset 162°, bias now -114°
[attitude_controller-14] [INFO] [1786715644.341073479] [attitude_scout_3]: [scout_3] Landed — tilt correction stopped, yaw-hold pinned to current heading.
[attitude_controller-14] [INFO] [1786715644.343608298] [attitude_scout_3]: [scout_3] Landed — tilt correction stopped, yaw-hold pinned to current heading.
[attitude_controller-14] [INFO] [1786715644.425015547] [attitude_scout_3]: [scout_3] Landed — tilt correction stopped, yaw-hold pinned to current heading.
[attitude_controller-14] [INFO] [1786715644.459582051] [attitude_scout_3]: [scout_3] Landed — tilt correction stopped, yaw-hold pinned to current heading.
[attitude_controller-14] [INFO] [1786715644.493124026] [attitude_scout_3]: [scout_3] Landed — tilt correction stopped, yaw-hold pinned to current heading.
[attitude_controller-14] [INFO] [1786715644.529526080] [attitude_scout_3]: [scout_3] Landed — tilt correction stopped, yaw-hold pinned to current heading.
[attitude_controller-14] [INFO] [1786715644.558256279] [attitude_scout_3]: [scout_3] Landed — tilt correction stopped, yaw-hold pinned to current heading.
[attitude_controller-14] [INFO] [1786715644.591829335] [attitude_scout_3]: [scout_3] Landed — tilt correction stopped, yaw-hold pinned to current heading.
[attitude_controller-14] [INFO] [1786715644.622478056] [attitude_scout_3]: [scout_3] Landed — tilt correction stopped, yaw-hold pinned to current heading.
[attitude_controller-14] [INFO] [1786715644.624856077] [attitude_scout_3]: [scout_3] Landed — tilt correction stopped, yaw-hold pinned to current heading.
[attitude_controller-14] [INFO] [1786715644.626337730] [attitude_scout_3]: [scout_3] Landed — tilt correction stopped, yaw-hold pinned to current heading.
[attitude_controller-14] [INFO] [1786715644.627857866] [attitude_scout_3]: [scout_3] Landed — tilt correction stopped, yaw-hold pinned to current heading.
[attitude_controller-14] [INFO] [1786715644.629250539] [attitude_scout_3]: [scout_3] Landed — tilt correction stopped, yaw-hold pinned to current heading.
[attitude_controller-14] [INFO] [1786715644.630806995] [attitude_scout_3]: [scout_3] Landed — tilt correction stopped, yaw-hold pinned to current heading.
[hopper_locomotion-13] [INFO] [1786715644.691662610] [loco_scout_3]: [scout_3] Landing controller reported LANDED. Settling to IDLE.
[attitude_controller-14] [INFO] [1786715644.973981993] [attitude_scout_3]: [scout_3] Landed — tilt correction stopped, yaw-hold pinned to current heading.
[attitude_controller-14] [INFO] [1786715645.058916880] [attitude_scout_3]: [scout_3] Landed — tilt correction stopped, yaw-hold pinned to current heading.
[attitude_controller-14] [INFO] [1786715645.104497303] [attitude_scout_3]: [scout_3] Landed — tilt correction stopped, yaw-hold pinned to current heading.
[attitude_controller-14] [INFO] [1786715645.136402921] [attitude_scout_3]: [scout_3] Landed — tilt correction stopped, yaw-hold pinned to current heading.
[attitude_controller-14] [INFO] [1786715645.138833883] [attitude_scout_3]: [scout_3] Landed — tilt correction stopped, yaw-hold pinned to current heading.
[attitude_controller-14] [INFO] [1786715645.141608682] [attitude_scout_3]: [scout_3] Landed — tilt correction stopped, yaw-hold pinned to current heading.
[hopper_locomotion-13] [INFO] [1786715645.252668687] [loco_scout_3]: [scout_3] 🦵 Idle 300s with no jump command -- self-initiating recovery hop (legs).
[hopper_locomotion-13] [INFO] [1786715645.254343177] [loco_scout_3]: 1. Crouching (waking physics, planting feet under body)
[attitude_controller-14] [INFO] [1786715645.324198573] [attitude_scout_3]: [scout_3] Landed — tilt correction stopped, yaw-hold pinned to current heading.
[attitude_controller-14] [INFO] [1786715645.352918924] [attitude_scout_3]: [scout_3] Landed — tilt correction stopped, yaw-hold pinned to current heading.
[swarm_manager-3] [INFO] [1786715645.483749994] [swarm_manager_node]: 📍 scout_2 detected high-value spectral anomaly at [8.4, -14.0]!
[swarm_manager-3] [INFO] [1786715645.489076514] [swarm_manager_node]: 🔁 scout_3 corrective re-hop 1/5 (9.8m short of target).
[attitude_controller-14] [INFO] [1786715645.549326867] [attitude_scout_3]: [scout_3] Landed — tilt correction stopped, yaw-hold pinned to current heading.
[attitude_controller-14] [INFO] [1786715645.550784633] [attitude_scout_3]: [scout_3] Landed — tilt correction stopped, yaw-hold pinned to current heading.
[attitude_controller-14] [INFO] [1786715645.551894162] [attitude_scout_3]: [scout_3] Landed — tilt correction stopped, yaw-hold pinned to current heading.
[attitude_controller-14] [INFO] [1786715645.555023974] [attitude_scout_3]: [scout_3] Landed — tilt correction stopped, yaw-hold pinned to current heading.
[attitude_controller-14] [INFO] [1786715645.586502502] [attitude_scout_3]: [scout_3] Landed — tilt correction stopped, yaw-hold pinned to current heading.
[attitude_controller-14] [INFO] [1786715645.647223738] [attitude_scout_3]: [scout_3] Landed — tilt correction stopped, yaw-hold pinned to current heading.
[attitude_controller-14] [INFO] [1786715645.648706718] [attitude_scout_3]: [scout_3] Landed — tilt correction stopped, yaw-hold pinned to current heading.
[attitude_controller-14] [INFO] [1786715645.650186765] [attitude_scout_3]: [scout_3] Landed — tilt correction stopped, yaw-hold pinned to current heading.
[attitude_controller-14] [INFO] [1786715645.664013687] [attitude_scout_3]: [scout_3] Landed — tilt correction stopped, yaw-hold pinned to current heading.
[attitude_controller-14] [INFO] [1786715645.665441352] [attitude_scout_3]: [scout_3] Landed — tilt correction stopped, yaw-hold pinned to current heading.
[attitude_controller-14] [INFO] [1786715645.666822640] [attitude_scout_3]: [scout_3] Landed — tilt correction stopped, yaw-hold pinned to current heading.
[attitude_controller-14] [INFO] [1786715645.668268813] [attitude_scout_3]: [scout_3] Landed — tilt correction stopped, yaw-hold pinned to current heading.
[attitude_controller-14] [INFO] [1786715645.760534578] [attitude_scout_3]: [scout_3] Landed — tilt correction stopped, yaw-hold pinned to current heading.
[attitude_controller-14] [INFO] [1786715645.790941642] [attitude_scout_3]: [scout_3] Landed — tilt correction stopped, yaw-hold pinned to current heading.
[attitude_controller-14] [INFO] [1786715645.823122931] [attitude_scout_3]: [scout_3] Landed — tilt correction stopped, yaw-hold pinned to current heading.
[attitude_controller-14] [INFO] [1786715645.857932420] [attitude_scout_3]: [scout_3] Landed — tilt correction stopped, yaw-hold pinned to current heading.
[attitude_controller-14] [INFO] [1786715645.889902853] [attitude_scout_3]: [scout_3] Landed — tilt correction stopped, yaw-hold pinned to current heading.
[attitude_controller-14] [INFO] [1786715645.891610449] [attitude_scout_3]: [scout_3] Landed — tilt correction stopped, yaw-hold pinned to current heading.
[attitude_controller-14] [INFO] [1786715645.893248830] [attitude_scout_3]: [scout_3] Landed — tilt correction stopped, yaw-hold pinned to current heading.
[attitude_controller-14] [INFO] [1786715645.895625104] [attitude_scout_3]: [scout_3] Landed — tilt correction stopped, yaw-hold pinned to current heading.
[attitude_controller-14] [INFO] [1786715645.896987465] [attitude_scout_3]: [scout_3] Landed — tilt correction stopped, yaw-hold pinned to current heading.
[attitude_controller-14] [INFO] [1786715645.898440203] [attitude_scout_3]: [scout_3] Landed — tilt correction stopped, yaw-hold pinned to current heading.
[attitude_controller-14] [INFO] [1786715645.950962758] [attitude_scout_3]: [scout_3] Landed — tilt correction stopped, yaw-hold pinned to current heading.
[attitude_controller-14] [INFO] [1786715646.035509385] [attitude_scout_3]: [scout_3] Landed — tilt correction stopped, yaw-hold pinned to current heading.
[attitude_controller-14] [INFO] [1786715646.038105456] [attitude_scout_3]: [scout_3] Landed — tilt correction stopped, yaw-hold pinned to current heading.
[attitude_controller-14] [INFO] [1786715646.322111678] [attitude_scout_3]: [scout_3] Landed — tilt correction stopped, yaw-hold pinned to current heading.
[attitude_controller-14] [INFO] [1786715646.395535150] [attitude_scout_3]: [scout_3] Landed — tilt correction stopped, yaw-hold pinned to current heading.
[attitude_controller-14] [INFO] [1786715646.429961828] [attitude_scout_3]: [scout_3] Landed — tilt correction stopped, yaw-hold pinned to current heading.
[attitude_controller-14] [INFO] [1786715646.600238223] [attitude_scout_3]: [scout_3] Landed — tilt correction stopped, yaw-hold pinned to current heading.
[attitude_controller-14] [INFO] [1786715646.634068369] [attitude_scout_3]: [scout_3] Landed — tilt correction stopped, yaw-hold pinned to current heading.
[attitude_controller-14] [INFO] [1786715646.640100514] [attitude_scout_3]: [scout_3] Landed — tilt correction stopped, yaw-hold pinned to current heading.
[attitude_controller-14] [INFO] [1786715646.671765802] [attitude_scout_3]: [scout_3] Landed — tilt correction stopped, yaw-hold pinned to current heading.
[attitude_controller-14] [INFO] [1786715646.702944422] [attitude_scout_3]: [scout_3] Landed — tilt correction stopped, yaw-hold pinned to current heading.
[attitude_controller-14] [INFO] [1786715646.732284771] [attitude_scout_3]: [scout_3] Landed — tilt correction stopped, yaw-hold pinned to current heading.
[attitude_controller-14] [INFO] [1786715646.733826209] [attitude_scout_3]: [scout_3] Landed — tilt correction stopped, yaw-hold pinned to current heading.
[attitude_controller-14] [INFO] [1786715646.800635114] [attitude_scout_3]: [scout_3] Landed — tilt correction stopped, yaw-hold pinned to current heading.
[attitude_controller-14] [INFO] [1786715646.802707082] [attitude_scout_3]: [scout_3] Landed — tilt correction stopped, yaw-hold pinned to current heading.
[attitude_controller-14] [INFO] [1786715646.803951547] [attitude_scout_3]: [scout_3] Landed — tilt correction stopped, yaw-hold pinned to current heading.
[attitude_controller-14] [INFO] [1786715646.925825647] [attitude_scout_3]: [scout_3] Landed — tilt correction stopped, yaw-hold pinned to current heading.
[attitude_controller-14] [INFO] [1786715646.966280698] [attitude_scout_3]: [scout_3] Landed — tilt correction stopped, yaw-hold pinned to current heading.
[attitude_controller-14] [INFO] [1786715646.999179974] [attitude_scout_3]: [scout_3] Landed — tilt correction stopped, yaw-hold pinned to current heading.
[attitude_controller-14] [INFO] [1786715647.338046813] [attitude_scout_3]: [scout_3] Landed — tilt correction stopped, yaw-hold pinned to current heading.
[attitude_controller-14] [INFO] [1786715647.369289548] [attitude_scout_3]: [scout_3] Landed — tilt correction stopped, yaw-hold pinned to current heading.
[attitude_controller-14] [INFO] [1786715647.400879824] [attitude_scout_3]: [scout_3] Landed — tilt correction stopped, yaw-hold pinned to current heading.
[attitude_controller-14] [INFO] [1786715647.402189453] [attitude_scout_3]: [scout_3] Landed — tilt correction stopped, yaw-hold pinned to current heading.
[attitude_controller-14] [INFO] [1786715647.403446071] [attitude_scout_3]: [scout_3] Landed — tilt correction stopped, yaw-hold pinned to current heading.
[attitude_controller-14] [INFO] [1786715647.404979269] [attitude_scout_3]: [scout_3] Landed — tilt correction stopped, yaw-hold pinned to current heading.
[attitude_controller-14] [INFO] [1786715647.406002401] [attitude_scout_3]: [scout_3] Landed — tilt correction stopped, yaw-hold pinned to current heading.
[attitude_controller-14] [INFO] [1786715647.407054658] [attitude_scout_3]: [scout_3] Landed — tilt correction stopped, yaw-hold pinned to current heading.
[attitude_controller-14] [INFO] [1786715647.413411295] [attitude_scout_3]: [scout_3] Landed — tilt correction stopped, yaw-hold pinned to current heading.
[attitude_controller-14] [INFO] [1786715647.414771211] [attitude_scout_3]: [scout_3] Landed — tilt correction stopped, yaw-hold pinned to current heading.
[attitude_controller-14] [INFO] [1786715647.451501874] [attitude_scout_3]: [scout_3] Landed — tilt correction stopped, yaw-hold pinned to current heading.
[attitude_controller-14] [INFO] [1786715647.522599008] [attitude_scout_3]: [scout_3] Landed — tilt correction stopped, yaw-hold pinned to current heading.
[attitude_controller-14] [INFO] [1786715647.524126199] [attitude_scout_3]: [scout_3] Landed — tilt correction stopped, yaw-hold pinned to current heading.
[attitude_controller-14] [INFO] [1786715647.525785743] [attitude_scout_3]: [scout_3] Landed — tilt correction stopped, yaw-hold pinned to current heading.
[attitude_controller-14] [INFO] [1786715647.677810507] [attitude_scout_3]: [scout_3] Landed — tilt correction stopped, yaw-hold pinned to current heading.
[attitude_controller-14] [INFO] [1786715647.716901171] [attitude_scout_3]: [scout_3] Landed — tilt correction stopped, yaw-hold pinned to current heading.
[attitude_controller-14] [INFO] [1786715647.751943724] [attitude_scout_3]: [scout_3] Landed — tilt correction stopped, yaw-hold pinned to current heading.
[attitude_controller-14] [INFO] [1786715647.753485512] [attitude_scout_3]: [scout_3] Landed — tilt correction stopped, yaw-hold pinned to current heading.
[attitude_controller-14] [INFO] [1786715647.754988816] [attitude_scout_3]: [scout_3] Landed — tilt correction stopped, yaw-hold pinned to current heading.
[attitude_controller-14] [INFO] [1786715647.756409287] [attitude_scout_3]: [scout_3] Landed — tilt correction stopped, yaw-hold pinned to current heading.
[attitude_controller-14] [INFO] [1786715647.809724071] [attitude_scout_3]: [scout_3] Landed — tilt correction stopped, yaw-hold pinned to current heading.
[attitude_controller-14] [INFO] [1786715647.811290373] [attitude_scout_3]: [scout_3] Landed — tilt correction stopped, yaw-hold pinned to current heading.
[attitude_controller-14] [INFO] [1786715647.820301539] [attitude_scout_3]: [scout_3] Landed — tilt correction stopped, yaw-hold pinned to current heading.
[attitude_controller-14] [INFO] [1786715647.821564374] [attitude_scout_3]: [scout_3] Landed — tilt correction stopped, yaw-hold pinned to current heading.
[attitude_controller-14] [INFO] [1786715647.824929068] [attitude_scout_3]: [scout_3] Landed — tilt correction stopped, yaw-hold pinned to current heading.
[attitude_controller-14] [INFO] [1786715647.867788469] [attitude_scout_3]: [scout_3] Landed — tilt correction stopped, yaw-hold pinned to current heading.
[attitude_controller-14] [INFO] [1786715648.014842984] [attitude_scout_3]: [scout_3] Landed — tilt correction stopped, yaw-hold pinned to current heading.
[attitude_controller-14] [INFO] [1786715648.089658357] [attitude_scout_3]: [scout_3] Landed — tilt correction stopped, yaw-hold pinned to current heading.
[attitude_controller-14] [INFO] [1786715648.221026722] [attitude_scout_3]: [scout_3] Landed — tilt correction stopped, yaw-hold pinned to current heading.
[attitude_controller-14] [INFO] [1786715648.262581032] [attitude_scout_3]: [scout_3] Landed — tilt correction stopped, yaw-hold pinned to current heading.
[attitude_controller-14] [INFO] [1786715648.266851523] [attitude_scout_3]: [scout_3] Landed — tilt correction stopped, yaw-hold pinned to current heading.
[attitude_controller-14] [INFO] [1786715648.269049348] [attitude_scout_3]: [scout_3] Landed — tilt correction stopped, yaw-hold pinned to current heading.
[attitude_controller-14] [INFO] [1786715648.270737108] [attitude_scout_3]: [scout_3] Landed — tilt correction stopped, yaw-hold pinned to current heading.
[attitude_controller-14] [INFO] [1786715648.385588960] [attitude_scout_3]: [scout_3] Landed — tilt correction stopped, yaw-hold pinned to current heading.
[attitude_controller-14] [INFO] [1786715648.386676698] [attitude_scout_3]: [scout_3] Landed — tilt correction stopped, yaw-hold pinned to current heading.
[attitude_controller-14] [INFO] [1786715648.387665817] [attitude_scout_3]: [scout_3] Landed — tilt correction stopped, yaw-hold pinned to current heading.
[attitude_controller-14] [INFO] [1786715648.388981453] [attitude_scout_3]: [scout_3] Landed — tilt correction stopped, yaw-hold pinned to current heading.
[attitude_controller-14] [INFO] [1786715648.467753860] [attitude_scout_3]: [scout_3] Landed — tilt correction stopped, yaw-hold pinned to current heading.
[landing_controller-7] [INFO] [1786715648.486781375] [landing_scout_1]: [scout_1] Landing controller state: FLIGHT
[landing_controller-11] [INFO] [1786715648.514990122] [landing_scout_2]: [scout_2] Landing controller state: FLIGHT
[attitude_controller-14] [INFO] [1786715648.517692424] [attitude_scout_3]: [scout_3] Landed — tilt correction stopped, yaw-hold pinned to current heading.
[attitude_controller-14] [INFO] [1786715648.519029991] [attitude_scout_3]: [scout_3] Landed — tilt correction stopped, yaw-hold pinned to current heading.
[attitude_controller-14] [INFO] [1786715648.520332706] [attitude_scout_3]: [scout_3] Landed — tilt correction stopped, yaw-hold pinned to current heading.
[attitude_controller-14] [INFO] [1786715648.522320093] [attitude_scout_3]: [scout_3] Landed — tilt correction stopped, yaw-hold pinned to current heading.
[attitude_controller-14] [INFO] [1786715648.524159343] [attitude_scout_3]: [scout_3] Landed — tilt correction stopped, yaw-hold pinned to current heading.
[landing_controller-15] [INFO] [1786715648.561809071] [landing_scout_3]: [scout_3] Landing controller state: LANDED
[attitude_controller-14] [INFO] [1786715648.639507361] [attitude_scout_3]: [scout_3] Landed — tilt correction stopped, yaw-hold pinned to current heading.
[attitude_controller-14] [INFO] [1786715648.680937840] [attitude_scout_3]: [scout_3] Landed — tilt correction stopped, yaw-hold pinned to current heading.
[attitude_controller-14] [INFO] [1786715648.726308800] [attitude_scout_3]: [scout_3] Landed — tilt correction stopped, yaw-hold pinned to current heading.
[attitude_controller-14] [INFO] [1786715648.761332704] [attitude_scout_3]: [scout_3] Landed — tilt correction stopped, yaw-hold pinned to current heading.
[attitude_controller-14] [INFO] [1786715648.835834831] [attitude_scout_3]: [scout_3] Landed — tilt correction stopped, yaw-hold pinned to current heading.
[attitude_controller-14] [INFO] [1786715648.837304820] [attitude_scout_3]: [scout_3] Landed — tilt correction stopped, yaw-hold pinned to current heading.
[attitude_controller-14] [INFO] [1786715648.838807705] [attitude_scout_3]: [scout_3] Landed — tilt correction stopped, yaw-hold pinned to current heading.
[attitude_controller-14] [INFO] [1786715648.839984493] [attitude_scout_3]: [scout_3] Landed — tilt correction stopped, yaw-hold pinned to current heading.
[attitude_controller-14] [INFO] [1786715648.841014470] [attitude_scout_3]: [scout_3] Landed — tilt correction stopped, yaw-hold pinned to current heading.
[attitude_controller-14] [INFO] [1786715648.842153752] [attitude_scout_3]: [scout_3] Landed — tilt correction stopped, yaw-hold pinned to current heading.
[attitude_controller-14] [INFO] [1786715648.843540488] [attitude_scout_3]: [scout_3] Landed — tilt correction stopped, yaw-hold pinned to current heading.
[attitude_controller-14] [INFO] [1786715648.848961575] [attitude_scout_3]: [scout_3] Landed — tilt correction stopped, yaw-hold pinned to current heading.
[attitude_controller-14] [INFO] [1786715648.849937284] [attitude_scout_3]: [scout_3] Landed — tilt correction stopped, yaw-hold pinned to current heading.
[attitude_controller-14] [INFO] [1786715648.876770331] [attitude_scout_3]: [scout_3] Landed — tilt correction stopped, yaw-hold pinned to current heading.
[attitude_controller-14] [INFO] [1786715648.909692934] [attitude_scout_3]: [scout_3] Landed — tilt correction stopped, yaw-hold pinned to current heading.
[attitude_controller-14] [INFO] [1786715648.922052032] [attitude_scout_3]: [scout_3] Landed — tilt correction stopped, yaw-hold pinned to current heading.
[attitude_controller-14] [INFO] [1786715648.923573914] [attitude_scout_3]: [scout_3] Landed — tilt correction stopped, yaw-hold pinned to current heading.
[attitude_controller-14] [INFO] [1786715648.925006607] [attitude_scout_3]: [scout_3] Landed — tilt correction stopped, yaw-hold pinned to current heading.
[attitude_controller-14] [INFO] [1786715649.008551119] [attitude_scout_3]: [scout_3] New target yaw received: 0.15 rad
[attitude_controller-14] [INFO] [1786715649.200590494] [attitude_scout_3]: [scout_3] Landed — tilt correction stopped, yaw-hold pinned to current heading.
[attitude_controller-14] [INFO] [1786715649.237939337] [attitude_scout_3]: [scout_3] Landed — tilt correction stopped, yaw-hold pinned to current heading.
[attitude_controller-14] [INFO] [1786715649.269307789] [attitude_scout_3]: [scout_3] Landed — tilt correction stopped, yaw-hold pinned to current heading.
[attitude_controller-14] [INFO] [1786715649.271242025] [attitude_scout_3]: [scout_3] Landed — tilt correction stopped, yaw-hold pinned to current heading.
[attitude_controller-14] [INFO] [1786715649.344335763] [attitude_scout_3]: [scout_3] Landed — tilt correction stopped, yaw-hold pinned to current heading.
[attitude_controller-14] [INFO] [1786715649.382509873] [attitude_scout_3]: [scout_3] Landed — tilt correction stopped, yaw-hold pinned to current heading.
[attitude_controller-14] [INFO] [1786715649.421291479] [attitude_scout_3]: [scout_3] Landed — tilt correction stopped, yaw-hold pinned to current heading.
[attitude_controller-14] [INFO] [1786715649.466783755] [attitude_scout_3]: [scout_3] Landed — tilt correction stopped, yaw-hold pinned to current heading.
[attitude_controller-14] [INFO] [1786715649.513151865] [attitude_scout_3]: [scout_3] Landed — tilt correction stopped, yaw-hold pinned to current heading.
[attitude_controller-14] [INFO] [1786715649.514746036] [attitude_scout_3]: [scout_3] Landed — tilt correction stopped, yaw-hold pinned to current heading.
[attitude_controller-14] [INFO] [1786715649.516279303] [attitude_scout_3]: [scout_3] Landed — tilt correction stopped, yaw-hold pinned to current heading.
[attitude_controller-14] [INFO] [1786715649.517947716] [attitude_scout_3]: [scout_3] Landed — tilt correction stopped, yaw-hold pinned to current heading.
[attitude_controller-14] [INFO] [1786715649.519523099] [attitude_scout_3]: [scout_3] Landed — tilt correction stopped, yaw-hold pinned to current heading.
[attitude_controller-14] [INFO] [1786715649.520983589] [attitude_scout_3]: [scout_3] Landed — tilt correction stopped, yaw-hold pinned to current heading.
[attitude_controller-14] [INFO] [1786715649.661252345] [attitude_scout_3]: [scout_3] Landed — tilt correction stopped, yaw-hold pinned to current heading.
[attitude_controller-14] [INFO] [1786715649.785083651] [attitude_scout_3]: [scout_3] Landed — tilt correction stopped, yaw-hold pinned to current heading.
[attitude_controller-14] [INFO] [1786715649.824877145] [attitude_scout_3]: [scout_3] Landed — tilt correction stopped, yaw-hold pinned to current heading.
[attitude_controller-14] [INFO] [1786715649.862217397] [attitude_scout_3]: [scout_3] Landed — tilt correction stopped, yaw-hold pinned to current heading.
[attitude_controller-14] [INFO] [1786715649.899311103] [attitude_scout_3]: [scout_3] Landed — tilt correction stopped, yaw-hold pinned to current heading.
[attitude_controller-14] [INFO] [1786715649.942451481] [attitude_scout_3]: [scout_3] Landed — tilt correction stopped, yaw-hold pinned to current heading.
[attitude_controller-14] [INFO] [1786715649.944113469] [attitude_scout_3]: [scout_3] Landed — tilt correction stopped, yaw-hold pinned to current heading.
[attitude_controller-14] [INFO] [1786715649.945966268] [attitude_scout_3]: [scout_3] Landed — tilt correction stopped, yaw-hold pinned to current heading.
[attitude_controller-14] [INFO] [1786715649.948332834] [attitude_scout_3]: [scout_3] Landed — tilt correction stopped, yaw-hold pinned to current heading.
[attitude_controller-14] [INFO] [1786715649.950080380] [attitude_scout_3]: [scout_3] Landed — tilt correction stopped, yaw-hold pinned to current heading.
[attitude_controller-14] [INFO] [1786715649.951778407] [attitude_scout_3]: [scout_3] Landed — tilt correction stopped, yaw-hold pinned to current heading.
[attitude_controller-14] [INFO] [1786715650.140954069] [attitude_scout_3]: [scout_3] Landed — tilt correction stopped, yaw-hold pinned to current heading.
[attitude_controller-14] [INFO] [1786715650.142354145] [attitude_scout_3]: [scout_3] Landed — tilt correction stopped, yaw-hold pinned to current heading.
[attitude_controller-14] [INFO] [1786715650.143780552] [attitude_scout_3]: [scout_3] Landed — tilt correction stopped, yaw-hold pinned to current heading.
[attitude_controller-14] [INFO] [1786715650.145157649] [attitude_scout_3]: [scout_3] Landed — tilt correction stopped, yaw-hold pinned to current heading.
[attitude_controller-14] [INFO] [1786715650.192491899] [attitude_scout_3]: [scout_3] Landed — tilt correction stopped, yaw-hold pinned to current heading.
[attitude_controller-14] [INFO] [1786715650.194120432] [attitude_scout_3]: [scout_3] Landed — tilt correction stopped, yaw-hold pinned to current heading.
[attitude_controller-14] [INFO] [1786715650.257386117] [attitude_scout_3]: [scout_3] Landed — tilt correction stopped, yaw-hold pinned to current heading.
[attitude_controller-14] [INFO] [1786715650.270242288] [attitude_scout_3]: [scout_3] Landed — tilt correction stopped, yaw-hold pinned to current heading.
[attitude_controller-14] [INFO] [1786715650.271778628] [attitude_scout_3]: [scout_3] Landed — tilt correction stopped, yaw-hold pinned to current heading.
[attitude_controller-14] [INFO] [1786715650.481508155] [attitude_scout_3]: [scout_3] Landed — tilt correction stopped, yaw-hold pinned to current heading.
[attitude_controller-14] [INFO] [1786715650.504614369] [attitude_scout_3]: [scout_3] Landed — tilt correction stopped, yaw-hold pinned to current heading.
[attitude_controller-14] [INFO] [1786715650.589100503] [attitude_scout_3]: [scout_3] Landed — tilt correction stopped, yaw-hold pinned to current heading.
[attitude_controller-14] [INFO] [1786715650.591382139] [attitude_scout_3]: [scout_3] Landed — tilt correction stopped, yaw-hold pinned to current heading.
[attitude_controller-14] [INFO] [1786715650.668423830] [attitude_scout_3]: [scout_3] Landed — tilt correction stopped, yaw-hold pinned to current heading.
[attitude_controller-14] [INFO] [1786715650.669966596] [attitude_scout_3]: [scout_3] Landed — tilt correction stopped, yaw-hold pinned to current heading.
[attitude_controller-14] [INFO] [1786715650.829829778] [attitude_scout_3]: [scout_3] Landed — tilt correction stopped, yaw-hold pinned to current heading.
[attitude_controller-14] [INFO] [1786715650.831240052] [attitude_scout_3]: [scout_3] Landed — tilt correction stopped, yaw-hold pinned to current heading.
[attitude_controller-14] [INFO] [1786715650.833730170] [attitude_scout_3]: [scout_3] Landed — tilt correction stopped, yaw-hold pinned to current heading.
[attitude_controller-14] [INFO] [1786715650.836003705] [attitude_scout_3]: [scout_3] Landed — tilt correction stopped, yaw-hold pinned to current heading.
[attitude_controller-14] [INFO] [1786715650.844966049] [attitude_scout_3]: [scout_3] Landed — tilt correction stopped, yaw-hold pinned to current heading.
[attitude_controller-14] [INFO] [1786715650.846540105] [attitude_scout_3]: [scout_3] Landed — tilt correction stopped, yaw-hold pinned to current heading.
[attitude_controller-14] [INFO] [1786715650.848158790] [attitude_scout_3]: [scout_3] Landed — tilt correction stopped, yaw-hold pinned to current heading.
[attitude_controller-14] [INFO] [1786715650.867233238] [attitude_scout_3]: [scout_3] Landed — tilt correction stopped, yaw-hold pinned to current heading.
[attitude_controller-14] [INFO] [1786715650.868761476] [attitude_scout_3]: [scout_3] Landed — tilt correction stopped, yaw-hold pinned to current heading.
[attitude_controller-14] [INFO] [1786715650.974336684] [attitude_scout_3]: [scout_3] Landed — tilt correction stopped, yaw-hold pinned to current heading.
[attitude_controller-14] [INFO] [1786715651.022154806] [attitude_scout_3]: [scout_3] Landed — tilt correction stopped, yaw-hold pinned to current heading.
[attitude_controller-14] [INFO] [1786715651.023653292] [attitude_scout_3]: [scout_3] Landed — tilt correction stopped, yaw-hold pinned to current heading.
[attitude_controller-14] [INFO] [1786715651.025017538] [attitude_scout_3]: [scout_3] Landed — tilt correction stopped, yaw-hold pinned to current heading.
[attitude_controller-14] [INFO] [1786715651.026480822] [attitude_scout_3]: [scout_3] Landed — tilt correction stopped, yaw-hold pinned to current heading.
[attitude_controller-14] [INFO] [1786715651.207568570] [attitude_scout_3]: [scout_3] Landed — tilt correction stopped, yaw-hold pinned to current heading.
[attitude_controller-14] [INFO] [1786715651.209671548] [attitude_scout_3]: [scout_3] Landed — tilt correction stopped, yaw-hold pinned to current heading.
[attitude_controller-14] [INFO] [1786715651.301391267] [attitude_scout_3]: [scout_3] Landed — tilt correction stopped, yaw-hold pinned to current heading.
[attitude_controller-14] [INFO] [1786715651.303887880] [attitude_scout_3]: [scout_3] Landed — tilt correction stopped, yaw-hold pinned to current heading.
[attitude_controller-14] [INFO] [1786715651.305627743] [attitude_scout_3]: [scout_3] Landed — tilt correction stopped, yaw-hold pinned to current heading.
[attitude_controller-14] [INFO] [1786715651.306968592] [attitude_scout_3]: [scout_3] Landed — tilt correction stopped, yaw-hold pinned to current heading.
[attitude_controller-14] [INFO] [1786715651.309448374] [attitude_scout_3]: [scout_3] Landed — tilt correction stopped, yaw-hold pinned to current heading.
[attitude_controller-14] [INFO] [1786715651.311836870] [attitude_scout_3]: [scout_3] Landed — tilt correction stopped, yaw-hold pinned to current heading.
[attitude_controller-14] [INFO] [1786715651.398869833] [attitude_scout_3]: [scout_3] Landed — tilt correction stopped, yaw-hold pinned to current heading.
[attitude_controller-14] [INFO] [1786715651.400639380] [attitude_scout_3]: [scout_3] Landed — tilt correction stopped, yaw-hold pinned to current heading.
[attitude_controller-14] [INFO] [1786715651.527096154] [attitude_scout_3]: [scout_3] Landed — tilt correction stopped, yaw-hold pinned to current heading.
[attitude_controller-14] [INFO] [1786715651.528517393] [attitude_scout_3]: [scout_3] Landed — tilt correction stopped, yaw-hold pinned to current heading.
[attitude_controller-14] [INFO] [1786715651.529803485] [attitude_scout_3]: [scout_3] Landed — tilt correction stopped, yaw-hold pinned to current heading.
[attitude_controller-14] [INFO] [1786715651.694323527] [attitude_scout_3]: [scout_3] Landed — tilt correction stopped, yaw-hold pinned to current heading.
[attitude_controller-14] [INFO] [1786715651.695934040] [attitude_scout_3]: [scout_3] Landed — tilt correction stopped, yaw-hold pinned to current heading.
[attitude_controller-14] [INFO] [1786715651.862387131] [attitude_scout_3]: [scout_3] Landed — tilt correction stopped, yaw-hold pinned to current heading.
[attitude_controller-14] [INFO] [1786715651.863660861] [attitude_scout_3]: [scout_3] Landed — tilt correction stopped, yaw-hold pinned to current heading.
[attitude_controller-14] [INFO] [1786715651.865218713] [attitude_scout_3]: [scout_3] Landed — tilt correction stopped, yaw-hold pinned to current heading.
[attitude_controller-14] [INFO] [1786715651.866428047] [attitude_scout_3]: [scout_3] Landed — tilt correction stopped, yaw-hold pinned to current heading.
[attitude_controller-14] [INFO] [1786715651.867621597] [attitude_scout_3]: [scout_3] Landed — tilt correction stopped, yaw-hold pinned to current heading.
[attitude_controller-14] [INFO] [1786715651.938595661] [attitude_scout_3]: [scout_3] Landed — tilt correction stopped, yaw-hold pinned to current heading.
[attitude_controller-14] [INFO] [1786715652.252620227] [attitude_scout_3]: [scout_3] Landed — tilt correction stopped, yaw-hold pinned to current heading.
[attitude_controller-14] [INFO] [1786715652.293990846] [attitude_scout_3]: [scout_3] Landed — tilt correction stopped, yaw-hold pinned to current heading.
[attitude_controller-14] [INFO] [1786715652.324620984] [attitude_scout_3]: [scout_3] Landed — tilt correction stopped, yaw-hold pinned to current heading.
[attitude_controller-14] [INFO] [1786715652.356757848] [attitude_scout_3]: [scout_3] Landed — tilt correction stopped, yaw-hold pinned to current heading.
[hopper_locomotion-13] [WARN] [1786715652.378678753] [loco_scout_3]: [scout_3] Ignoring jump command, currently not IDLE (state=1)
[attitude_controller-14] [INFO] [1786715652.392926059] [attitude_scout_3]: [scout_3] Landed — tilt correction stopped, yaw-hold pinned to current heading.
[attitude_controller-14] [INFO] [1786715652.437214516] [attitude_scout_3]: [scout_3] Landed — tilt correction stopped, yaw-hold pinned to current heading.
[attitude_controller-14] [INFO] [1786715652.439137019] [attitude_scout_3]: [scout_3] Landed — tilt correction stopped, yaw-hold pinned to current heading.
[attitude_controller-14] [INFO] [1786715652.440924725] [attitude_scout_3]: [scout_3] Landed — tilt correction stopped, yaw-hold pinned to current heading.
[attitude_controller-14] [INFO] [1786715652.442646708] [attitude_scout_3]: [scout_3] Landed — tilt correction stopped, yaw-hold pinned to current heading.
[attitude_controller-14] [INFO] [1786715652.444305762] [attitude_scout_3]: [scout_3] Landed — tilt correction stopped, yaw-hold pinned to current heading.
[attitude_controller-14] [INFO] [1786715652.445948683] [attitude_scout_3]: [scout_3] Landed — tilt correction stopped, yaw-hold pinned to current heading.
[attitude_controller-14] [INFO] [1786715652.550451305] [attitude_scout_3]: [scout_3] Landed — tilt correction stopped, yaw-hold pinned to current heading.
[attitude_controller-14] [INFO] [1786715652.714273749] [attitude_scout_3]: [scout_3] Landed — tilt correction stopped, yaw-hold pinned to current heading.
[attitude_controller-14] [INFO] [1786715652.749452143] [attitude_scout_3]: [scout_3] Landed — tilt correction stopped, yaw-hold pinned to current heading.
[attitude_controller-14] [INFO] [1786715652.928288842] [attitude_scout_3]: [scout_3] Landed — tilt correction stopped, yaw-hold pinned to current heading.
[attitude_controller-14] [INFO] [1786715652.931448267] [attitude_scout_3]: [scout_3] Landed — tilt correction stopped, yaw-hold pinned to current heading.
[attitude_controller-14] [INFO] [1786715652.933539441] [attitude_scout_3]: [scout_3] Landed — tilt correction stopped, yaw-hold pinned to current heading.
[attitude_controller-14] [INFO] [1786715652.935049940] [attitude_scout_3]: [scout_3] Landed — tilt correction stopped, yaw-hold pinned to current heading.
[attitude_controller-14] [INFO] [1786715652.936759910] [attitude_scout_3]: [scout_3] Landed — tilt correction stopped, yaw-hold pinned to current heading.
[attitude_controller-14] [INFO] [1786715652.938294713] [attitude_scout_3]: [scout_3] Landed — tilt correction stopped, yaw-hold pinned to current heading.
[attitude_controller-14] [INFO] [1786715652.944984152] [attitude_scout_3]: [scout_3] Landed — tilt correction stopped, yaw-hold pinned to current heading.
[attitude_controller-14] [INFO] [1786715652.946346582] [attitude_scout_3]: [scout_3] Landed — tilt correction stopped, yaw-hold pinned to current heading.
[attitude_controller-14] [INFO] [1786715652.992164674] [attitude_scout_3]: [scout_3] Landed — tilt correction stopped, yaw-hold pinned to current heading.
[attitude_controller-14] [INFO] [1786715653.001176188] [attitude_scout_3]: [scout_3] Landed — tilt correction stopped, yaw-hold pinned to current heading.
[attitude_controller-14] [INFO] [1786715653.002716789] [attitude_scout_3]: [scout_3] Landed — tilt correction stopped, yaw-hold pinned to current heading.
[attitude_controller-14] [INFO] [1786715653.004002811] [attitude_scout_3]: [scout_3] Landed — tilt correction stopped, yaw-hold pinned to current heading.
[attitude_controller-14] [INFO] [1786715653.050998248] [attitude_scout_3]: [scout_3] Landed — tilt correction stopped, yaw-hold pinned to current heading.
[attitude_controller-14] [INFO] [1786715653.220918765] [attitude_scout_3]: [scout_3] Landed — tilt correction stopped, yaw-hold pinned to current heading.
[attitude_controller-14] [INFO] [1786715653.222333438] [attitude_scout_3]: [scout_3] Landed — tilt correction stopped, yaw-hold pinned to current heading.
[attitude_controller-14] [INFO] [1786715653.223862305] [attitude_scout_3]: [scout_3] Landed — tilt correction stopped, yaw-hold pinned to current heading.
[attitude_controller-14] [INFO] [1786715653.225395222] [attitude_scout_3]: [scout_3] Landed — tilt correction stopped, yaw-hold pinned to current heading.
[attitude_controller-14] [INFO] [1786715653.386814849] [attitude_scout_3]: [scout_3] Landed — tilt correction stopped, yaw-hold pinned to current heading.
[attitude_controller-14] [INFO] [1786715653.388274710] [attitude_scout_3]: [scout_3] Landed — tilt correction stopped, yaw-hold pinned to current heading.
[attitude_controller-14] [INFO] [1786715653.392057835] [attitude_scout_3]: [scout_3] Landed — tilt correction stopped, yaw-hold pinned to current heading.
[attitude_controller-14] [INFO] [1786715653.409048162] [attitude_scout_3]: [scout_3] Landed — tilt correction stopped, yaw-hold pinned to current heading.
[attitude_controller-14] [INFO] [1786715653.410491750] [attitude_scout_3]: [scout_3] Landed — tilt correction stopped, yaw-hold pinned to current heading.
[attitude_controller-14] [INFO] [1786715653.411719523] [attitude_scout_3]: [scout_3] Landed — tilt correction stopped, yaw-hold pinned to current heading.
[attitude_controller-14] [INFO] [1786715653.413089217] [attitude_scout_3]: [scout_3] Landed — tilt correction stopped, yaw-hold pinned to current heading.
[attitude_controller-14] [INFO] [1786715653.414530151] [attitude_scout_3]: [scout_3] Landed — tilt correction stopped, yaw-hold pinned to current heading.
[attitude_controller-14] [INFO] [1786715653.432266193] [attitude_scout_3]: [scout_3] Landed — tilt correction stopped, yaw-hold pinned to current heading.
[attitude_controller-14] [INFO] [1786715653.433344502] [attitude_scout_3]: [scout_3] Landed — tilt correction stopped, yaw-hold pinned to current heading.
[landing_controller-7] [INFO] [1786715653.484134099] [landing_scout_1]: [scout_1] Landing controller state: FLIGHT
[landing_controller-11] [INFO] [1786715653.515543197] [landing_scout_2]: [scout_2] Landing controller state: FLIGHT
[landing_controller-15] [INFO] [1786715653.561113484] [landing_scout_3]: [scout_3] Landing controller state: LANDED
[attitude_controller-14] [INFO] [1786715653.709813484] [attitude_scout_3]: [scout_3] Landed — tilt correction stopped, yaw-hold pinned to current heading.
[attitude_controller-14] [INFO] [1786715653.711443204] [attitude_scout_3]: [scout_3] Landed — tilt correction stopped, yaw-hold pinned to current heading.
[attitude_controller-14] [INFO] [1786715653.713041425] [attitude_scout_3]: [scout_3] Landed — tilt correction stopped, yaw-hold pinned to current heading.
[attitude_controller-14] [INFO] [1786715653.714779612] [attitude_scout_3]: [scout_3] Landed — tilt correction stopped, yaw-hold pinned to current heading.
[attitude_controller-14] [INFO] [1786715653.716177523] [attitude_scout_3]: [scout_3] Landed — tilt correction stopped, yaw-hold pinned to current heading.
[attitude_controller-14] [INFO] [1786715653.739619960] [attitude_scout_3]: [scout_3] Landed — tilt correction stopped, yaw-hold pinned to current heading.
[attitude_controller-14] [INFO] [1786715653.826568828] [attitude_scout_3]: [scout_3] Landed — tilt correction stopped, yaw-hold pinned to current heading.
[attitude_controller-14] [INFO] [1786715654.144975691] [attitude_scout_3]: [scout_3] Landed — tilt correction stopped, yaw-hold pinned to current heading.
[attitude_controller-14] [INFO] [1786715654.146572306] [attitude_scout_3]: [scout_3] Landed — tilt correction stopped, yaw-hold pinned to current heading.
[attitude_controller-14] [INFO] [1786715654.149098742] [attitude_scout_3]: [scout_3] Landed — tilt correction stopped, yaw-hold pinned to current heading.
[attitude_controller-14] [INFO] [1786715654.150887495] [attitude_scout_3]: [scout_3] Landed — tilt correction stopped, yaw-hold pinned to current heading.
[attitude_controller-14] [INFO] [1786715654.152355110] [attitude_scout_3]: [scout_3] Landed — tilt correction stopped, yaw-hold pinned to current heading.
[attitude_controller-14] [INFO] [1786715654.153982665] [attitude_scout_3]: [scout_3] Landed — tilt correction stopped, yaw-hold pinned to current heading.
[attitude_controller-14] [INFO] [1786715654.155591292] [attitude_scout_3]: [scout_3] Landed — tilt correction stopped, yaw-hold pinned to current heading.
[attitude_controller-14] [INFO] [1786715654.156794550] [attitude_scout_3]: [scout_3] Landed — tilt correction stopped, yaw-hold pinned to current heading.
[attitude_controller-14] [INFO] [1786715654.158155235] [attitude_scout_3]: [scout_3] Landed — tilt correction stopped, yaw-hold pinned to current heading.
[attitude_controller-14] [INFO] [1786715654.159492312] [attitude_scout_3]: [scout_3] Landed — tilt correction stopped, yaw-hold pinned to current heading.
[attitude_controller-14] [INFO] [1786715654.257447203] [attitude_scout_3]: [scout_3] Landed — tilt correction stopped, yaw-hold pinned to current heading.
[attitude_controller-14] [INFO] [1786715654.260684852] [attitude_scout_3]: [scout_3] Landed — tilt correction stopped, yaw-hold pinned to current heading.
[attitude_controller-14] [INFO] [1786715654.262500704] [attitude_scout_3]: [scout_3] Landed — tilt correction stopped, yaw-hold pinned to current heading.
[attitude_controller-14] [INFO] [1786715654.264460922] [attitude_scout_3]: [scout_3] Landed — tilt correction stopped, yaw-hold pinned to current heading.
[attitude_controller-14] [INFO] [1786715654.266251212] [attitude_scout_3]: [scout_3] Landed — tilt correction stopped, yaw-hold pinned to current heading.
[attitude_controller-14] [INFO] [1786715654.398542257] [attitude_scout_3]: [scout_3] Landed — tilt correction stopped, yaw-hold pinned to current heading.
[attitude_controller-14] [INFO] [1786715654.445927627] [attitude_scout_3]: [scout_3] Landed — tilt correction stopped, yaw-hold pinned to current heading.
[attitude_controller-14] [INFO] [1786715654.447399222] [attitude_scout_3]: [scout_3] Landed — tilt correction stopped, yaw-hold pinned to current heading.
[attitude_controller-14] [INFO] [1786715654.449321655] [attitude_scout_3]: [scout_3] Landed — tilt correction stopped, yaw-hold pinned to current heading.
[attitude_controller-14] [INFO] [1786715654.507410699] [attitude_scout_3]: [scout_3] Landed — tilt correction stopped, yaw-hold pinned to current heading.
[attitude_controller-14] [INFO] [1786715654.702710400] [attitude_scout_3]: [scout_3] Landed — tilt correction stopped, yaw-hold pinned to current heading.
[attitude_controller-14] [INFO] [1786715654.704208326] [attitude_scout_3]: [scout_3] Landed — tilt correction stopped, yaw-hold pinned to current heading.
[attitude_controller-14] [INFO] [1786715654.705747460] [attitude_scout_3]: [scout_3] Landed — tilt correction stopped, yaw-hold pinned to current heading.
[attitude_controller-14] [INFO] [1786715654.738541547] [attitude_scout_3]: [scout_3] Landed — tilt correction stopped, yaw-hold pinned to current heading.
[attitude_controller-14] [INFO] [1786715654.740125171] [attitude_scout_3]: [scout_3] Landed — tilt correction stopped, yaw-hold pinned to current heading.
[attitude_controller-14] [INFO] [1786715654.741701880] [attitude_scout_3]: [scout_3] Landed — tilt correction stopped, yaw-hold pinned to current heading.
[attitude_controller-14] [INFO] [1786715654.743496500] [attitude_scout_3]: [scout_3] Landed — tilt correction stopped, yaw-hold pinned to current heading.
[attitude_controller-14] [INFO] [1786715654.745485075] [attitude_scout_3]: [scout_3] Landed — tilt correction stopped, yaw-hold pinned to current heading.
[attitude_controller-14] [INFO] [1786715654.935095282] [attitude_scout_3]: [scout_3] Landed — tilt correction stopped, yaw-hold pinned to current heading.
[attitude_controller-14] [INFO] [1786715654.936681490] [attitude_scout_3]: [scout_3] Landed — tilt correction stopped, yaw-hold pinned to current heading.
[attitude_controller-14] [INFO] [1786715654.937868684] [attitude_scout_3]: [scout_3] Landed — tilt correction stopped, yaw-hold pinned to current heading.
[attitude_controller-14] [INFO] [1786715654.952218520] [attitude_scout_3]: [scout_3] Landed — tilt correction stopped, yaw-hold pinned to current heading.
[attitude_controller-14] [INFO] [1786715654.953714420] [attitude_scout_3]: [scout_3] Landed — tilt correction stopped, yaw-hold pinned to current heading.
[attitude_controller-14] [INFO] [1786715654.955164504] [attitude_scout_3]: [scout_3] Landed — tilt correction stopped, yaw-hold pinned to current heading.
[attitude_controller-14] [INFO] [1786715655.002960832] [attitude_scout_3]: [scout_3] Landed — tilt correction stopped, yaw-hold pinned to current heading.
[attitude_controller-14] [INFO] [1786715655.042972579] [attitude_scout_3]: [scout_3] Landed — tilt correction stopped, yaw-hold pinned to current heading.
[attitude_controller-14] [INFO] [1786715655.217280705] [attitude_scout_3]: [scout_3] Landed — tilt correction stopped, yaw-hold pinned to current heading.
[hopper_locomotion-13] [INFO] [1786715655.255267211] [loco_scout_3]: 2. IGNITION (stroke fraction=0.90, ramp=4.0s)
[landing_controller-15] [INFO] [1786715655.256929478] [landing_scout_3]: [scout_3] 🚀 Jump detected → FLIGHT mode (contact detection blanked 100 s for launch)
[hopper_locomotion-13] [WARN] [1786715655.257009938] [loco_scout_3]: [scout_3] Aborting launch mid-stroke: tipping (uz=0.11). Retracting; righting will recover.
[landing_controller-15] [INFO] [1786715655.321636789] [landing_scout_3]: [scout_3] 📏 CALIBSERIES t=0.1s v=0.37673 m/s (vx=0.20757 vy=0.31210 vz=-0.03777)
[attitude_controller-14] [INFO] [1786715655.448648875] [attitude_scout_3]: [scout_3] Landed — tilt correction stopped, yaw-hold pinned to current heading.
[attitude_controller-14] [INFO] [1786715655.450254220] [attitude_scout_3]: [scout_3] Landed — tilt correction stopped, yaw-hold pinned to current heading.
[attitude_controller-14] [INFO] [1786715655.452484591] [attitude_scout_3]: [scout_3] Landed — tilt correction stopped, yaw-hold pinned to current heading.
[attitude_controller-14] [INFO] [1786715655.454634713] [attitude_scout_3]: [scout_3] Landed — tilt correction stopped, yaw-hold pinned to current heading.
[attitude_controller-14] [INFO] [1786715655.457018041] [attitude_scout_3]: [scout_3] Landed — tilt correction stopped, yaw-hold pinned to current heading.
[attitude_controller-14] [INFO] [1786715655.459672989] [attitude_scout_3]: [scout_3] Landed — tilt correction stopped, yaw-hold pinned to current heading.
[attitude_controller-14] [INFO] [1786715655.461393156] [attitude_scout_3]: [scout_3] Landed — tilt correction stopped, yaw-hold pinned to current heading.
[attitude_controller-14] [INFO] [1786715655.462978107] [attitude_scout_3]: [scout_3] Landed — tilt correction stopped, yaw-hold pinned to current heading.
[attitude_controller-14] [INFO] [1786715655.499072911] [attitude_scout_3]: [scout_3] Landed — tilt correction stopped, yaw-hold pinned to current heading.
[attitude_controller-14] [INFO] [1786715655.568080604] [attitude_scout_3]: [scout_3] Jump initiated. Flight mode active (tilt-PD held for stroke).
[attitude_controller-14] [INFO] [1786715655.569787640] [attitude_scout_3]: [scout_3] Landed — tilt correction stopped, yaw-hold pinned to current heading.
[attitude_controller-14] [INFO] [1786715655.583187888] [attitude_scout_3]: [scout_3] Airborne (landed=False) — tilt correction armed.
[landing_controller-15] [INFO] [1786715657.369770710] [landing_scout_3]: [scout_3] 📏 CALIBSERIES t=2.1s v=0.19457 m/s (vx=0.16330 vy=0.09046 vz=-0.05483)
[landing_controller-7] [INFO] [1786715658.484259793] [landing_scout_1]: [scout_1] Landing controller state: FLIGHT
[landing_controller-11] [INFO] [1786715658.515962158] [landing_scout_2]: [scout_2] Landing controller state: FLIGHT
[landing_controller-15] [INFO] [1786715658.560513429] [landing_scout_3]: [scout_3] Landing controller state: FLIGHT
[landing_controller-15] [INFO] [1786715659.371777395] [landing_scout_3]: [scout_3] 📏 CALIBSERIES t=4.1s v=0.06329 m/s (vx=0.00391 vy=-0.03525 vz=-0.05242)
[swarm_manager-3] [INFO] [1786715659.482825491] [swarm_manager_node]: 📍 scout_2 detected high-value spectral anomaly at [-5.1, -22.0]!
[landing_controller-15] [INFO] [1786715661.433683289] [landing_scout_3]: [scout_3] 📏 CALIBSERIES t=6.2s v=0.06321 m/s (vx=0.00330 vy=-0.03532 vz=-0.05231)
[attitude_controller-14] [INFO] [1786715661.501058529] [attitude_scout_3]: [scout_3] Separation — tilt correction engaged.
[landing_controller-15] [INFO] [1786715663.470623935] [landing_scout_3]: [scout_3] 📏 CALIBSERIES t=8.2s v=0.06316 m/s (vx=0.00327 vy=-0.03537 vz=-0.05222)
[landing_controller-15] [INFO] [1786715663.471249590] [landing_scout_3]: [scout_3] 📏 CALIBSTABLE t=8.2s v=0.06316 m/s (vx=0.00327 vy=-0.03537 vz=-0.05222) -- 3 consecutive samples steady
[landing_controller-7] [INFO] [1786715663.486858206] [landing_scout_1]: [scout_1] Landing controller state: FLIGHT
[landing_controller-11] [INFO] [1786715663.514812575] [landing_scout_2]: [scout_2] Landing controller state: FLIGHT
[landing_controller-15] [INFO] [1786715663.560529173] [landing_scout_3]: [scout_3] Landing controller state: FLIGHT
[landing_controller-7] [INFO] [1786715668.484284102] [landing_scout_1]: [scout_1] Landing controller state: FLIGHT
[landing_controller-11] [INFO] [1786715668.514924706] [landing_scout_2]: [scout_2] Landing controller state: FLIGHT
[landing_controller-15] [INFO] [1786715668.560452722] [landing_scout_3]: [scout_3] Landing controller state: FLIGHT
[landing_controller-7] [INFO] [1786715673.484400919] [landing_scout_1]: [scout_1] Landing controller state: FLIGHT
[landing_controller-11] [INFO] [1786715673.515124143] [landing_scout_2]: [scout_2] Landing controller state: FLIGHT
[landing_controller-15] [INFO] [1786715673.560742253] [landing_scout_3]: [scout_3] Landing controller state: FLIGHT
[swarm_manager-3] [INFO] [1786715677.482495093] [swarm_manager_node]: 📍 scout_2 detected high-value spectral anomaly at [9.5, -11.8]!
[landing_controller-7] [INFO] [1786715678.484786570] [landing_scout_1]: [scout_1] Landing controller state: FLIGHT
[landing_controller-11] [INFO] [1786715678.514847888] [landing_scout_2]: [scout_2] Landing controller state: FLIGHT
[landing_controller-15] [INFO] [1786715678.560393844] [landing_scout_3]: [scout_3] Landing controller state: FLIGHT
[swarm_manager-3] [INFO] [1786715679.482964964] [swarm_manager_node]: 📍 scout_2 detected high-value spectral anomaly at [0.5, -20.5]!
[landing_controller-7] [INFO] [1786715683.484231518] [landing_scout_1]: [scout_1] Landing controller state: FLIGHT
[landing_controller-11] [INFO] [1786715683.515749201] [landing_scout_2]: [scout_2] Landing controller state: FLIGHT
[landing_controller-15] [INFO] [1786715683.560510186] [landing_scout_3]: [scout_3] Landing controller state: FLIGHT
[landing_controller-7] [INFO] [1786715688.484116008] [landing_scout_1]: [scout_1] Landing controller state: FLIGHT
[landing_controller-11] [INFO] [1786715688.514956279] [landing_scout_2]: [scout_2] Landing controller state: FLIGHT
[landing_controller-15] [INFO] [1786715688.562280501] [landing_scout_3]: [scout_3] Landing controller state: FLIGHT
[landing_controller-7] [INFO] [1786715693.485732212] [landing_scout_1]: [scout_1] Landing controller state: FLIGHT
[landing_controller-11] [INFO] [1786715693.515023290] [landing_scout_2]: [scout_2] Landing controller state: FLIGHT
[landing_controller-15] [INFO] [1786715693.560345246] [landing_scout_3]: [scout_3] Landing controller state: FLIGHT
[swarm_manager-3] [INFO] [1786715697.482818228] [swarm_manager_node]: 📍 scout_2 detected high-value spectral anomaly at [-6.4, -24.8]!
[landing_controller-7] [INFO] [1786715698.484175055] [landing_scout_1]: [scout_1] Landing controller state: FLIGHT
[landing_controller-11] [INFO] [1786715698.515465598] [landing_scout_2]: [scout_2] Landing controller state: FLIGHT
[landing_controller-15] [INFO] [1786715698.562044584] [landing_scout_3]: [scout_3] Landing controller state: FLIGHT
[landing_controller-7] [INFO] [1786715703.484062218] [landing_scout_1]: [scout_1] Landing controller state: FLIGHT
[landing_controller-11] [INFO] [1786715703.515421972] [landing_scout_2]: [scout_2] Landing controller state: FLIGHT
[landing_controller-15] [INFO] [1786715703.560523563] [landing_scout_3]: [scout_3] Landing controller state: FLIGHT
[swarm_manager-3] [INFO] [1786715705.482934300] [swarm_manager_node]: 📍 scout_2 detected high-value spectral anomaly at [9.3, -20.6]!
[landing_controller-7] [INFO] [1786715708.484054045] [landing_scout_1]: [scout_1] Landing controller state: FLIGHT
[landing_controller-11] [INFO] [1786715708.515134564] [landing_scout_2]: [scout_2] Landing controller state: FLIGHT
[landing_controller-15] [INFO] [1786715708.561114985] [landing_scout_3]: [scout_3] Landing controller state: FLIGHT
[swarm_manager-3] [INFO] [1786715709.482653099] [swarm_manager_node]: 📍 scout_2 detected high-value spectral anomaly at [8.4, -30.9]!
[landing_controller-7] [INFO] [1786715713.484211027] [landing_scout_1]: [scout_1] Landing controller state: FLIGHT
[landing_controller-11] [INFO] [1786715713.514843010] [landing_scout_2]: [scout_2] Landing controller state: FLIGHT
[landing_controller-15] [INFO] [1786715713.561528842] [landing_scout_3]: [scout_3] Landing controller state: FLIGHT
[landing_controller-7] [INFO] [1786715718.484005713] [landing_scout_1]: [scout_1] Landing controller state: FLIGHT
[landing_controller-11] [INFO] [1786715718.514913922] [landing_scout_2]: [scout_2] Landing controller state: FLIGHT
[landing_controller-15] [INFO] [1786715718.560526051] [landing_scout_3]: [scout_3] Landing controller state: FLIGHT
[swarm_manager-3] [INFO] [1786715721.482742666] [swarm_manager_node]: 📍 scout_2 detected high-value spectral anomaly at [4.6, -12.5]!
[landing_controller-7] [INFO] [1786715723.484126829] [landing_scout_1]: [scout_1] Landing controller state: FLIGHT
[landing_controller-11] [INFO] [1786715723.515689325] [landing_scout_2]: [scout_2] Landing controller state: FLIGHT
[landing_controller-15] [INFO] [1786715723.560218953] [landing_scout_3]: [scout_3] Landing controller state: FLIGHT
[swarm_manager-3] [INFO] [1786715727.483188345] [swarm_manager_node]: 📍 scout_2 detected high-value spectral anomaly at [8.6, -19.0]!
[landing_controller-7] [INFO] [1786715728.484753390] [landing_scout_1]: [scout_1] Landing controller state: FLIGHT
[landing_controller-11] [INFO] [1786715728.514750142] [landing_scout_2]: [scout_2] Landing controller state: FLIGHT
[landing_controller-15] [INFO] [1786715728.560361075] [landing_scout_3]: [scout_3] Landing controller state: FLIGHT
[landing_controller-7] [INFO] [1786715733.484041125] [landing_scout_1]: [scout_1] Landing controller state: FLIGHT
[landing_controller-11] [INFO] [1786715733.516277809] [landing_scout_2]: [scout_2] Landing controller state: FLIGHT
[landing_controller-15] [INFO] [1786715733.560201749] [landing_scout_3]: [scout_3] Landing controller state: FLIGHT
[swarm_manager-3] [WARN] [1786715737.484074766] [swarm_manager_node]: 🔋 scout_3 BMS Alert! Li-ion cells critical (15.0%). Fleeing to sunlight.
[swarm_manager-3] [WARN] [1786715737.484910299] [swarm_manager_node]: ↩️ Requeuing scout_3's anomaly target [-9.7, -9.4] — task abandoned for recharge.
[landing_controller-7] [INFO] [1786715738.484500266] [landing_scout_1]: [scout_1] Landing controller state: FLIGHT
[landing_controller-11] [INFO] [1786715738.515032079] [landing_scout_2]: [scout_2] Landing controller state: FLIGHT
[landing_controller-15] [INFO] [1786715738.560265990] [landing_scout_3]: [scout_3] Landing controller state: FLIGHT
[landing_controller-7] [INFO] [1786715743.484796537] [landing_scout_1]: [scout_1] Landing controller state: FLIGHT
[landing_controller-11] [INFO] [1786715743.515137396] [landing_scout_2]: [scout_2] Landing controller state: FLIGHT
[landing_controller-15] [INFO] [1786715743.560251802] [landing_scout_3]: [scout_3] Landing controller state: FLIGHT
[landing_controller-7] [INFO] [1786715748.484212446] [landing_scout_1]: [scout_1] Landing controller state: FLIGHT
[landing_controller-11] [INFO] [1786715748.514729377] [landing_scout_2]: [scout_2] Landing controller state: FLIGHT
[landing_controller-15] [INFO] [1786715748.560865582] [landing_scout_3]: [scout_3] Landing controller state: FLIGHT
[landing_controller-7] [INFO] [1786715753.483882388] [landing_scout_1]: [scout_1] Landing controller state: FLIGHT
[landing_controller-11] [INFO] [1786715753.514968537] [landing_scout_2]: [scout_2] Landing controller state: FLIGHT
[landing_controller-15] [INFO] [1786715753.561166758] [landing_scout_3]: [scout_3] Landing controller state: FLIGHT
[landing_controller-7] [INFO] [1786715758.486597364] [landing_scout_1]: [scout_1] Landing controller state: FLIGHT
[landing_controller-11] [INFO] [1786715758.516076911] [landing_scout_2]: [scout_2] Landing controller state: FLIGHT
[landing_controller-15] [INFO] [1786715758.560337054] [landing_scout_3]: [scout_3] Landing controller state: FLIGHT
[landing_controller-7] [INFO] [1786715763.484470496] [landing_scout_1]: [scout_1] Landing controller state: FLIGHT
[landing_controller-11] [INFO] [1786715763.514940553] [landing_scout_2]: [scout_2] Landing controller state: FLIGHT
[landing_controller-15] [INFO] [1786715763.560295342] [landing_scout_3]: [scout_3] Landing controller state: FLIGHT
[swarm_manager-3] [INFO] [1786715767.483024477] [swarm_manager_node]: 📍 scout_2 detected high-value spectral anomaly at [2.8, -16.2]!
[landing_controller-7] [INFO] [1786715768.484236681] [landing_scout_1]: [scout_1] Landing controller state: FLIGHT
[landing_controller-11] [INFO] [1786715768.516512735] [landing_scout_2]: [scout_2] Landing controller state: FLIGHT
[landing_controller-15] [INFO] [1786715768.560645477] [landing_scout_3]: [scout_3] Landing controller state: FLIGHT
[landing_controller-7] [INFO] [1786715773.484239735] [landing_scout_1]: [scout_1] Landing controller state: FLIGHT
[landing_controller-11] [INFO] [1786715773.514779769] [landing_scout_2]: [scout_2] Landing controller state: FLIGHT
[landing_controller-15] [INFO] [1786715773.560441858] [landing_scout_3]: [scout_3] Landing controller state: FLIGHT
[landing_controller-7] [INFO] [1786715778.483960031] [landing_scout_1]: [scout_1] Landing controller state: FLIGHT
[landing_controller-11] [INFO] [1786715778.514733547] [landing_scout_2]: [scout_2] Landing controller state: FLIGHT
[landing_controller-15] [INFO] [1786715778.560192459] [landing_scout_3]: [scout_3] Landing controller state: FLIGHT
[swarm_manager-3] [INFO] [1786715781.482640142] [swarm_manager_node]: 📍 scout_2 detected high-value spectral anomaly at [12.4, -29.0]!
[landing_controller-7] [INFO] [1786715783.484223676] [landing_scout_1]: [scout_1] Landing controller state: FLIGHT
[landing_controller-11] [INFO] [1786715783.515094621] [landing_scout_2]: [scout_2] Landing controller state: FLIGHT
[landing_controller-15] [INFO] [1786715783.560271084] [landing_scout_3]: [scout_3] Landing controller state: FLIGHT
[landing_controller-7] [INFO] [1786715788.484681879] [landing_scout_1]: [scout_1] Landing controller state: FLIGHT
[landing_controller-11] [INFO] [1786715788.514743551] [landing_scout_2]: [scout_2] Landing controller state: FLIGHT
[landing_controller-15] [INFO] [1786715788.561017382] [landing_scout_3]: [scout_3] Landing controller state: FLIGHT
[swarm_manager-3] [INFO] [1786715791.483305027] [swarm_manager_node]: 📍 scout_2 detected high-value spectral anomaly at [-3.0, -26.2]!
[landing_controller-7] [INFO] [1786715793.484542695] [landing_scout_1]: [scout_1] Landing controller state: FLIGHT
[landing_controller-11] [INFO] [1786715793.515859721] [landing_scout_2]: [scout_2] Landing controller state: FLIGHT
[landing_controller-15] [INFO] [1786715793.560289136] [landing_scout_3]: [scout_3] Landing controller state: FLIGHT
[landing_controller-7] [INFO] [1786715798.487453466] [landing_scout_1]: [scout_1] Landing controller state: FLIGHT
[landing_controller-11] [INFO] [1786715798.515040387] [landing_scout_2]: [scout_2] Landing controller state: FLIGHT
[landing_controller-15] [INFO] [1786715798.561617818] [landing_scout_3]: [scout_3] Landing controller state: FLIGHT
[landing_controller-7] [INFO] [1786715803.485319609] [landing_scout_1]: [scout_1] Landing controller state: FLIGHT
[landing_controller-11] [INFO] [1786715803.515222799] [landing_scout_2]: [scout_2] Landing controller state: FLIGHT
[landing_controller-15] [INFO] [1786715803.560381925] [landing_scout_3]: [scout_3] Landing controller state: FLIGHT
[landing_controller-7] [INFO] [1786715808.484571847] [landing_scout_1]: [scout_1] Landing controller state: FLIGHT
[landing_controller-11] [INFO] [1786715808.514883895] [landing_scout_2]: [scout_2] Landing controller state: FLIGHT
[landing_controller-15] [INFO] [1786715808.560485124] [landing_scout_3]: [scout_3] Landing controller state: FLIGHT
[landing_controller-7] [INFO] [1786715813.484219463] [landing_scout_1]: [scout_1] Landing controller state: FLIGHT
[landing_controller-11] [INFO] [1786715813.516018116] [landing_scout_2]: [scout_2] Landing controller state: FLIGHT
[landing_controller-15] [INFO] [1786715813.560268089] [landing_scout_3]: [scout_3] Landing controller state: FLIGHT
[landing_controller-7] [INFO] [1786715818.484191150] [landing_scout_1]: [scout_1] Landing controller state: FLIGHT
[landing_controller-11] [INFO] [1786715818.518237765] [landing_scout_2]: [scout_2] Landing controller state: FLIGHT
[landing_controller-15] [INFO] [1786715818.560267078] [landing_scout_3]: [scout_3] Landing controller state: FLIGHT
[landing_controller-7] [INFO] [1786715823.484308884] [landing_scout_1]: [scout_1] Landing controller state: FLIGHT
[landing_controller-11] [INFO] [1786715823.515106403] [landing_scout_2]: [scout_2] Landing controller state: FLIGHT
[landing_controller-15] [INFO] [1786715823.560267330] [landing_scout_3]: [scout_3] Landing controller state: FLIGHT
[swarm_manager-3] [INFO] [1786715825.482999624] [swarm_manager_node]: 📍 scout_2 detected high-value spectral anomaly at [-0.4, -27.1]!
[landing_controller-7] [INFO] [1786715828.485571491] [landing_scout_1]: [scout_1] Landing controller state: FLIGHT
[landing_controller-11] [INFO] [1786715828.515078660] [landing_scout_2]: [scout_2] Landing controller state: FLIGHT
[landing_controller-15] [INFO] [1786715828.560467271] [landing_scout_3]: [scout_3] Landing controller state: FLIGHT
[landing_controller-7] [INFO] [1786715833.484314318] [landing_scout_1]: [scout_1] Landing controller state: FLIGHT
[landing_controller-11] [INFO] [1786715833.514917180] [landing_scout_2]: [scout_2] Landing controller state: FLIGHT
[landing_controller-15] [INFO] [1786715833.560290911] [landing_scout_3]: [scout_3] Landing controller state: FLIGHT
[swarm_manager-3] [INFO] [1786715837.484849612] [swarm_manager_node]: 📍 scout_2 detected high-value spectral anomaly at [-4.4, -18.7]!
[landing_controller-7] [INFO] [1786715838.483963444] [landing_scout_1]: [scout_1] Landing controller state: FLIGHT
[landing_controller-11] [INFO] [1786715838.514819623] [landing_scout_2]: [scout_2] Landing controller state: FLIGHT
[landing_controller-15] [INFO] [1786715838.560278629] [landing_scout_3]: [scout_3] Landing controller state: FLIGHT
[swarm_manager-3] [INFO] [1786715839.482905726] [swarm_manager_node]: 📍 scout_2 detected high-value spectral anomaly at [10.6, -28.7]!
[landing_controller-7] [INFO] [1786715843.484113713] [landing_scout_1]: [scout_1] Landing controller state: FLIGHT
[landing_controller-11] [INFO] [1786715843.514952289] [landing_scout_2]: [scout_2] Landing controller state: FLIGHT
[landing_controller-15] [INFO] [1786715843.560215941] [landing_scout_3]: [scout_3] Landing controller state: FLIGHT
[landing_controller-7] [INFO] [1786715848.484498259] [landing_scout_1]: [scout_1] Landing controller state: FLIGHT
[landing_controller-11] [INFO] [1786715848.514844581] [landing_scout_2]: [scout_2] Landing controller state: FLIGHT
[landing_controller-15] [INFO] [1786715848.562398586] [landing_scout_3]: [scout_3] Landing controller state: FLIGHT
[landing_controller-7] [INFO] [1786715853.484417051] [landing_scout_1]: [scout_1] Landing controller state: FLIGHT
[landing_controller-11] [INFO] [1786715853.515048818] [landing_scout_2]: [scout_2] Landing controller state: FLIGHT
[landing_controller-15] [INFO] [1786715853.560921143] [landing_scout_3]: [scout_3] Landing controller state: FLIGHT
[landing_controller-7] [INFO] [1786715858.484730278] [landing_scout_1]: [scout_1] Landing controller state: FLIGHT
[landing_controller-11] [INFO] [1786715858.515441804] [landing_scout_2]: [scout_2] Landing controller state: FLIGHT
[landing_controller-15] [INFO] [1786715858.560217941] [landing_scout_3]: [scout_3] Landing controller state: FLIGHT
[landing_controller-7] [INFO] [1786715863.485027547] [landing_scout_1]: [scout_1] Landing controller state: FLIGHT
[landing_controller-11] [INFO] [1786715863.515557339] [landing_scout_2]: [scout_2] Landing controller state: FLIGHT
[landing_controller-15] [INFO] [1786715863.560251198] [landing_scout_3]: [scout_3] Landing controller state: FLIGHT
[landing_controller-7] [INFO] [1786715868.484219801] [landing_scout_1]: [scout_1] Landing controller state: FLIGHT
[landing_controller-11] [INFO] [1786715868.515076246] [landing_scout_2]: [scout_2] Landing controller state: FLIGHT
[landing_controller-15] [INFO] [1786715868.562541048] [landing_scout_3]: [scout_3] Landing controller state: FLIGHT
[landing_controller-7] [INFO] [1786715873.484236245] [landing_scout_1]: [scout_1] Landing controller state: FLIGHT
[landing_controller-11] [INFO] [1786715873.515252139] [landing_scout_2]: [scout_2] Landing controller state: FLIGHT
[landing_controller-15] [INFO] [1786715873.560349194] [landing_scout_3]: [scout_3] Landing controller state: FLIGHT
[landing_controller-7] [INFO] [1786715878.484349677] [landing_scout_1]: [scout_1] Landing controller state: FLIGHT
[landing_controller-11] [INFO] [1786715878.515501553] [landing_scout_2]: [scout_2] Landing controller state: FLIGHT
[landing_controller-15] [INFO] [1786715878.560315182] [landing_scout_3]: [scout_3] Landing controller state: FLIGHT
[landing_controller-7] [INFO] [1786715883.484148169] [landing_scout_1]: [scout_1] Landing controller state: FLIGHT
[landing_controller-11] [INFO] [1786715883.517265350] [landing_scout_2]: [scout_2] Landing controller state: FLIGHT
[landing_controller-15] [INFO] [1786715883.560762718] [landing_scout_3]: [scout_3] Landing controller state: FLIGHT
[landing_controller-7] [INFO] [1786715888.484018512] [landing_scout_1]: [scout_1] Landing controller state: FLIGHT
[landing_controller-11] [INFO] [1786715888.516108513] [landing_scout_2]: [scout_2] Landing controller state: FLIGHT
[landing_controller-15] [INFO] [1786715888.560633964] [landing_scout_3]: [scout_3] Landing controller state: FLIGHT
[landing_controller-7] [INFO] [1786715893.484206140] [landing_scout_1]: [scout_1] Landing controller state: FLIGHT
[landing_controller-11] [INFO] [1786715893.514855489] [landing_scout_2]: [scout_2] Landing controller state: FLIGHT
[landing_controller-15] [INFO] [1786715893.561636233] [landing_scout_3]: [scout_3] Landing controller state: FLIGHT
[landing_controller-7] [INFO] [1786715898.484124445] [landing_scout_1]: [scout_1] Landing controller state: FLIGHT
[landing_controller-11] [INFO] [1786715898.515078936] [landing_scout_2]: [scout_2] Landing controller state: FLIGHT
[landing_controller-15] [INFO] [1786715898.560340035] [landing_scout_3]: [scout_3] Landing controller state: FLIGHT
[landing_controller-7] [INFO] [1786715903.485044082] [landing_scout_1]: [scout_1] Landing controller state: FLIGHT
[landing_controller-11] [INFO] [1786715903.515167371] [landing_scout_2]: [scout_2] Landing controller state: FLIGHT
[landing_controller-15] [INFO] [1786715903.560402416] [landing_scout_3]: [scout_3] Landing controller state: FLIGHT
[landing_controller-7] [INFO] [1786715908.484184401] [landing_scout_1]: [scout_1] Landing controller state: FLIGHT
[landing_controller-11] [INFO] [1786715908.516418827] [landing_scout_2]: [scout_2] Landing controller state: FLIGHT
[landing_controller-15] [INFO] [1786715908.560499646] [landing_scout_3]: [scout_3] Landing controller state: FLIGHT
[landing_controller-7] [INFO] [1786715913.483967205] [landing_scout_1]: [scout_1] Landing controller state: FLIGHT
[landing_controller-11] [INFO] [1786715913.515121859] [landing_scout_2]: [scout_2] Landing controller state: FLIGHT
[landing_controller-15] [INFO] [1786715913.560358783] [landing_scout_3]: [scout_3] Landing controller state: FLIGHT
[landing_controller-7] [INFO] [1786715918.484253302] [landing_scout_1]: [scout_1] Landing controller state: FLIGHT
[landing_controller-11] [INFO] [1786715918.515180755] [landing_scout_2]: [scout_2] Landing controller state: FLIGHT
[landing_controller-15] [INFO] [1786715918.560235107] [landing_scout_3]: [scout_3] Landing controller state: FLIGHT
[swarm_manager-3] [INFO] [1786715921.482675974] [swarm_manager_node]: 📍 scout_2 detected high-value spectral anomaly at [8.0, -32.3]!
[landing_controller-7] [INFO] [1786715923.484289859] [landing_scout_1]: [scout_1] Landing controller state: FLIGHT
[landing_controller-11] [INFO] [1786715923.515582797] [landing_scout_2]: [scout_2] Landing controller state: FLIGHT
[landing_controller-15] [INFO] [1786715923.561020444] [landing_scout_3]: [scout_3] Landing controller state: FLIGHT
[landing_controller-7] [INFO] [1786715928.484318256] [landing_scout_1]: [scout_1] Landing controller state: FLIGHT
[landing_controller-11] [INFO] [1786715928.515006353] [landing_scout_2]: [scout_2] Landing controller state: FLIGHT
[landing_controller-15] [INFO] [1786715928.561572028] [landing_scout_3]: [scout_3] Landing controller state: FLIGHT
[landing_controller-7] [INFO] [1786715933.485168927] [landing_scout_1]: [scout_1] Landing controller state: FLIGHT
[landing_controller-11] [INFO] [1786715933.515053411] [landing_scout_2]: [scout_2] Landing controller state: FLIGHT
[landing_controller-15] [INFO] [1786715933.560332508] [landing_scout_3]: [scout_3] Landing controller state: FLIGHT
[landing_controller-7] [INFO] [1786715938.484909256] [landing_scout_1]: [scout_1] Landing controller state: FLIGHT
[landing_controller-11] [INFO] [1786715938.514925112] [landing_scout_2]: [scout_2] Landing controller state: FLIGHT
[landing_controller-15] [INFO] [1786715938.560241502] [landing_scout_3]: [scout_3] Landing controller state: FLIGHT
[landing_controller-7] [INFO] [1786715943.485868502] [landing_scout_1]: [scout_1] Landing controller state: FLIGHT
[landing_controller-11] [INFO] [1786715943.515003569] [landing_scout_2]: [scout_2] Landing controller state: FLIGHT
[landing_controller-15] [INFO] [1786715943.560290971] [landing_scout_3]: [scout_3] Landing controller state: FLIGHT
[swarm_manager-3] [INFO] [1786715945.482854439] [swarm_manager_node]: 📍 scout_2 detected high-value spectral anomaly at [-3.1, -25.6]!
[swarm_manager-3] [INFO] [1786715947.483616375] [swarm_manager_node]: 📍 scout_2 detected high-value spectral anomaly at [1.7, -36.0]!
[landing_controller-7] [INFO] [1786715948.484897318] [landing_scout_1]: [scout_1] Landing controller state: FLIGHT
[landing_controller-11] [INFO] [1786715948.516763516] [landing_scout_2]: [scout_2] Landing controller state: FLIGHT
[landing_controller-15] [INFO] [1786715948.560420296] [landing_scout_3]: [scout_3] Landing controller state: FLIGHT
[swarm_manager-3] [INFO] [1786715953.483341997] [swarm_manager_node]: 📍 scout_2 detected high-value spectral anomaly at [8.3, -33.2]!
[landing_controller-7] [INFO] [1786715953.485735440] [landing_scout_1]: [scout_1] Landing controller state: FLIGHT
[landing_controller-11] [INFO] [1786715953.515422819] [landing_scout_2]: [scout_2] Landing controller state: FLIGHT
[landing_controller-15] [INFO] [1786715953.560342424] [landing_scout_3]: [scout_3] Landing controller state: FLIGHT
[swarm_manager-3] [INFO] [1786715955.482617893] [swarm_manager_node]: 🛰️ scout_3 assuming SCOUT role. Scanning regolith...
[swarm_manager-3] [INFO] [1786715955.483349985] [swarm_manager_node]: 📍 scout_2 detected high-value spectral anomaly at [4.4, -23.9]!
[swarm_manager-3] [INFO] [1786715955.484101493] [swarm_manager_node]: 📍 scout_3 detected high-value spectral anomaly at [-14.8, 9.4]!
[landing_controller-7] [INFO] [1786715958.484517281] [landing_scout_1]: [scout_1] Landing controller state: FLIGHT
[landing_controller-11] [INFO] [1786715958.516622127] [landing_scout_2]: [scout_2] Landing controller state: FLIGHT
[landing_controller-15] [INFO] [1786715958.565046999] [landing_scout_3]: [scout_3] Landing controller state: FLIGHT
[swarm_manager-3] [INFO] [1786715963.482603661] [swarm_manager_node]: 📍 scout_2 detected high-value spectral anomaly at [-5.4, -32.7]!
[landing_controller-7] [INFO] [1786715963.484565266] [landing_scout_1]: [scout_1] Landing controller state: FLIGHT
[landing_controller-11] [INFO] [1786715963.515163252] [landing_scout_2]: [scout_2] Landing controller state: FLIGHT
[landing_controller-15] [INFO] [1786715963.562679955] [landing_scout_3]: [scout_3] Landing controller state: FLIGHT
[landing_controller-7] [INFO] [1786715968.484643670] [landing_scout_1]: [scout_1] Landing controller state: FLIGHT
[landing_controller-11] [INFO] [1786715968.515015224] [landing_scout_2]: [scout_2] Landing controller state: FLIGHT
[landing_controller-15] [INFO] [1786715968.563466700] [landing_scout_3]: [scout_3] Landing controller state: FLIGHT
[swarm_manager-3] [INFO] [1786715971.482593939] [swarm_manager_node]: 📍 scout_2 detected high-value spectral anomaly at [-3.5, -19.6]!
[swarm_manager-3] [INFO] [1786715973.482656025] [swarm_manager_node]: 📍 scout_2 detected high-value spectral anomaly at [5.7, -20.2]!
[landing_controller-7] [INFO] [1786715973.484245087] [landing_scout_1]: [scout_1] Landing controller state: FLIGHT
[landing_controller-11] [INFO] [1786715973.515968377] [landing_scout_2]: [scout_2] Landing controller state: FLIGHT
[landing_controller-15] [INFO] [1786715973.561929256] [landing_scout_3]: [scout_3] Landing controller state: FLIGHT
